gene,importance_elastic_net,rank_elastic_net,rank_score_elastic_net,importance_rf,rank_rf,rank_score_rf,importance_xgb,rank_xgb,rank_score_xgb,model_consensus_score,log2fc,auc,log2fc_val,auc_val,stability_score,consensus_score
MISP,0.3389714215496242,3,0.9966216216216216,0.0295916220576349,5,0.9943693693693694,0.453004,1,0.9988738738738738,0.9966216216216216,7.767093157505214,0.9963668169279419,0.6659791732002853,0.8246614397719174,0.9105141170485193,0.9535678693350704
OCIAD2,0.13276593062225575,15,0.9831081081081081,0.01988433276232744,12,0.9864864864864865,0.3147495,2,0.9977477477477478,0.9891141141141141,3.9669676209379,0.996938706855951,1.0010752459016405,0.8184842005226894,0.9077114330626641,0.9484127735883892
MMP12,0.41242990583449535,1,0.9988738738738738,0.018541743326163023,19,0.9786036036036037,0.04024303,3,0.9966216216216216,0.9913663663663663,11.282721984121643,0.9979983852519679,1.4072152791636978,0.8111190306486101,0.9045586660587742,0.9479625162125702
CCNB1,0.06676047817080528,43,0.9515765765765766,0.020603207879893875,11,0.9876126126126126,0.00539526,15,0.9831081081081081,0.9740990990990991,3.72830410078719,0.9945165848079124,0.9178550748396308,0.831551437396056,0.9130340049834813,0.9435665520412901
AGR2,0.11038253642855678,23,0.9740990990990991,0.000911275607523046,68,0.9234234234234234,0.019951181,4,0.9954954954954955,0.9643393393393392,6.326527390163492,0.976317028863621,1.859313894036588,0.851983844143502,0.9141504355990155,0.9392448874691774
PLAC8,0.03143379618837019,58,0.9346846846846847,0.00965759089555695,33,0.9628378378378378,0.0039186347,17,0.9808558558558559,0.9594594594594595,6.732672865504945,0.9931205005718899,1.7647905725825588,0.83464005702067,0.9138802743135876,0.9366698668865236
LAMA3,0.016549719043040458,73,0.9177927927927928,0.0005240616071335506,81,0.9087837837837838,0.0012821412,35,0.9605855855855856,0.9290540540540541,5.364946686402476,0.9883435376438136,1.241862988833451,0.8990258968876218,0.9436847172480339,0.936369385651044
CEACAM5,0.12775906910223872,18,0.9797297297297297,0.00037405729111356556,99,0.8885135135135135,0.009501049,9,0.9898648648648649,0.9527027027027026,10.462945828567584,0.9664771580434636,2.794674587788072,0.8648134948918983,0.9156453262104316,0.9341740144565671
MMP9,0.260613202742897,6,0.9932432432432432,0.00964150353854659,40,0.954954954954955,0.015149248,7,0.9921171171171171,0.9801051051051051,7.7557273497947925,0.9973255735719573,0.7886111712995953,0.7697790449037777,0.8835505412278342,0.9318278231664696
CST1,0.37485966492778994,2,0.9977477477477478,0.00025494084788241797,124,0.8603603603603603,0.0012592678,37,0.9583333333333334,0.9388138138138138,13.968350481060352,0.9902274103478437,1.6511105298170579,0.8168210976478973,0.9035242299939726,0.9211690219038933
GRN,0.08267751511976436,34,0.9617117117117117,0.0006644507993732552,75,0.9155405405405406,0.017589133,5,0.9943693693693694,0.9572072072072073,3.5322372199421377,0.9967368633519478,0.507347327156098,0.7574245664053219,0.8770756861545227,0.917141446680865
RCN1,0.009303596977733569,77,0.9132882882882883,0.010003859652492786,24,0.972972972972973,0.0072265593,12,0.9864864864864865,0.9575825825825826,3.24744221893292,0.992935477359887,0.5799790354003314,0.7462580185317178,0.8695845202056721,0.9135835513941273
CTTN,0.22807307680922492,9,0.9898648648648649,0.00034240910444304813,106,0.8806306306306306,0.0017601902,26,0.9707207207207207,0.9470720720720721,1.2410260983650678,0.9113234205745812,0.7262719695889732,0.8412924685198384,0.8763079423285811,0.9116900072003267
SDC1,0.0,151,0.829954954954955,0.009327878433664524,52,0.9414414414414415,0.0,61,0.9313063063063063,0.9009009009009009,4.570934521967301,0.9802361568996837,0.7746903254929913,0.862200047517225,0.9212181018685718,0.9110595013847363
TPX2,0.06371733367024342,46,0.9481981981981982,0.00011683429848623395,178,0.7995495495495496,0.0011695587,38,0.9572072072072072,0.9016516516516516,6.654686059341989,0.9954080602839265,0.9746665645046342,0.8371347113328582,0.9162713822267035,0.9089615169391776
TOP2A,0.13223574822490725,16,0.9819819819819819,0.00011602594682326878,181,0.7961711711711712,0.0005837311,47,0.9470720720720721,0.9084084084084084,6.163403185763304,0.994180178967907,1.1647560893323847,0.8232359230220955,0.9087080379476367,0.9085582231780225
PTPRR,0.049703487367639076,51,0.9425675675675675,0.00965292691997604,39,0.956081081081081,0.0,230,0.740990990990991,0.8798798798798799,5.759684976115185,0.9914889322478637,1.0063764172012348,0.8776431456402947,0.9345660388567979,0.907222959368339
ETV1,0.13006772248504667,17,0.9808558558558559,0.000172374051774076,155,0.8254504504504504,5.1175684e-05,59,0.9335585585585585,0.9132882882882883,3.914854591939716,0.9844748704837516,1.0159350890947962,0.809455927773818,0.8969653496700394,0.9051268189791639
DOCK5,0.24929108865852187,7,0.9921171171171171,0.00034240910444304813,107,0.8795045045045045,0.0,94,0.8941441441441441,0.9219219219219218,1.6909766601628202,0.9018199555944291,0.7854558873841766,0.8344024708956997,0.8681112088940385,0.8950165654079801
EDIL3,0.08132112877519145,36,0.9594594594594594,5.8080808080808085e-05,260,0.7072072072072072,0.0023650364,24,0.972972972972973,0.8798798798798799,5.105425624032834,0.9868969925317904,1.610105808980757,0.8279876455215015,0.9074423105687077,0.8936610952242938
DNTTIP1,0.0,402,0.5472972972972973,0.01932292189272687,15,0.9831081081081081,0.015535382,6,0.9932432432432432,0.8412162162162161,3.143899512211531,0.9930700396958891,0.6557010430030887,0.8878593490140176,0.9404646943290175,0.8908404552726168
DSG2,0.0,129,0.8547297297297297,0.00921832011652371,57,0.9358108108108109,0.0,62,0.9301801801801802,0.906906906906907,2.7126503263136654,0.9749714055035995,0.9038223853646921,0.7555238774055594,0.8652418519072781,0.8860743794070925
CAPN9,0.06678874466212925,42,0.9527027027027027,0.00011528423133959466,194,0.7815315315315315,0.0026972527,22,0.9752252252252253,0.9031531531531533,7.465092669716746,0.9679237031554868,0.6158506414825378,0.7600380137799954,0.8639768283188236,0.8835649907359884
ANKLE2,0.0,130,0.8536036036036037,0.0005709306976684475,76,0.9144144144144144,0.0,70,0.9211711711711712,0.8963963963963965,1.3917286785978602,0.9360997106909776,0.5283633594678063,0.7942504157757188,0.8651748647650188,0.8807856305807076
CDH3,0.05833110621601544,49,0.9448198198198198,0.00022708914254865705,139,0.8434684684684685,0.0,302,0.6599099099099099,0.816066066066066,6.450252213550427,0.9933223440758931,1.4296757115704457,0.8878593490140175,0.9405908465190158,0.8783284562925409
COL17A1,0.026819534470647513,63,0.9290540540540541,0.00022685551922515051,142,0.8400900900900901,0.0,341,0.615990990990991,0.795045045045045,9.130366931305929,0.9823218731077172,1.6478311119030646,0.9018769303872654,0.9420994017333796,0.8685722233892124
DPCR1,0.0,95,0.8930180180180181,0.0003528088355604035,101,0.8862612612612613,0.0,141,0.8412162162162162,0.8734984984984985,8.67820988360358,0.9240227410347843,1.7805647897362809,0.8028035162746497,0.8634130394737307,0.8684557689861145
COLGALT1,0.0,123,0.8614864864864865,0.00016971279001793925,159,0.8209459459459459,0.0,66,0.9256756756756757,0.8693693693693693,2.2261606506088936,0.9704803875395277,0.5487717201235451,0.7605131860299358,0.8654929056137604,0.8674311374915649
LMNB1,0.0,171,0.8074324324324325,0.018981954441701435,17,0.9808558558558559,0.0,156,0.8243243243243243,0.8708708708708709,3.5605079055372397,0.9865942272757855,0.5077915395580916,0.7372297457828463,0.861887274537126,0.8663790727039984
UACA,0.0,102,0.8851351351351351,0.00017150904022596256,157,0.8231981981981982,0.0,108,0.8783783783783784,0.8622372372372372,2.002757246181794,0.9576128641593218,0.6180186813970083,0.7695414587788073,0.8635753947612858,0.8629063159992615
SPARC,0.0,176,0.8018018018018018,0.009321541683824165,54,0.9391891891891891,0.0,133,0.8502252252252253,0.8637387387387387,5.418763079459057,0.990176949471843,1.0341804941791395,0.7329531955333808,0.8615306125098103,0.8626346756242745
NT5C2,0.0,226,0.7454954954954955,0.0001520011394388265,166,0.8130630630630631,0.003012118,21,0.9763513513513513,0.84496996996997,1.5719069871492972,0.9475879701271614,0.508266455215014,0.8056545497742932,0.8766211910646767,0.8607955805173233
TXN,0.0,110,0.8761261261261262,0.00011550679503111818,189,0.7871621621621622,0.0,99,0.8885135135135135,0.8506006006006007,2.716637583260445,0.9913880104958621,0.5799639938227639,0.7434069850320741,0.8673822483911536,0.8589914244958772
PLS1,0.0,134,0.8490990990990991,0.00034281684761785754,105,0.8817567567567568,0.0,147,0.8344594594594594,0.8551051051051051,3.386745199488663,0.9659893695754559,0.9371902898550726,0.7588500831551437,0.8624152866015029,0.858760195853304
RNF145,0.0,142,0.8400900900900901,0.00033398452024206444,116,0.8693693693693694,0.0,126,0.8581081081081081,0.8558558558558559,2.7931454719773927,0.9795969858036735,0.5607511689237343,0.7400807792824899,0.8598191425528013,0.8578374992043286
LOXL1,0.0,212,0.7612612612612613,0.009890493204841195,26,0.9707207207207207,0.0,203,0.7713963963963963,0.8344594594594593,4.2319491253448165,0.98812487384781,0.5790855333808498,0.7676407697790448,0.8778806945542507,0.856170077006855
SLC16A1,0.0,214,0.759009009009009,0.009658099894291755,31,0.9650900900900901,0.0,205,0.7691441441441441,0.831081081081081,4.10844322815044,0.991068424947857,0.6034516179615119,0.7643145640294607,0.8776886519537046,0.8543848665173928
CLDN12,0.0,172,0.8063063063063063,0.000541059661518164,80,0.9099099099099099,0.0,157,0.8231981981981982,0.8464714714714715,1.8321536634595978,0.9499091704231984,0.5060183820384863,0.7738180090282727,0.8618623723154294,0.8541669218934504
PKM,0.016566936980293746,72,0.918918918918919,0.009884747247918406,27,0.9695945945945946,0.0,494,0.4436936936936937,0.7774024024024024,4.02694682432887,0.9953239588239252,0.9593364409598468,0.8553100498930862,0.9253170036506396,0.851359703026521
PYGB,0.0,177,0.8006756756756757,0.019417748335170973,13,0.9853603603603603,0.0,447,0.4966216216216216,0.7608858858858859,3.091929405234475,0.989941465383839,0.9098170943216912,0.8866714183891661,0.9383064418570618,0.8495961638714739
IDO1,0.2897575092638798,4,0.9954954954954955,0.0,309,0.652027027027027,0.0,119,0.865990990990991,0.8378378378378378,5.7482711262867525,0.9887976855278207,0.7760766429080532,0.7329531955333808,0.8608410081209888,0.8493394229794133
PSMB8,0.0,113,0.8727477477477478,8.701573849878935e-05,235,0.7353603603603603,0.0,102,0.8851351351351351,0.831081081081081,3.348254618852183,0.9884444593958152,0.5319047327156108,0.7453076740318365,0.8668629783370679,0.8489720297090745
TMEM173,0.0,100,0.8873873873873874,8.766431765821926e-05,224,0.7477477477477478,0.0,122,0.8626126126126126,0.8325825825825826,3.454911299872166,0.983566574715737,0.5616723877405558,0.7441197434069851,0.8638287935359868,0.8482056880592848
MMP13,0.11926066321004564,21,0.9763513513513513,0.0,311,0.6497747747747747,0.0,111,0.875,0.8337087087087087,8.647941633586758,0.9800174931036804,0.6318130624851506,0.7429318127821335,0.861458891457755,0.8475838000832319
PXDN,0.0,179,0.7984234234234234,0.00017247274579158478,154,0.8265765765765766,0.0,113,0.8727477477477478,0.8325825825825826,3.6467698614007937,0.9776121913476418,0.9616179733903536,0.7445949156569257,0.8610897733421758,0.8468361779623792
CALM2,0.0,101,0.8862612612612613,9.288550851450491e-05,216,0.7567567567567568,0.0,137,0.8457207207207207,0.8295795795795796,2.903087579896386,0.9896050595438337,0.5130490068899958,0.7379425041577572,0.8637503832179857,0.8466649813987827
SLC44A4,0.0,232,0.7387387387387387,0.00044342111786188436,93,0.8952702702702703,0.0,170,0.8085585585585585,0.8141891891891891,4.885785447083361,0.9650978940994416,1.0757625041577565,0.786647659776669,0.8758723827769348,0.8450307859830619
LGR5,0.0,111,0.875,5.781782091540355e-05,264,0.7027027027027027,0.0,100,0.8873873873873874,0.8216966966966966,5.737637902845995,0.9809426091636951,0.7289951579947731,0.753623188405797,0.8672761372175662,0.8444864169571314
TIMP1,0.0,131,0.8524774774774775,3.8030965302303484e-05,272,0.6936936936936937,0.0,69,0.9222972972972973,0.8228228228228228,4.767543567920339,0.989874184215838,0.7569289783796656,0.7403183654074602,0.8650768089008405,0.8439498158618317
KIF4A,0.15449788068966852,13,0.9853603603603603,0.009765305860139429,29,0.9673423423423423,0.0,470,0.47072072072072074,0.8078078078078078,6.418663964206419,0.996434098095943,0.5512403183654064,0.7626514611546685,0.8795395125484387,0.8436736601781232
NEK2,0.19358317829816413,11,0.9876126126126126,0.0004533167636966646,86,0.9031531531531531,0.0,485,0.45382882882882886,0.7815315315315315,7.412453293413174,0.9924813294758796,0.6888971109527193,0.816583511522927,0.9045323960070083,0.8430319637692699
FBXL2,0.0,250,0.7184684684684685,0.00019875943387168016,151,0.829954954954955,0.0,86,0.9031531531531531,0.8171921921921923,1.7676454921617437,0.9202886362107247,0.6144281492040875,0.8172962698978379,0.868792430828773,0.8429923115104827
TFF1,0.0,187,0.7894144144144144,0.00022669319862551998,144,0.8378378378378378,0.0,175,0.8029279279279279,0.81006006006006,10.361929126017627,0.9639036533674223,1.5119091969588974,0.7864100736516988,0.8751564633371394,0.8426082616985997
HCP5,0.0,164,0.8153153153153153,0.00016563286155973344,161,0.8186936936936937,0.0,149,0.8322072072072072,0.8220720720720721,3.5894035759940803,0.9813799367557021,0.5053501686861495,0.7431693989071039,0.8622591915392224,0.8421656318056472
RNF149,0.0,96,0.8918918918918919,2.8343025058220533e-05,278,0.6869369369369369,0.0,107,0.8795045045045045,0.8194444444444443,1.5889878658413514,0.9485130861871761,0.5626192040864808,0.7795200760275599,0.8640158399501009,0.8417301421972726
GRAMD3,0.0,228,0.7432432432432432,0.0002552811545778773,122,0.8626126126126126,0.0,166,0.8130630630630631,0.8063063063063063,2.006132984592613,0.9660230101594564,0.5329782608695659,0.7868852459016394,0.8764537417441897,0.841380024025248
FAM91A1,0.0,247,0.7218468468468469,0.0004461112493673224,91,0.8975225225225225,0.0,160,0.8198198198198198,0.813063063063063,1.6532159893695755,0.9542488057592681,0.526706726063197,0.7835590401520551,0.8689034053606106,0.8409832342118368
MMP1,0.0,161,0.8186936936936937,0.00011467111905885223,199,0.7759009009009009,0.0,117,0.8682432432432432,0.8209459459459459,8.654652065531858,0.9769898405436319,1.1915540959847952,0.744832501781896,0.8608976354885991,0.8409217907172726
AMIGO2,0.0,235,0.7353603603603603,0.009658043413618794,32,0.963963963963964,0.0,414,0.5337837837837838,0.7443693693693693,3.922537186301554,0.9803875395276862,0.6817696436208136,0.8928486576383939,0.9366180985641085,0.8404937339667389
IL18,0.0,92,0.8963963963963963,7.729533539454228e-05,251,0.7173423423423423,0.0,143,0.838963963963964,0.8175675675675675,3.2301828567583932,0.9540133216712642,0.795329109052032,0.7726300784034213,0.8633203487932503,0.8404439581804088
GPX2,0.0,197,0.7781531531531531,0.00034225187684651436,108,0.8783783783783784,0.0,211,0.7623873873873874,0.8063063063063063,5.639782207495122,0.9750723272556011,1.070455699691137,0.7731052506533618,0.8740874742164468,0.8401968902613766
CLDN4,0.0,105,0.8817567567567568,2.8485395333221403e-05,275,0.6903153153153153,0.0,109,0.8772522522522522,0.8164414414414415,2.6499676478503655,0.9262934804548207,0.8006313471133284,0.8013779995248278,0.8638356381877044,0.8401385398145729
FAR2,0.0,89,0.8997747747747747,0.0,326,0.6328828828828829,0.0,77,0.9132882882882883,0.8153153153153153,3.7033145596447556,0.9929186570678867,0.51200469470183,0.7355666429080542,0.8642143521481137,0.8397648337317145
MXRA5,0.0,181,0.7961711711711712,0.00011551554422025841,188,0.7882882882882883,0.0,115,0.8704954954954955,0.8183183183183184,4.02499468142367,0.9473356657471574,0.944452542171538,0.774768353528154,0.8610508935237712,0.8396846059210448
TINAGL1,0.0,90,0.8986486486486487,0.0,325,0.634009009009009,0.0,78,0.9121621621621622,0.81493993993994,2.718985517728586,0.9453004104151247,0.5604984580660499,0.7830838679021145,0.8641916004394761,0.839565770189708
UBA6,0.0,91,0.8975225225225225,0.0,323,0.6362612612612613,0.0,79,0.911036036036036,0.81493993993994,1.6386505584336948,0.9221725089147547,0.5855438607745294,0.8061297220242337,0.8641510503101787,0.8395454951250594
OLFML2B,0.0,88,0.9009009009009009,0.0,330,0.6283783783783784,0.0,76,0.9144144144144144,0.8145645645645646,5.94534242750454,0.9931205005718899,0.9262553052981701,0.7355666429080542,0.8643152705956412,0.8394399175801028
ADAM22,0.0,93,0.8952702702702703,0.0,322,0.6373873873873874,0.0,80,0.9099099099099099,0.8141891891891891,3.0936042488057596,0.9673181726434771,0.6808947992397254,0.7609883582798765,0.8641495481037219,0.8391693686464555
NCEH1,0.0,94,0.8941441441441441,0.0,321,0.6385135135135135,0.0,81,0.9087837837837838,0.8138138138138138,2.949146521563615,0.9727006660835631,0.6027633333333338,0.7555238774055595,0.8641064897942488,0.8389601518040313
IFI44,0.0,121,0.8637387387387387,0.0,335,0.6227477477477478,0.0006304698,45,0.9493243243243243,0.8119369369369368,2.829464223238915,0.9337616901029402,1.0850643549536718,0.7956759325255406,0.8647186367977057,0.8383277868673212
GBP2,0.0,104,0.8828828828828829,5.838353753469167e-05,256,0.7117117117117117,0.0,140,0.8423423423423423,0.8123123123123123,4.229860798627462,0.9838188790957411,0.6938346139225491,0.7431693989071039,0.8634786408219095,0.8378954765671109
NMU,0.2643081363558433,5,0.9943693693693694,0.0,566,0.36261261261261263,0.00112161,39,0.956081081081081,0.771021021021021,9.579516073471034,0.9801520554396823,0.8340309170824436,0.8289379900213827,0.9045450150046555,0.8377830180128383
IFI44L,0.0,126,0.8581081081081081,0.0,317,0.6430180180180181,0.0,63,0.9290540540540541,0.81006006006006,4.000676838457915,0.9387909574110206,1.421541456402947,0.7918745545260156,0.8653325089326741,0.8376962844963671
GPSM2,0.0,108,0.8783783783783784,0.0,329,0.6295045045045045,0.0,71,0.920045045045045,0.8093093093093092,2.1974145024557625,0.9541983448832673,0.7217472535043958,0.7776193870277976,0.8659079836260185,0.8376086464676639
SLC5A3,0.0,224,0.7477477477477478,2.831515204252763e-05,279,0.6858108108108109,0.0012776275,36,0.9594594594594594,0.7976726726726726,1.8626816692457784,0.9322983246989167,0.8101330102162017,0.8210976478973627,0.8766979705485759,0.8371853216106242
PDGFC,0.0,99,0.8885135135135135,0.0,333,0.625,0.0,75,0.9155405405405406,0.8096846846846848,2.3328818038081143,0.9277232052748434,0.8153313352340206,0.8011404133998573,0.8644317051005379,0.8370581948926114
TYMS,0.0,107,0.8795045045045045,0.0,334,0.6238738738738738,0.0,74,0.9166666666666666,0.8066816816816816,2.571803528897261,0.9761992868196192,0.6420552197671654,0.7531480161558565,0.8646666207010124,0.835674151191347
MVP,0.0,109,0.8772522522522522,0.0,318,0.6418918918918919,0.0,98,0.8896396396396397,0.8029279279279279,2.2159995290318237,0.9543329072192693,0.5088243383226416,0.7809455927773818,0.867638596351371,0.8352832621396494
LGALS3BP,0.09523935712656297,27,0.9695945945945946,0.018750515436798433,18,0.9797297297297297,0.0,622,0.29954954954954954,0.7496246246246246,4.172795868936285,0.997746080871964,0.6449422713233552,0.8391541933951057,0.9184501341987475,0.8340373794116861
KIAA1551,0.0,122,0.8626126126126126,0.0,338,0.6193693693693694,0.0,67,0.9245495495495496,0.8021771771771772,2.4492279654174793,0.9742481329475879,0.5720544761225943,0.7571869802803516,0.8657125105371933,0.8339448438571853
MMP11,0.020014885438855993,70,0.9211711711711712,0.03839567586088437,1,0.9988738738738738,0.0,591,0.3344594594594595,0.7515015015015015,8.61005157437933,0.9939278745879029,1.2317834426229517,0.837015918270373,0.9154718928327604,0.833486697167131
SEMA3C,0.0,128,0.8558558558558559,0.0,341,0.615990990990991,0.0,60,0.9324324324324325,0.8014264264264265,5.528130582654915,0.9752405301756039,1.2586981800902812,0.7552862912805892,0.8652575239880661,0.8333419752072463
CRIP1,0.09432107430865548,30,0.9662162162162162,0.009206415960889166,59,0.9335585585585585,0.0,535,0.3975225225225225,0.7657657657657658,6.437314912870886,0.9952903182399246,0.6556680731765265,0.8054169636493229,0.9003535685685605,0.8330596671671632
PTK7,0.0,124,0.8603603603603603,0.0,342,0.6148648648648649,0.0,65,0.9268018018018018,0.8006756756756758,3.105924665276189,0.9777299333916436,0.6046012116892383,0.7531480161558565,0.8654319377640702,0.833053806719873
FXYD5,0.0,587,0.33896396396396394,0.009655479977835052,35,0.9605855855855856,0.0037939043,19,0.9786036036036037,0.7593843843843843,4.990798042118012,0.9911357061158581,0.7444489736279412,0.8208600617723925,0.9059978672745465,0.8326911258294654
MIR31HG,0.0,125,0.8592342342342343,0.0,344,0.6126126126126126,0.0,64,0.9279279279279279,0.799924924924925,7.508759923972279,0.9256543093588104,0.8311428961748635,0.8051793775243525,0.8654167725568435,0.8326708487408843
MUC4,0.0,327,0.6317567567567568,0.0003303075634642678,117,0.8682432432432432,0.00794678,11,0.9876126126126126,0.8292042042042042,4.327583566574715,0.9027787122384444,0.7988702304585416,0.7669280114041339,0.8348512126616748,0.8320277084329395
TIMP2,0.0,251,0.7173423423423423,0.00010544525404665266,208,0.7657657657657657,0.0,87,0.902027027027027,0.795045045045045,3.0452728755971217,0.9741303909035861,0.705839883582799,0.7633642195295794,0.8687442612100038,0.8318946531275244
RHPN2,0.0,120,0.8648648648648649,0.0,337,0.6204954954954955,0.0,82,0.9076576576576577,0.7976726726726727,2.7650295734373946,0.9443248334791092,0.6877002375861245,0.7871228320266095,0.8657234581212294,0.831698065396951
CNN2,0.0,127,0.8569819819819819,0.0,345,0.6114864864864865,0.0,68,0.9234234234234234,0.7972972972972974,2.2092579593621746,0.9382695283590122,0.5740861891185549,0.7923497267759563,0.8653093914062892,0.8313033443517932
MUC16,0.0,133,0.8502252252252253,0.0,336,0.6216216216216216,0.0,72,0.918918918918919,0.796921921921922,7.6833960808719635,0.9322478638229159,1.1855164314564037,0.7978142076502732,0.8650308944106814,0.8309764081663017
ESM1,0.22150592437372701,10,0.9887387387387387,0.00045147906555815143,87,0.902027027027027,0.0,582,0.34459459459459457,0.7451201201201201,5.733758171297854,0.987687546255803,0.7855014350201945,0.8455690187693039,0.9166282808419042,0.8308742004810121
TMEM45B,0.02310810492820586,66,0.9256756756756757,0.009795417696590883,28,0.9684684684684685,0.0,549,0.38175675675675674,0.7586336336336336,5.602723635874319,0.9852149633317634,1.1203782252316463,0.8187217866476598,0.9019683548114477,0.8303009942225406
NMI,0.0,118,0.8671171171171171,0.0,346,0.6103603603603603,0.0,85,0.9042792792792793,0.793918918918919,2.982761875126152,0.9834824732557357,0.6073852744119757,0.7488714659063911,0.8661669626368755,0.8300429407778973
SLC2A1,0.0,376,0.5765765765765766,0.01002593132378896,23,0.9740990990990991,0.0,355,0.6002252252252253,0.716966966966967,5.565663129919935,0.9911861669918589,1.6672475837491083,0.8933238298883345,0.9422549984210512,0.8296109826940091
MFAP2,0.0,248,0.7207207207207207,0.00013460036266860968,176,0.8018018018018018,0.0,138,0.8445945945945946,0.789039039039039,3.0076292437596712,0.939749714055036,0.6863284651936326,0.7980517937752435,0.8689006145121586,0.8289698267755988
RASA2,0.042885100435340655,55,0.9380630630630631,0.00022887145489133989,137,0.8457207207207207,0.0,290,0.6734234234234234,0.8190690690690691,1.4460864865774066,0.9100114377985601,0.5514661796151099,0.7664528391541934,0.8382298887537913,0.8286494789114303
NQO1,0.04954075406020956,52,0.9414414414414415,0.009691476110451288,30,0.9662162162162162,0.0,629,0.2916666666666667,0.733108108108108,6.048870369373612,0.9942138195519074,1.3107429508196722,0.8500831551437397,0.9221484862823469,0.8276282971952275
LGALS1,0.0,115,0.8704954954954955,0.0,368,0.5855855855855856,0.0,83,0.9065315315315315,0.7875375375375375,4.214536412568122,0.9848617371997577,0.6279688310762666,0.7486338797814208,0.8667376010623044,0.827137569299921
L3MBTL3,0.0,184,0.7927927927927928,0.0,299,0.6632882882882883,0.0,91,0.8975225225225225,0.7845345345345346,2.178437441969993,0.9643409809594296,0.5959538370159185,0.7726300784034212,0.8684841703550683,0.8265093524448015
CDH2,0.2330729861612243,8,0.990990990990991,0.0,348,0.6081081081081081,0.0,224,0.7477477477477478,0.7822822822822822,4.278253983045145,0.9670995088474735,0.7829136516987409,0.7733428367783322,0.8702198937717609,0.8262510880270215
UBE2T,0.08653710463970232,33,0.9628378378378378,0.037943222781324296,4,0.9954954954954955,0.0,659,0.25788288288288286,0.7387387387387387,5.646122027854405,0.9959463096279351,0.6953946566880504,0.8315514373960561,0.9137488673887023,0.8262438030637205
IL1R2,0.0,137,0.8457207207207207,0.0,308,0.6531531531531531,0.0,110,0.8761261261261262,0.7916666666666666,4.170515333378187,0.953004104151248,0.7517840057020653,0.7685911142789261,0.8607956949947353,0.826231180830701
SERPINH1,0.0,174,0.8040540540540541,7.730053102103919e-05,249,0.7195945945945946,0.0,135,0.847972972972973,0.7905405405405407,3.9850327457444665,0.9884949202718158,0.6370483155143747,0.7348538845331433,0.8616445990396734,0.826092569790107
PIAS3,0.12614478395157816,19,0.9786036036036037,0.0002511442243900557,125,0.8592342342342343,0.0,404,0.545045045045045,0.7942942942942942,1.2309049956267235,0.8880441364462087,0.5682437348538834,0.8270373010216202,0.8575407100366751,0.8259175021654847
IQGAP1,0.0,188,0.7882882882882883,8.708016423234838e-05,231,0.7398648648648649,0.0,176,0.8018018018018018,0.7766516516516516,2.363573292740363,0.9775953710556415,0.5178904799239721,0.7726300784034212,0.8751113550304962,0.8258815033410739
ABHD17C,0.0004834550508084996,87,0.902027027027027,0.028671700421574627,8,0.990990990990991,0.0,618,0.30405405405405406,0.7323573573573573,3.813831773531588,0.9939615151719032,0.830016557377049,0.843430743644571,0.9186961274617571,0.8255267424095571
POSTN,0.04075125688064928,56,0.9369369369369369,0.009477908084405247,47,0.9470720720720721,0.0,612,0.3108108108108108,0.7316066066066066,7.306667409002221,0.9873006795397967,2.499748146828227,0.8515086718935614,0.919404674783594,0.8255056406951002
SLFN13,0.0,112,0.8738738738738738,0.0,365,0.588963963963964,0.0,101,0.8862612612612613,0.783033033033033,2.433609506829038,0.9293043127228688,0.5633618175338562,0.8049417913993823,0.8671229798280151,0.8250780064305241
IFI27,0.028835456566687002,60,0.9324324324324325,0.0,646,0.2725225225225225,0.006294663,13,0.9853603603603603,0.7301051051051051,6.051113907017427,0.9963331763439413,1.229922606319792,0.8434307436445712,0.9198819580452637,0.8249935315751844
DYNLT1,0.0,119,0.865990990990991,0.0,374,0.5788288288288288,0.0,84,0.9054054054054054,0.7834084084084084,2.7520516685729675,0.9913207293278612,0.5320739961986227,0.7407935376574009,0.8660383240075447,0.8247233662079765
LAMB3,0.0,415,0.5326576576576577,0.009326347305389221,53,0.9403153153153153,0.0,309,0.652027027027027,0.7083333333333334,6.872732981228554,0.9734912198075758,2.0845779876455213,0.9059158945117605,0.9397035571497588,0.8240184452415461
SPDL1,0.0,168,0.8108108108108109,7.729533539454228e-05,250,0.7184684684684685,0.0,153,0.8277027027027027,0.7856606606606608,2.0377208067012047,0.9685124133754962,0.5710126823473503,0.7555238774055596,0.8620123774524391,0.82383651905655
GREB1L,0.0,114,0.8716216216216216,0.0,367,0.5867117117117117,0.0,103,0.884009009009009,0.7807807807807808,4.079400053824935,0.9397833546390366,0.6443090377761944,0.793775243525778,0.8667790926733974,0.823779936727089
PARP14,0.0,117,0.8682432432432432,0.0,362,0.5923423423423423,0.0,106,0.8806306306306306,0.7804054054054053,2.2822801150507974,0.9589248469353429,0.7713575172249927,0.7738180090282728,0.8663702042040337,0.8233878048047194
APBB2,0.0,138,0.8445945945945946,0.0,312,0.6486486486486487,0.0,121,0.8637387387387387,0.7856606606606608,1.963994661239319,0.9559644755432954,0.597914141126159,0.7655024946543123,0.860730968224293,0.8231958144424769
IL2RA,0.0,116,0.8693693693693694,0.0,370,0.5833333333333334,0.0,105,0.8817567567567568,0.7781531531531533,5.963869740294692,0.9819686469757115,0.5438269470182919,0.7514849132810644,0.8667186760945277,0.8224359146238405
RBMS1,0.0,331,0.6272522522522522,0.00022119603728854264,146,0.8355855855855856,0.0017282508,28,0.9684684684684685,0.8104354354354354,2.506694466123932,0.9517089416672274,0.530360464480875,0.717272511285341,0.8343838738862781,0.8224096546608568
CDC6,0.0,178,0.7995495495495496,0.0,288,0.6756756756756757,0.0,112,0.8738738738738738,0.783033033033033,2.5175156731480857,0.9388245979950212,0.7168506628652889,0.7840342124019958,0.8614289131416271,0.8222309730873301
MMP3,0.0,158,0.8220720720720721,0.0,304,0.6576576576576577,0.0,120,0.8648648648648649,0.7815315315315315,4.836359045953039,0.9482944223911727,0.6219286718935617,0.7733428367783323,0.8608173643633612,0.8211744479474463
LINC01559,0.0,208,0.7657657657657657,8.695725231886006e-05,239,0.7308558558558559,0.0,174,0.8040540540540541,0.7668918918918918,9.62608491892619,0.9675200161474804,0.6876679092421005,0.7828462817771442,0.8751825937096684,0.8210372428007802
SRPX2,0.0,139,0.8434684684684685,0.0,324,0.6351351351351351,0.0,123,0.8614864864864865,0.78003003003003,3.701195014465451,0.95687277131131,1.0725678997386572,0.7640769779044904,0.8604720302975006,0.8202510301637653
CEACAM1,0.02903281879207381,59,0.9335585585585585,0.00022954091816367234,133,0.8502252252252253,0.0,518,0.4166666666666667,0.7334834834834835,4.855069565363655,0.9878557491758057,1.098249893086245,0.8248990258968876,0.9063773763194998,0.8199304299014916
VSNL1,0.0,180,0.7972972972972973,0.0,296,0.6666666666666666,0.0,114,0.8716216216216216,0.7785285285285285,3.3110379129381693,0.9668808450514701,0.5192694250415784,0.7552862912805893,0.8610777098631737,0.819803119195851
IFITM10,0.0,159,0.8209459459459459,0.0,313,0.6475225225225225,0.0,118,0.8671171171171171,0.7785285285285286,3.5542586893628476,0.9674190943954788,0.554709320503683,0.754335946780708,0.8608711608032598,0.8196998446658942
STIL,0.0,193,0.7826576576576577,5.822981366459628e-05,257,0.7105855855855856,0.0,181,0.7961711711711712,0.7631381381381382,2.86249655184014,0.9717923703155487,0.6490584295557134,0.7778569731527679,0.8748237989688685,0.8189809685535034
CTSK,0.0,182,0.795045045045045,0.0,297,0.6655405405405406,0.0,116,0.8693693693693694,0.7766516516516516,4.815361939043262,0.9798324698916773,1.1889551104775489,0.7422190544072226,0.8610090677696075,0.8188303597106296
OXR1,0.0,162,0.8175675675675675,0.0,355,0.6002252252252253,0.0,96,0.8918918918918919,0.7698948948948949,1.6594433391643677,0.9314573100989032,0.5130710287479214,0.8039914468995012,0.8677242988477779,0.8188095968713365
CEP55,0.003602417393848679,82,0.9076576576576577,0.0005034433838724465,82,0.9076576576576577,0.0,536,0.3963963963963964,0.7372372372372373,6.845627366615085,0.9911357061158581,0.7483175100974107,0.809455927773818,0.9002957673024532,0.8187665022698453
ST6GALNAC1,0.0,219,0.7533783783783784,9.685352378385662e-05,213,0.7601351351351351,0.0,209,0.7646396396396397,0.7593843843843845,5.674679745004373,0.96375227073942,0.7646643252554055,0.7906866239011641,0.8772191680340589,0.8183017762092217
TSPAN8,0.0,98,0.8896396396396397,0.0,364,0.5900900900900901,0.0,142,0.8400900900900901,0.7732732732732733,4.463567126421315,0.952129448967234,1.3899922095509636,0.7745307674031836,0.8633289672357664,0.8183011202545198
CSGALNACT2,0.0,103,0.884009009009009,0.0,366,0.5878378378378378,0.0,139,0.8434684684684685,0.7717717717717717,2.2738590829576797,0.9582688555473323,0.6260393703967697,0.7688287004038964,0.8635468996268384,0.817659335699305
CLIP4,0.0,173,0.8051801801801802,0.0,298,0.6644144144144144,0.0,136,0.8468468468468469,0.7721471471471473,1.754226888918791,0.922996703222768,0.7415540936089329,0.8004276550249466,0.861712068392478,0.8169296077698127
COL1A1,0.0,185,0.7916666666666666,0.0,350,0.6058558558558559,0.0,95,0.8930180180180181,0.7635135135135135,6.3833700968848825,0.984743995155756,1.5252154169636487,0.7507721549061535,0.8677494908573785,0.815631502185446
NEK7,0.0,552,0.3783783783783784,0.00023164564868017392,127,0.8569819819819819,0.001597435,33,0.9628378378378378,0.7327327327327327,1.7903523716611716,0.9568391307273094,0.5878856569256348,0.839391779520076,0.8981154522942169,0.8154240925134748
ELK3,0.0,175,0.8029279279279279,0.0,307,0.6542792792792793,0.0,134,0.8490990990990991,0.7687687687687688,3.4241087667361914,0.9829442239117271,0.5041565288667149,0.7403183654074601,0.8616119067158236,0.8151903377422962
MAML2,0.0,132,0.8513513513513513,0.0,349,0.6069819819819819,0.0,144,0.8378378378378378,0.7653903903903904,2.667018912736325,0.969555271479513,0.53668717034925,0.7562366357804705,0.8628905443961159,0.8141404673932531
CHST11,0.0,183,0.793918918918919,0.0,358,0.5968468468468469,0.0,97,0.8907657657657657,0.7605105105105107,3.1162146807508577,0.9494718428311916,0.6097797624138748,0.7859349014017581,0.8677029573998604,0.8141067339551855
CEP170,0.0,256,0.7117117117117117,0.0,294,0.668918918918919,0.0,92,0.8963963963963963,0.759009009009009,2.879458144385386,0.972128776155554,0.783233883345213,0.7647897362794014,0.8684565604051331,0.813732784707071
MYO1D,0.0,252,0.7162162162162162,0.0,305,0.6565315315315315,0.0,88,0.9009009009009009,0.7578828828828829,2.053499529031824,0.9661743927874588,0.5502228415300561,0.7712045616535994,0.8686879420581557,0.8132854124705193
RAB23,0.0,262,0.704954954954955,0.00022696905141868798,141,0.8412162162162162,0.0,253,0.7150900900900901,0.7537537537537538,3.331139934737267,0.9772757855076364,0.7285479282489895,0.7681159420289855,0.8726938370907044,0.813223795422229
CORO1C,0.0,254,0.713963963963964,0.0,301,0.661036036036036,0.0,90,0.8986486486486487,0.7578828828828829,2.8929463163560523,0.9798324698916773,0.6653698859586594,0.7571869802803517,0.8685046627343036,0.8131937728085932
SPRY4,0.0,261,0.706081081081081,0.0,343,0.6137387387387387,0.0001650101,56,0.9369369369369369,0.7522522522522523,3.0165417176882197,0.9828264818677251,0.5040108458066044,0.7586124970301734,0.8707149239274546,0.8114835880898534
WNT2,0.0,135,0.847972972972973,0.0,360,0.5945945945945946,0.0,145,0.8367117117117117,0.7597597597597597,7.8208356926596245,0.970312184619525,0.5557967046804473,0.7552862912805891,0.8627933679747996,0.8112765638672796
COMP,0.0,257,0.7105855855855856,0.0,306,0.6554054054054054,0.0,93,0.8952702702702703,0.7537537537537538,6.142810620332369,0.953256408531252,1.2045463625564263,0.7830838679021145,0.8681695970177391,0.8109616753857465
KIF13B,0.0,253,0.7150900900900901,0.0,315,0.6452702702702703,0.0,89,0.8997747747747747,0.7533783783783784,2.2634483179707994,0.9693870685595102,0.5908953932050363,0.7676407697790449,0.8685118146125432,0.8109450964954608
CCL18,0.17124590117444763,12,0.9864864864864865,0.00022934014900965742,134,0.8490990990990991,0.0,460,0.481981981981982,0.7725225225225225,9.883791626858642,0.9942474601359079,0.9608849370396761,0.7039676882870041,0.8488335141042486,0.8106780183133855
KDELC1,0.0,169,0.8096846846846847,0.0,320,0.6396396396396397,0.0,154,0.8265765765765766,0.7586336336336337,2.9788084572428177,0.982742380407724,0.6178901425516736,0.7412687099073414,0.8619875182172463,0.81031057592544
HLA-F,0.0,170,0.8085585585585585,0.0,319,0.6407657657657657,0.0,155,0.8254504504504504,0.7582582582582581,3.6152323723339834,0.9844580501917513,0.6332384240120383,0.739368020907579,0.8618921678389247,0.8100752130485914
COL4A2,0.0,140,0.8423423423423423,0.0,376,0.5765765765765766,0.0,124,0.8603603603603603,0.7597597597597597,3.6251637051739216,0.9811612729596986,0.6729349536707048,0.739368020907579,0.8602438191319094,0.8100017894458346
NRG3,0.0,322,0.6373873873873874,0.00011410252333608608,202,0.7725225225225225,0.00021756809,55,0.9380630630630631,0.7826576576576576,6.10501286752338,0.9696561932315144,0.533401180803041,0.7042052744119742,0.8366649866029489,0.8096613221303033
CD82,0.025729716591674875,65,0.9268018018018018,0.009542266335561768,45,0.9493243243243243,0.0,671,0.24436936936936937,0.7068318318318317,3.254227363251024,0.9853327053757652,0.5629696056070319,0.8393917795200762,0.9123622395735609,0.8095970357026963
CAMSAP2,0.0,141,0.8412162162162162,0.0,387,0.5641891891891891,0.0,125,0.8592342342342343,0.7548798798798799,2.531976966292135,0.9745845387875933,0.5473822784509386,0.7457828462817772,0.860171188812608,0.807525534346244
LEMD1,0.003365043627481384,83,0.9065315315315315,0.00022793647320226178,138,0.8445945945945946,0.0,539,0.393018018018018,0.7147147147147147,9.264969669649464,0.9741303909035861,0.701773131385127,0.8263245426467094,0.9002274570940881,0.8074710859044014
KRT7,0.0,270,0.6959459459459459,0.00011629474819658868,180,0.7972972972972973,0.0,239,0.7308558558558559,0.7413663663663663,3.8739154443921153,0.9437697638431003,1.4903156830601088,0.799952482775006,0.8718610055889082,0.8066136859776373
RAB25,0.0,160,0.8198198198198198,0.0,359,0.5957207207207207,0.0,146,0.8355855855855856,0.7503753753753752,2.4688352385117387,0.9661912130794591,0.7879633618436674,0.7588500831551437,0.8625162078339562,0.8064457916046657
NUF2,0.0,544,0.38738738738738737,0.00011526873302254964,197,0.7781531531531531,0.0026417796,23,0.9740990990990991,0.7132132132132133,5.2331434669985875,0.993070039695889,0.698235210263721,0.8037538607745307,0.8984118663439996,0.8058125397786065
CKMT1A,0.0,163,0.8164414414414415,0.0,357,0.597972972972973,0.0,148,0.8333333333333334,0.7492492492492494,3.5451323084168744,0.9712877615555406,0.6671786208125434,0.753385602280827,0.8623298075974513,0.8057895284233503
ASPN,0.0,266,0.7004504504504504,0.00013986486486486485,174,0.8040540540540541,0.0,257,0.7105855855855856,0.7383633633633634,4.8156535591737875,0.975122788131602,1.1593145569018768,0.7695414587788074,0.8723303388365082,0.8053468510999358
ERN2,0.0,165,0.8141891891891891,0.0,356,0.5990990990990991,0.0,150,0.831081081081081,0.748123123123123,6.606400507972818,0.9437697638431003,0.7092224970301721,0.7807080066524115,0.8622382203831075,0.8051806717531153
PLEKHG1,0.0,166,0.8130630630630631,0.0,354,0.6013513513513513,0.0,151,0.829954954954955,0.7481231231231232,3.5384463365404026,0.9804211801116868,0.6696513067236882,0.7438821572820147,0.8621370753904741,0.8051300992567987
PLEKHA2,0.0,167,0.8119369369369369,0.0,353,0.6024774774774775,0.0,152,0.8288288288288288,0.7477477477477477,2.7438366413240933,0.9679741640314875,0.5803316155856493,0.7562366357804704,0.8620999956278452,0.8049238716877964
IGFL2,0.027438048356079367,61,0.9313063063063063,0.0005563666934739873,79,0.911036036036036,0.0,667,0.24887387387387389,0.6970720720720721,10.869508379869472,0.9835161138397361,1.0753818531717751,0.8415300546448088,0.9125230819626287,0.8047975770173503
KNTC1,0.1185029108950651,22,0.9752252252252253,0.00011595198640842462,182,0.795045045045045,0.0,358,0.5968468468468469,0.789039039039039,1.152938074412972,0.8421079189934737,0.558157875980041,0.7973390354003327,0.8197233376143088,0.8043811883266739
BRIP1,0.0,260,0.7072072072072072,0.00011528019491820389,195,0.7804054054054054,0.0,252,0.7162162162162162,0.7346096096096096,2.658614640382157,0.9573605597793178,0.6390475504870512,0.7880731765264909,0.8727165187939733,0.8036630642017915
HLA-C,0.0,263,0.7038288288288288,0.00011536918138041707,193,0.7826576576576577,0.0,254,0.713963963963964,0.7334834834834835,3.1313121038821237,0.990311511807845,0.5645590577334296,0.7550487051556188,0.872674060087377,0.8030787717854302
CST2,0.005133895704810268,81,0.9087837837837838,0.00022141388149214388,145,0.8367117117117117,0.0,563,0.36599099099099097,0.7038288288288288,9.29154367557021,0.9799502119356792,1.0435439059158949,0.8241862675219768,0.9020682279891247,0.8029485284089768
DNAJA4,0.0,148,0.8333333333333334,0.0,489,0.44932432432432434,0.0010852505,40,0.954954954954955,0.7458708708708709,2.0201022370988357,0.9299098432348786,0.5630243169398907,0.788310762651461,0.8591099643044767,0.8024904175876738
SLC7A7,0.0,249,0.7195945945945946,0.0,303,0.6587837837837838,0.0,158,0.8220720720720721,0.7334834834834836,3.5480342595707457,0.9778308551436453,0.5662197529104303,0.7598004276550249,0.868811513827157,0.8011474986553203
FXYD3,0.0031630154272463814,84,0.9054054054054054,0.0004623506473792805,84,0.9054054054054054,0.0,663,0.2533783783783784,0.688063063063063,4.841785712843975,0.9786382291596583,1.324048503207413,0.8477072938940367,0.913172760200016,0.8006179116315395
KPNA2,0.0,284,0.6801801801801802,0.028212142474106673,9,0.9898648648648649,0.0,394,0.5563063063063063,0.7421171171171171,3.420174749377649,0.994062436923905,0.5664304549774277,0.7205987170349252,0.8572444319286925,0.7996807745229049
SPOCK1,0.0,233,0.7376126126126126,5.844287843881284e-05,255,0.7128378378378378,0.0,248,0.7207207207207207,0.7237237237237236,2.6571852586960905,0.9081780259705307,0.812768161083393,0.8384414350201947,0.8733097274789483,0.7985167256013359
IL1A,0.0,243,0.7263513513513513,0.0,331,0.6272522522522522,0.0,159,0.8209459459459459,0.7248498498498499,6.207230895512343,0.9515575590392249,0.5408424756474224,0.7871228320266097,0.8693398193363496,0.7970948345930997
GBP3,0.0,246,0.722972972972973,0.0,302,0.6599099099099099,0.0,186,0.7905405405405406,0.7244744744744746,3.567018626791361,0.9563513422593016,0.8146154597291515,0.7816583511522927,0.8690042321370953,0.7967393533057849
GAPDH,0.05214513969315609,50,0.9436936936936937,0.00023128458275785535,128,0.8558558558558559,0.0,674,0.240990990990991,0.6801801801801802,3.5851202650878014,0.9971741909439548,0.9156970206699935,0.8270373010216204,0.9121057367321458,0.796142958456163
SMC6,0.0,407,0.5416666666666666,5.741596058762391e-05,267,0.6993243243243243,0.0017491782,27,0.9695945945945946,0.736861861861862,1.3117686772522377,0.9255365673148086,0.6122822047992384,0.776431456402946,0.8509830555829736,0.7939224587224178
CALD1,0.0,238,0.7319819819819819,0.0,289,0.6745495495495496,0.0,227,0.7443693693693694,0.7169669669669668,3.151115565498217,0.9608087196393731,0.9607353979567579,0.7792824899025896,0.8700448425131097,0.7935059047400382
DGKA,0.0,309,0.652027027027027,0.0005026429550818704,83,0.9065315315315315,0.0,267,0.6993243243243243,0.7526276276276276,1.5072039056718034,0.8840913678261454,0.5321820598717046,0.7816583511522928,0.8328742704719965,0.792750949049812
KLK7,0.0,241,0.7286036036036037,0.0,290,0.6734234234234234,0.0,231,0.7398648648648649,0.713963963963964,8.168314441902712,0.948176680347171,0.7369456450463283,0.7909242100261344,0.8695501739415437,0.7917570689527538
PRDM1,0.0,240,0.7297297297297297,0.0,295,0.6677927927927928,0.0,229,0.7421171171171171,0.7132132132132133,3.834568980017493,0.9804211801116868,0.8796957543359483,0.7588500831551437,0.8696311547219119,0.7914221839675626
GPR87,0.0,244,0.7252252252252253,0.0,292,0.6711711711711712,0.0,234,0.7364864864864865,0.710960960960961,8.042934935746484,0.947436587499159,0.7689182133523391,0.7911617961511048,0.8692989272551295,0.7901299441080452
KCNN4,0.0,186,0.7905405405405406,0.0,660,0.25675675675675674,0.0,104,0.8828828828828829,0.6433933933933934,7.158587674090022,0.9786886900356591,0.8382715799477318,0.8923734853884533,0.9355310876931465,0.78946224054327
MXD1,0.0,245,0.7240990990990991,0.0,293,0.670045045045045,0.0,235,0.7353603603603603,0.7098348348348348,2.7875158245307143,0.9704131063715268,0.7183250795913523,0.7676407697790448,0.8690248322754195,0.7894298335551271
CLEC7A,0.0,353,0.6024774774774775,0.00015474668640247594,163,0.8164414414414415,0.00044375425,51,0.9425675675675675,0.7871621621621622,2.0817839635336073,0.8732086389019713,0.6123969850320723,0.7087194107864101,0.7907800126839764,0.7889710874230693
S100A6,0.09429291418692488,31,0.9650900900900901,0.0,662,0.2545045045045045,0.0,255,0.7128378378378378,0.6441441441441441,6.411394479580163,0.9968377851039494,0.8570632573057742,0.8695652173913043,0.93320150104729,0.7886728225957171
SULT1B1,0.0,143,0.838963963963964,0.0,484,0.45495495495495497,0.0,127,0.8569819819819819,0.7169669669669668,5.79992422458454,0.9613301486913813,0.8657947873604179,0.7581373247802329,0.8597290536701083,0.7883480103185376
EPS8,0.0,239,0.7308558558558559,0.0,314,0.6463963963963963,0.0,228,0.7432432432432432,0.7068318318318317,2.6110053152122723,0.956183139339299,0.7461530672368717,0.7830838679021144,0.8696329615095314,0.7882323966706816
ANKRD50,0.0,144,0.8378378378378378,0.0,485,0.45382882882882886,0.0,128,0.8558558558558559,0.7158408408408409,2.597232439615152,0.9619524994953912,0.6936042219054395,0.757424566405322,0.8596836039439593,0.7877622223924001
FLNA,0.0,145,0.8367117117117117,0.0,486,0.4527027027027027,0.0,129,0.8547297297297297,0.7147147147147147,2.9323977662652227,0.9539123999192626,0.928097312900924,0.7652649085293418,0.8595860948350021,0.7871504047748584
GALNT5,0.0,230,0.740990990990991,0.0,661,0.25563063063063063,0.0,73,0.9177927927927928,0.6381381381381381,9.04132768956469,0.9794960640516719,2.4606336208125446,0.8909479686386315,0.935222016324762,0.7866800772314501
COL3A1,0.0,146,0.8355855855855856,0.0,487,0.45157657657657657,0.0,130,0.8536036036036037,0.7135885885885886,6.13966465720245,0.9840207225997443,1.421350306486099,0.7348538845331433,0.8594075775798112,0.7864980830841999
SCIN,0.0,242,0.7274774774774775,0.0,316,0.6441441441441441,0.0,232,0.7387387387387387,0.7034534534534534,4.567600689631972,0.9806566641996906,0.5919576075077218,0.7581373247802329,0.8693922587874187,0.786422856120436
HIST1H2BD,0.0,147,0.8344594594594594,0.0,488,0.45045045045045046,0.0,131,0.8524774774774775,0.7124624624624625,2.988836654780326,0.9109870147345759,0.6602260608220485,0.8077928248990259,0.8593898643735828,0.7859261634180226
WFDC2,0.0,236,0.7342342342342343,0.0,347,0.6092342342342343,0.0,213,0.7601351351351351,0.7012012012012012,4.569389315750522,0.9749714055035995,0.6702461582323593,0.7659776669042527,0.8704721024334137,0.7858366518173074
TEP1,0.0,271,0.6948198198198198,0.0,291,0.6722972972972973,0.0,238,0.7319819819819819,0.6996996996996997,1.9957859987889388,0.9620534212473928,0.5032496032311702,0.7816583511522928,0.871855269614858,0.7857774846572789
MARCO,0.0,333,0.625,0.00037717404936168366,98,0.8896396396396397,0.0,276,0.6891891891891891,0.7346096096096096,5.555916931305928,0.9325506290789208,0.5676822309337153,0.7360418151579948,0.8342699473130549,0.7844397784613323
KCND2,0.08942871816428392,32,0.963963963963964,0.0,825,0.07094594594594594,0.0044545317,16,0.9819819819819819,0.6722972972972974,4.247832870214628,0.9702449034515239,0.6789639225469224,0.8137324780232834,0.8919886587558502,0.7821429780265738
UBE2C,0.04856349493459314,53,0.9403153153153153,0.00034628014606349124,103,0.884009009009009,0.0,699,0.21283783783783783,0.6790540540540541,7.228459308349594,0.9942306398439077,0.6159906985032073,0.7757186980280352,0.8849736060352429,0.7820138300446484
ARL6IP1,0.0,820,0.07657657657657657,0.009430911210572226,50,0.9436936936936937,0.0038315891,18,0.9797297297297297,0.6666666666666666,3.07786272286887,0.9868297113637893,0.5068167521976719,0.8063673081492041,0.8965984436637832,0.7816325551652249
C15orf48,0.0,259,0.7083333333333334,0.0,339,0.6182432432432432,0.0,223,0.7488738738738738,0.6918168168168167,5.1783812386463035,0.9757955998116128,0.6052476811594225,0.765264908529342,0.8705276622030207,0.7811722395099188
ADTRP,0.0,279,0.6858108108108109,0.0,327,0.6317567567567568,0.0,219,0.7533783783783784,0.6903153153153153,5.7675857229361505,0.9766029738276256,0.5083938631503919,0.7659776669042528,0.8712878843145657,0.7808015998149405
DSC2,0.0,315,0.6452702702702703,0.00023242608561749247,126,0.8581081081081081,0.0,298,0.6644144144144144,0.7225975975975976,2.1367702381753353,0.9592612527753481,0.578970662865288,0.7189356141601331,0.839003396509555,0.7808004970535762
ABCA12,0.0,268,0.6981981981981982,0.0,300,0.6621621621621622,0.0,259,0.7083333333333334,0.6895645645645646,6.536817351813225,0.957562403283321,0.5197881397006423,0.7864100736516988,0.8719858397448821,0.7807752021547234
E2F7,0.0,237,0.7331081081081081,0.0,361,0.5934684684684685,0.0,226,0.7454954954954955,0.6906906906906908,3.1411740631097356,0.9372939514229968,0.525563468757424,0.8030411023996198,0.8701674387302963,0.7804290647104936
CLDN18,0.0,280,0.6846846846846847,0.0,328,0.6306306306306306,0.0,220,0.7522522522522522,0.6891891891891891,7.35893940321604,0.9160835632106574,1.7168374031836544,0.8263245426467094,0.871204043559742,0.7801966163744656
TSPAN1,0.0819221743957688,35,0.9605855855855856,0.0,656,0.26126126126126126,0.0,328,0.6306306306306306,0.6174924924924925,6.496544748704836,0.9894536769158312,2.384041183178903,0.8952245188880968,0.9423390978829168,0.7799157951877047
CAMK2N1,0.06880888523545792,40,0.954954954954955,0.00011582669457196883,187,0.7894144144144144,0.0,679,0.23536036036036037,0.6599099099099099,4.664332887034919,0.99249814976788,0.6916227346162991,0.8058921358992635,0.8991950733371011,0.7795524916235055
SLC39A10,0.0,294,0.668918918918919,0.00015258870047501517,164,0.8153153153153153,0.0,264,0.7027027027027027,0.728978978978979,1.3056579425418826,0.8775482742380407,0.7318316084580649,0.782608695652174,0.8300779458982085,0.7795284624385937
AFAP1-AS1,0.0,281,0.6835585585585585,0.0,332,0.6261261261261262,0.0,221,0.7511261261261262,0.686936936936937,7.347714825405369,0.9611955863553792,0.9435760584461867,0.7811831789023521,0.8711887392945094,0.7790628381157232
TPM2,0.0,269,0.6970720720720721,0.0,310,0.6509009009009009,0.0,260,0.7072072072072072,0.68506006006006,3.0542293581376576,0.9691852250555071,0.80898842717985,0.774768353528154,0.8719756590170148,0.7785178595385374
FER1L6,0.0,282,0.6824324324324325,0.0,340,0.6171171171171171,0.0,222,0.75,0.6831831831831833,7.616450841014599,0.9333916436789343,1.069847156094084,0.8082679971489665,0.8708297664691513,0.7770064748261674
TUFT1,0.0,313,0.6475225225225225,0.00017416032846469674,153,0.8277027027027027,0.0,296,0.6666666666666666,0.7139639639639639,1.5552168034717075,0.8954955258023279,0.6391166048942747,0.7840342124019958,0.8397643894202748,0.7768641766921194
AGR3,0.0,287,0.6768018018018018,0.00011546184738955808,191,0.7849099099099099,0.0,268,0.6981981981981982,0.71996996996997,4.850746925250622,0.9556617102872905,0.6250522499406035,0.7103825136612022,0.8328494572874178,0.7764097136286938
ALOX5AP,0.0,274,0.6914414414414415,0.0,363,0.5912162162162162,0.0,214,0.759009009009009,0.6805555555555555,3.7232736627867866,0.9655856825674494,0.7220864932287947,0.7778569731527679,0.8717204581908572,0.7761380068732063
ANGPT2,0.0,264,0.7027027027027027,0.0,567,0.3614864864864865,0.0017124182,29,0.9673423423423423,0.6771771771771772,4.007117237435242,0.9780831595236492,0.8073696317415067,0.7671655975291043,0.8726221775881929,0.7748996773826851
GSDMB,0.021697455561314524,69,0.9222972972972973,0.0,492,0.44594594594594594,0.0,263,0.7038288288288288,0.6906906906906908,2.1617837751463362,0.8959833142703357,0.7126436920883812,0.8220479923972439,0.8590156395267865,0.7748531651087387
KDELR3,0.0,275,0.6903153153153153,0.0,369,0.5844594594594594,0.0,215,0.7578828828828829,0.6775525525525525,2.6982986039157635,0.9684451322074951,0.5350789688762179,0.7748871465906391,0.8716650156001007,0.7746087840763266
ITGAV,0.0,272,0.6936936936936937,0.0,351,0.6047297297297297,0.0,237,0.7331081081081081,0.6771771771771773,2.4971680414451995,0.9602872905873646,0.7425210144927537,0.7833214540270848,0.8718038401313173,0.7744905086542473
SEMA3A,0.0,273,0.6925675675675675,0.0,352,0.6036036036036037,0.0,236,0.7342342342342343,0.6768018018018017,4.874084495054834,0.9830283253717285,0.9856798455690186,0.7605131860299359,0.87176684639533,0.7742843240985658
B3GNT5,0.0,276,0.6891891891891891,0.0,371,0.5822072072072072,0.0,216,0.7567567567567568,0.676051051051051,2.9250047500504603,0.9722465181995559,0.7389183178902359,0.7709669755286291,0.8716051720380661,0.7738281115445586
FAM83A,0.0,277,0.6880630630630631,0.0,372,0.581081081081081,0.0,217,0.7556306306306306,0.674924924924925,8.409673968916099,0.9629112561394065,0.7840449132810647,0.7802328344024709,0.8715713457569312,0.7732481353409281
P3H2,0.0,278,0.6869369369369369,0.0,373,0.579954954954955,0.0,218,0.7545045045045045,0.6737987987987988,2.9541678833344545,0.9554262261992869,0.7239365098598252,0.7873604181515799,0.8713929514440455,0.7725958751214221
S100A2,0.0,157,0.8231981981981982,2.2554096176654315e-05,281,0.6835585585585585,0.0,400,0.5495495495495496,0.6854354354354354,6.193504615488125,0.9715232456435443,0.5736943121881679,0.7445949156569256,0.8580453492105431,0.7717403923229893
TMPRSS4,0.0,700,0.21171171171171171,0.0001402629082531508,172,0.8063063063063063,0.0,164,0.8153153153153153,0.6111111111111112,10.579058924846935,0.9745004373275921,2.0594419672131137,0.8890472796388692,0.9317738584592633,0.7714424847851873
PDCD1LG2,0.0,283,0.6813063063063063,0.0,499,0.4380630630630631,7.011559e-05,58,0.9346846846846847,0.6846846846846847,3.8556804716409876,0.9691179438875059,0.5346912948443805,0.7469707769066287,0.8580329590748773,0.771358821879781
ITGB4,0.0,258,0.7094594594594594,0.0,659,0.25788288288288286,0.0,132,0.8513513513513513,0.6062312312312312,4.689003999865436,0.9655352216914485,1.2334420194820614,0.9059158945117605,0.9357255580917371,0.7709783946614841
NDRG1,0.0,321,0.6385135135135135,0.00014924097153047884,170,0.8085585585585585,0.0,304,0.6576576576576577,0.7015765765765766,2.301175603848482,0.9572596380273162,0.5369158493703985,0.7177476835352815,0.8373999821182153,0.7694882793473959
LAMP5,0.0008743412873544187,86,0.9031531531531531,0.009220137565795847,56,0.9369369369369369,0.0,774,0.12837837837837837,0.6561561561561561,7.3425998553454885,0.9836338558837381,1.1619840532192942,0.7809455927773818,0.882289059646486,0.769222607901321
CKAP2,0.04025091247785092,57,0.9358108108108109,0.0,790,0.11036036036036036,7.8113e-05,57,0.9358108108108109,0.6606606606606608,3.315080811410886,0.9904965350198478,0.585613561416011,0.7647897362794012,0.8776404113293039,0.7691505359949824
B3GNT3,0.008094596127808017,79,0.911036036036036,2.8519619480602583e-05,274,0.6914414414414415,0.0,645,0.27364864864864863,0.6253753753753754,5.352081605328668,0.9840711834757452,0.7000509360893323,0.8351152292706105,0.9095932021201748,0.7674842887477751
AGMO,0.1403497308182935,14,0.9842342342342343,0.0,866,0.024774774774774775,0.0003870494,52,0.9414414414414415,0.6501501501501502,6.957455251295161,0.9775280898876405,0.661601967213115,0.7886671418389166,0.8830972772505428,0.7666237137003464
LRRC32,0.0,150,0.831081081081081,0.0,491,0.44707207207207206,0.0,233,0.7376126126126126,0.6719219219219218,3.2615086927269066,0.9811108120836979,0.502814210026135,0.736992159657876,0.8590264156499208,0.7654741687859212
SEPT7,0.0,421,0.5259009009009009,0.009655342314953625,36,0.9594594594594594,0.0,410,0.5382882882882883,0.6745495495495496,2.7059354437193033,0.9823723339837179,0.5252296958897587,0.7298645759087667,0.856075214005015,0.7653123817772822
LGALS4,0.0,334,0.6238738738738738,0.0,417,0.5304054054054054,0.0008555163,41,0.9538288288288288,0.7027027027027026,4.285054020049789,0.9298593823588778,0.9016091328106457,0.7232121644095985,0.8264669208059987,0.7645848117543507
ITGA2,0.0,847,0.04617117117117117,0.009134723520933079,62,0.9301801801801802,0.0,162,0.8175675675675675,0.5979729729729729,5.274842595707461,0.9911525264078583,2.138572019482061,0.8712283202660964,0.9311904231556122,0.7645816980642925
STYK1,0.0,431,0.5146396396396397,0.0,657,0.26013513513513514,0.009778471,8,0.990990990990991,0.5885885885885886,6.933683290721928,0.9845253313597524,1.0283764670943238,0.8954621050130672,0.93999371816741,0.7642911533779992
FIBIN,0.0,304,0.6576576576576577,0.00010190217391304349,209,0.7646396396396397,0.0,285,0.6790540540540541,0.7004504504504504,2.68649665612595,0.911945771378591,0.5079776193870282,0.7438821572820147,0.8278999505522479,0.7641752005013491
TRPS1,0.0,302,0.6599099099099099,8.889919604205317e-05,223,0.7488738738738738,0.0,283,0.6813063063063063,0.6966966966966966,2.511907192356859,0.9345690641189531,0.6165700974103103,0.7229745782846282,0.8287015879193395,0.762699142308018
DTL,0.026023048656502054,64,0.9279279279279279,0.00027476231716776504,119,0.865990990990991,0.0,807,0.09121621621621621,0.6283783783783784,5.011429415326651,0.9911861669918589,0.624555996673795,0.7973390354003326,0.894262448920972,0.7613204136496752
F5,0.09500347567288173,28,0.9684684684684685,0.0,469,0.47184684684684686,0.0,391,0.5596846846846847,0.6666666666666666,4.71020193433358,0.9625243894234004,0.8043156236635784,0.7474459491565693,0.8549741477386635,0.7608204072026651
SH3PXD2B,0.0,149,0.8322072072072072,0.0,490,0.44819819819819817,0.0,261,0.706081081081081,0.6621621621621622,2.2107394604050326,0.9457209177151316,0.6140127179852692,0.772392492278451,0.8590553315316413,0.7606087468469017
FAM177B,0.09483305977111796,29,0.9673423423423423,0.0,459,0.4831081081081081,0.0,366,0.5878378378378378,0.6794294294294293,6.365699195990043,0.9684283119154948,0.5388600641482544,0.7144214777856974,0.8412928990083121,0.7603611642188707
DKK1,0.0,689,0.22409909909909909,0.0008859784283513103,70,0.9211711711711712,0.0,198,0.777027027027027,0.6407657657657657,6.625147379398507,0.9567213886833076,0.974525640294607,0.7994773105250653,0.8780992254607763,0.759432495613271
ID1,0.0,152,0.8288288288288288,0.0,494,0.4436936936936937,0.0,262,0.704954954954955,0.6591591591591591,2.890197117001951,0.9472683845791564,0.7312121739130442,0.770016631028748,0.8586408215008824,0.7588999903300208
DST,0.0,332,0.6261261261261262,8.701573849878938e-05,234,0.7364864864864865,0.0,288,0.6756756756756757,0.6794294294294293,1.6386919161676659,0.9519444257552311,0.5129977191731996,0.7170349251603707,0.8343810223139323,0.7569052258716809
OSBPL10,0.0,492,0.44594594594594594,0.01,25,0.9718468468468469,0.0,524,0.4099099099099099,0.6092342342342342,4.04418559846599,0.9890331696158244,0.8132198503207393,0.8175338560228083,0.9032834902032985,0.7562588622187663
GALNT3,0.0,363,0.5912162162162162,0.0,420,0.527027027027027,0.0021626109,25,0.9718468468468469,0.6966966966966966,1.8959375798963864,0.9065464576465047,0.5619367830838691,0.7198859586600143,0.8131302486403527,0.7549134726685247
TRIP10,0.12341575578838018,20,0.9774774774774775,0.0,783,0.11824324324324324,0.0,172,0.8063063063063063,0.634009009009009,1.5812926596245704,0.8821233936621139,0.5605601092896189,0.8683772867664528,0.8752503400244908,0.7546296745167499
MUC17,0.011388914350253774,76,0.9144144144144144,0.0,493,0.44481981981981983,0.0,367,0.5867117117117117,0.6486486486486487,8.817488000403685,0.9308181390028931,1.303507802328344,0.7868852459016393,0.8588513139239645,0.7537499812863067
XRCC4,0.0,517,0.4177927927927928,0.009431567505346001,49,0.9448198198198198,0.0,496,0.44144144144144143,0.6013513513513513,3.212566847204468,0.9930363991118885,0.5748227916369677,0.8187217866476597,0.9058790726140221,0.7536152119826867
ANXA10,0.0,373,0.579954954954955,0.0,451,0.49211711711711714,0.006191113,14,0.9842342342342343,0.6854354354354356,2.8120634394133086,0.8147581242010361,1.9363038560228083,0.8272748871465907,0.8210164975372797,0.7532259664863576
MYEOV,0.0,425,0.5213963963963963,0.0,464,0.4774774774774775,0.0006970674,43,0.9515765765765766,0.6501501501501501,4.671039689161003,0.9327020117069234,0.6013861035875498,0.7785697315276787,0.8556350704328631,0.7528926102915066
TNFAIP6,0.0,417,0.5304054054054054,0.000337845612961626,115,0.8704954954954955,0.0,405,0.543918918918919,0.6482732732732733,6.41844552243827,0.9830451456637288,1.1507248847707299,0.7301021620337372,0.8565311975547776,0.7524022354140254
SCNN1A,0.0,361,0.5934684684684685,0.0,421,0.5259009009009009,0.0004780893,49,0.9448198198198198,0.688063063063063,1.7591882224315425,0.8464811949135436,0.8686316559752916,0.7769066286528866,0.8116930305123021,0.7498780467876826
PSEN1,0.0,518,0.4166666666666667,0.00044359134491752744,92,0.8963963963963963,0.0,473,0.46734234234234234,0.5934684684684685,2.5633951490277878,0.9875866245038014,0.5073209479686396,0.8234735091470659,0.9055300540871406,0.7494992612778045
ALOX5,0.06347024399290879,47,0.9470720720720721,0.0,430,0.5157657657657657,0.0,329,0.6295045045045045,0.6974474474474475,1.7504218798358329,0.8778678597860459,0.5104885340936098,0.7246376811594203,0.8011929694853839,0.7493202084664157
HLA-DQB2,0.09648020383499045,25,0.9718468468468469,0.0,527,0.40653153153153154,0.0,390,0.5608108108108109,0.6463963963963965,6.604890668101997,0.9891677319518267,0.6130153825136597,0.7146590639106676,0.8517820452068574,0.7490892208016269
GLRX,0.0,432,0.5135135135135135,0.00020275337739248352,149,0.8322072072072072,0.0,369,0.5844594594594594,0.6433933933933934,3.111454383368095,0.9843234878557492,0.6016876977904486,0.7253504395343312,0.8547763053240343,0.7490848493587139
MFGE8,0.0,423,0.5236486486486487,0.0002583747803286634,121,0.8637387387387387,0.0,412,0.536036036036036,0.6411411411411412,2.5621057188992804,0.9532732288232523,0.6019176336421941,0.7586124970301735,0.8559383748848277,0.7485397580129844
PLXNA1,0.0,428,0.5180180180180181,0.00025514784339475535,123,0.8614864864864865,0.0,406,0.5427927927927928,0.6407657657657658,1.7636225122788132,0.922122048038754,0.5442308101686866,0.7880731765264908,0.8550972699768888,0.7479315178713273
RNF213,0.0,330,0.6283783783783784,3.7969638439424166e-05,273,0.6925675675675675,0.0,312,0.6486486486486487,0.6565315315315315,1.5202561562268722,0.9119289510865909,0.5562854122119267,0.7569493941553814,0.8344342148307778,0.7454828731811547
FNDC1,0.006777922455042683,80,0.9099099099099099,0.0,759,0.14527027027027026,0.0,194,0.7815315315315315,0.6122372372372372,5.136316870752877,0.9683610307474938,1.310494081729626,0.7887859349014018,0.8785731500594359,0.7454051936483366
AP3M2,0.0,531,0.40202702702702703,0.00044725870845729697,90,0.8986486486486487,0.0,486,0.4527027027027027,0.5844594594594594,2.2001726535692665,0.9725997443315616,0.7333885150867197,0.8360655737704917,0.9043326551674322,0.7443960573134458
PLAT,0.046752944321382134,54,0.9391891891891891,0.0,581,0.34572072072072074,0.0,476,0.46396396396396394,0.5829579579579579,5.461509920608222,0.9943988427639103,1.4139310548823945,0.816583511522927,0.905491152625063,0.7442245552915104
GRHL1,0.0,344,0.6126126126126126,0.0001402629082531508,173,0.8051801801801802,0.0,324,0.6351351351351351,0.6843093093093092,1.9114879028459935,0.8946713314943147,0.5399833071988591,0.7129959610358755,0.8036943518648899,0.7440018305870996
BRCA2,0.0,404,0.545045045045045,0.00013946907424875352,175,0.8029279279279279,0.0,393,0.5574324324324325,0.6351351351351351,2.548837899481935,0.9290856489268653,0.546772969826562,0.7738180090282727,0.8514506262742129,0.7432928807046739
LAMA4,0.0,472,0.46846846846846846,0.00965591755319149,34,0.9617117117117117,0.0,462,0.4797297297297297,0.6366366366366366,4.14728881450582,0.989504137791832,0.79770262295082,0.7075314801615586,0.8483028429625197,0.7424697397995781
EPHA4,0.0,515,0.42004504504504503,0.00034192531306894433,109,0.8772522522522522,0.0,492,0.44594594594594594,0.5810810810810811,3.653051460001346,0.9821200296037139,1.016189303872653,0.8253741981468282,0.9037471032412927,0.7424140921611869
SLC4A11,0.0808840191486205,37,0.9583333333333334,0.0,573,0.3547297297297297,0.0,514,0.42117117117117114,0.5780780780780781,4.723084387404966,0.9855513691717688,0.6147454074602052,0.8277500593965312,0.9066507056708359,0.742364391874457
SHROOM3,0.0,396,0.5540540540540541,0.00011465704348297302,200,0.7747747747747747,0.0,384,0.5675675675675675,0.6321321321321322,3.292753212675772,0.9824900760277199,0.572693083867903,0.7224994060346877,0.8524200553071622,0.7422760937196472
TRIM22,0.0,288,0.6756756756756757,0.0,378,0.5743243243243243,0.0,269,0.6970720720720721,0.649024024024024,2.293944119625917,0.9172273430666756,0.5766799168448564,0.7476835352815395,0.8324448889525153,0.7407344564882696
ROBO1,0.0,289,0.6745495495495496,0.0,379,0.5731981981981982,0.0,270,0.6959459459459459,0.6478978978978979,3.396426401130324,0.9632813025634125,0.5043313661202191,0.7020669992872416,0.8323683903618105,0.7401331441298542
SLC9A2,0.022193418340310436,67,0.9245495495495496,0.0,586,0.3400900900900901,0.0,481,0.4583333333333333,0.5743243243243243,7.286334878557491,0.9715568862275448,0.8622680898075554,0.8377286766452839,0.9046427780773932,0.7394835512008588
MMP2,0.0,290,0.6734234234234234,0.0,380,0.5720720720720721,0.0,271,0.6948198198198198,0.6467717717717717,3.826867546928615,0.9557121711632913,0.9034435756711803,0.7087194107864101,0.832022181884359,0.7393969768280653
EMB,0.0,475,0.4650900900900901,0.009542448440263685,44,0.9504504504504504,0.0,465,0.47635135135135137,0.6306306306306306,4.750857794523313,0.9888481464038215,0.5304841363744366,0.7070563079116179,0.8477306988689265,0.7391806647497785
LOX,0.0,291,0.6722972972972973,0.0,381,0.5709459459459459,0.0,272,0.6936936936936937,0.6456456456456456,3.42945134562336,0.9464273699791429,0.873594005702067,0.7148966500356378,0.8305360892978031,0.7380908674717244
SAMD12,0.0,286,0.6779279279279279,0.0,377,0.5754504504504504,0.0,278,0.6869369369369369,0.6467717717717717,2.222320769696562,0.9533068694072528,0.54281476835353,0.7056307911617961,0.8292300553890396,0.7380009135804056
EHF,0.0,292,0.6711711711711712,0.0,382,0.5698198198198198,0.0,273,0.6925675675675675,0.6445195195195196,1.9908027349794795,0.9009284801184149,0.6748207769066275,0.7600380137799952,0.8304793730541692,0.7374994462868444
SERPINB5,0.0,457,0.48536036036036034,0.00034179566563467497,110,0.8761261261261262,0.0,625,0.29617117117117114,0.5525525525525525,8.11379491017964,0.962692592343403,1.9741270491803276,0.880256593014968,0.9214745926132206,0.7370135725828866
ITGA5,0.0,293,0.670045045045045,0.0,383,0.5686936936936937,0.0,274,0.6914414414414415,0.6433933933933934,2.761342743726031,0.9553757653232859,0.5878289094796871,0.7056307911617961,0.830264205565881,0.7368287994796372
NUAK1,0.0,265,0.7015765765765766,0.0,545,0.38626126126126126,0.0,256,0.7117117117117117,0.5998498498498498,2.328640102940187,0.9538451187512614,0.7899272416250875,0.7911617961511047,0.8725031919059668,0.7361765208779083
POC1B-GALNT4,0.0,295,0.6677927927927928,0.0,384,0.5675675675675675,0.0,275,0.6903153153153153,0.6418918918918918,3.6753377010024897,0.901130323622418,0.7063385055832736,0.7588500831551437,0.8299859305731853,0.7359389112325385
PARP9,0.0,267,0.6993243243243243,0.0,543,0.3885135135135135,0.0,258,0.7094594594594594,0.5990990990990991,2.0384134326851915,0.9491690775751868,0.7193831337609877,0.7952007602755998,0.872184735143906,0.7356419171215025
NALCN,0.0,356,0.5990990990990991,0.0002268219857832489,143,0.838963963963964,0.0,335,0.6227477477477478,0.686936936936937,1.9066431171365137,0.8655385857498484,0.5422645093846521,0.7018294131622713,0.7833916535948323,0.7351642952658847
SKAP2,0.0,567,0.3614864864864865,0.009541422333769594,46,0.9481981981981982,0.0,537,0.3952702702702703,0.5683183183183184,3.6066204736594223,0.9846598936957545,0.8661472582561158,0.8191969588976005,0.9019284069015012,0.7351233626099098
FUT2,0.0,296,0.6666666666666666,0.0,385,0.5664414414414415,0.0,277,0.6880630630630631,0.6403903903903904,2.7197621106102394,0.9363015541949808,0.5701422641957707,0.7234497505345687,0.8298078910372961,0.7350991407138432
XDH,0.0,493,0.44481981981981983,0.0003379242527278914,114,0.8716216216216216,0.0,550,0.38063063063063063,0.5656906906906907,4.588799478570948,0.9630962793514096,0.9750416607270123,0.843430743644571,0.903263509584208,0.7344771001374493
BNC2,0.0,310,0.6509009009009009,0.0,396,0.5540540540540541,0.0,266,0.7004504504504504,0.6351351351351351,3.1918264751396084,0.938942340039023,0.5578689688762184,0.7279638869090045,0.8334045251014555,0.7342698301182953
MRVI1,0.0,433,0.5123873873873874,8.727990285367334e-05,226,0.7454954954954955,0.0,370,0.5833333333333334,0.6137387387387387,2.977259984525331,0.9494382022471909,0.6341086124970285,0.7600380137799951,0.8547341209786639,0.7342364298587013
TM4SF1,0.0,311,0.6497747747747747,0.0,397,0.5529279279279279,0.0,265,0.7015765765765766,0.6347597597597597,3.2174619457713787,0.9397160734710354,0.5117134592539809,0.7272511285340935,0.8334323739867817,0.7340960668732708
CTSV,0.0,297,0.6655405405405406,0.0,386,0.5653153153153153,0.0,279,0.6858108108108109,0.638888888888889,2.6931996299535763,0.9010966830384176,0.5329276193870278,0.7571869802803517,0.8291369987744452,0.7340129438316672
OSMR,0.0,342,0.6148648648648649,8.704501110139273e-05,233,0.7376126126126126,0.0,322,0.6373873873873874,0.6632882882882883,2.049070789880912,0.908867657942542,0.6711511808030401,0.7004038964124496,0.80430390671041,0.7337960974993492
CKS2,0.0,391,0.5596846846846847,5.7332090985936815e-05,269,0.6970720720720721,0.0,368,0.5855855855855856,0.6141141141141141,4.81815380475005,0.9946511471439143,0.5019718104062729,0.7125207887859348,0.8534330992609973,0.7337736066875558
LRRC15,0.022167333364668702,68,0.9234234234234234,0.0,773,0.12950450450450451,0.0,243,0.7263513513513513,0.5930930930930931,8.501790392249209,0.9836338558837381,0.7065019957234497,0.7636018056545498,0.8736148225463114,0.7333539578197023
TUBA1C,0.0,153,0.8277027027027027,0.0,495,0.44256756756756754,0.0,396,0.5540540540540541,0.608108108108108,3.2701146201978073,0.9701608019915225,0.5767232596816338,0.7469707769066286,0.8585543811983619,0.733331244653235
BIRC3,0.0,299,0.6632882882882883,0.0,388,0.5630630630630631,0.0,280,0.6846846846846847,0.6370120120120121,3.3600863183744876,0.9315918724349056,0.8456024922784522,0.7265383701591828,0.8290113822316392,0.7330116971218257
MBOAT2,0.0,136,0.8468468468468469,0.0,658,0.25900900900900903,0.0,467,0.4740990990990991,0.5266516516516516,4.335037845657001,0.9850804009957613,1.5494434663815628,0.8928486576383939,0.9389645292980986,0.732808090474875
DFNA5,0.0,154,0.8265765765765766,0.0,496,0.44144144144144143,0.0,397,0.5529279279279279,0.606981981981982,2.878888256072125,0.9579156294153268,0.6427818151579947,0.7588500831551437,0.8583784373033723,0.7326802096426772
HKDC1,0.0,300,0.6621621621621622,0.0,389,0.5619369369369369,0.0,281,0.6835585585585585,0.6358858858858859,2.42318587095472,0.9143510731346296,0.6881981610833927,0.7436445711570444,0.8289835394208983,0.7324347126533921
UBASH3B,0.0,155,0.8254504504504504,0.0,497,0.4403153153153153,0.0,398,0.5518018018018018,0.6058558558558559,3.7384615790890128,0.9690338424275046,0.5657570491803279,0.7474459491565693,0.8582288322842743,0.7320423440700651
EFNA1,0.0,301,0.661036036036036,0.0,390,0.5608108108108109,0.0,282,0.6824324324324325,0.6347597597597597,2.000090213954114,0.9104824059745678,0.5092089760038006,0.747208363031599,0.8288345399870799,0.7317971498734198
CD80,0.0,156,0.8243243243243243,0.0,498,0.4391891891891892,0.0,399,0.5506756756756757,0.6047297297297297,2.893447712440288,0.9250992397228017,0.5472848657638387,0.7911617961511048,0.8581302567661212,0.7314299932479255
HIST2H2AA4,0.0,303,0.6587837837837838,0.0,391,0.5596846846846847,0.0,284,0.6801801801801802,0.6328828828828829,3.9816022741034782,0.8167765592410685,0.8023158196721338,0.8396293656450463,0.8282029598851628,0.7305429213840229
SLFN5,0.0,412,0.536036036036036,5.814737409829434e-05,259,0.7083333333333334,0.0,375,0.5777027027027027,0.6073573573573574,2.83442758527888,0.9703290049115253,0.5106008458066054,0.736992159657876,0.8536356693898455,0.7304965133736014
CTSC,0.0,397,0.5529279279279279,5.799488972565896e-05,262,0.704954954954955,0.0,385,0.5664414414414415,0.608108108108108,3.372291724416335,0.9865101258157842,0.530607721549063,0.7184604419101924,0.8523852113266323,0.7302466597173701
GBP1P1,0.0,312,0.6486486486486487,0.0,398,0.5518018018018018,0.0,287,0.6768018018018018,0.6257507507507508,3.24353368431676,0.9281437125748503,0.8710593205036821,0.7403183654074602,0.8342122675925588,0.7299815091716548
EPSTI1,0.0,586,0.3400900900900901,0.009546768260641093,42,0.9527027027027027,0.0,545,0.38626126126126126,0.5596846846846847,4.851975425553388,0.9898910045078383,0.9502394202898552,0.8092183416488476,0.8995546221281181,0.7296196534064014
CD68,0.0,469,0.47184684684684686,0.000339456715410051,111,0.875,0.0,459,0.4831081081081081,0.609984984984985,5.131086052613873,0.9909170423198548,0.5640407032549302,0.7080066524114992,0.8492538489344321,0.7296194169597086
ITGB8,0.0,305,0.6565315315315315,0.0,392,0.5585585585585585,0.0,286,0.6779279279279279,0.631006006006006,1.9890013422593014,0.9062605126825002,0.6667317628890483,0.7493466381563316,0.827794366455197,0.7294001862306014
NDC80,0.0,563,0.36599099099099097,0.008884529912963065,65,0.9268018018018018,0.0,547,0.38400900900900903,0.5589339339339339,5.38584594294557,0.993675570207899,0.5874276930387268,0.8049417913993823,0.899308605889402,0.7291212699116679
PLXNC1,0.0,477,0.46283783783783783,0.0,540,0.3918918918918919,0.00305953,20,0.9774774774774775,0.6107357357357358,3.390282520352554,0.9741303909035861,0.7708179258731285,0.7208363031598954,0.8473996085543016,0.7290676721450187
ADGRF4,0.008839218670316657,78,0.9121621621621622,0.0,779,0.12274774774774774,0.0,250,0.7184684684684685,0.5844594594594595,7.264072993339164,0.9782850030276525,0.5044859111427891,0.7681159420289856,0.8731984446788504,0.728828952069155
ST14,0.0,314,0.6463963963963963,0.0,407,0.5416666666666666,0.0,297,0.6655405405405406,0.6178678678678678,2.508939292202113,0.9620702415393931,0.5020095462105028,0.7163221667854598,0.8390812865648144,0.7284745772163411
ENC1,0.0,307,0.6542792792792793,0.0,394,0.5563063063063063,0.0,289,0.6745495495495496,0.6283783783783784,2.1307197571149836,0.9183374823386935,0.5228257377049177,0.736279401282965,0.8272828215499326,0.7278305999641554
ITGA6,0.0,316,0.6441441441441441,0.0,408,0.5405405405405406,0.0,299,0.6632882882882883,0.6159909909909911,1.7967712776693814,0.909119962322546,0.58623026609646,0.7688287004038964,0.8389725064675713,0.7274817487292812
WNT5A,0.0,418,0.5292792792792793,7.73005310210392e-05,246,0.722972972972973,0.0,407,0.5416666666666666,0.5979729729729729,1.9091625950346498,0.8828298459261253,0.7513617581373255,0.829888334521264,0.8563590834287851,0.7271660282008789
PLEK2,0.0,495,0.44256756756756754,0.0002084671766064742,148,0.8333333333333334,0.0,553,0.37725225225225223,0.5510510510510511,3.9724014532732292,0.9502287559712036,1.09113087194108,0.8560228082679971,0.9031257814695659,0.7270884162603085
SRGAP2C,0.0,485,0.45382882882882886,0.0,505,0.4313063063063063,0.00035850005,54,0.9391891891891891,0.608108108108108,2.3634370382829846,0.956553185763305,0.5245971323354706,0.7350914706581136,0.8457935860509507,0.7269508470795294
CLEC2B,0.0,317,0.6430180180180181,0.0,409,0.5394144144144144,0.0,300,0.6621621621621622,0.6148648648648649,3.3338402240462894,0.9740967503195854,0.5390602542171528,0.7042052744119743,0.8388845601509506,0.7268747125079078
TRIM16,0.0,551,0.3795045045045045,0.0,667,0.24887387387387389,0.00045370057,50,0.9436936936936937,0.524024024024024,3.1837846498015208,0.9863587431877818,0.9164832287954372,0.872416250890948,0.9293874968822562,0.7267057604531402
VILL,0.0,592,0.3333333333333333,0.0,652,0.26576576576576577,0.008921821,10,0.9887387387387387,0.5292792792792792,4.902783129247124,0.9795465249276727,0.8264157543359465,0.8681397006414826,0.9238431125842481,0.7265611959317637
MKI67,0.0,643,0.2759009009009009,0.0007204974384237159,73,0.9177927927927928,0.0,500,0.4369369369369369,0.5435435435435435,6.484627753481801,0.9892686537038283,1.004882002851034,0.8275124732715609,0.9083905546906518,0.7259670491170976
IFIH1,0.0,319,0.6407657657657657,0.0,410,0.5382882882882883,0.0,301,0.661036036036036,0.6133633633633634,1.8203618482136854,0.9428278274910851,0.5200668234735106,0.7334283677833215,0.8380956299409739,0.7257294966521686
JUP,0.0,489,0.44932432432432434,0.00017170789178999702,156,0.8243243243243243,0.0,558,0.3716216216216216,0.5484234234234234,2.8751999226266554,0.97624974769562,0.8074894583036354,0.8296507483962937,0.9029502407496833,0.7256868320865534
ECT2,0.0,521,0.4132882882882883,0.009096852450352539,63,0.9290540540540541,0.0,673,0.24211711711711711,0.5281531531531531,3.858148496265895,0.9863755634797818,1.1909450487051547,0.8595866001425517,0.9229810813406245,0.7255671172468888
MOXD1,0.0,320,0.6396396396396397,0.0,411,0.5371621621621622,0.0,303,0.6587837837837838,0.6118618618618619,4.473138383906344,0.9730538922155688,0.9329364694701834,0.7032549299120932,0.8378702226679922,0.724866042264927
SLC35F2,0.0,191,0.7849099099099099,0.0,763,0.14076576576576577,0.0,179,0.7984234234234234,0.5746996996996997,2.381126091636951,0.9486476485231783,0.5168094535519137,0.8013779995248278,0.8750127209046759,0.7248562103021878
BHLHE40,0.0,192,0.7837837837837838,0.0,764,0.13963963963963963,0.0,180,0.7972972972972973,0.5735735735735735,2.803348274238042,0.9338626118549417,0.6876887431693994,0.8161083392729863,0.8749854507518796,0.7242795121627266
RTKN2,0.0,540,0.3918918918918919,0.009558486795266215,41,0.9538288288288288,0.0,698,0.21396396396396397,0.5198948948948948,5.509207555675167,0.9918926192558702,0.8437513043478266,0.864575908766928,0.928234263750613,0.7240645793227539
NDNF,0.0,419,0.5281531531531531,5.805344282156559e-05,261,0.706081081081081,0.0,408,0.5405405405405406,0.5915915915915916,4.9042488663123205,0.9665276189194645,0.6490572867664515,0.7460204324067475,0.8562617902892675,0.7239266909404296
KITLG,0.0,306,0.6554054054054054,0.0,393,0.5574324324324325,0.0,313,0.6475225225225225,0.6201201201201201,2.7114295633452192,0.9415494852990648,0.563084046091709,0.7139463055357568,0.8276136898614248,0.7238669049907724
KRT6A,0.0,337,0.6204954954954955,1.587872913412173e-05,286,0.6779279279279279,0.0,327,0.6317567567567568,0.6433933933933934,3.423031524591267,0.8271042185292337,1.018563834640056,0.7792824899025897,0.8031926505281356,0.7232930219607645
EZR,0.0,490,0.44819819819819817,0.00011373881966479539,206,0.7680180180180181,0.0,522,0.41216216216216217,0.5427927927927928,3.036176737536163,0.9874688824597995,0.7686688976003806,0.8194345450225707,0.9034516946061177,0.7231222436994553
POF1B,0.0,323,0.6362612612612613,0.0,412,0.536036036036036,0.0,305,0.6565315315315315,0.6096096096096096,2.7816656361434435,0.9260579963668168,0.8142261368496095,0.7469707769066287,0.8365032713955083,0.723056440502559
STK38,0.0,194,0.7815315315315315,0.0,765,0.13851351351351351,0.0,182,0.795045045045045,0.5716966966966966,2.494606788669851,0.9742144923635874,0.5916733998574486,0.7745307674031836,0.8743714743404999,0.7230340855185983
GPRC5A,0.0,580,0.34684684684684686,0.000439581794031853,94,0.8941441441441441,0.0,538,0.39414414414414417,0.5450450450450451,6.639599569400525,0.9585716208033372,1.0094265930149682,0.8420052268947493,0.90028842167123,0.7226667333581376
PTPN22,0.0,345,0.6114864864864865,1.593727139254582e-05,285,0.6790540540540541,0.0,325,0.634009009009009,0.6415165165165165,1.9427873343201236,0.8976485231783624,0.5102370206699933,0.7099073414112615,0.8036059736329169,0.7225612450747168
PALLD,0.0,618,0.30405405405405406,0.00918093827993135,61,0.9313063063063063,0.0,579,0.34797297297297297,0.5277777777777778,4.025539117271075,0.9799502119356792,0.9990563934426238,0.8545972915181753,0.9172737509891743,0.722525764383476
IRAK3,0.0,308,0.6531531531531531,0.0,395,0.5551801801801802,0.0,314,0.6463963963963963,0.6182432432432433,2.337619450985669,0.9182533808786921,0.8241547327156091,0.7353290567830838,0.8267636760426944,0.7225034596429689
KPNA7,0.0,532,0.4009009009009009,0.00011394765984729306,205,0.7691441441441441,0.0,487,0.45157657657657657,0.5405405405405405,6.011263974298595,0.9659220884074547,0.5859679757662151,0.8427179852696602,0.9043200347713771,0.7224302876559587
KLK6,0.0,195,0.7804054054054054,0.0,766,0.1373873873873874,0.0,183,0.793918918918919,0.5705705705705706,10.791435854134429,0.9690338424275045,0.6822212283202655,0.77952007602756,0.8742762092688671,0.7224233899197188
RAD21,0.0,550,0.38063063063063063,0.0,612,0.3108108108108108,0.0006277342,46,0.9481981981981982,0.5465465465465466,2.3715047063177024,0.9808248671196932,0.5489200000000007,0.8156331670230459,0.8982289903940235,0.7223877684702851
SFRP2,0.0,324,0.6351351351351351,0.0,413,0.5349099099099099,0.0,306,0.6554054054054054,0.6084834834834835,5.478061195586356,0.9579660902913274,0.8514531385127135,0.7144214777856974,0.8360626088100251,0.7222730461467544
ASPM,0.0,500,0.4369369369369369,0.00015686987757329086,162,0.8175675675675675,0.0,559,0.3704954954954955,0.5416666666666666,5.855996326448228,0.9862073605597793,1.02950897362794,0.8194345450225706,0.9028209336694673,0.7222438001680669
IFITM1,0.0,329,0.6295045045045045,0.0,399,0.5506756756756757,0.0,311,0.6497747747747747,0.609984984984985,2.98399602704703,0.9543497275112697,0.5805855072463757,0.714896650035638,0.8344966675856517,0.7222408262853184
FRRS1,0.0,189,0.7871621621621622,0.0,782,0.11936936936936937,0.0,177,0.8006756756756757,0.5690690690690691,2.5248797046356724,0.9031151180784498,0.9470725492991212,0.8469945355191257,0.8750548254316971,0.7220619472503831
SKIL,0.0,190,0.786036036036036,0.0,781,0.1204954954954955,0.0,178,0.7995495495495496,0.5686936936936937,3.0433944190271145,0.9738612662315816,0.6471393466381556,0.7761938702779757,0.8750265619122837,0.7218601278029887
MYLK,0.0,471,0.46959459459459457,0.0002178030303030303,147,0.8344594594594594,0.0,461,0.48085585585585583,0.5949699699699699,3.1941033943349257,0.9494550225391912,0.5895686861487279,0.7474459491565691,0.8484395485346855,0.7217047592523277
ASAP1,0.0,325,0.634009009009009,0.0,414,0.5337837837837838,0.0,307,0.6542792792792793,0.6073573573573573,2.0245838861602636,0.9522135504272355,0.524674739843193,0.719648372535044,0.8358410763541214,0.7215992168557394
SLC25A12,0.0,209,0.7646396396396397,0.0,784,0.11711711711711711,0.0,161,0.8186936936936937,0.5668168168168168,2.39453393662114,0.9714055035995425,0.7117429603231162,0.7797576621525303,0.8755808482699762,0.7211988325433965
HILPDA,0.0,378,0.5743243243243243,5.77030951674355e-05,265,0.7015765765765766,0.0,360,0.5945945945945946,0.6234984984984986,1.8624099878893905,0.8966897665343471,0.7609818127821333,0.7405559515324305,0.8186047535621348,0.7210516260303167
PYGL,0.0,326,0.6328828828828829,0.0,415,0.5326576576576577,0.0,308,0.6531531531531531,0.6062312312312312,2.641705840005383,0.958302496131333,0.6279271418389154,0.7129959610358755,0.8355044209376215,0.7208678260844263
FERMT1,0.0,595,0.32995495495495497,0.009220364152892561,55,0.9380630630630631,0.0,624,0.2972972972972973,0.5217717717717718,4.294759580838323,0.9720783152795532,1.3403960655737706,0.8645759087669279,0.9183271117652377,0.7200494417685048
GDA,0.0,328,0.6306306306306306,0.0,416,0.5315315315315315,0.0,310,0.6509009009009009,0.6043543543543545,4.365453064657203,0.964122317163426,0.67218594915657,0.7053932050368259,0.8345130977379688,0.7194337260461616
OAS2,0.0,658,0.25900900900900903,0.0007420378797428212,72,0.918918918918919,0.0,516,0.4189189189189189,0.5322822822822822,4.901968034717083,0.9816490614277064,1.0392329389403665,0.8313138512710858,0.9064814501387025,0.7193818662104924
KRT17,0.0,649,0.26914414414414417,0.00043311721775121664,95,0.8930180180180181,0.0,506,0.43018018018018017,0.5307807807807808,8.175415151719035,0.9718091906075489,1.1775731488081105,0.843430743644571,0.9076199652030474,0.7192003729919141
HN1,0.0,630,0.2905405405405405,0.010114674585702955,22,0.9752252252252253,0.0,626,0.29504504504504503,0.5202702702702703,4.846324271681356,0.9944829442239116,0.7909248443810881,0.8417676407697791,0.9181252902329109,0.7191977802515905
RALA,0.0,599,0.32545045045045046,0.028858438437178342,6,0.9932432432432432,0.0,662,0.2545045045045045,0.5243993993993994,2.930847648523179,0.9911020655318576,0.5902268092183407,0.8353528153955808,0.913227436241646,0.7188134178205228
NTM,0.10538324490563306,24,0.972972972972973,0.0,649,0.26914414414414417,0.0,615,0.30743243243243246,0.5165165165165165,6.183792565430936,0.982944223911727,0.8669481848420029,0.8548348776431457,0.9188895500448196,0.7177030332806681
PRRX1,0.0,387,0.5641891891891891,0.0,404,0.545045045045045,0.0,293,0.670045045045045,0.593093093093093,3.9110459025768676,0.9517089416672274,0.5993762532668105,0.7301021620337372,0.8408638721500413,0.7169784826215672
LIMS1,0.0,196,0.7792792792792793,0.0,767,0.13626126126126126,0.0,210,0.7635135135135135,0.5596846846846847,2.6480776222835227,0.9684787727914957,0.5067767783321466,0.7797576621525303,0.8741174840937048,0.7169010843891948
RASGRF2,0.0,386,0.5653153153153153,0.0,405,0.543918918918919,0.0,294,0.668918918918919,0.5927177177177178,2.735378254726502,0.9587230034313395,0.6390696079828944,0.7227369921596579,0.8406574675537507,0.7166875926357342
S100A10,0.0,598,0.32657657657657657,0.01018797156220109,21,0.9763513513513513,0.0,661,0.25563063063063063,0.5195195195195195,4.560234767543565,0.9933728049518938,0.7450815253029184,0.8332145402708483,0.9132936674835213,0.7164065935015204
CXCL10,0.0,385,0.5664414414414415,0.0,406,0.5427927927927928,0.0,295,0.6677927927927928,0.5923423423423424,5.897327592006997,0.9692188656395075,0.8133880969351384,0.7115704442860536,0.8402340511240665,0.7162881967332044
KIF14,0.0,583,0.34346846846846846,0.00026889975394874465,120,0.8648648648648649,0.0,542,0.38963963963963966,0.5326576576576577,5.481003693736124,0.9801688757316827,0.6230120527441203,0.8191969588976005,0.899682897967753,0.7161702778127054
RIOK3,0.0,225,0.7466216216216216,0.0,797,0.10247747747747747,0.0,163,0.8164414414414415,0.5551801801801802,1.6367878288367086,0.9479580165511673,0.5123493418864342,0.8054169636493229,0.8766874196266152,0.7159337999033977
PAK1,0.0,198,0.777027027027027,0.0,768,0.13513513513513514,0.0,212,0.7612612612612613,0.5578078078078078,2.0571913577339696,0.9635336069434167,0.5133480636730825,0.7845093846519363,0.8740210164715064,0.7159144121396571
TAP2,0.0,211,0.7623873873873874,0.0,801,0.09797297297297297,0.0,171,0.8074324324324325,0.5559309309309309,2.7000117035591735,0.9763170288636212,0.5206005614952094,0.7752435257780945,0.8757791841187295,0.7158550575248301
EPHA2,0.0,222,0.75,0.0,795,0.10472972972972973,0.0,173,0.8051801801801802,0.5533033033033034,3.3980754221893283,0.9485130861871763,0.7273620432406744,0.8049417913993823,0.876727365760104,0.7150153345317036
LYZ,0.0,227,0.7443693693693694,0.0,798,0.10135135135135136,0.0,165,0.8141891891891891,0.5533033033033034,5.8928900491152545,0.9740967503195855,1.0469068353528135,0.7790449037776194,0.8765700418557096,0.7149366725795065
PDGFRB,0.0,400,0.5495495495495496,0.0,403,0.5461711711711712,0.0,292,0.6711711711711712,0.588963963963964,2.856481369844581,0.9541647042992666,0.8557119980993111,0.7277263007840342,0.8408956059662077,0.7149297849650859
MFAP5,0.0,298,0.6644144144144144,0.0,418,0.5292792792792793,0.0,343,0.6137387387387387,0.6024774774774775,4.438089722801587,0.9469151584471507,1.0562759562841544,0.706343549536707,0.826402717579092,0.7144400975282847
MSN,0.0,442,0.5022522522522522,8.697478991596638e-05,238,0.7319819819819819,0.0,429,0.5168918918918919,0.5837087087087086,3.363699246450919,0.9693534279755096,0.7789204276550246,0.7198859586600143,0.8445304143576265,0.7141195615331676
SAMD9L,0.0,229,0.7421171171171171,0.0,799,0.10022522522522523,0.0,167,0.8119369369369369,0.5514264264264265,2.8745937899481935,0.9479243759671667,0.8677215561891183,0.8049417913993824,0.8764330106746197,0.7139297185505231
TRIM59,0.0,97,0.8907657657657657,0.0,641,0.27815315315315314,0.0,576,0.35135135135135137,0.5067567567567567,3.099943756307609,0.9862410011437798,0.8159134948918982,0.8557852221430269,0.921013110975658,0.7138849338662073
SLC26A9,0.0,359,0.5957207207207207,9.276063722524702e-05,220,0.7522522522522522,0.0,338,0.6193693693693694,0.6557807807807807,2.2989462726232928,0.8078281638969252,0.782369308624375,0.7346162984081729,0.7711950802560312,0.713487930518406
CLIC1,0.0,608,0.3153153153153153,0.019365826179577883,14,0.9842342342342343,0.0,672,0.24324324324324326,0.5142642642642643,3.49660830586019,0.9935073672878961,0.6544586299200121,0.8310762651461154,0.9122918098260959,0.7132780370451801
CORIN,0.0,221,0.7511261261261262,0.0,794,0.10585585585585586,0.0,185,0.7916666666666666,0.5495495495495496,4.012743258426966,0.9667631030074683,0.8824794606794963,0.7868852459016394,0.8768237880051022,0.7131866687773258
KLF7,0.0,199,0.7759009009009009,0.0,769,0.134009009009009,0.0,225,0.7466216216216216,0.5521771771771772,2.3617418051537378,0.9519444257552311,0.5867476977904493,0.7959135186505109,0.8739287995857065,0.7130529883814418
S100A14,0.0,231,0.7398648648648649,0.0,800,0.0990990990990991,0.0,169,0.8096846846846847,0.5495495495495496,4.650868616699186,0.9464778308551436,1.0828960940841057,0.8056545497742931,0.8760661214722859,0.7128078355109178
STAT1,0.0,223,0.7488738738738738,0.0,796,0.1036036036036036,0.0,184,0.7927927927927928,0.5484234234234234,2.827644778981363,0.974634999663594,0.6769051960085539,0.7788073176526491,0.8767203557261901,0.7125718895748068
TGIF1,0.0,213,0.7601351351351351,0.0,789,0.11148648648648649,0.0,204,0.7702702702702703,0.5472972972972973,2.4270248032025834,0.9504810603512076,0.5028860114041311,0.8051793775243526,0.8778301470362849,0.7125637221667911
BAIAP2L1,0.0,446,0.49774774774774777,8.699233458848845e-05,237,0.7331081081081081,0.0,433,0.5123873873873874,0.5810810810810811,1.7406640617641114,0.8921314674022741,0.9801266785459717,0.7956759325255406,0.843903529648254,0.7124923053646676
OSBPL3,0.0,498,0.4391891891891892,9.160958190851178e-05,221,0.7511261261261262,0.0,556,0.3738738738738739,0.5213963963963965,3.0891322848684655,0.9534918926192558,1.1600129080541697,0.8524590163934427,0.9029754536521705,0.7121859250242835
STK38L,0.0,255,0.7128378378378378,0.0,500,0.4369369369369369,0.0,401,0.5484234234234234,0.5660660660660661,2.3572025062235076,0.9695552714795129,0.5692261392254716,0.7464956046566881,0.8580135964508127,0.7120398312584394
SLC16A3,0.0,566,0.36261261261261263,0.0002270437082197453,140,0.8423423423423423,0.0,614,0.30855855855855857,0.5045045045045046,5.53551100047097,0.9916571351678665,0.8064416821097655,0.8467569493941554,0.9192070408096623,0.7118557726570834
ADGRG6,0.0,216,0.7567567567567568,0.0,791,0.10923423423423423,0.0,206,0.7680180180180181,0.5446696696696697,3.179648950413779,0.9457377380071319,0.7786438750296973,0.8094559277738179,0.8775967844997138,0.7111332270846917
BST2,0.0,201,0.7736486486486487,0.0,762,0.14189189189189189,0.0,241,0.7286036036036037,0.5480480480480481,4.287148496265894,0.9861568996837785,0.7636884224281308,0.761463530529817,0.8738066119594965,0.7109273300037723
TCN1,0.0,408,0.5405405405405406,9.88549256687345e-06,287,0.6768018018018018,0.0,448,0.4954954954954955,0.5709459459459459,6.569544715064254,0.9520958083832335,1.5903620123544782,0.7483962936564504,0.8502358554417024,0.7105909006938242
FCGR3A,0.0,217,0.7556306306306306,0.0,792,0.10810810810810811,0.0,207,0.7668918918918919,0.5435435435435435,4.174999838525197,0.9691347641795062,0.841289862200048,0.7856973152767878,0.8774156115020082,0.7104795775227759
SESTD1,0.0,200,0.7747747747747747,0.0,770,0.13288288288288289,0.0,240,0.7297297297297297,0.5457957957957958,2.5535823992464506,0.9714223238915428,0.5413922784509388,0.7764314564029462,0.8739259080897499,0.7098608519427729
MX1,0.0,218,0.7545045045045045,0.0,793,0.10698198198198199,0.0,208,0.7657657657657657,0.5424174174174173,3.452151981430398,0.9709177151315347,0.7766059515324288,0.783559040152055,0.8772378550820149,0.7098276362497161
ECM1,0.0,572,0.35585585585585583,0.00011595079653155878,183,0.793918918918919,0.0,529,0.40427927927927926,0.5180180180180181,4.932942878288367,0.9865942272757856,0.6543867284390599,0.8163459253979567,0.9014700512581287,0.7097440346380735
OAS1,0.0,610,0.3130630630630631,0.00036727203821610945,100,0.8873873873873874,0.0,620,0.30180180180180183,0.5007507507507508,5.021170345825203,0.991808517795869,1.0038301354240904,0.8453314326443335,0.918569973530849,0.7096603621408
KRT16,0.0,506,0.43018018018018017,9.277310924369746e-05,218,0.7545045045045045,0.0,564,0.36486486486486486,0.5165165165165165,7.143704534750723,0.9469824396151518,0.804555138987884,0.8581610833927298,0.9025717609739413,0.7095441387452289
RAC1,0.0,672,0.24324324324324326,0.038177472098247955,2,0.9977477477477478,0.0,635,0.2849099099099099,0.5086336336336337,2.8480845959765855,0.9904797147278476,0.5408001916528091,0.8303635067712045,0.9104216038113492,0.7095276187224915
SP140L,0.0,285,0.6790540540540541,0.0,483,0.4560810810810811,0.0,402,0.5472972972972973,0.5608108108108109,2.110228419565364,0.9352586960909642,0.5899578474697069,0.7807080066524116,0.8579826897884435,0.7093967502996272
CD9,0.0,496,0.44144144144144143,7.840196345786745e-05,242,0.7274774774774775,0.0,554,0.3761261261261261,0.515015015015015,2.972123037071924,0.9695720917715132,0.8055092325968145,0.8365407460204325,0.9030564151774566,0.7090357150962359
CORO2A,0.06508143336173842,45,0.9493243243243243,0.0,636,0.28378378378378377,0.0,664,0.25225225225225223,0.4951201201201201,6.426852216914485,0.9971405503599542,0.7989425207887861,0.8486576383939177,0.9228990931692331,0.7090096066446766
TNFRSF21,0.0,202,0.7725225225225225,0.0,771,0.13175675675675674,0.0,242,0.7274774774774775,0.543918918918919,4.028530491825338,0.9855850097557693,0.5730635614160144,0.7617011166547875,0.8736395258932901,0.7087792224061045
FGD6,0.0,505,0.4313063063063063,8.708016423234838e-05,230,0.740990990990991,0.0,562,0.36711711711711714,0.5131381381381382,2.17902798560183,0.9401870416470429,1.1817746400570215,0.8650510810168687,0.9026190610783661,0.7078785996082522
FUT3,0.0,467,0.4740990990990991,7.732651963421195e-05,244,0.7252252252252253,0.0,446,0.49774774774774777,0.5656906906906908,3.4307361232590994,0.9387741371190204,0.8652505939653121,0.7600380137799952,0.8494021132865248,0.7075464019886077
HIST1H4H,0.0,204,0.7702702702702703,0.0,774,0.12837837837837837,0.0,244,0.7252252252252253,0.5412912912912913,5.060838787593353,0.9451826683711229,0.6011183630315982,0.8018531717747683,0.8735178222799708,0.7074045567856311
DUOX2,0.0,335,0.6227477477477478,0.0,419,0.5281531531531531,0.0,344,0.6126126126126126,0.5878378378378378,7.070785521092647,0.9508679270672139,1.0310929603231163,0.7018294131622713,0.8260404086039723,0.706939123220905
TANC2,0.0,205,0.7691441441441441,0.0,775,0.12725225225225226,0.0,245,0.7240990990990991,0.5401651651651651,2.3348835867590667,0.9589248469353427,0.7442615965787613,0.7880731765264908,0.8734986620588844,0.7068319136120247
FAP,0.0,206,0.7680180180180181,0.0,776,0.12612612612612611,0.0,246,0.722972972972973,0.539039039039039,4.240519619188589,0.9605227746753684,1.612688954621051,0.7864100736516988,0.8734660247640792,0.7062525319015591
CEACAM6,0.0,633,0.28716216216216217,0.0,673,0.24211711711711711,0.0006445652,44,0.9504504504504504,0.49324324324324326,7.722300884747359,0.9680414451994886,2.4213085293418866,0.868377286766453,0.918209365783863,0.7057263045135531
KLF5,0.0,207,0.7668918918918919,0.0,777,0.125,0.0,247,0.7218468468468469,0.5379129129129129,4.13770403687008,0.9588743860593419,0.5789218389166066,0.7878355904015205,0.8733546331310296,0.7056337730219713
TNS4,0.0,635,0.2849099099099099,0.00033880471380471375,112,0.8738738738738738,0.0,596,0.32882882882882886,0.49587087087087084,8.196787764919598,0.961498351611384,1.3065741862675218,0.8688524590163934,0.9151754051174217,0.7055231379941462
TRIM29,0.0,609,0.3141891891891892,0.0,697,0.21509009009009009,0.0016639935,30,0.9662162162162162,0.49849849849849853,6.327107273094262,0.9478234542151651,1.2803527797576626,0.8766928011404134,0.9122581275833582,0.7053783130409284
PLS3,0.0,570,0.3581081081081081,9.685352378385662e-05,212,0.7612612612612613,0.0,527,0.40653153153153154,0.5086336336336337,2.9422902307744043,0.9788400726636614,0.7812248039914467,0.8246614397719173,0.9017507450251511,0.7051921893293924
MGLL,0.0,576,0.35135135135135137,0.00011524873361222189,198,0.777027027027027,0.0,533,0.3997747747747748,0.5093843843843844,4.436892696629213,0.988444459395815,0.714215312425754,0.8130197196483726,0.9007320549295048,0.7050582196569446
NOX4,0.0,648,0.2702702702702703,7.962334695007962e-05,241,0.7286036036036037,0.0,484,0.45495495495495497,0.4846096096096096,5.282063981026711,0.9806062033236896,1.4120317058683765,0.8693276312663342,0.9249669170964429,0.7047882633530262
RASAL2,0.0,210,0.7635135135135135,0.0,778,0.12387387387387387,0.0,249,0.7195945945945946,0.5356606606606606,1.8124631972011032,0.9241404830787864,0.7435126467094326,0.8222855785222144,0.8732130170533561,0.7044368388570084
CAP1,0.0,681,0.23310810810810811,0.009201405646718147,60,0.9324324324324325,0.0,619,0.30292792792792794,0.4894894894894895,3.155024063109737,0.9849121980757586,0.7728116535994323,0.8524590163934427,0.9186856063655605,0.704087547927525
SFTA2,0.0,460,0.481981981981982,0.0,402,0.5472972972972973,0.0,291,0.6722972972972973,0.5671921921921922,4.746626650070645,0.9325842696629214,0.5927213399857454,0.7493466381563316,0.8409560985250831,0.7040741453586377
SLCO4A1,0.0,476,0.46396396396396394,8.704501110139273e-05,232,0.7387387387387387,0.0,466,0.4752252252252252,0.5593093093093092,2.573944479580166,0.9043093588104689,0.5663396602518427,0.7909242100261344,0.8476165200151168,0.703462914662213
AHNAK2,0.0,705,0.20608108108108109,0.0,664,0.25225225225225223,0.0015242585,34,0.9617117117117117,0.4733483483483483,5.840582214223239,0.9695552714795129,1.5068726657163212,0.8945117605131859,0.9320335159775105,0.7026909321629294
ANLN,0.0,619,0.30292792792792794,0.00015187855375769666,168,0.8108108108108109,0.0,580,0.34684684684684686,0.48686186186186187,5.4294164401534015,0.9854672677117675,1.4650795414587785,0.8488952245188881,0.9171812449151073,0.7020215533884846
SRGAP2D,0.0,338,0.6193693693693694,0.0,423,0.5236486486486487,0.0,318,0.6418918918918919,0.59496996996997,4.662336052613874,0.8506526273296103,0.7129811617961499,0.7674031836540746,0.8090259062416094,0.7019979381057897
KIF23,0.0,503,0.43355855855855857,5.740115694716587e-05,268,0.6981981981981982,0.0,561,0.36824324324324326,0.5,3.5731127127766933,0.977376707259638,0.8984820836303151,0.8282252316464719,0.9028009612611777,0.7014004806305889
DUSP10,0.0,339,0.6182432432432432,0.0,424,0.5225225225225225,0.0,319,0.6407657657657657,0.5938438438438438,1.6100519511538716,0.8904830787862477,0.5580499168448565,0.7265383701591827,0.8084583177201129,0.7011510807819783
TMEM45A,0.0,458,0.48423423423423423,0.0,400,0.5495495495495496,0.0,315,0.6452702702702703,0.5596846846846847,1.9879789208100656,0.9163358675906614,0.7563439961986225,0.7659776669042527,0.8411544154468572,0.700419550065771
PLOD2,0.0,340,0.6171171171171171,0.0,425,0.5213963963963963,0.0,320,0.6396396396396397,0.5927177177177178,1.7869974803202582,0.8839736257821436,0.615793544784986,0.7312900926585887,0.8075951674396196,0.7001564425786686
LUM,0.0,336,0.6216216216216216,0.0,481,0.4583333333333333,0.0,403,0.5461711711711712,0.5420420420420421,5.068747860458858,0.9761151853596178,0.9261459847944851,0.7398431931575196,0.8579591305812093,0.7000005863116256
AIM1,0.0,349,0.6069819819819819,0.0,440,0.5045045045045045,0.0,345,0.6114864864864865,0.5743243243243242,2.303725523111081,0.9302126084908835,0.5386851603706342,0.7208363031598954,0.825442887070957,0.6998836056976406
ANXA2P2,0.019529159125973555,71,0.920045045045045,0.0,709,0.20157657657657657,0.0,594,0.3310810810810811,0.48423423423423423,4.624608635537913,0.9851981430397632,0.7397769137562378,0.8455690187693039,0.9153835792361528,0.6998089067351935
LMO7,0.0,627,0.2939189189189189,0.0001658669794901874,160,0.8198198198198198,0.0,588,0.33783783783783783,0.4838588588588588,2.8534591805153746,0.9778308551436453,1.1695831907816565,0.853646947018294,0.9157389003056289,0.6997988795822438
MIR4697HG,0.06792041129329497,41,0.9538288288288288,0.0,888,0.0,0.00053669984,48,0.9459459459459459,0.6332582582582583,1.3147784431137723,0.8046827692928749,0.5267955713946297,0.7272511285340936,0.7659198715613518,0.6995890649098051
FER1L4,0.0,565,0.36373873873873874,9.054947241659096e-05,222,0.75,0.0,546,0.38513513513513514,0.4996246246246246,4.3183540166857295,0.9406411895310504,0.7939779341886433,0.8583986695177002,0.8995199290060361,0.6995722768153303
ANXA1,0.0,478,0.4617117117117117,7.730053102103919e-05,247,0.7218468468468469,0.0,468,0.47297297297297297,0.5521771771771772,4.381315242548611,0.9764515911996232,0.9422771418389146,0.7175100974103111,0.8468743623106328,0.699525769743905
SLC44A1,0.0,106,0.8806306306306306,0.0,674,0.240990990990991,0.0,603,0.32094594594594594,0.48085585585585583,2.5379702482675093,0.9809594294556954,0.7494909384651942,0.854359705393205,0.9176595666794867,0.6992577112676712
EGLN3,0.0,590,0.3355855855855856,0.0001159171466548516,186,0.7905405405405406,0.0,600,0.32432432432432434,0.4834834834834835,4.154983832335329,0.9774608087196395,1.3873387835590405,0.8524590163934427,0.9149599116910254,0.6992216975872545
ARRDC3,0.0,360,0.5945945945945946,0.0,422,0.5247747747747747,0.0,317,0.6430180180180181,0.5874624624624625,1.8785169144856364,0.8845455157101528,0.5372148325017818,0.7369921596578761,0.8107451765249729,0.6991038194937177
CAPZB,0.0,234,0.7364864864864865,0.0,780,0.12162162162162163,0.0,251,0.7173423423423423,0.5251501501501501,3.055154554935073,0.9893359348718294,0.5801153623188409,0.7564742219054407,0.8728997103984368,0.6990249302742935
RALB,0.0,646,0.2725225225225225,9.952018769411245e-05,211,0.7623873873873874,0.0,503,0.43355855855855857,0.4894894894894895,2.835905601157236,0.9895545986678329,0.588442045616536,0.8263245426467095,0.9079395608932755,0.6987145251913826
LY75-CD302,0.0,341,0.615990990990991,0.0,426,0.5202702702702703,0.0,321,0.6385135135135135,0.5915915915915916,4.3874276962928045,0.8559510193096952,0.5420829674507006,0.7538607745307674,0.8048997447824737,0.6982456681870326
ZEB1,0.0,474,0.46621621621621623,5.7506461942054386e-05,266,0.7004504504504504,0.0,464,0.4774774774774775,0.548048048048048,2.745042437596716,0.952566776559241,0.6546867403183647,0.7436445711570444,0.8480910619258372,0.6980695549869426
LPCAT4,0.0,634,0.28603603603603606,0.00017054615216033638,158,0.8220720720720721,0.0,595,0.32995495495495497,0.47935435435435436,2.9989557222633385,0.9763506694476215,0.5654173152767861,0.8543597053932049,0.9153551866773204,0.6973547705158374
ERV3-1,0.0,343,0.6137387387387387,0.0,427,0.5191441441441441,0.0,323,0.6362612612612613,0.5897147147147147,1.3723402543228151,0.8680111686738883,0.5894864480874311,0.7403183654074601,0.8041466721764534,0.6969306934455841
SEC14L2,0.0,526,0.40765765765765766,5.729333475677023e-05,270,0.6959459459459459,0.0,604,0.31981981981981983,0.4744744744744745,3.7454586321738548,0.9941969992599071,0.6001732074126869,0.8439059158945118,0.9190514556729682,0.6967629650737214
LAMB1,0.0,347,0.6092342342342343,0.0,429,0.5168918918918919,0.0,316,0.6441441441441441,0.5900900900900901,1.517147295297046,0.8812655587701003,0.5590071299596113,0.7255880256593015,0.8033708366292059,0.6967304633596481
MACC1,0.0,364,0.5900900900900901,0.0,442,0.5022522522522522,0.0,346,0.6103603603603603,0.5675675675675675,2.3221117742044,0.9199017694947185,0.8383746471846036,0.7310525065336184,0.8254389519097539,0.6965032597386607
ANOS1,0.05916128612509695,48,0.9459459459459459,0.0,685,0.2286036036036036,0.0,644,0.2747747747747748,0.4831081081081081,5.108434747359214,0.9908834017358542,0.6632415371822291,0.828462817771442,0.9096731016542393,0.6963906048811737
BTN3A3,0.0,365,0.588963963963964,0.0,443,0.5011261261261262,0.0,347,0.6092342342342343,0.5664414414414415,2.272376374217856,0.9480757585951692,0.5000665502494668,0.7032549299120932,0.8253853904568298,0.6959134159491356
SERPINB3,0.0,346,0.6103603603603603,0.0,428,0.5180180180180181,0.0,326,0.6328828828828829,0.5870870870870871,5.000178675233803,0.8673215367018773,1.1028336754573527,0.7396056070325493,0.8034444698997878,0.6952657784934375
TFPI,0.0,366,0.5878378378378378,0.0,444,0.5,0.0,348,0.6081081081081081,0.5653153153153153,2.7714470160801987,0.9362847339029805,0.5926854003326216,0.7120456165359943,0.8240126811135123,0.6946639982144138
SFN,0.0,674,0.240990990990991,0.0005568396904777369,78,0.9121621621621622,0.0,637,0.28265765765765766,0.4786036036036036,7.427492276121915,0.960556415259369,0.8614750059396536,0.8593490140175815,0.9099527141660084,0.694278158884806
GLI3,0.0,367,0.5867117117117117,0.0,445,0.4988738738738739,0.0,349,0.6069819819819819,0.5641891891891891,2.5143989033169616,0.9275045414788401,0.5324816203373723,0.7198859586600144,0.8236081828888057,0.6938986860389974
ITGBL1,0.0,389,0.5619369369369369,0.0,475,0.4650900900900901,0.0,377,0.5754504504504504,0.5341591591591591,4.715615821166655,0.9641559577474266,0.8649435091470652,0.7429318127821336,0.8535282688804464,0.6938437140198028
TRIM16L,0.0,390,0.5608108108108109,0.0,476,0.46396396396396394,0.0,378,0.5743243243243243,0.5330330330330331,1.0537080838323356,0.8532765928816525,0.6994110643858402,0.8536469470182941,0.8534617692273615,0.6932474011301972
ARHGAP11A,0.0,368,0.5855855855855856,0.0,446,0.49774774774774777,0.0,350,0.6058558558558559,0.5630630630630632,1.8284873074076564,0.9200699724147211,0.5052684343074367,0.7251128534093609,0.8225320518922044,0.6927975574776337
DENND3,0.0,371,0.5822072072072072,0.0,449,0.49436936936936937,0.0,342,0.6148648648648649,0.5638138138138138,1.624282944223911,0.9088171970665411,0.5629675694939422,0.7336659539082917,0.821210358742806,0.6925120862783098
SERPINB9,0.0,392,0.5585585585585585,0.0,477,0.46283783783783783,0.0,379,0.5731981981981982,0.5315315315315315,3.304794735248604,0.9759806230236157,0.728619014017581,0.7301021620337372,0.8529991113121639,0.6922653214218477
TFRC,0.0,369,0.5844594594594594,0.0,447,0.4966216216216216,0.0,351,0.6047297297297297,0.561936936936937,1.8524954921617445,0.9435511000470967,0.561765369446424,0.7020669992872417,0.8225069115998194,0.6922219242683783
IGF2BP3,0.0,362,0.5923423423423423,0.0,438,0.5067567567567568,0.0,339,0.6182432432432432,0.5724474474474474,3.313010872636749,0.8392989302294288,1.0003773818009032,0.7845093846519362,0.8119037121805691,0.6921755798140082
SLPI,0.0,675,0.23986486486486486,0.00045105708159510496,88,0.9009009009009009,0.0,638,0.28153153153153154,0.47409909909909914,5.292909281437124,0.9707158716275314,1.727638023283439,0.8491328106438584,0.9099243399699123,0.6920117195345057
ZNF217,0.0,393,0.5574324324324325,0.0,478,0.4617117117117117,0.0,381,0.5709459459459459,0.53003003003003,2.013243927874588,0.9382695283590123,0.5931210976478969,0.7674031836540747,0.8528342484979249,0.6914321392639775
ISM1,0.0,370,0.5833333333333334,0.0,448,0.4954954954954955,0.0,352,0.6036036036036037,0.5608108108108109,2.6124427033573308,0.898001749310368,0.5766185531004986,0.7457828462817772,0.8218803506818011,0.691345580746306
CTSE,0.0,708,0.20270270270270271,0.00033801146123736366,113,0.8727477477477478,0.0,610,0.3130630630630631,0.4628378378378379,8.106601345623359,0.9547029536432753,2.5513469802803517,0.8847707293894037,0.9197368414813685,0.6912873396596032
S100P,0.0,660,0.25675675675675674,0.00019260308774672678,152,0.8288288288288288,0.0,617,0.30518018018018017,0.4635885885885886,10.190372000941935,0.9730370719235686,0.9755156094084105,0.864575908766928,0.9188064900871108,0.6911975393378497
RECQL,0.0,414,0.5337837837837838,0.0,472,0.46846846846846846,0.0,373,0.579954954954955,0.5274024024024024,2.045290705106641,0.9489167731951826,0.5680894820622484,0.7593252554050843,0.8541167902997007,0.6907595963510516
MIR4435-2HG,0.0,394,0.5563063063063063,0.0,479,0.4605855855855856,0.0,382,0.5698198198198198,0.5289039039039038,3.7865211935679204,0.988444459395815,0.6679905725825614,0.7167973390354002,0.8525079788381142,0.690705941371009
TMPRSS3,0.0,459,0.4831081081081081,0.0,401,0.5484234234234234,0.0,365,0.588963963963964,0.5401651651651651,3.1546810670793244,0.9485467267711767,0.7200226300784021,0.7336659539082918,0.8410743685027009,0.690619766833933
SERPINB2,0.0,350,0.6058558558558559,0.0,431,0.5146396396396397,0.0,330,0.6283783783783784,0.5829579579579579,3.7975990546995897,0.8922323891542756,0.6371645996673787,0.7044428605369446,0.7980881162443554,0.6905230371011566
IRF6,0.0,413,0.5349099099099099,0.0,473,0.46734234234234234,0.0,374,0.5788288288288288,0.5270270270270271,2.2103964509183878,0.9647278476754355,0.6306501377999512,0.7429318127821335,0.8538142086128201,0.6904206178199236
LCN2,0.0,411,0.5371621621621622,0.0,474,0.46621621621621623,0.0,376,0.5765765765765766,0.5266516516516516,5.819125344815987,0.946746955527148,1.121419857448326,0.7605131860299359,0.8536262428218105,0.6901389472367311
ACTN4,0.0,650,0.268018018018018,7.730053102103919e-05,248,0.7207207207207207,0.0,507,0.42905405405405406,0.47259759759759756,2.722820006055306,0.9808248671196932,0.59848984556902,0.8344024708956997,0.9076136644586819,0.6901056310281397
TFF2,0.0,372,0.581081081081081,0.0,450,0.49324324324324326,0.0,353,0.6024774774774775,0.558933933933934,7.521178988091233,0.9381349660230102,0.9268005844618692,0.7046804466619149,0.8211549573615654,0.6900444456477497
SULF1,0.0,203,0.7713963963963963,0.0,633,0.28716216216216217,0.0,605,0.3186936936936937,0.45908408408408413,6.5344602469218875,0.9883098970598129,1.980705744832501,0.8534093608933239,0.920859628179564,0.6899718561318241
ENO2,0.0010307376539405945,85,0.9042792792792793,0.0,679,0.23536036036036037,0.0,654,0.2635135135135135,0.4677177177177178,3.387081050259033,0.9735753212675772,0.9961736231884055,0.8493703967688286,0.9114728578776692,0.6895952877976935
PML,0.0,659,0.25788288288288286,8.716817140547097e-05,229,0.7421171171171171,0.0,517,0.4177927927927928,0.47259759759759756,2.8045671499697233,0.9835833950077373,0.5173292943692092,0.8291755761463531,0.9063794779469931,0.6894885377722954
TNFSF4,0.0,564,0.36486486486486486,5.814737409829434e-05,258,0.7094594594594594,0.0,573,0.3547297297297297,0.4763513513513513,3.4580312150978942,0.96812554665949,0.6477282608695654,0.8360655737704918,0.9020955563410036,0.6892234538461774
FAM83B,0.0,398,0.5518018018018018,0.0,482,0.4572072072072072,0.0,386,0.5653153153153153,0.5247747747747747,2.5474992599071524,0.9152089080266433,0.7936233285816092,0.7894986932763126,0.852353497527874,0.6885641361513244
DSG3,0.0,384,0.5675675675675675,0.0,439,0.5056306306306306,0.0,340,0.6171171171171171,0.5634384384384384,4.574161558904663,0.8806768485500908,1.042874725588026,0.7464956046566881,0.8135749982920846,0.6885067183652616
PDLIM3,0.0,374,0.5788288288288288,0.0,452,0.49099099099099097,0.0,356,0.5990990990990991,0.5563063063063063,2.6445854100787183,0.9276391038148422,0.6560982489902596,0.7137087194107864,0.8205385790812876,0.6884224426937969
HIST2H2BE,0.0,434,0.5112612612612613,0.0,470,0.47072072072072074,0.0,371,0.5822072072072072,0.5213963963963963,2.210002109264617,0.8866985130861872,0.7535128391541939,0.8225231646471847,0.8546108256876161,0.6880036110420062
LRRN1,0.0,437,0.5078828828828829,0.0,375,0.5777027027027027,0.0,452,0.49099099099099097,0.5255255255255254,2.799190573908363,0.9184384040906951,1.0013465122356844,0.7816583511522928,0.850047776458992,0.6877866509922588
SLC9B2,0.0,430,0.5157657657657657,0.0,468,0.47297297297297297,0.0,380,0.5720720720720721,0.5202702702702703,3.7338497308753276,0.9713214021395411,0.618753675457353,0.7388928486576384,0.8550856653187698,0.6876779677945201
MUC1,0.0,375,0.5777027027027027,0.0,453,0.48986486486486486,0.0,357,0.597972972972973,0.5551801801801802,2.792098735114039,0.9082957680145327,0.8923613114754083,0.7312900926585887,0.8197556860623112,0.6874679331212457
C1orf116,0.0,435,0.5101351351351351,0.0,471,0.46959459459459457,0.0,372,0.581081081081081,0.5202702702702702,2.755723830989705,0.9723642602435579,0.5467360893323829,0.7362794012829652,0.8542953739460848,0.6872828221081775
ANKRD22,0.0,351,0.6047297297297297,0.0,432,0.5135135135135135,0.0,331,0.6272522522522522,0.5818318318318317,1.9631421651079866,0.8152290923770437,1.1394744286053706,0.7700166310287481,0.7926213050569663,0.687226568444399
CP,0.0,377,0.5754504504504504,0.0,454,0.48873873873873874,0.0,359,0.5957207207207207,0.5533033033033032,3.753040254322815,0.8799872165780799,1.6682183654074612,0.7593252554050843,0.8196521824344895,0.6864777428688964
IGFBP7,0.0,388,0.5630630630630631,0.0,502,0.4346846846846847,0.0,387,0.5641891891891891,0.5206456456456456,3.1568578416201314,0.9719101123595506,0.5730670800665258,0.7327156094084105,0.8522780324312046,0.6864618390384252
USP41,0.0,352,0.6036036036036037,0.0,433,0.5123873873873874,0.0,332,0.6261261261261262,0.5807057057057058,3.908158225122788,0.8219067483011504,0.5664783297695415,0.7624138750296983,0.7921572994628181,0.686431502584262
HIST2H4B,0.0,395,0.5551801801801802,0.0,501,0.4358108108108108,0.0,383,0.5686936936936937,0.5198948948948949,2.6266721657807977,0.9068324026105093,0.5271393656450476,0.7980517937752436,0.8524419614304565,0.6861684281626756
GXYLT2,0.0,383,0.5686936936936937,0.0,441,0.5033783783783784,0.0,354,0.6013513513513513,0.5578078078078078,2.2560008342864832,0.9242750454147884,0.6655721715371836,0.7049180327868854,0.814349697460733,0.6860787526342704
CARD11,0.0,593,0.3322072072072072,0.00011526873302254964,196,0.7792792792792793,0.0,655,0.26238738738738737,0.45795795795795796,5.2412184821368495,0.9866446881517862,0.6847894511760519,0.8415300546448088,0.9140873691147459,0.6860226635363519
TRANK1,0.0,429,0.5168918918918919,0.0,467,0.4740990990990991,0.0,392,0.5585585585585585,0.5165165165165165,2.469221260849088,0.9606068761353697,0.6831189427417437,0.749584224281302,0.8550862022884833,0.6858013594024999
PDPN,0.0,420,0.527027027027027,0.0,462,0.4797297297297297,0.0,409,0.5394144144144144,0.5153903903903904,3.6073191717688218,0.9544506492632713,0.6795012544547374,0.7578997386552625,0.8561704596858748,0.6857804250381325
AP1S3,0.0,613,0.3096846846846847,8.701573849878934e-05,236,0.7342342342342343,0.0,599,0.32545045045045046,0.45645645645645644,3.698219444257552,0.9732052748435712,0.8418990639106658,0.8567355666429081,0.9149704201311605,0.6857134382938085
PRKCI,0.0,603,0.32094594594594594,0.00011592283379970421,184,0.7927927927927928,0.0,656,0.26126126126126126,0.4583333333333333,2.354031403485164,0.9755601157236091,0.7256816868614866,0.8496079828937991,0.9125840481933418,0.6854586907633375
MTMR11,0.0,215,0.7578828828828829,0.0,644,0.2747747747747748,0.0,607,0.31644144144144143,0.44969969969969964,3.7229446006862688,0.968562874251497,0.9570635091470665,0.8728914231408885,0.920727148540985,0.6852134241203424
HSD17B6,0.0,220,0.7522522522522522,0.0,642,0.27702702702702703,0.0,606,0.31756756756756754,0.44894894894894893,4.950228042790823,0.9813462961717017,0.7389667854597288,0.8602993585174625,0.9208228269135316,0.6848858879312403
BTN3A2,0.0,379,0.5731981981981982,0.0,455,0.48761261261261263,0.0,361,0.5934684684684685,0.5514264264264264,2.0666653804750053,0.9355951019309695,0.5616323972440007,0.7011166547873604,0.818034618604897,0.6847305225156617
SAMD9,0.0,678,0.23648648648648649,0.00022909066466235222,135,0.847972972972973,0.0,630,0.2905405405405405,0.4583333333333333,4.1045065800982306,0.9855850097557693,0.9093211522927076,0.8339272986457591,0.9097561495060559,0.6840447414196946
PLBD1,0.0,424,0.5225225225225225,0.0,463,0.4786036036036036,0.0,413,0.5349099099099099,0.5120120120120121,2.676030263069367,0.9310536230908969,0.5221267545735335,0.7804704205274412,0.8557613500526242,0.6838866810323181
MRC1,0.0,380,0.5720720720720721,0.0,456,0.4864864864864865,0.0,362,0.5923423423423423,0.5503003003003003,3.29407605126825,0.9244096077507905,0.9474308861962459,0.7108576859111428,0.8174695646760657,0.683884932488183
HLA-J,0.0,354,0.6013513513513513,0.0,434,0.5112612612612613,0.0,333,0.625,0.5792042042042042,1.5590316389692527,0.8209816322411356,0.5577242777381795,0.7538607745307674,0.7874151848889632,0.6833096945465837
HMGCS1,0.0,381,0.5709459459459459,0.0,457,0.48536036036036034,0.0,363,0.5912162162162162,0.5491741741741741,1.3715070207898816,0.876000807374016,0.5751985673556668,0.7576621525302922,0.8168268822856748,0.6830005282299245
EPPK1,0.0,426,0.5202702702702703,0.0,465,0.47635135135135137,0.0,415,0.5326576576576577,0.5097597597597598,2.901062669043934,0.9285305792908564,0.5128073057733413,0.7826086956521738,0.8555690818708482,0.6826644208153041
CYP2C19,0.0,355,0.6002252252252253,0.0,435,0.5101351351351351,0.0,334,0.6238738738738738,0.578078078078078,4.03978992464509,0.8106539729529705,0.6820782157282013,0.76383939177952,0.7872440243604614,0.6826610512192697
COL10A1,0.0,621,0.30067567567567566,9.316770186335403e-05,215,0.7578828828828829,0.0,652,0.26576576576576577,0.44144144144144143,9.674559843234878,0.9776458319316422,1.4233047636018057,0.869327631266334,0.9234867314007368,0.6824640864210891
LPP,0.0,427,0.5191441441441441,0.0,466,0.4752252252252252,0.0,416,0.5315315315315315,0.5086336336336337,2.1456323622418085,0.9471170019511539,0.5533008695652173,0.7636018056545496,0.855356458451237,0.6819950460424353
RAPH1,0.0,422,0.5247747747747747,0.0,480,0.4594594594594595,0.0,411,0.5371621621621622,0.5071321321321322,2.345613580703761,0.9592948933593487,0.5806875457353273,0.7526728439059158,0.8559766317970934,0.6815543819646128
FCGR3B,0.0,382,0.5698198198198198,0.0,458,0.48423423423423423,0.0,364,0.5900900900900901,0.548048048048048,3.475989379667631,0.8849492027181594,0.9150871109527214,0.7438821572820148,0.8144018947022472,0.6812249713751476
ARPC2,0.0,657,0.26013513513513514,1.8653271247261576e-05,283,0.6813063063063063,0.0,515,0.42004504504504503,0.4538288288288288,2.8312805792908566,0.9896723407118346,0.5682445687811848,0.8234735091470659,0.9065729121764873,0.6802008705026581
TNFRSF11B,0.0,399,0.5506756756756757,0.0,524,0.4099099099099099,0.0,388,0.5630630630630631,0.5078828828828829,4.283438188790957,0.9619693197873915,0.5151139106676186,0.7424566405321928,0.8521968023035025,0.6800398425931926
HSPG2,0.0,401,0.5484234234234234,0.0,526,0.40765765765765766,0.0,389,0.5619369369369369,0.506006006006006,2.816832194038889,0.9685124133754962,0.5901334449988109,0.7358042290330244,0.8521309564724402,0.6790684812392231
CENPF,0.0,666,0.25,0.00015190918472652172,167,0.8119369369369369,0.0,642,0.27702702702702703,0.4463213213213213,6.030411333512749,0.9779485971876472,1.116455219767166,0.8448562603943929,0.9114024270565654,0.6788618741889434
DHFR,0.0,556,0.3738738738738739,0.0092178390983288,58,0.9346846846846847,0.0,827,0.0686936936936937,0.45908408408408413,3.366793255062908,0.9928345556078852,0.527560441910194,0.8028035162746496,0.897818943206533,0.6784515136453085
DLGAP5,0.0,673,0.24211711711711711,0.0001523391018159644,165,0.8141891891891891,0.0,636,0.28378378378378377,0.4466966966966967,6.957360199825069,0.9902610509318442,0.9583607911617964,0.8301259206462344,0.9101934787267489,0.6784450877117228
BROX,0.0,601,0.32319819819819817,9.288550851450491e-05,217,0.7556306306306306,0.0,665,0.2511261261261261,0.4433183183183183,2.2698960573235554,0.9870651954517932,0.5496361986220011,0.8389166072701353,0.91299089836698,0.6781546083426492
SPRR1B,0.0,357,0.597972972972973,0.0,436,0.509009009009009,0.0,336,0.6216216216216216,0.5762012012012012,3.6965244869810947,0.8064657202449035,0.5386389379900214,0.7479211214065099,0.7771837260829966,0.6766924636420989
LAMC2,0.0,775,0.12725225225225226,0.009402551044518483,51,0.9425675675675675,0.0,747,0.15878378378378377,0.40953453453453453,6.839174476888919,0.9764515911996231,2.6461097885483476,0.9092421002613447,0.9428468457205416,0.6761906901275381
GPI,0.0,416,0.5315315315315315,0.0,787,0.11373873873873874,0.0,201,0.7736486486486487,0.47297297297297297,2.51499276727444,0.9870483751597928,0.5315868543597055,0.7690662865288667,0.8780554548548279,0.6755142139139004
PRR11,0.09526008579805799,26,0.9707207207207207,0.0,611,0.3119369369369369,0.0,822,0.07432432432432433,0.45232732732732733,4.721218603242952,0.9942811007199085,0.6327068591114284,0.8020907578997385,0.8981858304956227,0.6752565789114751
CD55,0.0,594,0.3310810810810811,6.63396940160863e-05,252,0.7162162162162162,0.0,657,0.26013513513513514,0.4358108108108108,4.359248977326246,0.9848280966157572,0.8803673984319325,0.843193157519601,0.9140106250815325,0.6749107179461716
PDLIM7,0.0,680,0.23423423423423423,0.00014307252351970133,171,0.8074324324324325,0.0,643,0.2759009009009009,0.4391891891891892,3.7778576364125676,0.9798156495996772,0.7974872701354245,0.8396293656450463,0.9097225048126951,0.6744558470009422
GREM1,0.0,487,0.45157657657657657,0.0,729,0.17905405405405406,0.0,195,0.7804054054054054,0.4703453453453454,5.440562494112898,0.9502287559712037,1.0267067925873121,0.8066048942741744,0.8784167616871866,0.674381053516266
SLCO1B3,0.0,358,0.5968468468468469,0.0,437,0.5078828828828829,0.0,337,0.6204954954954955,0.5750750750750752,4.930649226266567,0.8409977797214558,0.9260434687574244,0.7046804466619149,0.7726013088750855,0.6738381919750803
ANXA2,0.0,597,0.3277027027027027,5.8645542938736665e-05,253,0.7150900900900901,0.0,660,0.25675675675675674,0.43318318318318316,3.898516773195184,0.9787727914956603,0.7341835804229024,0.8486576383939178,0.9137152137491044,0.6734491984661437
FOXL1,0.0,734,0.17342342342342343,0.028173815134116688,10,0.9887387387387387,0.0,693,0.2195945945945946,0.4605855855855856,7.549802613873378,0.9930868599878893,0.5104144880019001,0.7783321454027085,0.8857086547664176,0.6731471201760015
XPO1,0.0,403,0.5461711711711712,0.0,528,0.40540540540540543,0.0,417,0.5304054054054054,0.4939939939939941,1.141412968445131,0.887623629146202,0.6014995105725855,0.8158707531480163,0.8517471663967405,0.6728705801953673
WDR1,0.0,732,0.17567567567567569,0.017972044627920788,20,0.9774774774774775,0.0,691,0.22184684684684686,0.4583333333333333,2.7788564085312517,0.9867119693197874,0.5325775789973877,0.7854597291518176,0.8860854070977976,0.6722093702155655
ANXA3,0.0,405,0.543918918918919,0.0,529,0.40427927927927926,0.0,418,0.5292792792792793,0.4924924924924925,2.540515239184552,0.9277063849828433,0.9217950510810162,0.774768353528154,0.8512362658635593,0.6718643791780259
RACGAP1,0.0,683,0.23085585585585586,0.00011696725359119684,177,0.8006756756756757,0.0,647,0.2713963963963964,0.4343093093093093,3.5374859516921213,0.9888986072798224,0.6296153623188401,0.8296507483962936,0.9092746704906801,0.6717919898999947
ANO1,0.0,318,0.6418918918918919,0.0,639,0.28040540540540543,0.0,585,0.34121621621621623,0.4211711711711712,4.975728224449978,0.9918421583798694,1.2046539866951784,0.8515086718935614,0.9216754142013258,0.6714232926862485
OLR1,0.0,456,0.4864864864864865,0.0,460,0.481981981981982,0.0,419,0.5281531531531531,0.4988738738738739,4.399820278544035,0.9361838121509789,1.2442689166072691,0.7464956046566881,0.8413280970664605,0.6701009854701672
LRRC8A,0.0,676,0.23873873873873874,0.00011402757433540774,203,0.7713963963963963,0.0,639,0.28040540540540543,0.43018018018018017,2.877465249276727,0.9832638094597321,0.5792070301734382,0.8365407460204324,0.9099022739933768,0.6700412270867785
INHBA,0.0,501,0.4358108108108108,0.00019896002537461192,150,0.831081081081081,0.0,833,0.061936936936936936,0.44294294294294295,7.309090600820831,0.99249814976788,1.375062176288906,0.8011404133998574,0.896819173441639,0.6698810581922909
NHS,0.0,748,0.15765765765765766,0.0,663,0.2533783783783784,0.0,168,0.8108108108108109,0.4072822822822823,3.5348118751261524,0.9734239386395748,0.5649131052506533,0.8911855547636018,0.9323047466812623,0.6697935144817723
MCM6,0.0,691,0.22184684684684686,0.00886037357256301,66,0.9256756756756757,0.0,701,0.21058558558558557,0.4527027027027027,2.956104161340241,0.9934569064118952,0.558072934188643,0.7757186980280352,0.8845867397838837,0.6686447212432932
ANTXR1,0.0,529,0.40427927927927926,8.722106114744152e-05,227,0.7443693693693694,0.0,823,0.0731981981981982,0.4072822822822823,5.168165858171299,0.9841048240597456,1.5510739605607045,0.8681397006414825,0.9261222621497903,0.6667022722160363
XKR9,0.0,406,0.5427927927927928,0.0,530,0.40315315315315314,0.0,445,0.4988738738738739,0.48160660660660665,4.190510590055844,0.9445603175671129,0.5810775196008544,0.7578997386552625,0.8512253211823944,0.6664159638945005
SDC4,0.0,455,0.48761261261261263,0.0,461,0.48085585585585583,0.0,442,0.5022522522522522,0.4902402402402402,2.7580848583731417,0.9628607952634057,0.5745649916844862,0.7201235447849845,0.8414046719065948,0.6658224560734175
MELK,0.0,685,0.2286036036036036,0.0001140164468398742,204,0.7702702702702703,0.0,649,0.26914414414414417,0.42267267267267267,5.193666699185899,0.9826582789477225,0.9718516607270118,0.8348776431456403,0.9087679567053417,0.6657203146890072
INPP4B,0.0,348,0.6081081081081081,0.0,638,0.28153153153153154,0.0,590,0.3355855855855856,0.40840840840840836,3.9145344311377244,0.9779149566036466,1.1802286695177004,0.8662390116417201,0.9220769838906303,0.6652426961495194
LAD1,0.0,439,0.5056306306306306,0.0,508,0.42792792792792794,0.0,425,0.5213963963963963,0.484984984984985,2.7607435073672875,0.9388414182870215,0.6550329579472551,0.7517224994060346,0.8452742146609277,0.6651295998229563
MUC13,0.08085799998429838,38,0.9572072072072072,0.0,544,0.38738738738738737,0.0,888,0.0,0.44819819819819817,5.7893371963937295,0.9718596514835499,1.505711387502969,0.7902114516512238,0.8810352585379698,0.6646167283680839
PELI1,0.0,409,0.5394144144144144,0.0,531,0.40202702702702703,0.0,449,0.49436936936936937,0.4786036036036036,2.3473619895041375,0.9669985870954719,0.5619747992397253,0.7334283677833214,0.850180541575543,0.6643920725895733
CRABP2,0.0,440,0.5045045045045045,0.0,510,0.42567567567567566,0.0,427,0.5191441441441441,0.48310810810810806,5.740639181188185,0.9824564354437194,0.5564904252791623,0.7072938940365883,0.8446578067199831,0.6638829574140456
IGF2BP2,0.0,410,0.5382882882882883,0.0,532,0.4009009009009009,0.0,450,0.49324324324324326,0.4774774774774775,2.1714758393325715,0.916756374890668,0.6762206177239234,0.7835590401520551,0.8501572010931934,0.6638173392853355
TRIO,0.0,444,0.5,0.0,513,0.4222972972972973,0.0,420,0.527027027027027,0.4831081081081081,1.49432117338357,0.9169077575186706,0.6383492325968154,0.7714421477785697,0.8441734909402224,0.6636407995241653
FAM83D,0.0,664,0.25225225225225223,8.734472049689441e-05,225,0.7466216216216216,0.0,668,0.24774774774774774,0.4155405405405405,5.538229805557425,0.9857532126757721,0.874063157519601,0.8372535043953433,0.9115033550091314,0.663521947774836
THY1,0.0,441,0.5033783783783784,0.0,511,0.42454954954954954,0.0,428,0.5180180180180181,0.481981981981982,5.051781252102537,0.9854336271277669,0.7120760394392986,0.7042052744119743,0.844551198678803,0.6632665903303925
COL5A1,0.0,488,0.45045045045045046,0.0,786,0.11486486486486487,0.0,200,0.7747747747747747,0.4466966966966967,5.341541751328802,0.9825573571957209,0.734696312663341,0.7735804229033025,0.8780676219390986,0.6623821593178977
LIF,0.0,443,0.5011261261261262,0.0,512,0.42342342342342343,0.0,430,0.5157657657657657,0.48010510510510507,4.603734831460674,0.9607918993473726,0.7346996436208122,0.7277263007840342,0.8442090068816003,0.6621570559933527
HOXB3,0.0,486,0.4527027027027027,0.0,788,0.11261261261261261,0.0,202,0.7725225225225225,0.4459459459459459,2.4123783051873784,0.9358810468949741,0.6577871465906391,0.8201473033974817,0.8780141577890398,0.6619800518674929
ADAM12,0.0,464,0.4774774774774775,0.0,506,0.43018018018018017,0.0,423,0.5236486486486487,0.4771021021021021,6.4420776660162815,0.9798492901836775,0.902271855547637,0.7120456165359944,0.845790928910028,0.661446515506065
FBN1,0.0,462,0.4797297297297297,0.0,507,0.42905405405405406,0.0,424,0.5225225225225225,0.4771021021021021,4.2643094159994615,0.9739958285675839,1.1920487669280089,0.7177476835352816,0.8457670414610204,0.6614345717815613
GLT8D2,0.0,445,0.4988738738738739,0.0,514,0.42117117117117114,0.0,431,0.5146396396396397,0.47822822822822825,3.6792723070712503,0.9753582722196057,0.6304993442622946,0.7132335471608459,0.8441518422691414,0.6611900352486848
S100A4,0.0,461,0.48085585585585583,0.0,509,0.42680180180180183,0.0,426,0.5202702702702703,0.4759759759759759,4.442569851308618,0.9796138060956738,0.5319141862675218,0.7101449275362319,0.8447015331962081,0.660338754586092
FAS,0.0,447,0.4966216216216216,0.0,515,0.42004504504504503,0.0,434,0.5112612612612613,0.4759759759759759,2.5548592612527754,0.9679237031554867,0.5033692634830134,0.7194107864100735,0.8435749323113948,0.6597754541436853
CFL1,0.0,514,0.42117117117117114,0.0,549,0.38175675675675674,0.0,493,0.44481981981981983,0.41591591591591587,3.58724077238781,0.9953575994079257,0.6054602779757685,0.8118317890235209,0.9035946551639016,0.6597552855399087
IL1RAP,0.0,512,0.42342342342342343,0.0,550,0.38063063063063063,0.0,495,0.44256756756756754,0.4155405405405405,3.2245796743591475,0.9592107918993474,1.080105597529105,0.8477072938940367,0.9034590415839745,0.6594997910622575
INSIG2,0.0,448,0.4954954954954955,0.0,516,0.4189189189189189,0.0,435,0.5101351351351351,0.47484984984984985,1.3897965753885493,0.9269494718428312,0.5845207483962929,0.759800427655025,0.8433709430404707,0.6591103964451602
PPFIA2,0.0,483,0.4560810810810811,0.0,504,0.43243243243243246,0.0,421,0.5259009009009009,0.47147147147147156,3.377491468747897,0.9273531588508377,0.5955054193395108,0.7652649085293418,0.8463065138403051,0.6588889926558883
LTBP2,0.0,436,0.509009009009009,0.0,533,0.3997747747747748,0.0,451,0.49211711711711714,0.466966966966967,3.3715823555136915,0.9645428244634328,0.5783911499168433,0.7358042290330244,0.8501462257526494,0.6585565963598082
KRT6B,0.0,454,0.48873873873873874,0.0,503,0.43355855855855857,0.0,441,0.5033783783783784,0.4752252252252253,5.131907525398641,0.9273699791428379,0.8164703373722979,0.7555238774055595,0.8414412979822922,0.6583332616037587
SLC20A1,0.0,449,0.49436936936936937,0.0,517,0.4177927927927928,0.0,436,0.509009009009009,0.47372372372372373,1.918974238040772,0.8939480589383032,0.766329607982895,0.7918745545260157,0.8429110660972076,0.6583173949104657
NET1,0.0,491,0.44707207207207206,0.0,551,0.3795045045045045,0.0,523,0.41103603603603606,0.4125375375375375,2.369693763035727,0.9539796810872637,0.7418537633642188,0.8526966025184131,0.9033381409490486,0.6579378392432931
ADAM10,0.0,519,0.4155405405405405,0.0,579,0.34797297297297297,0.0,474,0.46621621621621623,0.40990990990990994,2.6538054665949,0.968815178631501,0.6802026562128791,0.8422428130197196,0.9055289936622477,0.6577194517860788
TGFBR1,0.0,450,0.49324324324324326,0.0,518,0.4166666666666667,0.0,437,0.5078828828828829,0.47259759759759756,2.7621163358675904,0.9727343066675637,0.5268009265858886,0.7122832026609646,0.8423553427570751,0.6574764701773363
ADAM17,0.0,438,0.5067567567567568,0.0,534,0.39864864864864863,0.0,453,0.48986486486486486,0.4650900900900901,2.279930303438068,0.9592444324833479,0.5059917011166535,0.7403183654074602,0.8497622776413362,0.6574261838657132
APLP2,0.0,520,0.4144144144144144,0.0,580,0.34684684684684686,0.0,475,0.4650900900900901,0.40878378378378377,2.8094102872905857,0.986375563479782,0.6503290639106645,0.8246614397719173,0.9055184903864456,0.6571511370851146
AP2B1,0.0,535,0.3975225225225225,0.0,547,0.38400900900900903,0.0,490,0.44819819819819817,0.40990990990990994,2.4487024490345157,0.9872502186637959,0.5454609028272737,0.820503682584937,0.9038769333862837,0.6568934216480968
CDCA7,0.0,451,0.49211711711711714,0.0,519,0.4155405405405405,0.0,438,0.5067567567567568,0.47147147147147145,3.6883079930027582,0.9364192962389827,0.5250957757186963,0.7474459491565693,0.8419217694058787,0.656696620438675
LTBP1,0.0,536,0.3963963963963964,0.0,548,0.38288288288288286,0.0,491,0.44707207207207206,0.40878378378378377,4.470019646101057,0.9812285541276996,1.0991608220479936,0.8263245426467094,0.903776538667978,0.6562801612258808
PLA2R1,0.0,533,0.3997747747747748,0.0,556,0.3738738738738739,0.0,488,0.45045045045045046,0.40803303303303307,3.877465293009486,0.9725324631635605,1.1130026443335703,0.8358279876455215,0.9041802214181901,0.6561066272256115
MST1R,0.0,522,0.41216216216216217,0.0,582,0.34459459459459457,0.0,477,0.46283783783783783,0.4065315315315316,3.6691549989907823,0.9383704501110138,0.9465005702067,0.872416250890948,0.9053933503479282,0.6559624409397299
COL6A3,0.0,452,0.49099099099099097,0.0,520,0.4144144144144144,0.0,439,0.5056306306306306,0.4703453453453454,3.3728511101392726,0.9307003969588912,1.2658230719885957,0.7524352577809456,0.8415605919388128,0.6559529686420791
CTSB,0.0,694,0.21846846846846846,0.0002305966136590336,129,0.8547297297297297,0.0,704,0.2072072072072072,0.4268018018018018,3.5799245004373272,0.9947520688959162,0.839937251128533,0.7740555951532431,0.8844026078943636,0.6556022048480827
ATP2B4,0.0,453,0.48986486486486486,0.0,521,0.4132882882882883,0.0,440,0.5045045045045045,0.4692192192192192,2.576277592006998,0.9487822108591805,0.5699405773342825,0.7343787122832026,0.8415502401531745,0.6553847296861969
BUB1,0.0,523,0.41103603603603606,0.0,583,0.34346846846846846,0.0,478,0.4617117117117117,0.40540540540540543,5.4066601392720175,0.9909506829038552,0.7324040722261809,0.8189593727726301,0.9049550079614156,0.6551802066834105
HDAC1,0.0,729,0.17905405405405406,0.0003241930331755339,118,0.8671171171171171,0.0,688,0.22522522522522523,0.4237987987987988,2.0955722397900827,0.980185696023683,0.5642397980517924,0.7925873129009267,0.8863862677567066,0.6550925332777526
RND3,0.0,484,0.45495495495495497,0.0,522,0.41216216216216217,0.0,422,0.5247747747747747,0.46396396396396394,3.6024193668842095,0.9843234878557491,0.6626483606557363,0.7082442385364695,0.8460801456633454,0.6550220548136547
MCM4,0.0,724,0.18468468468468469,0.00023003356786138404,131,0.8524774774774775,0.0,683,0.23085585585585586,0.42267267267267267,2.3107691213079455,0.9657875260714526,0.5262244689950109,0.8075552387740556,0.886671324041148,0.6546719983569104
SPATS2L,0.0,516,0.4189189189189189,0.0,577,0.3502252252252252,0.0,497,0.4403153153153153,0.40315315315315314,3.057249135436991,0.9828601224517257,0.7190276882870075,0.8289379900213828,0.9058990484991123,0.6545261008261327
CELSR1,0.0,524,0.4099099099099099,0.0,584,0.34234234234234234,0.0,479,0.4605855855855856,0.40427927927927926,4.249699206082218,0.97687209849963,0.5829459705393205,0.8325017818959373,0.904686934722151,0.6544831070007151
REEP3,0.0,527,0.40653153153153154,0.0,578,0.3490990990990991,0.0,482,0.4572072072072072,0.40427927927927926,2.7386520487115655,0.9761992868196192,0.733354144689951,0.8329769541458779,0.9045881152670964,0.6544336972731878
AFAP1,0.0,525,0.40878378378378377,0.0,585,0.34121621621621623,0.0,480,0.4594594594594595,0.40315315315315314,3.395162144250824,0.9808585077036935,0.7368828177714448,0.8284628177714422,0.9046606546827881,0.6539069039179706
ADAM9,0.0,534,0.39864864864864863,0.0,565,0.36373873873873874,0.0,489,0.44932432432432434,0.4039039039039039,3.659453623090897,0.9786045885756576,1.1977588952245197,0.8291755761463531,0.9038900747519095,0.6538969893279067
HMCN1,0.0,481,0.4583333333333333,0.0,525,0.40878378378378377,0.0,432,0.5135135135135135,0.46021021021021014,3.9005321334858376,0.9583024961313329,0.8783082988833444,0.7348538845331432,0.8465489091131604,0.6533795596616853
GCNT3,0.0,701,0.21058558558558557,0.0005584087725717464,77,0.9132882882882883,0.0,763,0.14076576576576577,0.4215465465465465,7.346147423131265,0.9776458319316423,1.3391473461629841,0.7890235210263721,0.883334349161004,0.6524404478537752
B3GALT5,0.0,463,0.4786036036036036,0.0,535,0.3975225225225225,0.0,454,0.48873873873873874,0.45495495495495497,2.5629895478705507,0.926125277534818,0.6508524233784754,0.7733428367783322,0.8497328082271618,0.6523438815910584
CDH11,0.0,494,0.4436936936936937,0.0,552,0.3783783783783784,0.0,552,0.3783783783783784,0.40015015015015015,5.223393615017158,0.9709177151315347,1.5109820028510326,0.8353528153955809,0.9031352610881431,0.6516427056191466
GSDMC,0.0,465,0.47635135135135137,0.0,536,0.3963963963963964,0.0,455,0.48761261261261263,0.4534534534534535,5.286438303168942,0.9614647110273835,0.5584694535519112,0.7377049180327869,0.8495613887320436,0.6515074210927485
NCF2,0.0,482,0.4572072072072072,0.0,523,0.41103603603603606,0.0,443,0.5011261261261262,0.45645645645645644,3.769777087398237,0.9551066406512817,0.7260990021382758,0.7377049180327868,0.8463824412002631,0.6514194488283598
MAL2,0.0,730,0.17792792792792791,0.00022896353097707597,136,0.8468468468468469,0.0,689,0.22409909909909909,0.4162912912912913,3.2228762228352283,0.9808585077036936,0.9085494250415778,0.7913993822760751,0.886128680745604,0.6512099860184477
FAM177A1,0.0,752,0.15315315315315314,0.0,731,0.1768018018018018,0.00036002038,53,0.9403153153153153,0.4234234234234234,1.6879249444930373,0.9631803808114108,0.5440671252078859,0.7947255880256592,0.8789527910344472,0.6511881072289353
TMC7,0.0,810,0.08783783783783784,0.0,665,0.2511261261261261,0.0,199,0.7759009009009009,0.37162162162162166,4.302616726098364,0.9722296979075558,1.1375053599429785,0.8890472796388691,0.9306384887492742,0.651130055185448
HTRA1,0.0,466,0.4752252252252252,0.0,537,0.3952702702702703,0.0,456,0.4864864864864865,0.4523273273273274,3.3527079728184086,0.9826078180717217,0.5063012972202428,0.7165597529104301,0.8494694448970087,0.650898386112168
ATAD2,0.0,733,0.17454954954954954,0.00022973563754172724,132,0.8513513513513513,0.0,692,0.22072072072072071,0.4155405405405405,2.4249287896117875,0.9771580434636344,0.5902421240199578,0.7949631741506297,0.8860604186146006,0.6508004795775706
CDCP1,0.0,497,0.4403153153153153,0.0,553,0.37725225225225223,0.0,555,0.375,0.3975225225225225,3.0310737738007134,0.9752068895916033,1.006371568068424,0.8308386790211452,0.9030227778096884,0.6502726501661055
ARHGAP26,0.0,468,0.47297297297297297,0.0,538,0.39414414414414417,0.0,457,0.48536036036036034,0.4508258258258258,2.9690167429186567,0.960876000807374,0.6425210073651701,0.7377049180327869,0.8492670417383602,0.650046433782093
FAM63B,0.0,502,0.4346846846846847,0.0,546,0.38513513513513514,0.0,560,0.36936936936936937,0.3963963963963964,1.910576522236426,0.95436654780327,0.6809806985032081,0.851271085768591,0.9028188158483729,0.6496076061223847
CDHR2,0.0,765,0.13851351351351351,0.0,746,0.15990990990990991,0.00074781984,42,0.9527027027027027,0.41704204204204204,6.94920761286416,0.979933391643679,0.6869931836540739,0.7835590401520551,0.8817456906528249,0.6493938663474335
HOXB6,0.0,499,0.4380630630630631,0.0,554,0.3761261261261261,0.0,557,0.37274774774774777,0.3956456456456457,4.328007387472246,0.9805389221556885,0.6587087004038983,0.8253741981468282,0.9029565495265821,0.6493010975861139
SGIP1,0.0,504,0.43243243243243246,0.0,555,0.375,0.0,551,0.3795045045045045,0.39564564564564564,3.275642659624571,0.9568559510193098,0.9302453266809221,0.8486576383939177,0.902756793525269,0.6492012195854573
BPNT1,0.0,859,0.03265765765765766,0.03795333378835584,3,0.9966216216216216,0.0,709,0.20157657657657657,0.41028528528528535,2.9939186436116527,0.9916066742918658,0.5199483772867666,0.7845093846519362,0.8880575424478905,0.6491714138665879
ALDOC,0.026837229434562355,62,0.9301801801801802,0.0,755,0.14977477477477477,0.0,737,0.17004504504504506,0.4166666666666667,3.355505910650608,0.9835833950077373,0.5871031313851285,0.7780945592777382,0.880838114093709,0.6487523903801878
MYH9,0.0,480,0.4594594594594595,0.0,542,0.38963963963963966,0.0,444,0.5,0.44969969969969975,1.9812194947184292,0.9495727645831931,0.5153702851033497,0.7436445711570445,0.8465940817295876,0.6481468907146437
XAF1,0.015146374214272422,75,0.9155405405405406,0.0,740,0.16666666666666666,0.0,742,0.16441441441441443,0.41554054054054057,2.624950941936352,0.903434703626455,0.955202126395819,0.8576859111427892,0.8805603068396962,0.6480504236901183
MSL3P1,0.0,473,0.46734234234234234,0.0,539,0.393018018018018,0.0,463,0.4786036036036036,0.4463213213213213,3.609591034784364,0.9395983314270336,0.5834949893086243,0.7569493941553813,0.8482688228026871,0.6472950720620042
PLXDC2,0.0,479,0.4605855855855856,0.0,541,0.39076576576576577,0.0,458,0.48423423423423423,0.4451951951951952,4.1312500000000005,0.9761151853596177,0.8279725920646239,0.7177476835352816,0.8468265886742801,0.6460108919347376
BICD1,0.0,507,0.42905405405405406,0.0,557,0.37274774774774777,0.0,565,0.36373873873873874,0.38851351351351354,3.4718237468882465,0.9844916907757518,0.6856169779044894,0.8206224756474222,0.9025570662033833,0.6455352898584484
ADAMTS6,0.0,508,0.42792792792792794,0.0,558,0.3716216216216216,0.0,566,0.36261261261261263,0.38738738738738737,4.13321961918859,0.9728015878355648,0.8631392991209319,0.832264195770967,0.90253288619355,0.6449601367904687
RUNX1,0.0,509,0.42680180180180183,0.0,559,0.3704954954954955,0.0,567,0.3614864864864865,0.38626126126126126,4.336472189329207,0.9782009015676513,0.8497001259206458,0.8267997148966499,0.9025002988993717,0.6443807800803165
MMP14,0.0,510,0.42567567567567566,0.0,560,0.36936936936936937,0.0,568,0.36036036036036034,0.3851351351351351,3.923595818475409,0.9682769292874924,1.1871007341411257,0.8365407460204324,0.9024088339381127,0.6437719845366239
CERS6,0.0,511,0.42454954954954954,0.0,561,0.36824324324324326,0.0,569,0.35923423423423423,0.384009009009009,3.0099163493238237,0.9886967637758192,0.6952538251366116,0.8161083392729865,0.9024025259348487,0.6432057674719288
ITGB6,0.0,766,0.1373873873873874,0.0009054449800827421,69,0.9222972972972973,0.0,748,0.15765765765765766,0.4057807807807807,2.6560026878826615,0.9242918657067886,2.0242062057495858,0.8360655737704917,0.8801787159587732,0.642979748369777
PGM2,0.0,715,0.19481981981981983,0.0,854,0.038288288288288286,0.0016639318,31,0.9650900900900901,0.3993993993993994,2.3424064522640116,0.9677386799434838,0.6218648134948914,0.802328344024709,0.885033416822218,0.6422164081108087
CDK1,0.0,851,0.041666666666666664,0.009436992598361966,48,0.9459459459459459,0.0,712,0.1981981981981982,0.39527027027027023,5.157420998452533,0.9939446948799031,0.6671180470420524,0.7830838679021146,0.8885137275099552,0.6418919988901127
CD109,0.0,588,0.33783783783783783,0.0,568,0.36036036036036034,0.0,511,0.42454954954954954,0.37424924924924924,4.755369797483684,0.9781840812756509,1.2498031432644332,0.8339272986457591,0.9060556852850927,0.640152467267171
IFI6,0.06543128167015404,44,0.9504504504504504,0.0,803,0.09572072072072071,0.0,768,0.13513513513513514,0.39376876876876876,4.84530861871762,0.985753212675772,0.7802435471608451,0.7797576621525303,0.8827546967892833,0.6382617327790261
PLAU,0.0,470,0.47072072072072074,0.0,640,0.27927927927927926,0.0,609,0.3141891891891892,0.35472972972972977,5.273675967166788,0.9865437663997847,1.2945164124495125,0.8560228082679971,0.9212832866707875,0.6380065082002586
PFKP,0.0,537,0.3952702702702703,0.0,562,0.36711711711711714,0.0,570,0.3581081081081081,0.37349849849849853,4.059363284666621,0.9869810939917917,0.8780606153480637,0.8175338560228083,0.9022574524169715,0.6378779754577351
LRCH1,0.0,538,0.39414414414414417,0.0,563,0.36599099099099097,0.0,571,0.356981981981982,0.37237237237237236,2.8153096346632585,0.984054363183745,0.6563828462817751,0.8203848895224518,0.9022196089925483,0.6372959906824603
CSTB,0.0,539,0.393018018018018,0.0,564,0.36486486486486486,0.0,572,0.35585585585585583,0.37124624624624625,3.4831587297315476,0.9902778712238443,0.508502449512946,0.8139700641482538,0.9021239360460708,0.6366850911461586
RHBDL2,0.0,589,0.3367117117117117,0.0,576,0.35135135135135137,0.0,521,0.4132882882882883,0.3671171171171171,5.441876155554061,0.9833815515037341,0.8943739581848411,0.8289379900213827,0.9061597630228895,0.6366384400700033
SUGCT,0.0,790,0.11036036036036036,0.00023014588908901534,130,0.8536036036036037,0.0,725,0.18355855855855857,0.3825075075075075,4.688423709883604,0.9765020520756243,0.6060376977904487,0.7987645521501544,0.8876331681076587,0.635070337807583
NRP2,0.0,569,0.35923423423423423,0.0,588,0.33783783783783783,0.0,526,0.40765765765765766,0.3682432432432432,4.907358699455022,0.9920776424678732,1.0663103563791871,0.8115942028985508,0.9018358829235293,0.6350395630833863
PLA2G16,0.0,856,0.036036036036036036,0.000678194256725749,74,0.9166666666666666,0.0,717,0.19256756756756757,0.38175675675675674,3.0838068492229023,0.9834824732557357,0.5186559277738176,0.7928248990258969,0.8881534533857683,0.6349551050712625
PERP,0.0,561,0.36824324324324326,2.2576338875053302e-05,280,0.6846846846846847,0.0,832,0.06306306306306306,0.371996996996997,3.053950783825607,0.9880744129718091,0.6594473200285087,0.8070800665241149,0.8975771776606024,0.6347870873287997
VCAN,0.0,571,0.356981981981982,0.0,589,0.3367117117117117,0.0,528,0.40540540540540543,0.3663663663663664,5.671135201507098,0.979748368431676,1.760345001187929,0.823711095272036,0.90172971942309,0.6340480428947282
KIF11,0.016034738954014825,74,0.9166666666666666,0.0,870,0.02027027027027027,0.0,706,0.20495495495495494,0.38063063063063063,4.233859035860863,0.99312050057189,0.5949035043953432,0.7804704205274412,0.8867947644324748,0.6337126975315528
BHLHE41,0.0,853,0.039414414414414414,0.00044807378847546217,89,0.8997747747747747,0.0,714,0.19594594594594594,0.37837837837837834,2.9870117674762833,0.9743995155755903,0.6870553789498688,0.802328344024709,0.8883638342801732,0.6333711063292757
YWHAB,0.0,817,0.07995495495495496,0.009655112632193943,37,0.9583333333333334,0.0,825,0.07094594594594594,0.36974474474474467,2.7529484256206684,0.9901769494718428,0.559412190544073,0.8032786885245903,0.8967277305126918,0.6332362376287183
IGFBP3,0.0,596,0.32882882882882886,0.0,653,0.26463963963963966,0.0,509,0.42680180180180183,0.3400900900900901,5.8119553488528535,0.9907151988158514,0.9375906937514866,0.8572107388928486,0.9239629682516945,0.6320265291708923
ZDHHC7,0.0,568,0.36036036036036034,0.0,587,0.33896396396396394,0.0,548,0.38288288288288286,0.36073573573573575,1.883827252237098,0.945434972751127,0.6554998812069384,0.8583986695177002,0.9019168206146932,0.6313262781752145
NT5E,0.0,814,0.08333333333333333,0.008903508771929825,64,0.9279279279279279,0.0,806,0.09234234234234234,0.3678678678678679,4.9467025970530845,0.9889658884478234,1.2388019648372541,0.7997148966500357,0.8943402691986949,0.6311040685332814
LOXL2,0.0,573,0.3547297297297297,0.0,600,0.32432432432432434,0.0,530,0.40315315315315314,0.36073573573573575,3.618464596649397,0.9805725627396891,0.989198118317888,0.8222855785222143,0.9014290564395974,0.6310823960876666
MSLN,0.07794082919848355,39,0.956081081081081,0.0,846,0.0472972972972973,0.0,785,0.11599099099099099,0.3731231231231231,10.09677201439817,0.9719101123595505,0.8181836944642438,0.8056545497742932,0.8887822612252384,0.6309526921741808
SQLE,0.0,652,0.26576576576576577,0.0,569,0.35923423423423423,0.0,499,0.4380630630630631,0.35435435435435436,3.2654175435645567,0.9859045953037745,0.9782975267284382,0.8287004038964124,0.9073024917040732,0.6308284230292138
RUNX2,0.0,629,0.2916666666666667,0.0,634,0.28603603603603606,0.0,505,0.4313063063063063,0.3363363363363363,4.49473860257014,0.9800847742716814,1.032596129722024,0.8674269422665716,0.923755858051924,0.6300460971941302
ACSL3,0.0,706,0.20495495495495494,0.00011540744657299168,192,0.7837837837837838,0.0,766,0.1373873873873874,0.3753753753753754,2.5927602536500025,0.9880575926798089,0.5613017343787101,0.7778569731527678,0.882956402037532,0.6291658887064537
YWHAZ,0.0,653,0.26463963963963966,0.0,570,0.3581081081081081,0.0,510,0.42567567567567566,0.3494744744744745,3.160261343604927,0.989436856623831,0.5303987954383445,0.8244238536469469,0.9069303436088065,0.6282024090416405
CACNB3,0.0,574,0.3536036036036036,0.0,613,0.3096846846846847,0.0,531,0.40202702702702703,0.35510510510510507,3.3222298391980085,0.9840543631837448,0.5358074507008794,0.8184842005226896,0.9012692613729517,0.6281871832390284
CAPG,0.0,639,0.28040540540540543,0.0,575,0.3524774774774775,0.0,520,0.4144144144144144,0.34909909909909914,4.51640044405571,0.9675031958554801,1.2217559372772646,0.844856260394393,0.906179726400421,0.6276394127497601
BCL2L1,0.0,654,0.2635135135135135,0.0,571,0.356981981981982,0.0,512,0.42342342342342343,0.34797297297297297,2.7149177184955926,0.9883267173518132,0.7027311332858153,0.8253741981468283,0.9068504470788269,0.6274117100258999
F2R,0.0,575,0.3524774774774775,0.0,614,0.30855855855855857,0.0,532,0.4009009009009009,0.35397897897897906,4.617614909506828,0.9862746417277803,0.5866062817771436,0.8153955808980755,0.9008350840365046,0.6274070315077418
RRAS,0.0,579,0.34797297297297297,0.0,616,0.3063063063063063,0.0,525,0.40878378378378377,0.35435435435435436,3.251439766534348,0.9809426091636951,0.6709074388215734,0.819672131147541,0.9003073514836566,0.6273308529190055
FANCD2,0.0,821,0.07545045045045046,0.0003481574024135376,102,0.8851351351351351,0.0,788,0.11261261261261261,0.3577327327327327,2.1546701372535826,0.9566204669313059,0.650276961273462,0.8360655737704917,0.8963430165016154,0.6270378746171741
HK2,0.0,655,0.26238738738738737,0.0,572,0.35585585585585583,0.0,513,0.4222972972972973,0.34684684684684686,4.496219958958488,0.9679741640314876,1.1644265027322396,0.8453314326443335,0.906652796670574,0.6267498217587104
FAM72A,0.0,718,0.19144144144144143,7.737334320123797e-05,243,0.7263513513513513,0.0,729,0.17905405405405406,0.36561561561561556,3.7644702179909846,0.9877043665478034,0.6139802518412925,0.7871228320266097,0.8874132152695897,0.6265144154426027
HTATIP2,0.0,577,0.3502252252252252,0.0,615,0.30743243243243246,0.0,534,0.39864864864864863,0.3521021021021021,2.792838356993876,0.9866110475677856,0.5765069565217393,0.8144452363981943,0.9005281116810766,0.6263151068915893
ZNFX1,0.0,811,0.08671171171171171,0.019081378706203786,16,0.9819819819819819,0.0,880,0.009009009009009009,0.35923423423423423,2.791127847675436,0.9870988360357936,0.6081581872178683,0.796863863150392,0.8919811907626594,0.6256077124984468
ACTR3,0.0,753,0.15202702702702703,0.0,732,0.17567567567567569,0.0,188,0.7882882882882883,0.371996996996997,2.817002950279216,0.9783522841956537,0.5751757567118094,0.77952007602756,0.8789354261562414,0.6254662115766192
CXCL5,0.0,754,0.15090090090090091,0.0,733,0.17454954954954954,0.0,189,0.7871621621621622,0.37087087087087084,8.039127158043463,0.9497241472111956,1.2254961986219994,0.8080304110239962,0.8788772236784047,0.6248740472746378
WISP1,0.0,755,0.14977477477477477,0.0,734,0.17342342342342343,0.0,190,0.786036036036036,0.36974474474474467,5.323589211464711,0.9733230168875732,0.7970602565930145,0.784271798526966,0.878796914402776,0.6242708295737603
ASAP2,0.0,663,0.2533783783783784,0.0,655,0.26238738738738737,0.0,483,0.4560810810810811,0.32394894894894893,2.7446439144183548,0.9541142434232659,1.0285743098123072,0.8949869327631266,0.9245505880745085,0.6242497685117288
TMEM159,0.0,661,0.25563063063063063,0.0,574,0.3536036036036036,0.0,519,0.4155405405405405,0.34159159159159164,2.7826399549216174,0.9703458252035255,0.6533652340223339,0.8422428130197197,0.9062943169464317,0.6239429542690117
THBS2,0.0,581,0.34572072072072074,0.0,617,0.30518018018018017,0.0,540,0.3918918918918919,0.34759759759759756,5.747605308484156,0.9833479109197336,1.531692259444048,0.8170586837728677,0.9002032738153147,0.6239004357064561
PLAUR,0.0,756,0.14864864864864866,0.0,735,0.17229729729729729,0.0,191,0.7849099099099099,0.36861861861861867,5.588414993608288,0.9883267173518131,0.6936715538132585,0.7690662865288667,0.8786946245852345,0.6236566216019266
STRA6,0.0,582,0.34459459459459457,0.0,618,0.30405405405405406,0.0,541,0.39076576576576577,0.34647147147147145,7.166420561124941,0.9880071318038081,0.5524671798526972,0.8123069612734616,0.9001570092360752,0.6233142403537734
TRIP13,0.0,739,0.1677927927927928,0.00011629474819658869,179,0.7984234234234234,0.0,775,0.12725225225225226,0.3644894894894895,3.4009496736863354,0.973810805355581,0.5100766500356388,0.7902114516512235,0.8820108351495116,0.6232501623195006
SGCB,0.0,757,0.14752252252252251,0.0,736,0.17117117117117117,0.0,192,0.7837837837837838,0.3674924924924925,2.908587045011102,0.9838020588037407,0.5016713803753872,0.7735804229033024,0.8786899718443071,0.6230912321683998
FHL2,0.0,805,0.09346846846846847,0.009543104842794635,43,0.9515765765765766,0.0,874,0.015765765765765764,0.3536036036036036,5.055613119827759,0.9918253380878692,0.6143230648610114,0.7933000712758375,0.8925624813745979,0.6230830424891007
ASPH,0.0,758,0.1463963963963964,0.0,737,0.17004504504504506,0.0,193,0.7826576576576577,0.3663663663663664,2.727871755365673,0.971001816591536,0.5611338512710873,0.7861724875267285,0.878586740829598,0.6224765535979822
VSIG1,0.0,584,0.34234234234234234,0.0,619,0.30292792792792794,0.0,543,0.3885135135135135,0.34459459459459457,7.909741357733969,0.9665949000874655,1.5999806058446198,0.8327393680209076,0.8996671287517464,0.6221308616731704
P4HA1,0.0,585,0.34121621621621623,0.0,620,0.30180180180180183,0.0,544,0.38738738738738737,0.3434684684684685,2.3486283253717275,0.9580165511673282,1.0484702399619854,0.8412924685198384,0.8996545075658461,0.6215614880171573
PON2,0.0,737,0.17004504504504506,1.8650316075348596e-05,284,0.6801801801801802,0.0,696,0.21621621621621623,0.3554804804804805,2.1190161441162623,0.9662080333714593,0.5852466191494416,0.8047042052744119,0.885456043860834,0.6204682621706572
MLPH,0.0,670,0.24549549549549549,0.0,654,0.2635135135135135,0.0,498,0.4391891891891892,0.3160660660660661,3.403390220682231,0.9692525062235081,1.2436016274649564,0.8797814207650273,0.9245169634261874,0.6202915147461268
CTNNB1,0.0,645,0.27364864864864863,0.0,632,0.2882882882882883,0.0,502,0.4346846846846847,0.3322072072072072,2.4802590392249213,0.9871492969117943,0.6492924661439758,0.8291755761463531,0.9081624288840126,0.6201848180456099
FRMD5,0.0,647,0.2713963963963964,0.0,631,0.2894144144144144,0.0,504,0.43243243243243246,0.3310810810810811,4.893648973962188,0.9896891610038351,0.5289905179377543,0.8260869565217392,0.907888048768871,0.6194845649249761
DIO2,0.0,783,0.11824324324324324,0.00011592060810810822,185,0.7916666666666666,0.0,743,0.16328828828828829,0.3577327327327327,4.4232657202449035,0.9734743995155756,0.6084577643145646,0.7875980042765504,0.8805358359029464,0.6191342843178396
SYTL2,0.0,651,0.2668918918918919,0.0,630,0.2905405405405405,0.0,508,0.42792792792792794,0.3284534534534535,3.6551183744869813,0.9680750857834893,1.0646255238774058,0.8469945355191256,0.9075348092334736,0.6179941313434636
COL1A2,0.0,760,0.14414414414414414,0.0,760,0.14414414414414414,0.0,196,0.7792792792792793,0.35585585585585583,5.810745297046358,0.9861064388077775,1.5259565454977437,0.7707293894036589,0.878416294250274,0.6171360750530649
EPS8L3,0.0,746,0.15990990990990991,9.277310924369742e-05,219,0.7533783783783784,0.0,756,0.14864864864864866,0.35397897897897895,7.085738700127834,0.9707663325035322,0.597459672131146,0.7885483487764314,0.8796570014280235,0.6168179902035013
CYB5B,0.0,869,0.021396396396396396,0.028744214610959492,7,0.9921171171171171,0.0,877,0.012387387387387387,0.341966966966967,2.7247610442037278,0.9895882392518334,0.5036471109527216,0.7930624851508671,0.8913251336339693,0.6166460503004682
SMC4,0.0,786,0.11486486486486487,0.00011325426637966237,207,0.7668918918918919,0.0,735,0.17229729729729729,0.35135135135135137,1.766619514902779,0.9497241472111955,0.6348749726775953,0.81111903064861,0.8804215481562153,0.6158864497537834
MAST2,0.0,860,0.03153153153153153,0.000149251003188174,169,0.8096846846846847,0.0,720,0.1891891891891892,0.3434684684684685,2.256668771445872,0.9672508914754759,0.5096147517224985,0.8087431693989071,0.8879969776071504,0.6157327230378095
CD58,0.0,745,0.16103603603603603,8.716817140547097e-05,228,0.7432432432432432,0.0,755,0.14977477477477477,0.3513513513513513,3.2819290991051604,0.9806734844916908,0.5219387645521492,0.7788073176526491,0.8797395953751105,0.6155454733632308
TMSB10,0.0,641,0.27815315315315314,0.0,693,0.2195945945945946,0.0,472,0.46846846846846846,0.32207207207207206,4.12497482675099,0.9942138195519074,0.9130854240912303,0.8227607507721549,0.9084872713931716,0.6152796717326219
BMPR2,0.0,774,0.12837837837837837,0.00011410763087990619,201,0.7736486486486487,0.0,759,0.14527027027027026,0.34909909909909914,2.8008653939312382,0.9825741774877211,0.6411256593014949,0.77952007602756,0.8810463709914956,0.6150727350452974
IL2RG,0.0,806,0.09234234234234234,0.00045463320463320423,85,0.9042792792792793,0.0,875,0.01463963963963964,0.33708708708708707,6.170027652560048,0.9872333983717957,0.9880894844381078,0.7978142076502731,0.8925236571934437,0.6148053721402654
ACTB,0.0,863,0.028153153153153154,0.009653264091245072,38,0.9572072072072072,0.0,858,0.033783783783783786,0.33971471471471476,3.747788558837378,0.9937092107918993,0.65926992397244,0.7856973152767878,0.8897028288113801,0.6147087717630474
PPARG,0.0,761,0.14301801801801803,0.0,772,0.13063063063063063,0.0,197,0.7781531531531531,0.3506006006006006,4.4374895815111355,0.9794119625916705,0.8429105321929198,0.777144214777857,0.8782771550841402,0.6144388778423704
BUB1B,0.0,762,0.14189189189189189,0.0,785,0.11599099099099099,0.0,187,0.7894144144144144,0.34909909909909914,4.156521943752944,0.9847103545717554,0.5057079092421,0.7716797339035399,0.8781935490277355,0.6136463240634173
ARNTL2,0.0,644,0.2747747747747748,0.0,675,0.23986486486486486,0.0,501,0.4358108108108108,0.31681681681681684,4.286391425015138,0.9888145058198211,1.0824010525065333,0.8277500593965313,0.908282273979362,0.6125495453980894
SIM2,0.0,858,0.033783783783783786,0.0,877,0.012387387387387387,0.0016040144,32,0.963963963963964,0.3367117117117117,3.94934299939447,0.9876202650878019,0.5562519173200289,0.7885483487764314,0.8880839644705661,0.6123978380911389
KRT19,0.0,604,0.31981981981981983,0.0,635,0.2849099099099099,0.0,633,0.28716216216216217,0.2972972972972973,6.2655638935611915,0.9768552782076296,1.825134516512235,0.869327631266334,0.9230914545388154,0.6101943759180564
C1GALT1,0.0,875,0.01463963963963964,0.0007796358471074383,71,0.920045045045045,0.0,842,0.0518018018018018,0.32882882882882886,3.0850003061293143,0.9870315548677925,0.612866923259682,0.7949631741506296,0.890997173257007,0.6099130010429179
MSMO1,0.0,770,0.13288288288288289,9.668415388754375e-05,214,0.759009009009009,0.0,781,0.1204954954954955,0.3374624624624625,2.6835345858844115,0.9762665679876202,0.7644454977429325,0.7868852459016393,0.8815755184009106,0.6095189904316866
PSMD1,0.0,879,0.010135135135135136,0.001109116285519347,67,0.9245495495495496,0.0,846,0.0472972972972973,0.32732732732732733,2.563375479378322,0.9911188858238579,0.5154119933475894,0.7899738655262533,0.8905460729359167,0.608936700131622
PGK1,0.0,600,0.32432432432432434,0.0,651,0.2668918918918919,0.0,623,0.29842342342342343,0.29654654654654655,2.925468387943213,0.9882426158918117,0.9298134925160371,0.8486576383939178,0.9184501259409839,0.6074983362437651
TPM4,0.0,607,0.31644144144144143,0.0,650,0.268018018018018,0.0,621,0.30067567567567566,0.29504504504504503,3.788808723003431,0.9852822444997645,0.7787695141363766,0.8517462580185317,0.9185142503294869,0.606779647687266
LGALS3,0.0,624,0.2972972972972973,0.0,643,0.2759009009009009,0.0,616,0.3063063063063063,0.29316816816816815,3.856489682432886,0.9663257754154614,0.8723374221905464,0.8695652173913042,0.9179454962063212,0.6055568321872447
PATL1,0.0,840,0.05405405405405406,7.986725695609789e-05,240,0.7297297297297297,0.0,724,0.18468468468468469,0.3228228228228228,1.901299650137927,0.9567213886833076,0.5015419434545016,0.8187217866476597,0.8877215678059398,0.6052721953143814
CAPN2,0.0,541,0.39076576576576577,0.0,622,0.29954954954954954,0.0,681,0.23310810810810811,0.3078078078078078,2.552880067953981,0.9824059745677184,0.6304276669042528,0.8156331670230459,0.8990195440945566,0.6034136759511822
S100A16,0.0,617,0.30518018018018017,0.0,700,0.21171171171171171,0.0,578,0.3490990990990991,0.28866366366366364,4.610167886698512,0.9810939917916974,1.003682416250892,0.8536469470182941,0.9173704686282735,0.6030170661459686
PARP4,0.0,542,0.38963963963963966,0.0,623,0.29842342342342343,0.0,682,0.23198198198198197,0.3066816816816817,2.377933395007737,0.9695384511875126,0.698420750772156,0.827512473271561,0.8985254535280297,0.6026035676048557
GAN,0.0,882,0.006756756756756757,0.00038133729992750697,97,0.8907657657657657,0.0,849,0.04391891891891892,0.31381381381381385,1.5933329206755031,0.9388245979950213,0.6000540817296249,0.8417676407697791,0.8902961171870877,0.6020549655004508
AEBP1,0.0,884,0.0045045045045045045,0.00040901015679735945,96,0.8918918918918919,0.0,850,0.04279279279279279,0.31306306306306303,4.3908285473995825,0.972381080535558,1.0748111974340695,0.8080304110239962,0.8902056896259914,0.6016343763445272
CTNNA1,0.0,620,0.30180180180180183,0.0,701,0.21058558558558557,0.0,581,0.34572072072072074,0.28603603603603606,2.3181202348112757,0.977006660835632,0.5959443810881462,0.8569731527678783,0.9169899062003061,0.601512971118171
HOXB5,0.0,622,0.29954954954954954,0.0,702,0.20945945945945946,0.0,583,0.34346846846846846,0.2841591591591592,4.148390102940187,0.9780663392316491,0.8431782181040615,0.8545972915181753,0.9163318146379169,0.6002454868985381
COL8A1,0.0,562,0.36711711711711714,0.0,621,0.30067567567567566,0.0,680,0.23423423423423423,0.30067567567567566,6.094759385722936,0.9793951422996704,1.3716093537657406,0.8187217866476597,0.8990584443604998,0.5998670600180878
PCDH7,0.0,623,0.29842342342342343,0.0,703,0.20833333333333334,0.0,584,0.34234234234234234,0.28303303303303307,5.858164986880173,0.9875025230438,0.940491952957947,0.8450938465193631,0.9162981830675884,0.5996656080503107
CHEK1,0.0,886,0.0022522522522522522,0.0003439611486486492,104,0.8828828828828829,0.0,853,0.039414414414414414,0.30818318318318316,2.5454727174863754,0.9881585144318106,0.5795240342124011,0.792112140650986,0.8901350796129208,0.599159131398052
CTHRC1,0.0,616,0.3063063063063063,0.0,699,0.21283783783783783,0.0,601,0.32319819819819817,0.2807807807807808,6.700609399179171,0.9911020655318576,0.9325141886433839,0.8436683297695414,0.9173851957154427,0.5990829882481118
LY6E,0.0,625,0.29617117117117114,0.0,704,0.2072072072072072,0.0,586,0.3400900900900901,0.28115615615615613,4.299814566372873,0.9802193366076835,0.8835633951057247,0.8522214302684723,0.9162203825516897,0.5986882693539229
HEPH,0.0,626,0.29504504504504503,0.0,705,0.20608108108108109,0.0,587,0.33896396396396394,0.28003003003003,4.833707538854874,0.9864764852317837,1.0680199215965782,0.8450938465193633,0.9157851641625397,0.5979075970962848
MYOF,0.0,628,0.2927927927927928,0.0,706,0.20495495495495494,0.0,589,0.3367117117117117,0.27815315315315314,4.0181080367355175,0.9699084976115185,1.3879785174625798,0.8614872891423141,0.915697893008974,0.5969255230810635
SEMA7A,0.0,615,0.30743243243243246,0.0,711,0.19932432432432431,0.0,598,0.32657657657657657,0.2777777777777778,5.637596400457513,0.9829778644957275,0.8801817486338788,0.8469945355191257,0.9149861985779516,0.5963819881778647
SCEL,0.0,640,0.27927927927927926,0.0,691,0.22184684684684686,0.0,577,0.3502252252252252,0.28378378378378377,5.868026461683375,0.9481598600551705,1.5458680185317162,0.8690900451413637,0.9086249524032062,0.596204368093495
TSPAN5,0.0,642,0.27702702702702703,0.0,694,0.21846846846846846,0.0,574,0.3536036036036036,0.283033033033033,3.9371332200767006,0.9880071318038081,0.8227689712520796,0.8289379900213827,0.9084725531531727,0.5957527930931028
MALL,0.0,631,0.2894144144144144,0.0,707,0.20382882882882883,0.0,592,0.3333333333333333,0.2755255255255255,5.500075048778847,0.9932046020318912,0.9815872677595623,0.8377286766452839,0.9154666359393763,0.5954960807324509
ITGA3,0.0,632,0.2882882882882883,0.0,708,0.20270270270270271,0.0,593,0.3322072072072072,0.2743993993993994,3.74167134158649,0.9861737199757789,1.4295748538845352,0.8446186742694226,0.9153961953628621,0.5948977973811307
FN1,0.0,578,0.3490990990990991,0.0,668,0.24774774774774774,0.0,719,0.19031531531531531,0.26238738738738737,5.713524386059341,0.9833815515037341,2.188027540983608,0.8709907341411262,0.9271861426411497,0.5947867650142685
EFNB2,0.0,591,0.3344594594594595,0.0,713,0.19707207207207209,0.0,628,0.2927927927927928,0.2747747747747748,4.075987859113234,0.989941465383839,0.9566288976003801,0.8384414350201949,0.914191447044397,0.5944831109095859
CYP2C18,0.0,800,0.0990990990990991,0.00010008606434518573,210,0.7635135135135135,0.0,869,0.021396396396396396,0.2946696696696696,7.460715104622216,0.9623898270873982,1.2591827583749113,0.8234735091470657,0.8929316555561635,0.5938006626129165
ITGA11,0.0,636,0.28378378378378377,0.0,710,0.20045045045045046,0.0,597,0.3277027027027027,0.27064564564564564,4.820473090896859,0.9742817735315885,1.0946880304110245,0.8557852221430268,0.9150334971738976,0.5928395714097716
ITGB5,0.0,662,0.2545045045045045,0.0,692,0.22072072072072071,0.0,575,0.3524774774774775,0.2759009009009009,3.8341612157707052,0.9937428513758999,0.8385426799714901,0.8232359230220955,0.9084893741547727,0.5921951375278368
MYO1E,0.0,612,0.3108108108108108,0.0,712,0.1981981981981982,0.0,627,0.2939189189189189,0.26764264264264265,3.597931147816727,0.9857027517997712,0.9547910168686142,0.8427179852696601,0.9142103664449269,0.5909265045437848
GBP4,0.0,842,0.0518018018018018,0.00011550533584431897,190,0.786036036036036,0.0,859,0.03265765765765766,0.29016516516516516,3.917404265626051,0.986947453407791,0.8328966239011626,0.792112140650986,0.8895295492695687,0.5898473572173669
EFNA5,0.0,714,0.19594594594594594,0.0,647,0.2713963963963964,0.0,611,0.3119369369369369,0.2597597597597598,4.962883008141022,0.984945838659759,1.0036847540983596,0.8538845331432644,0.9194151851230583,0.5895874724414091
DNAJC13,0.0,750,0.1554054054054054,0.0,728,0.18018018018018017,0.0,395,0.5551801801801802,0.29692192192192196,1.6900645731009898,0.961750655991388,0.5044061962461388,0.7971014492753624,0.8794258996235572,0.5881739107727396
PLEC,0.0,614,0.30855855855855857,0.0,677,0.2376126126126126,0.0,677,0.2376126126126126,0.26126126126126126,2.833289598331426,0.9724483617035592,0.7823936635780475,0.8510334996436207,0.9117409297231338,0.5865010954921975
PRC1,0.0,837,0.057432432432432436,2.251511130768086e-05,282,0.6824324324324325,0.0,804,0.0945945945945946,0.2781531531531532,2.4482746753683644,0.9726165646235618,0.6831079496317427,0.8168210976478973,0.894718807365765,0.5864359802594591
FBXO32,0.0,530,0.40315315315315314,0.0,670,0.24549549549549549,0.0,810,0.08783783783783784,0.2454954954954955,3.5568255601157244,0.9771075825876337,1.4525453456878106,0.8753860774530767,0.9262468299082394,0.5858711627018675
ITGB1,0.0,606,0.31756756756756754,0.0,698,0.21396396396396397,0.0,670,0.24549549549549549,0.259009009009009,3.259179660902914,0.9832301688757317,0.6156063316702305,0.8415300546448088,0.9123801094809836,0.5856945592449962
TBC1D2,0.0,602,0.32207207207207206,0.0,714,0.19594594594594594,0.0,666,0.25,0.25600600600600604,3.7927535692659626,0.9904124335598465,0.6551602162033747,0.8353528153955809,0.9128826202572347,0.5844443131316204
HK1,0.0,668,0.24774774774774774,0.0,681,0.23310810810810811,0.0,631,0.2894144144144144,0.25675675675675674,3.3195967200430605,0.9854672677117674,0.5666542931812772,0.8372535043953434,0.9113603825276823,0.5840585696422195
SDR16C5,0.0,611,0.3119369369369369,0.0,696,0.21621621621621623,0.0,675,0.23986486486486486,0.25600600600600604,7.407328298459262,0.961128305187378,1.1970759444048458,0.8626752197671655,0.9119017621576841,0.5839538840818451
ZNF185,0.0,528,0.40540540540540543,0.0,671,0.24436936936936937,0.0,821,0.07545045045045046,0.2417417417417418,3.3814714963331762,0.9741135706115859,0.6304616773580443,0.8781183178902353,0.9261159441670775,0.5839288429544096
CENPI,0.0,669,0.24662162162162163,0.0,682,0.23198198198198197,0.0,632,0.2882882882882883,0.25563063063063063,4.5403305927470905,0.9775112695956403,0.8494076764076977,0.8439059158945118,0.9107085908581207,0.5831696107443757
SLC6A6,0.0,605,0.3186936936936937,0.0,715,0.19481981981981983,0.0,669,0.24662162162162163,0.2533783783783784,4.1028615555406045,0.9808416874116934,1.1973531789023513,0.844143502019482,0.91249259285827,0.5829354856183242
EDNRA,0.0,671,0.24436936936936937,0.0,683,0.23085585585585586,0.0,634,0.28603603603603606,0.25375375375375375,4.7408723339837175,0.978688690035659,1.3237653670705622,0.8422428130197196,0.9104657493525325,0.5821097515531432
COL11A1,0.0,638,0.28153153153153154,0.0,678,0.23648648648648649,0.0,678,0.23648648648648649,0.2515015015015015,7.314547698984054,0.9567886698513086,1.8544359539082924,0.8662390116417202,0.9115138405171197,0.5815076710093106
BCAS1,0.0,667,0.24887387387387389,0.0,680,0.23423423423423423,0.0,653,0.26463963963963966,0.24924924924924927,6.018169185225056,0.967688219067483,1.2100414849132815,0.8550724637681159,0.9113803407060823,0.5803147949776658
DDX60,0.0,679,0.23536036036036037,0.0,676,0.23873873873873874,0.0,641,0.27815315315315314,0.25075075075075076,3.5993737098836034,0.9789241741236628,1.1346662841530035,0.8405797101449276,0.9097519396304016,0.5802513451905762
UNC5B,0.0,677,0.2376126126126126,0.0,684,0.22972972972972974,0.0,640,0.27927927927927926,0.24887387387387386,3.425378914081948,0.9846430734037542,0.526084920408648,0.8351152292706105,0.9098791470828423,0.5793765104783581
LPCAT2,0.0,637,0.28265765765765766,0.0,695,0.21734234234234234,0.0,676,0.23873873873873874,0.24624624624624625,2.94841848213685,0.9665949000874656,0.9375151556189101,0.8569731527678783,0.9117840258296374,0.5790151360379419
MICAL2,0.0,778,0.12387387387387387,0.0,645,0.27364864864864863,0.0,608,0.3153153153153153,0.2376126126126126,2.6516088239251827,0.9743322344075893,1.1337778878593472,0.8664765977666904,0.9204044158555077,0.5790085142340602
AHR,0.0,555,0.375,0.0,591,0.3344594594594595,0.0,826,0.06981981981981981,0.25975975975975973,3.8331490345152393,0.9854336271277669,0.8032858066048929,0.8104062722736992,0.8979199047257569,0.5788398322427584
S100A11,0.0,744,0.16216216216216217,0.0,637,0.28265765765765766,0.0,658,0.25900900900900903,0.2346096096096096,4.405438838054228,0.9760815447756173,0.577888301259204,0.8688524590163934,0.9224670016979729,0.5785383056537913
ENDOD1,0.0,553,0.37725225225225223,0.0,610,0.3130630630630631,0.0,813,0.08445945945945946,0.25825825825825827,3.0904478066339225,0.9788400726636614,0.5010348182466142,0.817296269897838,0.898068148306308,0.5781632032822831
FLNB,0.0,665,0.2511261261261261,0.0,690,0.22297297297297297,0.0,651,0.2668918918918919,0.24699699699699698,2.2288007905537244,0.9512043329072193,0.9558756806842466,0.8662390116417202,0.9087216720457777,0.5778593345213874
ACVR1,0.0,557,0.37274774774774777,0.0,592,0.3333333333333333,0.0,828,0.06756756756756757,0.2578828828828829,2.819571839467134,0.9826078180717217,0.5874714991684478,0.8130197196483725,0.8978137343795362,0.5778483086312095
GALE,0.0,543,0.3885135135135135,0.0,624,0.2972972972972973,0.0,814,0.08333333333333333,0.2563813813813814,3.1068713045818486,0.9711700195115388,0.6361477619387017,0.8258493703967689,0.8985096848296833,0.5774455331055324
PPEF1,0.0,558,0.3716216216216216,0.0,593,0.3322072072072072,0.0,829,0.06644144144144144,0.25675675675675674,4.225124402879634,0.9668472044674696,0.6020676835352812,0.8287004038964124,0.8977737963688465,0.5772652765628016
NCAPG2,0.0,559,0.3704954954954955,0.0,594,0.3310810810810811,0.0,830,0.06531531531531531,0.25563063063063063,2.469461764112225,0.9763674897396217,0.5653157899738659,0.8189593727726301,0.8976634115394547,0.5766470210850427
GJB2,0.0,682,0.23198198198198197,0.0,687,0.22635135135135134,0.0,646,0.2725225225225225,0.24361861861861858,6.0584751631568325,0.9525331359752406,0.8351379258731284,0.8664765977666905,0.9095048666420764,0.5765617426303475
CENPK,0.0,545,0.38626126126126126,0.0,625,0.29617117117117114,0.0,816,0.08108108108108109,0.2545045045045045,4.011076811545449,0.9783186436116531,0.8886348538845339,0.8184842005226894,0.8984014016520744,0.5764529530782895
LEF1,0.0,513,0.4222972972972973,0.0,669,0.24662162162162163,0.0,879,0.010135135135135136,0.22635135135135134,5.724171200296037,0.9882594361838122,1.2323188073176512,0.864575908766928,0.9264176722150943,0.5763845117832228
RAB31,0.0,554,0.3761261261261261,0.0,609,0.3141891891891892,0.0,824,0.07207207207207207,0.25412912912912916,4.348218206284062,0.9807071250756914,0.897613701591828,0.8153955808980755,0.8980513257947497,0.5760902274619394
LDHA,0.0,864,0.02702702702702703,7.731092436974789e-05,245,0.7240990990990991,0.0,856,0.036036036036036036,0.26238738738738737,2.968822902509589,0.9538787593352619,0.8336096056070303,0.8256117842717986,0.8897452615038736,0.5760663244456304
RASA1,0.0,560,0.36936936936936937,0.0,595,0.32995495495495497,0.0,831,0.06418918918918919,0.2545045045045045,1.858021721725089,0.9610778443113771,0.6380353789498683,0.8341648847707295,0.8976213599437005,0.5760629322241025
ADAMTS12,0.0,546,0.38513513513513514,0.0,626,0.29504504504504503,0.0,817,0.07995495495495496,0.25337837837837834,4.891548677925049,0.975072327255601,1.143878336897127,0.8215728201473034,0.8983225584600355,0.575850468419207
FRMD6,0.0,749,0.15653153153153154,0.0,719,0.19031531531531531,0.0,471,0.46959459459459457,0.2721471471471471,3.1506335127497813,0.9571755365673148,0.8949012544547399,0.8018531717747683,0.8795142557067477,0.5758307014269474
PRR5L,0.0,684,0.22972972972972974,0.0,688,0.22522522522522523,0.0,648,0.2702702702702703,0.24174174174174176,4.326172677117675,0.984188925519747,0.5995189569969108,0.8339272986457591,0.9090581073916469,0.5753999245666943
FANCI,0.0,547,0.38400900900900903,0.0,627,0.2939189189189189,0.0,818,0.07882882882882883,0.2522522522522523,2.7707615454484293,0.9823891542757182,0.662242998336898,0.8142076502732241,0.8982983715313335,0.5752753118917929
CCNB2,0.0,548,0.38288288288288286,0.0,628,0.2927927927927928,0.0,819,0.0777027027027027,0.2511261261261261,5.042210748166589,0.9871156563277937,0.8004152839154202,0.8094559277738179,0.8982857425192539,0.57470593432269
PTTG1IP,0.0,759,0.14527027027027026,0.0,686,0.22747747747747749,0.0,602,0.32207207207207206,0.23160660660660662,2.8698436688420914,0.9904965350198478,0.6899011119030654,0.8446186742694227,0.9175576028807415,0.5745821047436741
CEMIP,0.0,791,0.10923423423423423,0.0,648,0.2702702702702703,0.0,613,0.3096846846846847,0.22972972972972974,4.825729166386328,0.9843066675637488,1.3872536231884056,0.8541221192682348,0.9192143926536255,0.5744720611916776
ACSL5,0.0,686,0.22747747747747749,0.0,689,0.22409909909909909,0.0,650,0.268018018018018,0.23986486486486483,4.702043214694207,0.9755264751396084,1.4213504656688052,0.8420052268947493,0.9087658488188586,0.5743153568418617
RSAD2,0.0,549,0.38175675675675674,0.0,629,0.2916666666666667,0.0,820,0.07657657657657657,0.25,3.316116803471708,0.9594630962793516,0.920433661202186,0.8370159182703731,0.8982395037461812,0.5741197518730906
TSPAN15,0.0,751,0.15427927927927929,0.0,730,0.17792792792792791,0.0,469,0.47184684684684686,0.268018018018018,3.563311794388751,0.9801352351476822,0.6248909432169167,0.7778569731527678,0.8789952272233226,0.5735066226206703
GPD2,0.0,839,0.05518018018018018,5.7975398265779405e-05,263,0.7038288288288288,0.0,884,0.0045045045045045045,0.2545045045045045,2.190674140483079,0.9795465249276727,0.6034211926823483,0.8037538607745308,0.8916501095912857,0.5730773070478951
VSIG2,0.0,881,0.007882882882882882,5.844287843881284e-05,254,0.713963963963964,0.0,848,0.04504504504504504,0.25563063063063063,6.695888912063514,0.9642568794994282,0.5949681848420054,0.8165835115229271,0.8904201714009052,0.5730254010157679
CTTNBP2NL,0.0,871,0.019144144144144143,2.837807959154785e-05,277,0.6880630630630631,0.0,851,0.041666666666666664,0.24962462462462462,3.0338280629751733,0.9798324698916773,0.5663344214777855,0.8026847232121644,0.8912585033494982,0.5704415639870614
CCNA2,0.0,866,0.024774774774774775,2.8472171547113613e-05,276,0.6891891891891891,0.0,855,0.037162162162162164,0.25037537537537535,3.630361094664603,0.9827255601157235,0.6004362461392252,0.796863863150392,0.8897945531919874,0.5700849642836814
ZNF860,0.0,868,0.02252252252252252,5.594543778725148e-05,271,0.6948198198198198,0.0,887,0.0011261261261261261,0.23948948948948948,4.675365407387473,0.9825237166117203,0.6074531147540991,0.8004276550249466,0.8914755712622964,0.5654825303758929
APOL1,0.0,687,0.22635135135135134,0.0,666,0.25,0.0,777,0.125,0.20045045045045043,5.538457172172508,0.9944493036399111,1.427977479211215,0.8660014255167499,0.9302253643407491,0.5653379073955997
SLC6A14,0.0,656,0.26126126126126126,0.0,672,0.24324324324324326,0.0,815,0.08220720720720721,0.19557057057057056,9.35250386866716,0.9661407522034582,2.660688793062485,0.8854834877643145,0.9258121199507711,0.5606913452606708
CAST,0.0,688,0.22522522522522523,0.0,596,0.32882882882882886,0.0,834,0.060810810810810814,0.20495495495495497,2.470694116261858,0.9760983650676176,0.6318018341648841,0.8175338560228084,0.896816088091123,0.550885521523039
VCL,0.0,702,0.20945945945945946,0.0,597,0.3277027027027027,0.0,835,0.059684684684684686,0.19894894894894896,2.4556528661777564,0.9717082688555474,0.7184099120931338,0.8218104062722738,0.896759322754967,0.547854135851958
PTBP3,0.0,819,0.0777027027027027,0.0,590,0.3355855855855856,0.0,799,0.10022522522522523,0.17117117117117117,2.6590755836641327,0.9849626589517593,0.6458501520551181,0.8082679971489665,0.8966152725082436,0.5338932218397073
TWSG1,0.0,822,0.07432432432432433,0.0,599,0.32545045045045046,0.0,789,0.11148648648648649,0.1704204204204204,3.2554292134831466,0.9879230303438068,0.5639776645283909,0.804704205274412,0.8963135414216884,0.5333669809210544
SPTLC2,0.0,823,0.0731981981981982,0.0,601,0.32319819819819817,0.0,790,0.11036036036036036,0.1689189189189189,2.9146929186570674,0.9888313261118212,0.6369566595390834,0.8037538607745308,0.8962925097498654,0.5326057143343922
OAS3,0.0,824,0.07207207207207207,0.0,602,0.32207207207207206,0.0,791,0.10923423423423423,0.16779279279279277,3.8812993271883203,0.9819013658077104,0.6038651793775234,0.8106438583986696,0.8962725683010153,0.532032680546904
HIST1H3H,0.0,825,0.07094594594594594,0.0,603,0.32094594594594594,0.0,792,0.10810810810810811,0.16666666666666666,5.632554810603512,0.9674695552714795,0.7661235245901641,0.8248990258968876,0.8961842794934811,0.5314254730800739
TMOD3,0.0,826,0.06981981981981981,0.0,604,0.31981981981981983,0.0,793,0.10698198198198199,0.16554054054054054,2.5545436015609226,0.9769057390836305,0.5153542694226667,0.8153955808980755,0.8961506328562705,0.5308455866984055
GOLM1,0.0,818,0.07882882882882883,0.0,598,0.32657657657657657,0.0,811,0.08671171171171171,0.16403903903903902,3.2759502523043804,0.9868801722397901,0.6877088500831539,0.8063673081492041,0.8966236740999237,0.5303313565694814
ARHGAP1,0.0,827,0.0686936936936937,0.0,605,0.3186936936936937,0.0,794,0.10585585585585586,0.16441441441441443,2.2928681793715953,0.9754423736796071,0.576031408885723,0.8168210976478973,0.8961317118562511,0.5302730631353327
DGKH,0.0,828,0.06756756756756757,0.0,606,0.31756756756756754,0.0,795,0.10472972972972973,0.16328828828828826,2.752404982170491,0.9788905335396623,1.0195034640057035,0.8130197196483725,0.8959550921848873,0.5296216902365878
DPY19L1,0.0,829,0.06644144144144144,0.0,607,0.31644144144144143,0.0,796,0.1036036036036036,0.16216216216216214,2.6287886395747826,0.9815313193837045,0.6382441268709904,0.810168686148729,0.8958499567780328,0.5290060594700975
CDC42BPA,0.0,830,0.06531531531531531,0.0,608,0.3153153153153153,0.0,797,0.10247747747747747,0.16103603603603603,2.0498219673013525,0.972751126959564,0.5564880755523856,0.8184842005226893,0.8956176433892874,0.5283268397126617
IGFBP5,0.0,712,0.1981981981981982,0.0,743,0.16328828828828829,0.0,761,0.14301801801801803,0.16816816816816818,4.156573383569939,0.9667631030074681,1.4884163554288419,0.7980517937752435,0.8824073068214142,0.5252877374947912
TMEM154,0.0,741,0.16554054054054054,0.0,722,0.18693693693693694,0.0,750,0.1554054054054054,0.1692942942942943,4.754500713180382,0.9751564287156025,0.7309199429793303,0.7847469707769067,0.8799512265982704,0.5246227604462823
C11orf80,0.0,711,0.19932432432432431,0.0,742,0.16441441441441443,0.0,771,0.13175675675675674,0.16516516516516516,2.276170614949876,0.9554094059072866,0.5339745735329053,0.809455927773818,0.882432618183143,0.523798891674154
TGFBI,0.0,742,0.16441441441441443,0.0,724,0.18468468468468469,0.0,752,0.15315315315315314,0.16741741741741742,4.555111562268721,0.9878221085918052,1.0156461297220254,0.7719173200285104,0.8798682516860995,0.5236428345517584
HTRA3,0.0,743,0.16328828828828829,0.0,725,0.18355855855855857,0.0,753,0.15202702702702703,0.1662912912912913,5.3676340409069505,0.9799165713516786,0.7118044024708956,0.7797576621525304,0.8798363785756849,0.5230638349334881
CHML,0.0,709,0.20157657657657657,0.0,761,0.14301801801801803,0.0,769,0.134009009009009,0.15953453453453456,1.9418901231245376,0.9462087061831393,0.6346140841054879,0.8191969588976004,0.882702813558623,0.5211186740465787
PSMB9,0.0,747,0.15878378378378377,0.0,727,0.18130630630630631,0.0,757,0.14752252252252251,0.16253753753753752,4.340868680616296,0.9904124335598465,0.600773098123069,0.7688287004038964,0.8796186536745315,0.5210780956060346
SULF2,0.0,693,0.2195945945945946,0.0,848,0.04504504504504504,0.0,703,0.20833333333333334,0.15765765765765768,4.770973366749646,0.9924981497678799,1.0905409788548361,0.776431456402946,0.8844638091861539,0.5210607334219057
ANXA2P1,0.0,764,0.13963963963963963,0.0,721,0.18806306306306306,0.0,749,0.15653153153153154,0.1614114114114114,3.394557128439751,0.9165881719706654,0.6048300166310305,0.8436683297695414,0.8801282490134416,0.5207698302124265
ACTA2,0.0,763,0.14076576576576577,0.0,723,0.1858108108108108,0.0,751,0.15427927927927929,0.1602852852852853,4.272731699522304,0.9784195653636547,1.2272148206224784,0.7814207650273224,0.8799195303595819,0.5201024078224337
TAP1,0.0,692,0.22072072072072071,0.0,856,0.036036036036036036,0.0,702,0.20945945945945946,0.1554054054054054,3.1130749613133277,0.9774103478436386,0.5616076407697772,0.7916369684010455,0.8845234000450597,0.5199644027252326
ADAM28,0.0,695,0.21734234234234234,0.0,857,0.03490990990990991,0.0,705,0.20608108108108109,0.15277777777777776,3.908382769292875,0.9571587162753146,1.2280712758374897,0.8115942028985507,0.8843764205969938,0.5185770991873858
ARPC1B,0.0,728,0.18018018018018017,0.0,849,0.04391891891891892,0.0,687,0.22635135135135134,0.15015015015015012,3.6635266500706463,0.9923299468478772,0.6546504846756962,0.7804704205274412,0.8863994878807531,0.5182748190154516
ZNF532,0.0,738,0.16891891891891891,0.0,744,0.16216216216216217,0.0,772,0.13063063063063063,0.1539039039039039,2.3092420069972417,0.9476720715871627,0.6714148134948905,0.8170586837728676,0.8823653546153059,0.5181346292596049
MCU,0.0,787,0.11373873873873874,0.0,720,0.1891891891891892,0.0,746,0.15990990990990991,0.15427927927927929,2.973367916975038,0.9853999865437664,0.5127623901164187,0.7751247327156092,0.8802612475122653,0.5172702633957723
GPX8,0.0,716,0.19369369369369369,0.0,853,0.039414414414414414,0.0,697,0.21509009009009009,0.1493993993993994,3.4631343470362648,0.9711363789275381,1.0833929959610336,0.7990021382751248,0.8850691273551725,0.517234263377286
PADI1,0.0,731,0.1768018018018018,0.0,850,0.04279279279279279,0.0,690,0.22297297297297297,0.14752252252252251,8.016432903855211,0.9536937361232591,1.143900392017105,0.8184842005226896,0.8860889481876634,0.516805735355093
AK4,0.0,713,0.19707207207207209,0.0,855,0.037162162162162164,0.0,700,0.21171171171171171,0.14864864864864866,4.60719602368297,0.9790250958756644,0.5861119493941551,0.7904490377761939,0.8847367789258985,0.5166927137872735
SMURF1,0.0,740,0.16666666666666666,0.0,745,0.16103603603603603,0.0,776,0.12612612612612611,0.15127627627627627,1.7933488764044938,0.9374957949269999,0.5166524590163943,0.826086956521739,0.8817913660177222,0.5165338211469992
CIT,0.0,725,0.18355855855855857,0.0,869,0.021396396396396396,0.0,684,0.22972972972972974,0.1448948948948949,2.715166739554599,0.9618515777433896,0.5104328629128054,0.8111190306486102,0.8864852631414925,0.5156900790181936
FAM26E,0.0,726,0.18243243243243243,0.0,868,0.02252252252252252,0.0,685,0.2286036036036036,0.1445195195195195,4.033395075018503,0.9831965282917311,0.7867639082917561,0.789736279401283,0.8864660958311608,0.5154928076753401
HPGD,0.0,782,0.11936936936936937,0.0,741,0.16554054054054054,0.0,741,0.16554054054054054,0.15015015015015018,5.805965491488932,0.9837852385117406,1.06094794488002,0.7776193870277976,0.8807014153662729,0.5154257827582115
GABRP,0.0,727,0.18130630630630631,0.0,867,0.02364864864864865,0.0,686,0.22747747747747749,0.14414414414414414,7.356478880441365,0.9591435107313463,1.8618975124732708,0.8137324780232833,0.8864379625947771,0.5152910533694607
DPYSL3,0.0,777,0.125,0.0,754,0.15090090090090091,0.0,736,0.17117117117117117,0.14902402402402404,5.0255295397968105,0.9904797147278477,1.1041630981230695,0.7714421477785698,0.8809594058490406,0.5149917149365324
SHCBP1,0.0,735,0.17229729729729729,0.0,851,0.041666666666666664,0.0,694,0.21846846846846846,0.14414414414414414,4.5489043059947525,0.9823891542757182,0.7367754692325965,0.7890235210263721,0.8857060094542273,0.5149250767991858
TMC5,0.0,784,0.11711711711711711,0.0,739,0.1677927927927928,0.0,744,0.16216216216216217,0.14902402402402404,5.790512097154007,0.9632140213954115,1.5531858256117834,0.7978142076502732,0.8805139706673549,0.5147689973456895
MB21D1,0.0,785,0.11599099099099099,0.0,738,0.16891891891891891,0.0,745,0.16103603603603603,0.14864864864864866,3.0440612056785303,0.9716746282715468,0.5144426490852938,0.7892611071513423,0.8804675472313073,0.514558097939978
DHRS9,0.0,736,0.17117117117117117,0.0,852,0.04054054054054054,0.0,695,0.21734234234234234,0.14301801801801803,7.499993325708135,0.9814303976317029,1.253235117605132,0.789736279401283,0.8855830308079803,0.5143005244129991
MX2,0.0,779,0.12274774774774774,0.0,756,0.14864864864864866,0.0,738,0.16891891891891891,0.14677177177177178,3.072373134629616,0.9559644755432954,0.8187508030411026,0.8056545497742932,0.8808094434436253,0.5137906076076986
MOCOS,0.0,780,0.12162162162162163,0.0,757,0.14752252252252251,0.0,739,0.1677927927927928,0.14564564564564564,2.655476280024221,0.9421718361030748,0.5154678712283189,0.8194345450225706,0.88080317190745,0.5132244087765478
TSC22D1,0.0,710,0.20045045045045046,0.0,802,0.09684684684684684,0.0,770,0.13288288288288289,0.1433933933933934,2.8048522169144854,0.9720110341115522,0.7015341910192454,0.7933000712758376,0.8826553318650765,0.513024362629235
PGM2L1,0.0,696,0.21621621621621623,0.0,859,0.03265765765765766,0.0,732,0.17567567567567569,0.14151651651651653,2.5237682769292875,0.9566036466393055,0.8300380684248045,0.8120693751484913,0.8843364735141551,0.5129264950153358
ATP2C2,0.0,781,0.1204954954954955,0.0,758,0.1463963963963964,0.0,740,0.16666666666666666,0.1445195195195195,4.0667965114714395,0.9590257686873445,0.7867844238536454,0.8025659301496793,0.8807957568564949,0.5126576381880072
COL5A2,0.0,697,0.21509009009009009,0.0,860,0.03153153153153153,0.0,733,0.17454954954954954,0.1403903903903904,5.343861939043261,0.9867119693197874,1.3648090710382519,0.781895937277263,0.8843033395729069,0.5123468649816486
ANXA8L1,0.0,698,0.21396396396396397,0.0,861,0.030405405405405407,0.0,734,0.17342342342342343,0.13926426426426428,6.098039366211398,0.9399010966830385,1.3290043066444914,0.8287004038964125,0.8843007425938836,0.5117825034290739
LBH,0.0,776,0.12612612612612611,0.0,753,0.15202702702702703,0.0,758,0.1463963963963964,0.1415165165165165,3.87246269932046,0.9798324698916773,0.6725544357329527,0.7821335234022333,0.8809823986225876,0.5112494575695521
TUBB,0.0,767,0.13626126126126126,0.0,747,0.15878378378378377,0.0,778,0.12387387387387387,0.13963963963963963,2.582432934131737,0.9888649666958219,0.5332817177476823,0.7745307674031836,0.8816967018258182,0.5106681707327289
TBL1XR1,0.0,768,0.13513513513513514,0.0,748,0.15765765765765766,0.0,779,0.12274774774774774,0.13851351351351351,1.8060045011101393,0.9658043463634528,0.5236206343549545,0.797576621525303,0.8816903367674839,0.5101019251404987
ARMC9,0.0,831,0.06418918918918919,0.0,716,0.19369369369369369,0.0,787,0.11373873873873874,0.12387387387387387,2.518135157774339,0.9825068963197201,0.5988159040152059,0.8085055832739368,0.8955061853146012,0.5096900295942376
B4GALT4,0.0,769,0.134009009009009,0.0,749,0.15653153153153154,0.0,780,0.12162162162162163,0.1373873873873874,2.478658628809796,0.9886294826078181,0.5415472772630077,0.7745307674031837,0.8815789599374203,0.5094831736624038
ABLIM3,0.0,773,0.12950450450450451,0.0,752,0.15315315315315314,0.0,773,0.12950450450450451,0.1373873873873874,3.7066098600551705,0.9748200228755971,0.6525038417676425,0.7875980042765502,0.8812086473033043,0.5092980173453459
TFAP2A,0.0,722,0.18693693693693694,0.0,886,0.0022522522522522522,0.0,708,0.20270270270270271,0.13063063063063063,5.183940782479984,0.9813967570477024,0.6007826752197665,0.7928248990258969,0.8871105955550495,0.50887061309284
YEATS2,0.0,723,0.1858108108108108,0.0,887,0.0011261261261261261,0.0,707,0.20382882882882883,0.13025525525525525,1.6033841283724684,0.9491354369911862,0.5707135923022104,0.8246614397719172,0.8868984273732622,0.5085768413142587
MPZL2,0.0,771,0.13175675675675674,0.0,750,0.1554054054054054,0.0,782,0.11936936936936937,0.13551051051051052,2.6869268350938578,0.9223238915427571,0.8982402542171508,0.8408172962698979,0.8815705915417934,0.5085405510261519
PMEPA1,0.0,772,0.13063063063063063,0.0,751,0.15427927927927929,0.0,783,0.11824324324324324,0.1343843843843844,3.483698751934334,0.9625243894234004,0.7845056711808036,0.8001900688999762,0.8813571130676567,0.5078707487260206
PI3,0.0,832,0.06306306306306306,0.0,717,0.19256756756756757,0.0,798,0.10135135135135136,0.118993993993994,7.1382457511942405,0.9570073336473122,0.7328657448325022,0.8339272986457591,0.8954673115255635,0.5072306527597787
SEC23A,0.0,690,0.22297297297297297,0.0,863,0.028153153153153154,0.0,762,0.14189189189189189,0.131006006006006,2.6329562739689165,0.974315414115589,0.7339629745782839,0.7925873129009267,0.8834511275864759,0.507228566796241
ARHGAP42,0.0,717,0.19256756756756757,0.0,882,0.006756756756756757,0.0,728,0.18018018018018017,0.1265015015015015,3.5523823588777503,0.9711363789275382,0.5448091589451174,0.8037538607745307,0.8874450369838763,0.5069732692426889
KIF18A,0.0,721,0.18806306306306306,0.0,885,0.0033783783783783786,0.0,721,0.18806306306306306,0.1265015015015015,4.067732624638364,0.9806398439076903,0.595718127821335,0.7940128296507484,0.8873261297067238,0.5069138156041126
TMEM133,0.0,833,0.061936936936936936,0.0,718,0.19144144144144143,0.0,800,0.0990990990990991,0.11749249249249248,3.471813947386127,0.9770739420036332,0.8582379187455453,0.8134948918983131,0.8952843841349402,0.5063884383137163
SIPA1L1,0.0,699,0.21283783783783783,0.0,862,0.02927927927927928,0.0,760,0.14414414414414414,0.12875375375375375,1.744183347910921,0.9664771580434637,0.543499717272514,0.8009028272748873,0.8836898840140763,0.506221818883915
ARL4C,0.0,719,0.19031531531531531,0.0,883,0.00563063063063063,0.0,730,0.17792792792792791,0.1246246246246246,4.195261989504138,0.9767711767476283,0.8434686101211684,0.7980517937752435,0.8874113428886666,0.5060179837566456
ENTPD1,0.0,707,0.20382882882882883,0.0,847,0.04617117117117117,0.0,767,0.13626126126126126,0.12875375375375375,3.7863991522572835,0.9900423871358407,0.847431672606322,0.7757186980280353,0.8828794821963643,0.505816617975059
KIF26B,0.0,720,0.1891891891891892,0.0,884,0.0045045045045045045,0.0,731,0.1768018018018018,0.12349849849849852,5.4283354134427775,0.9888649666958218,0.678089204086481,0.785934901401758,0.8873995099182539,0.5054490042083762
EIF2AK2,0.0,703,0.20833333333333334,0.0,864,0.02702702702702703,0.0,764,0.13963963963963963,0.125,2.1841334992935475,0.9723306196595572,0.5679384057971024,0.7942504157757186,0.8832903150936827,0.5041451575468414
DAPP1,0.0,704,0.2072072072072072,0.0,865,0.0259009009009009,0.0,765,0.13851351351351351,0.12387387387387387,5.662225597120367,0.9767207158716275,0.6131385958660021,0.789736279401283,0.8832281907461654,0.5035510323100196
TNFRSF10A,0.0,888,0.0,0.0,726,0.18243243243243243,0.0,754,0.15090090090090091,0.11111111111111112,3.2218149633317634,0.9570409742313127,0.5802390757899722,0.8025659301496793,0.8798033597327691,0.49545723542194015
NCAPG,0.0,789,0.11148648648648649,0.0,880,0.009009009009009009,0.0,726,0.18243243243243243,0.10097597597597598,4.816230686940726,0.988814505819821,0.775053578047042,0.7864100736516988,0.8876118838679962,0.49429392992198606
TPI1,0.0,788,0.11261261261261261,0.0,881,0.007882882882882882,0.0,727,0.18130630630630631,0.10060060060060061,2.5103876505416114,0.9896050595438336,0.5712524851508682,0.7854597291518175,0.8875319514880252,0.4940662760443129
LIPH,0.0,792,0.10810810810810811,0.0,832,0.06306306306306306,0.0,809,0.08896396396396396,0.08671171171171171,3.8112118448496264,0.960371392047366,1.4746664742219027,0.8265621287716798,0.8934667509531771,0.4900892313324444
SLC16A4,0.0,834,0.060810810810810814,0.0,804,0.0945945945945946,0.0,801,0.09797297297297297,0.08445945945945947,4.397477450716544,0.9830115050797281,0.8753903064861,0.8073176526490853,0.8951645184520228,0.48981198895574113
TNIK,0.0,794,0.10585585585585586,0.0,834,0.060810810810810814,0.0,812,0.08558558558558559,0.08408408408408409,2.5504338558837385,0.9642905200834287,0.7349490757899746,0.8225231646471847,0.8934068285879585,0.4887454563360213
DDX60L,0.0,849,0.04391891891891892,0.0,871,0.019144144144144143,0.0,710,0.20045045045045046,0.08783783783783783,2.099600719908497,0.9622216241673955,0.9631044452363966,0.8149204086481349,0.8885709881522853,0.48820441299506157
TES,0.0,850,0.04279279279279279,0.0,872,0.018018018018018018,0.0,711,0.19932432432432431,0.08671171171171171,2.386037764919599,0.9654679405234474,0.6598700403896425,0.8115942028985508,0.888531032537894,0.48762137212480283
SGPP2,0.0,816,0.08108108108108109,0.0,830,0.06531531531531531,0.0,805,0.09346846846846847,0.07995495495495496,4.03385828567584,0.9724483617035592,0.8674134663815627,0.8168210976478972,0.894634705907998,0.4872948304314765
FAT1,0.0,813,0.08445945945945946,0.0,831,0.06418918918918919,0.0,808,0.09009009009009009,0.07957957957957958,2.454949465114713,0.9630626387674092,0.7834249703017351,0.8246614397719173,0.8938620281749406,0.48672080387726013
IL1RN,0.0,852,0.04054054054054054,0.0,873,0.016891891891891893,0.0,713,0.19707207207207209,0.08483483483483484,6.045083583395007,0.9702785440355245,0.8281008766928002,0.8066048942741745,0.8884416549953922,0.48663824491511354
SFXN1,0.0,854,0.038288288288288286,0.0,874,0.015765765765765764,0.0,715,0.19481981981981983,0.08295795795795796,2.0529107885352893,0.9756946780596111,0.519312064623425,0.800902827274887,0.8882986434555268,0.48562830070674234
ADSS,0.0,846,0.0472972972972973,0.0,815,0.08220720720720721,0.0,786,0.11486486486486487,0.08145645645645645,2.0692172744398842,0.9757619592276121,0.5240052482774997,0.8020907578997386,0.8889262607681689,0.4851913586123127
BZW1,0.0,855,0.037162162162162164,0.0,875,0.01463963963963964,0.0,716,0.19369369369369369,0.08183183183183183,2.7408931743255063,0.9814135773397026,0.5623715205511992,0.7950819672131146,0.888247582785292,0.48503970730856194
MET,0.0,835,0.059684684684684686,0.0,828,0.06756756756756757,0.0,802,0.09684684684684684,0.0746996996996997,3.3430843436722073,0.9509352082352149,1.3542566809218348,0.8391541933951057,0.8950446979551621,0.4848721988274309
KCNK1,0.0,793,0.10698198198198199,0.0,833,0.061936936936936936,0.0,836,0.05855855855855856,0.07582582582582582,4.062231588508377,0.9800847742716814,0.7447138512710865,0.8068424803991446,0.8934635641225492,0.48464469497418755
ZC2HC1A,0.0,836,0.05855855855855856,0.0,829,0.06644144144144144,0.0,803,0.09572072072072071,0.07357357357357357,2.0836656125950346,0.9548879768552782,0.6870425968163465,0.8351152292706105,0.8950015988781675,0.48428758622587054
VDR,0.0,857,0.03490990990990991,0.0,876,0.013513513513513514,0.0,718,0.19144144144144143,0.07995495495495496,4.114847547601426,0.9867960707797888,0.5728822903302451,0.7894986932763127,0.8881470661751326,0.4840510105650438
RAI14,0.0,795,0.10472972972972973,0.0,835,0.059684684684684686,0.0,837,0.057432432432432436,0.07394894894894895,2.7226537105564157,0.9717587297315481,0.9455792183416483,0.8149204086481351,0.8933395407827276,0.4836442448658383
KIAA1524,0.0,861,0.030405405405405407,0.0,878,0.01126126126126126,0.0,722,0.18693693693693694,0.0762012012012012,3.2100937226670254,0.9778813160196461,0.6360988334521265,0.7980517937752436,0.8879664124356225,0.48208380681841184
NPC1,0.0,862,0.02927927927927928,0.0,879,0.010135135135135136,0.0,723,0.1858108108108108,0.07507507507507506,2.012971789006257,0.9681087263674897,0.7948975766215263,0.8077928248990259,0.8879507183474469,0.48151289671126096
ITPR3,0.0,796,0.1036036036036036,0.0,836,0.05855855855855856,0.0,864,0.02702702702702703,0.06306306306306307,2.5856613436049245,0.9357969454349728,0.7933461582323575,0.8505583273936802,0.8931776354387059,0.4781203492508845
KYNU,0.0,797,0.10247747747747747,0.0,837,0.057432432432432436,0.0,866,0.024774774774774775,0.06156156156156156,5.813112416739555,0.9851813227477628,1.1749380684248063,0.8011404133998574,0.8931607603727273,0.4773611609671444
FOXQ1,0.0,848,0.04504504504504504,0.0,858,0.033783783783783786,0.0,784,0.11711711711711711,0.06531531531531531,3.88408662786786,0.944745340779116,0.9997454430981225,0.8327393680209075,0.8887423491619597,0.4770288322386375
DCBLD2,0.0,798,0.10135135135135136,0.0,838,0.05630630630630631,0.0,867,0.02364864864864865,0.06043543543543544,2.6856495895848758,0.9487822108591806,1.0971434497505346,0.8374910905203137,0.8931366473047984,0.4767860413701169
PLEKHB2,0.0,799,0.10022522522522523,0.0,839,0.05518018018018018,0.0,868,0.02252252252252252,0.059309309309309305,2.426476061360425,0.987250218663796,0.5327591541933936,0.7987645521501544,0.8930072505904239,0.4761582799498666
ADAM19,0.0,815,0.08220720720720721,0.0,807,0.09121621621621621,0.0,883,0.00563063063063063,0.059684684684684686,4.797949818340847,0.981127632375698,0.7558750582086002,0.8023283440247089,0.8917278923185116,0.47570628850159813
PTPN12,0.0,801,0.09797297297297297,0.0,840,0.05405405405405406,0.0,870,0.02027027027027027,0.057432432432432436,2.19288980353899,0.9651147143914418,0.6956480019006905,0.8203848895224519,0.8927497847786156,0.475091108605524
CALU,0.0,808,0.09009009009009009,0.0,827,0.0686936936936937,0.0,876,0.013513513513513514,0.05743243243243243,2.468475967166791,0.9766534347036264,0.8357273889284871,0.8075552387740556,0.8921042779995099,0.47476835521597116
DEPDC1B,0.0,802,0.09684684684684684,0.0,841,0.05292792792792793,0.0,871,0.019144144144144143,0.05630630630630631,5.299510667429187,0.985753212675772,0.6201251817533855,0.7997148966500357,0.8927339315342204,0.47452011892026336
MAP4K4,0.0,809,0.08896396396396396,0.0,826,0.06981981981981981,0.0,878,0.01126126126126126,0.056681681681681674,3.130812887707731,0.9883603579358137,0.8538855452601561,0.7956759325255406,0.892017965204623,0.4743498234431523
KDM5B,0.0,807,0.09121621621621621,0.0,844,0.04954954954954955,0.0,865,0.0259009009009009,0.05555555555555556,1.9644627598735114,0.9668808450514701,0.5230161511047742,0.8180090282727488,0.8924449153753681,0.4740002354654618
ACTN1,0.0,803,0.09572072072072071,0.0,842,0.0518018018018018,0.0,872,0.018018018018018018,0.05518018018018018,2.860349465114715,0.9809257888716948,0.8875183131385134,0.8044666191494416,0.8926961260242853,0.47393815310223275
TRAK1,0.0,812,0.08558558558558559,0.0,824,0.07207207207207207,0.0,881,0.007882882882882882,0.05518018018018018,2.911829657538855,0.9850972212877616,0.6629470087906855,0.7987645521501545,0.8919307520649247,0.47355546612255245
TRIM31,0.0,804,0.0945945945945946,0.0,843,0.05067567567567568,0.0,873,0.016891891891891893,0.05405405405405406,6.657594378658413,0.966073471035457,1.2710533206620722,0.8191969588976004,0.8926351957711948,0.4733446249126244
RARRES3,0.0,841,0.05292792792792793,0.0,821,0.07545045045045046,0.0,857,0.03490990990990991,0.05442942942942944,4.833516648725021,0.9904124335598465,0.6068959824186289,0.789023521026372,0.8897176476097858,0.4720735385196076
CCL20,0.0,838,0.05630630630630631,0.0,806,0.09234234234234234,0.0,882,0.006756756756756757,0.05180180180180181,5.77103797349122,0.9553757653232862,1.2631830814920422,0.8282252316464719,0.8918004903928184,0.4718011460973101
ATP2C1,0.0,876,0.013513513513513514,0.0,805,0.09346846846846847,0.0,843,0.05067567567567568,0.052552552552552555,2.2060085817129784,0.9781840812756509,0.5056042385364687,0.8037538607745308,0.8909688878288853,0.4717607201907189
RHOF,0.0,873,0.016891891891891893,0.0,812,0.08558558558558559,0.0,840,0.05405405405405406,0.05217717717717718,3.729495653636547,0.9784195653636546,0.510287006414825,0.8037538607745308,0.8910866298618927,0.47163190351953493
SLC25A24,0.0,874,0.015765765765765764,0.0,813,0.08445945945945946,0.0,841,0.05292792792792793,0.051051051051051045,2.7196393729395143,0.9734239386395747,0.5698504632929433,0.8087431693989071,0.8910835010055717,0.47106727602831133
ENO1,0.0,843,0.05067567567567568,0.0,822,0.07432432432432433,0.0,860,0.03153153153153153,0.05217717717717718,3.14004131736527,0.9921953845118752,0.8517053480636729,0.7864100736516988,0.8893023224410564,0.4707397498091168
MR1,0.0,844,0.04954954954954955,0.0,823,0.0731981981981982,0.0,861,0.030405405405405407,0.051051051051051045,3.348262366278679,0.9895545986678328,0.6360213566167738,0.7887859349014018,0.8891699300060095,0.47011049052853027
NPR3,0.0,845,0.04842342342342342,0.0,845,0.04842342342342342,0.0,838,0.05630630630630631,0.051051051051051045,4.262338131601965,0.9692693265155083,1.209425557139462,0.8087431693989071,0.8890061950671246,0.4700286230590878
BGN,0.0,877,0.012387387387387387,0.0,814,0.08333333333333333,0.0,844,0.04954954954954955,0.04842342342342342,4.61890540604185,0.9838020588037408,1.2279140698503195,0.7978142076502732,0.8908079876897168,0.4696157055565701
COL12A1,0.0,878,0.01126126126126126,0.0,816,0.08108108108108109,0.0,845,0.04842342342342342,0.046921921921921926,4.877151308618717,0.9741640314875866,1.6498282418626733,0.807080066524115,0.8906219873995967,0.4687719546607593
ADGRF1,0.0,883,0.00563063063063063,0.0,818,0.07882882882882883,0.0,839,0.05518018018018018,0.046546546546546545,6.8026349021059005,0.9629785373074076,1.3791107008790688,0.8175338560228083,0.8902561743752622,0.46840136046090436
DCBLD1,0.0,870,0.02027027027027027,0.0,810,0.08783783783783784,0.0,863,0.028153153153153154,0.04542042042042042,2.0134696763775812,0.9581511135033304,0.7150127037301006,0.824423853646947,0.8912874722473687,0.46835394633389454
SLC22A3,0.0,872,0.018018018018018018,0.0,811,0.08671171171171171,0.0,862,0.02927927927927928,0.04466966966966967,4.567738168606607,0.965434299939447,1.1269864005702064,0.8170586837728676,0.891246468559299,0.46795806911448434
WDHD1,0.0,880,0.009009009009009009,0.0,817,0.07995495495495496,0.0,847,0.04617117117117117,0.04504504504504505,2.7577899650137927,0.9780663392316491,0.6059575742456658,0.8028035162746496,0.8904348357811113,0.46773994041307815
MATN3,0.0,865,0.0259009009009009,0.0,808,0.09009009009009009,0.0,885,0.0033783783783783786,0.03978978978978979,6.218921977393528,0.9836002152997375,1.2314796103587535,0.7994773105250653,0.8915386368689618,0.4656642133293758
RAD51AP1,0.0,885,0.0033783783783783786,0.0,819,0.0777027027027027,0.0,852,0.04054054054054054,0.04054054054054054,3.5941173921819285,0.9810771714996972,0.5669857044428608,0.799239724400095,0.8901583193934798,0.4653494299670102
ANTXR2,0.0,867,0.02364864864864865,0.0,809,0.08896396396396396,0.0,886,0.0022522522522522522,0.038288288288288286,3.418504262261992,0.9588575657673417,1.0283505060584446,0.8241862675219768,0.891521905042208,0.46490509666524815
TGM2,0.0,887,0.0011261261261261261,0.0,820,0.07657657657657657,0.0,854,0.038288288288288286,0.03866366366366366,3.9257936116530985,0.9523985736392383,1.2623196555001188,0.8277500593965312,0.890074308062049,0.46436898586285635
