gene_A,gene_B,K_final_A,K_final_B,discovery_sensitivity,discovery_specificity,GSE62452_sensitivity,GSE62452_specificity,tumor_spearman_r,threshold_instability_A,threshold_instability_B,mean_threshold_instability,performance_score,redundancy_penalty,threshold_instability_penalty,pair_score,redundancy_category
OCIAD2,EDIL3,0.796545245774221,0.6311502155526197,0.9831460674157303,1.0,0.8115942028985508,0.639344262295082,0.012073271608729879,0.00957360595802697,0.03610149953278518,0.022837552745406074,0.8585211331523408,0.002414654321745976,0.0022837552745406074,0.8538227235560543,weak correlation / high independence
OCIAD2,PXDN,0.796545245774221,0.7169660210736698,0.949438202247191,1.0,0.8115942028985508,0.639344262295082,0.003474737931783419,0.00957360595802697,1.1102230246251565e-16,0.00478680297901354,0.850094166860206,0.0006949475863566838,0.000478680297901354,0.848920538975948,weak correlation / high independence
ETV1,PKM,0.6641001764469112,0.8047205189285296,0.9775280898876404,0.9940119760479041,0.7101449275362319,0.9016393442622951,0.22858796481055058,0.02482275843931166,0.005155450437644578,0.01498910443847812,0.8958310844335179,0.045717592962110115,0.001498910443847812,0.8486145810275599,low-to-moderate correlation / partial independence
MMP12,PKM,0.39736509818459975,0.8047205189285296,0.9606741573033708,0.9940119760479041,0.7101449275362319,0.9016393442622951,0.2367919891290684,0.02207993458626133,0.005155450437644578,0.013617692511952955,0.8916176012874505,0.047358397825813685,0.0013617692511952956,0.8428974342104416,low-to-moderate correlation / partial independence
EDIL3,PKM,0.6311502155526197,0.8047205189285296,0.9775280898876404,0.9940119760479041,0.7101449275362319,0.9016393442622951,0.2595604448218726,0.03610149953278518,0.005155450437644578,0.02062847498521488,0.8958310844335179,0.05191208896437453,0.002062847498521488,0.8418561479706219,low-to-moderate correlation / partial independence
GRN,PKM,0.8150381531247665,0.8047205189285296,0.9831460674157303,0.9940119760479041,0.7101449275362319,0.9016393442622951,0.2711014720800955,0.022702682080163877,0.005155450437644578,0.013929066258904228,0.8972355788155403,0.0542202944160191,0.001392906625890423,0.8416223777736308,low-to-moderate correlation / partial independence
AGR2,PKM,0.42747807269657895,0.8047205189285296,0.9662921348314607,0.9940119760479041,0.7101449275362319,0.9016393442622951,0.2251478569125966,0.2900457034734938,0.005155450437644578,0.1476005769555692,0.8930220956694729,0.04502957138251932,0.01476005769555692,0.8332324665913967,low-to-moderate correlation / partial independence
PKM,SLC44A4,0.8047205189285296,0.7740984388681964,0.9213483146067416,1.0,0.6956521739130435,0.9180327868852459,0.26683398426902455,0.005155450437644578,0.0,0.002577725218822289,0.8837583188512578,0.05336679685380491,0.0002577725218822289,0.8301337494755707,low-to-moderate correlation / partial independence
OCIAD2,ETV1,0.796545245774221,0.6641001764469112,0.9831460674157303,1.0,0.8115942028985508,0.639344262295082,0.13406041107478056,0.00957360595802697,0.02482275843931166,0.017198182198669316,0.8585211331523408,0.026812082214956113,0.0017198182198669316,0.8299892327175178,weak correlation / high independence
PLAC8,PKM,0.6220726772459807,0.8047205189285296,0.9719101123595506,0.9940119760479041,0.7101449275362319,0.9016393442622951,0.31942659437762244,0.023424625728514163,0.005155450437644578,0.014290038083079371,0.8944265900514954,0.0638853188755245,0.0014290038083079372,0.829112267367663,low-to-moderate correlation / partial independence
EDIL3,TXN,0.6311502155526197,0.8669527154073219,0.9269662921348315,0.9940119760479041,0.5217391304347826,0.9016393442622951,-0.03147212496291387,0.03610149953278518,0.015599869785909371,0.025850684659347277,0.8360891857199533,0.0062944249925827745,0.0025850684659347277,0.8272096922614357,weak correlation / high independence
OCIAD2,LOXL1,0.796545245774221,0.7782706315643453,0.949438202247191,1.0,0.8115942028985508,0.6557377049180327,0.12507547116617554,0.00957360595802697,0.046101545049522054,0.02783757550377451,0.8541925275159437,0.02501509423323511,0.0027837575503774515,0.8263936757323311,weak correlation / high independence
PKM,PXDN,0.8047205189285296,0.7169660210736698,0.9438202247191011,0.9940119760479041,0.7101449275362319,0.9016393442622951,0.30721215583832967,0.005155450437644578,1.1102230246251565e-16,0.0025777252188223447,0.8874041181413831,0.061442431167665935,0.0002577725218822345,0.825703914451835,low-to-moderate correlation / partial independence
OCIAD2,MMP9,0.796545245774221,0.5052459001107324,0.9719101123595506,1.0,0.8115942028985508,0.639344262295082,0.1323690015866817,0.00957360595802697,0.0779806405713783,0.043777123264702636,0.8557121443882958,0.02647380031733634,0.004377712326470264,0.8248606317444892,weak correlation / high independence
ETV1,TXN,0.6641001764469112,0.8669527154073219,0.9269662921348315,0.9940119760479041,0.5217391304347826,0.9016393442622951,0.051155063720473064,0.02482275843931166,0.015599869785909371,0.020211314112610516,0.8360891857199533,0.010231012744094613,0.0020211314112610515,0.8238370415645976,weak correlation / high independence
DPCR1,PKM,0.4249694598250433,0.8047205189285296,0.8707865168539326,0.9940119760479041,0.7101449275362319,0.9016393442622951,0.226342626053826,0.0,0.005155450437644578,0.002577725218822289,0.8691456911750909,0.0452685252107652,0.0002577725218822289,0.8236193934424435,low-to-moderate correlation / partial independence
CEACAM5,PKM,0.3827813825580026,0.8047205189285296,0.9382022471910112,1.0,0.7101449275362319,0.9016393442622951,0.29654111436380803,0.09847649330690951,0.005155450437644578,0.051815971872277045,0.8874966297473845,0.05930822287276161,0.005181597187227705,0.8230068096873953,low-to-moderate correlation / partial independence
TXN,PXDN,0.8669527154073219,0.7169660210736698,0.898876404494382,0.9880239520958084,0.5217391304347826,0.9016393442622951,0.023933786312045294,0.015599869785909371,1.1102230246251565e-16,0.007799934892954741,0.827569707821817,0.004786757262409059,0.0007799934892954741,0.8220029570701125,weak correlation / high independence
MMP9,PKM,0.5052459001107324,0.8047205189285296,0.9662921348314607,1.0,0.7101449275362319,0.9016393442622951,0.3542833979951695,0.0779806405713783,0.005155450437644578,0.04156804550451144,0.8945191016574969,0.0708566795990339,0.004156804550451144,0.8195056175080119,low-to-moderate correlation / partial independence
RCN1,PKM,0.8497562945311693,0.8047205189285296,0.9438202247191011,0.9940119760479041,0.7101449275362319,0.9016393442622951,0.3339019936091356,0.041475064871972264,0.005155450437644578,0.02331525765480842,0.8874041181413831,0.06678039872182712,0.0023315257654808424,0.8182921936540752,low-to-moderate correlation / partial independence
OCIAD2,SPARC,0.796545245774221,0.8132930712086771,0.898876404494382,1.0,0.5507246376811594,0.8524590163934426,0.016055468019392956,0.00957360595802697,0.08688946638151579,0.04823153616977138,0.8255150146422461,0.003211093603878591,0.004823153616977139,0.8174807674213903,weak correlation / high independence
OCIAD2,RCN1,0.796545245774221,0.8497562945311693,0.9438202247191011,1.0,0.8115942028985508,0.639344262295082,0.15218604393847004,0.00957360595802697,0.041475064871972264,0.025524335414999617,0.8486896724781835,0.03043720878769401,0.002552433541499962,0.8157000301489896,weak correlation / high independence
SDC1,ETV1,0.8187216314358295,0.6641001764469112,0.7921348314606742,1.0,0.6376811594202898,0.9508196721311475,0.12630129786703514,0.08453034283497024,0.02482275843931166,0.05467655063714095,0.8451589157530279,0.02526025957340703,0.005467655063714095,0.8144310011159068,weak correlation / high independence
CST1,PKM,0.5436593060985359,0.8047205189285296,0.9157303370786517,1.0,0.7101449275362319,0.9016393442622951,0.2715782485468509,0.2613835538362081,0.005155450437644578,0.13326950213692634,0.8818786522192946,0.05431564970937019,0.013326950213692635,0.8142360522962317,low-to-moderate correlation / partial independence
OCIAD2,RNF145,0.796545245774221,0.5397698695819814,0.9887640449438202,1.0,0.8115942028985508,0.639344262295082,0.13432539672032506,0.00957360595802697,0.38051362907585307,0.19504361751694002,0.8599256275343632,0.026865079344065013,0.019504361751694003,0.8135561864386042,weak correlation / high independence
OCIAD2,GRN,0.796545245774221,0.8150381531247665,0.9831460674157303,1.0,0.7971014492753623,0.639344262295082,0.20336972439927828,0.00957360595802697,0.022702682080163877,0.016138144019095423,0.8548979447465437,0.04067394487985566,0.0016138144019095424,0.8126101854647785,low-to-moderate correlation / partial independence
RNF145,PKM,0.5397698695819814,0.8047205189285296,0.9831460674157303,0.9940119760479041,0.7101449275362319,0.9016393442622951,0.32751816232555303,0.38051362907585307,0.005155450437644578,0.19283453975674883,0.8972355788155403,0.06550363246511061,0.019283453975674884,0.8124484923747548,low-to-moderate correlation / partial independence
PLS1,PKM,0.759439754640533,0.8047205189285296,0.9157303370786517,1.0,0.7101449275362319,0.9016393442622951,0.34910777693004824,1.1102230246251565e-16,0.005155450437644578,0.0025777252188223447,0.8818786522192946,0.06982155538600965,0.0002577725218822345,0.8117993243114028,low-to-moderate correlation / partial independence
PKM,PSMB8,0.8047205189285296,0.5599685464333456,0.9831460674157303,0.9940119760479041,0.7101449275362319,0.9016393442622951,0.3352733745173644,0.005155450437644578,0.39461831759543303,0.1998868840165388,0.8972355788155403,0.06705467490347287,0.01998868840165388,0.8101922155104135,low-to-moderate correlation / partial independence
MMP9,TXN,0.5052459001107324,0.8669527154073219,0.9213483146067416,0.9880239520958084,0.5217391304347826,0.9016393442622951,0.10529776311993418,0.0779806405713783,0.015599869785909371,0.04679025517864383,0.833187685349907,0.021059552623986837,0.004679025517864383,0.8074491072080557,weak correlation / high independence
SDC1,EDIL3,0.8187216314358295,0.6311502155526197,0.7921348314606742,1.0,0.6376811594202898,0.9508196721311475,0.16396796561457802,0.08453034283497024,0.03610149953278518,0.06031592118387771,0.8451589157530279,0.032793593122915604,0.0060315921183877715,0.8063337305117245,weak correlation / high independence
PKM,TMEM173,0.8047205189285296,0.8261906687524584,0.949438202247191,0.9940119760479041,0.7101449275362319,0.9016393442622951,0.4087993974008834,0.005155450437644578,0.011366255750379306,0.008260853094011943,0.8888086125234055,0.08175987948017668,0.0008260853094011943,0.8062226477338276,moderate correlation
MMP12,TXN,0.39736509818459975,0.8669527154073219,0.9157303370786517,0.9940119760479041,0.5217391304347826,0.9016393442622951,0.13154928364013016,0.02207993458626133,0.015599869785909371,0.01883990218608535,0.8332801969559084,0.026309856728026035,0.0018839902186085352,0.8050863500092739,weak correlation / high independence
OCIAD2,ANKLE2,0.796545245774221,0.8693496009171224,0.9044943820224719,1.0,0.8115942028985508,0.639344262295082,0.16902899425775106,0.00957360595802697,0.004269873992884083,0.006921739975455526,0.8388582118040262,0.03380579885155021,0.0006921739975455526,0.8043602389549305,weak correlation / high independence
TXN,RNF145,0.8669527154073219,0.5397698695819814,0.9325842696629213,0.9820359281437125,0.5217391304347826,0.9016393442622951,0.052778622998100176,0.015599869785909371,0.38051362907585307,0.19805674943088122,0.8344996681259279,0.010555724599620037,0.019805674943088124,0.8041382685832197,weak correlation / high independence
MMP12,SDC1,0.39736509818459975,0.8187216314358295,0.7921348314606742,1.0,0.6376811594202898,0.9508196721311475,0.18335883190815774,0.02207993458626133,0.08453034283497024,0.05330513871061578,0.8451589157530279,0.03667176638163155,0.005330513871061579,0.8031566355003349,weak correlation / high independence
LOXL1,PKM,0.7782706315643453,0.8047205189285296,0.9438202247191011,0.9940119760479041,0.7101449275362319,0.9016393442622951,0.41105679846930343,0.046101545049522054,0.005155450437644578,0.025628497743583317,0.8874041181413831,0.08221135969386069,0.0025628497743583317,0.8026299086731641,moderate correlation
LMNB1,PKM,0.7753667598130912,0.8047205189285296,0.949438202247191,1.0,0.7101449275362319,0.9016393442622951,0.43002936931922847,0.030689039486403287,0.005155450437644578,0.017922244962023933,0.8903056185114294,0.0860058738638457,0.0017922244962023934,0.8025075201513813,moderate correlation
CLDN12,PKM,0.805650131495029,0.8047205189285296,0.8820224719101124,0.9940119760479041,0.7101449275362319,0.9016393442622951,0.34728460150996343,0.0,0.005155450437644578,0.002577725218822289,0.8719546799391359,0.06945692030199269,0.0002577725218822289,0.802239987115261,low-to-moderate correlation / partial independence
TXN,LOXL1,0.8669527154073219,0.7782706315643453,0.9044943820224719,0.9940119760479041,0.5217391304347826,0.9180327868852459,0.14663250802189104,0.015599869785909371,0.046101545049522054,0.030850707417715714,0.8345695688476011,0.02932650160437821,0.0030850707417715718,0.8021579965014514,weak correlation / high independence
SLC16A1,PKM,0.6917994825403561,0.8047205189285296,0.949438202247191,0.9940119760479041,0.7101449275362319,0.9016393442622951,0.4023984854149105,0.12354264919498564,0.005155450437644578,0.0643490498163151,0.8888086125234055,0.08047969708298211,0.00643490498163151,0.8018940104587919,moderate correlation
MISP,PKM,0.4408376629769242,0.8047205189285296,0.9775280898876404,0.9940119760479041,0.7101449275362319,0.9016393442622951,0.4055382936043049,0.29398990912350004,0.005155450437644578,0.14957267978057232,0.8958310844335179,0.08110765872086098,0.014957267978057232,0.7997661577345997,moderate correlation
OCIAD2,MMP12,0.796545245774221,0.39736509818459975,0.9662921348314607,1.0,0.8115942028985508,0.639344262295082,0.26501560768543336,0.00957360595802697,0.02207993458626133,0.01582677027214415,0.8543076500062734,0.053003121537086674,0.0015826770272144152,0.7997218514419724,low-to-moderate correlation / partial independence
SPARC,TXN,0.8132930712086771,0.8669527154073219,0.8707865168539326,1.0,0.4057971014492754,0.9508196721311475,0.012664793119903997,0.08688946638151579,0.015599869785909371,0.05124466808371258,0.8068508226085889,0.0025329586239807994,0.005124466808371258,0.7991933971762367,weak correlation / high independence
CCNB1,TIMP1,0.7228724824339547,0.8127320901664025,0.9719101123595506,1.0,0.43478260869565216,0.8032786885245902,-0.009525207808696918,0.04176615865950621,0.0,0.020883079329753106,0.8024928523949482,0.0019050415617393836,0.0020883079329753105,0.7984995029002334,weak correlation / high independence
PTPRR,PKM,0.5441886518479988,0.8047205189285296,0.9606741573033708,0.9940119760479041,0.7101449275362319,0.9016393442622951,0.4673760163206975,0.02621672664746668,0.005155450437644578,0.01568608854255563,0.8916176012874505,0.0934752032641395,0.001568608854255563,0.7965737891690554,moderate correlation
OCIAD2,MMP13,0.796545245774221,0.25482009823610646,0.9550561797752809,1.0,0.8115942028985508,0.639344262295082,0.2717564214307584,0.00957360595802697,0.013220534326951576,0.011397070142489273,0.8514986612422284,0.054351284286151685,0.0011397070142489273,0.7960076699418278,low-to-moderate correlation / partial independence
TIMP1,KIF4A,0.8127320901664025,0.5311408971518579,0.9775280898876404,0.9940119760479041,0.43478260869565216,0.8032786885245902,-0.021324291373703737,0.0,0.044956748123976195,0.022478374061988098,0.8024003407889468,0.004264858274740747,0.0022478374061988098,0.7958876451080072,weak correlation / high independence
CAPN9,PKM,0.6169507151469692,0.8047205189285296,0.6910112359550562,1.0,0.7101449275362319,0.9016393442622951,0.09973705251234748,0.2016655848611086,0.005155450437644578,0.10341051764937659,0.8256988769383958,0.019947410502469495,0.010341051764937659,0.7954104146709886,weak correlation / high independence
ANKLE2,TXN,0.8693496009171224,0.8669527154073219,0.8707865168539326,0.9820359281437125,0.5217391304347826,0.9016393442622951,0.11587389233425749,0.004269873992884083,0.015599869785909371,0.009934871889396728,0.8190502299236807,0.0231747784668515,0.0009934871889396729,0.7948819642678896,weak correlation / high independence
OCIAD2,TMEM173,0.796545245774221,0.8261906687524584,0.9550561797752809,1.0,0.8115942028985508,0.6557377049180327,0.3002081010462075,0.00957360595802697,0.011366255750379306,0.010469930854203138,0.855597021897966,0.0600416202092415,0.0010469930854203138,0.7945084086033042,low-to-moderate correlation / partial independence
DNTTIP1,SPARC,0.767087675236294,0.8132930712086771,0.8932584269662921,1.0,0.6666666666666666,0.6557377049180327,0.025641325718580188,0.013590724254201294,0.08688946638151579,0.050240095317858544,0.8039156996377478,0.005128265143716038,0.005024009531785854,0.793763424962246,weak correlation / high independence
PLAC8,SPARC,0.6220726772459807,0.8132930712086771,0.8932584269662921,1.0,0.6666666666666666,0.6557377049180327,0.030617238767242056,0.023424625728514163,0.08688946638151579,0.05515704605501498,0.8039156996377478,0.006123447753448412,0.0055157046055014985,0.7922765472787978,weak correlation / high independence
ANKLE2,PKM,0.8693496009171224,0.8047205189285296,0.9044943820224719,0.9940119760479041,0.7101449275362319,0.9016393442622951,0.42505937958034934,0.004269873992884083,0.005155450437644578,0.00471266221526433,0.8775726574672257,0.08501187591606987,0.000471266221526433,0.7920895153296295,moderate correlation
PKM,CALM2,0.8047205189285296,0.7074816803992271,0.9831460674157303,0.9940119760479041,0.7101449275362319,0.9016393442622951,0.46517368076408133,0.005155450437644578,0.24465110344867963,0.1249032769431621,0.8972355788155403,0.09303473615281627,0.012490327694316211,0.7917105149684078,moderate correlation
CEACAM5,TIMP1,0.3827813825580026,0.8127320901664025,0.949438202247191,1.0,0.43478260869565216,0.8032786885245902,0.002657654614486538,0.09847649330690951,0.0,0.049238246653454755,0.7968748748668584,0.0005315309228973076,0.004923824665345476,0.7914195192786156,weak correlation / high independence
LMNB1,TIMP1,0.7753667598130912,0.8127320901664025,0.9438202247191011,1.0,0.43478260869565216,0.8032786885245902,0.012858991026982297,0.030689039486403287,0.0,0.015344519743201643,0.795470380484836,0.0025717982053964595,0.0015344519743201645,0.7913641303051194,weak correlation / high independence
PLAC8,TIMP1,0.6220726772459807,0.8127320901664025,0.9719101123595506,0.9880239520958084,0.43478260869565216,0.8032786885245902,0.03504525615008036,0.023424625728514163,0.0,0.011712312864257082,0.7994988404189003,0.007009051230016073,0.0011712312864257082,0.7913185579024585,weak correlation / high independence
SPARC,PKM,0.8132930712086771,0.8047205189285296,0.8932584269662921,1.0,0.5652173913043478,0.9344262295081968,0.2686277367758629,0.08688946638151579,0.005155450437644578,0.046022458409580184,0.8482255119447091,0.05372554735517258,0.004602245840958019,0.7898977187485785,low-to-moderate correlation / partial independence
DNTTIP1,PKM,0.767087675236294,0.8047205189285296,0.9775280898876404,0.9940119760479041,0.7101449275362319,0.9016393442622951,0.5261583866001225,0.013590724254201294,0.005155450437644578,0.009373087345922937,0.8958310844335179,0.1052316773200245,0.0009373087345922937,0.7896620983789011,moderate correlation
CEACAM5,SPARC,0.3827813825580026,0.8132930712086771,0.8820224719101124,1.0,0.6666666666666666,0.6557377049180327,-0.012516929506255948,0.09847649330690951,0.08688946638151579,0.09268297984421264,0.8011067108737029,0.00250338590125119,0.009268297984421265,0.7893350269880304,weak correlation / high independence
GRN,SDC1,0.8150381531247665,0.8187216314358295,0.797752808988764,1.0,0.6376811594202898,0.9508196721311475,0.2597037966186093,0.022702682080163877,0.08453034283497024,0.05361651245756706,0.8465634101350503,0.051940759323721865,0.005361651245756706,0.7892609995655717,low-to-moderate correlation / partial independence
PKM,IDO1,0.8047205189285296,0.6342956048342389,0.6404494382022472,1.0,0.7101449275362319,0.9016393442622951,0.07318460153000411,0.005155450437644578,0.18228862782295413,0.09372203913029935,0.8130584275001935,0.014636920306000823,0.009372203913029935,0.7890493032811627,weak correlation / high independence
CCNB1,SPARC,0.7228724824339547,0.8132930712086771,0.8932584269662921,1.0,0.6666666666666666,0.6557377049180327,0.042593710685186865,0.04176615865950621,0.08688946638151579,0.06432781252051101,0.8039156996377478,0.008518742137037374,0.006432781252051101,0.7889641762486592,weak correlation / high independence
GRN,TXN,0.8150381531247665,0.8669527154073219,0.9325842696629213,0.9940119760479041,0.5072463768115942,0.9016393442622951,0.220326982492276,0.022702682080163877,0.015599869785909371,0.019151275933036623,0.8338704916961787,0.0440653964984552,0.0019151275933036623,0.7878899676044198,low-to-moderate correlation / partial independence
PTPRR,TIMP1,0.5441886518479988,0.8127320901664025,0.9606741573033708,0.9880239520958084,0.43478260869565216,0.8032786885245902,0.038570774262389876,0.02621672664746668,0.0,0.01310836332373334,0.7966898516548555,0.007714154852477975,0.001310836332373334,0.7876648604700042,weak correlation / high independence
PKM,MMP13,0.8047205189285296,0.25482009823610646,0.949438202247191,1.0,0.7101449275362319,0.9016393442622951,0.5095158921643804,0.005155450437644578,0.013220534326951576,0.009187992382298078,0.8903056185114294,0.1019031784328761,0.0009187992382298078,0.7874836408403235,moderate correlation
CCNB1,PKM,0.7228724824339547,0.8047205189285296,0.9775280898876404,1.0,0.7101449275362319,0.9016393442622951,0.5397352455382421,0.04176615865950621,0.005155450437644578,0.023460804548575395,0.8973280904215418,0.10794704910764844,0.0023460804548575396,0.7870349608590359,moderate correlation
SDC1,RNF145,0.8187216314358295,0.5397698695819814,0.797752808988764,1.0,0.6376811594202898,0.9508196721311475,0.18971908973800694,0.08453034283497024,0.38051362907585307,0.23252198595541165,0.8465634101350503,0.03794381794760139,0.023252198595541167,0.7853673935919078,weak correlation / high independence
SPARC,SLC44A4,0.8132930712086771,0.7740984388681964,0.848314606741573,1.0,0.6376811594202898,0.6885245901639344,-0.022238913790296928,0.08688946638151579,0.0,0.043444733190757895,0.7936300890814493,0.004447782758059386,0.00434447331907579,0.7848378330043141,weak correlation / high independence
ETV1,TIMP1,0.6641001764469112,0.8127320901664025,0.9719101123595506,0.9820359281437125,0.43478260869565216,0.8032786885245902,0.0597536083939239,0.02482275843931166,0.0,0.01241137921965583,0.7980018344308764,0.011950721678784781,0.001241137921965583,0.784809974830126,weak correlation / high independence
PKM,PYGB,0.8047205189285296,0.7834014339198262,0.949438202247191,1.0,0.7101449275362319,0.9016393442622951,0.5245973496920986,0.005155450437644578,0.017308592920477872,0.011232021679061226,0.8903056185114294,0.10491946993841972,0.0011232021679061226,0.7842629464051036,moderate correlation
SLC44A4,TIMP1,0.7740984388681964,0.8127320901664025,0.9101123595505618,1.0,0.42028985507246375,0.819672131147541,0.023759254028368284,0.0,0.0,0.0,0.7875185864426416,0.004751850805673657,0.0,0.782766735636968,weak correlation / high independence
OCIAD2,LMNB1,0.796545245774221,0.7753667598130912,0.9550561797752809,1.0,0.8115942028985508,0.639344262295082,0.3354485696499836,0.00957360595802697,0.030689039486403287,0.020131322722215128,0.8514986612422284,0.06708971392999673,0.002013132272221513,0.7823958150400101,low-to-moderate correlation / partial independence
PKM,KIF4A,0.8047205189285296,0.5311408971518579,0.9775280898876404,0.9940119760479041,0.7101449275362319,0.9016393442622951,0.555457969913354,0.005155450437644578,0.044956748123976195,0.025056099280810387,0.8958310844335179,0.11109159398267082,0.002505609928081039,0.7822338805227661,moderate correlation
SPARC,PYGB,0.8132930712086771,0.7834014339198262,0.8764044943820225,1.0,0.6666666666666666,0.6557377049180327,0.06278669068977943,0.08688946638151579,0.017308592920477872,0.05209902965099683,0.7997022164916804,0.012557338137955888,0.005209902965099683,0.7819349753886248,weak correlation / high independence
PYGB,TIMP1,0.7834014339198262,0.8127320901664025,0.9438202247191011,1.0,0.43478260869565216,0.8032786885245902,0.06424641036334698,0.017308592920477872,0.0,0.008654296460238936,0.795470380484836,0.012849282072669397,0.0008654296460238937,0.7817556687661427,weak correlation / high independence
MISP,TIMP1,0.4408376629769242,0.8127320901664025,0.9775280898876404,0.9700598802395209,0.43478260869565216,0.8032786885245902,0.0008287868858040191,0.29398990912350004,0.0,0.14699495456175002,0.7964123168368509,0.00016575737716080383,0.014699495456175002,0.781547064003515,weak correlation / high independence
SLC16A1,TIMP1,0.6917994825403561,0.8127320901664025,0.9550561797752809,0.9820359281437125,0.43478260869565216,0.8032786885245902,0.03748912148411659,0.12354264919498564,0.0,0.06177132459749282,0.793788351284809,0.007497824296823318,0.006177132459749282,0.7801133945282364,weak correlation / high independence
RCN1,SDC1,0.8497562945311693,0.8187216314358295,0.7865168539325843,1.0,0.6376811594202898,0.9508196721311475,0.28948904092177064,0.041475064871972264,0.08453034283497024,0.06300270385347126,0.8437544213710053,0.05789780818435413,0.006300270385347126,0.7795563428013041,low-to-moderate correlation / partial independence
SDC1,ANKLE2,0.8187216314358295,0.8693496009171224,0.7696629213483146,1.0,0.6376811594202898,0.9508196721311475,0.2780969808845181,0.08453034283497024,0.004269873992884083,0.044400108413927164,0.8395409382249379,0.055619396176903625,0.004440010841392716,0.7794815312066417,low-to-moderate correlation / partial independence
SDC1,LMNB1,0.8187216314358295,0.7753667598130912,0.7921348314606742,1.0,0.6376811594202898,0.9508196721311475,0.30005963232337596,0.08453034283497024,0.030689039486403287,0.05760969116068676,0.8451589157530279,0.060011926464675194,0.005760969116068677,0.779386020172284,low-to-moderate correlation / partial independence
TXN,TMEM173,0.8669527154073219,0.8261906687524584,0.9157303370786517,0.9940119760479041,0.5217391304347826,0.9016393442622951,0.263616076771916,0.015599869785909371,0.011366255750379306,0.013483062768144339,0.8332801969559084,0.05272321535438321,0.0013483062768144339,0.7792086753247107,low-to-moderate correlation / partial independence
TOP2A,PKM,0.7642964013003924,0.8047205189285296,0.898876404494382,1.0,0.7101449275362319,0.9016393442622951,0.46032167374669963,0.12468589671829405,0.005155450437644578,0.06492067357796931,0.8776651690732272,0.09206433474933993,0.006492067357796932,0.7791087669660903,moderate correlation
OCIAD2,TIMP1,0.796545245774221,0.8127320901664025,0.9775280898876404,1.0,0.3333333333333333,0.9180327868852459,0.14107988001216984,0.00957360595802697,0.0,0.004786802979013485,0.807223552526555,0.02821597600243397,0.0004786802979013485,0.7785288962262197,weak correlation / high independence
MMP9,SDC1,0.5052459001107324,0.8187216314358295,0.7921348314606742,1.0,0.6376811594202898,0.9508196721311475,0.29355092504875435,0.0779806405713783,0.08453034283497024,0.08125549170317427,0.8451589157530279,0.05871018500975087,0.008125549170317428,0.7783231815729597,low-to-moderate correlation / partial independence
OCIAD2,PKM,0.796545245774221,0.8047205189285296,0.9831460674157303,1.0,0.6376811594202898,0.9344262295081968,0.5494255417164489,0.00957360595802697,0.005155450437644578,0.007364528197835774,0.8888133640860543,0.10988510834328978,0.0007364528197835775,0.7781918029229808,moderate correlation
EDIL3,TIMP1,0.6311502155526197,0.8127320901664025,0.9719101123595506,0.9820359281437125,0.43478260869565216,0.8032786885245902,0.10044503456125148,0.03610149953278518,0.0,0.01805074976639259,0.7980018344308764,0.020089006912250296,0.001805074976639259,0.7761077525419867,weak correlation / high independence
TXN,MMP13,0.8669527154073219,0.25482009823610646,0.9213483146067416,1.0,0.5217391304347826,0.9016393442622951,0.2948342216765189,0.015599869785909371,0.013220534326951576,0.014410202056430474,0.8361816973259548,0.05896684433530378,0.0014410202056430474,0.775773832785008,low-to-moderate correlation / partial independence
AGR2,TIMP1,0.42747807269657895,0.8127320901664025,0.9719101123595506,0.9700598802395209,0.43478260869565216,0.8032786885245902,0.030152293498924666,0.2900457034734938,0.0,0.1450228517367469,0.7950078224548285,0.006030458699784934,0.01450228517367469,0.7744750785813689,weak correlation / high independence
RCN1,TXN,0.8497562945311693,0.8669527154073219,0.9101123595505618,0.9940119760479041,0.5217391304347826,0.9016393442622951,0.27412950779208617,0.041475064871972264,0.015599869785909371,0.028537467328940816,0.8318757025738859,0.05482590155841724,0.0028537467328940817,0.7741960542825745,low-to-moderate correlation / partial independence
SDC1,PXDN,0.8187216314358295,0.7169660210736698,0.7584269662921348,1.0,0.6376811594202898,0.9508196721311475,0.29316000072412407,0.08453034283497024,1.1102230246251565e-16,0.042265171417485176,0.8367319494608929,0.058632000144824815,0.004226517141748517,0.7738734321743196,low-to-moderate correlation / partial independence
TOP2A,SPARC,0.7642964013003924,0.8132930712086771,0.8426966292134831,1.0,0.6666666666666666,0.6557377049180327,0.04066909415890979,0.12468589671829405,0.08688946638151579,0.10578768154990492,0.7912752501995456,0.008133818831781959,0.010578768154990493,0.7725626632127731,weak correlation / high independence
OCIAD2,COLGALT1,0.796545245774221,0.8830279192813023,0.8426966292134831,1.0,0.7971014492753623,0.6885245901639344,0.285719605267888,0.00957360595802697,0.04339731321461733,0.02648545958632215,0.832080667163195,0.0571439210535776,0.0026485459586322153,0.7722882001509852,low-to-moderate correlation / partial independence
PKM,TIMP1,0.8047205189285296,0.8127320901664025,0.9719101123595506,0.9940119760479041,0.34782608695652173,0.9508196721311475,0.2190602795851271,0.005155450437644578,0.0,0.002577725218822289,0.8161419618737809,0.04381205591702542,0.0002577725218822289,0.7720721334348732,low-to-moderate correlation / partial independence
SPARC,KIF4A,0.8132930712086771,0.5311408971518579,0.898876404494382,1.0,0.6666666666666666,0.6557377049180327,0.13963504128898693,0.08688946638151579,0.044956748123976195,0.065923107252746,0.8053201940197703,0.027927008257797387,0.0065923107252746005,0.7708008750366984,weak correlation / high independence
CALM2,TIMP1,0.7074816803992271,0.8127320901664025,0.9831460674157303,0.9700598802395209,0.43478260869565216,0.8032786885245902,0.07552067817960524,0.24465110344867963,0.0,0.12232555172433981,0.7978168112188735,0.01510413563592105,0.012232555172433983,0.7704801204105185,weak correlation / high independence
AGR2,SPARC,0.42747807269657895,0.8132930712086771,0.8932584269662921,1.0,0.6666666666666666,0.6557377049180327,-0.07681324866027114,0.2900457034734938,0.08688946638151579,0.1884675849275048,0.8039156996377478,0.015362649732054229,0.01884675849275048,0.769706291412943,weak correlation / high independence
MMP13,TIMP1,0.25482009823610646,0.8127320901664025,0.9550561797752809,1.0,0.43478260869565216,0.8032786885245902,0.14224367063231663,0.013220534326951576,0.0,0.006610267163475788,0.7982793692488808,0.02844873412646333,0.0006610267163475788,0.7691696084060698,weak correlation / high independence
SDC1,PSMB8,0.8187216314358295,0.5599685464333456,0.797752808988764,1.0,0.6376811594202898,0.9508196721311475,0.26867469174520797,0.08453034283497024,0.39461831759543303,0.23957433021520164,0.8465634101350503,0.0537349383490416,0.023957433021520164,0.7688710387644885,low-to-moderate correlation / partial independence
OCIAD2,SLC16A1,0.796545245774221,0.6917994825403561,0.9550561797752809,1.0,0.8115942028985508,0.639344262295082,0.3856195138676079,0.00957360595802697,0.12354264919498564,0.06655812757650631,0.8514986612422284,0.07712390277352159,0.006655812757650631,0.7677189457110563,low-to-moderate correlation / partial independence
TPX2,TIMP1,0.7229964697986911,0.8127320901664025,0.8932584269662921,1.0,0.43478260869565216,0.8032786885245902,-0.03550017288631535,0.17221193540680635,0.0,0.08610596770340317,0.7828299310466336,0.0071000345772630705,0.008610596770340317,0.7671192996990301,weak correlation / high independence
PLS1,TIMP1,0.759439754640533,0.8127320901664025,0.9101123595505618,1.0,0.43478260869565216,0.8032786885245902,-0.10148554089844636,1.1102230246251565e-16,0.0,5.551115123125783e-17,0.787043414192701,0.02029710817968927,5.551115123125783e-18,0.7667463060130117,weak correlation / high independence
OCIAD2,CCNB1,0.796545245774221,0.7228724824339547,0.9775280898876404,1.0,0.8115942028985508,0.639344262295082,0.4471429977317774,0.00957360595802697,0.04176615865950621,0.02566988230876659,0.8571166387703183,0.08942859954635549,0.002566988230876659,0.7651210509930861,moderate correlation
PTPRR,SPARC,0.5441886518479988,0.8132930712086771,0.8932584269662921,1.0,0.6666666666666666,0.6557377049180327,0.165821206445133,0.02621672664746668,0.08688946638151579,0.05655309651449124,0.8039156996377478,0.033164241289026605,0.0056553096514491245,0.765096148697272,weak correlation / high independence
OCIAD2,PSMB8,0.796545245774221,0.5599685464333456,0.9887640449438202,1.0,0.8115942028985508,0.639344262295082,0.37395184846512236,0.00957360595802697,0.39461831759543303,0.20209596177673,0.8599256275343632,0.07479036969302448,0.020209596177673,0.7649256616636657,low-to-moderate correlation / partial independence
RNF145,TIMP1,0.5397698695819814,0.8127320901664025,0.9831460674157303,0.9700598802395209,0.43478260869565216,0.8032786885245902,0.07393773552402777,0.38051362907585307,0.0,0.19025681453792653,0.7978168112188735,0.014787547104805555,0.019025681453792655,0.7640035826602752,weak correlation / high independence
DPCR1,SPARC,0.4249694598250433,0.8132930712086771,0.8202247191011236,1.0,0.6666666666666666,0.6557377049180327,0.09272557529599086,0.0,0.08688946638151579,0.043444733190757895,0.7856572726714557,0.01854511505919817,0.00434447331907579,0.7627676842931816,weak correlation / high independence
TOP2A,TIMP1,0.7642964013003924,0.8127320901664025,0.898876404494382,1.0,0.43478260869565216,0.8032786885245902,0.07752942515752952,0.12468589671829405,0.0,0.06234294835914703,0.7842344254286562,0.015505885031505904,0.006234294835914703,0.7624942455612356,weak correlation / high independence
DPCR1,TXN,0.4249694598250433,0.8669527154073219,0.8426966292134831,0.9940119760479041,0.5217391304347826,0.9016393442622951,0.2616889846963901,0.0,0.015599869785909371,0.007799934892954686,0.8150217699896162,0.05233779693927803,0.0007799934892954686,0.7619039795610427,low-to-moderate correlation / partial independence
CCNB1,SDC1,0.7228724824339547,0.8187216314358295,0.797752808988764,1.0,0.6376811594202898,0.9508196721311475,0.39230259780724536,0.04176615865950621,0.08453034283497024,0.06314825074723823,0.8465634101350503,0.07846051956144907,0.006314825074723824,0.7617880654988775,low-to-moderate correlation / partial independence
PKM,LGR5,0.8047205189285296,0.6452087922898473,0.550561797752809,1.0,0.7101449275362319,0.9016393442622951,0.08993751448189813,0.005155450437644578,0.22516633370614025,0.11516089207189241,0.790586517387834,0.017987502896379626,0.011516089207189242,0.7610829252842651,weak correlation / high independence
CST1,SDC1,0.5436593060985359,0.8187216314358295,0.7752808988764045,1.0,0.6376811594202898,0.9508196721311475,0.3131250478761847,0.2613835538362081,0.08453034283497024,0.17295694833558917,0.8409454326069603,0.06262500957523695,0.017295694833558917,0.7610247281981644,low-to-moderate correlation / partial independence
LAMA3,TIMP1,0.5507459804792868,0.8127320901664025,0.9775280898876404,0.9700598802395209,0.43478260869565216,0.8032786885245902,0.07887195674991287,0.40231310213542243,0.0,0.20115655106771121,0.7964123168368509,0.015774391349982576,0.020115655106771123,0.7605222703800971,weak correlation / high independence
SDC1,TMEM173,0.8187216314358295,0.8261906687524584,0.7865168539325843,1.0,0.6376811594202898,0.9508196721311475,0.3938908086579074,0.08453034283497024,0.011366255750379306,0.04794829929267477,0.8437544213710053,0.07877816173158148,0.004794829929267478,0.7601814297101563,low-to-moderate correlation / partial independence
MISP,SPARC,0.4408376629769242,0.8132930712086771,0.8932584269662921,1.0,0.6666666666666666,0.6557377049180327,-0.12380835350775773,0.29398990912350004,0.08688946638151579,0.1904396877525079,0.8039156996377478,0.02476167070155155,0.019043968775250792,0.7601100601609454,weak correlation / high independence
SDC1,TOP2A,0.8187216314358295,0.7642964013003924,0.7696629213483146,1.0,0.6376811594202898,0.9508196721311475,0.34492021991101746,0.08453034283497024,0.12468589671829405,0.10460811977663215,0.8395409382249379,0.0689840439822035,0.010460811977663215,0.7600960822650712,low-to-moderate correlation / partial independence
SPARC,CLDN12,0.8132930712086771,0.805650131495029,0.8089887640449438,1.0,0.6666666666666666,0.6557377049180327,0.09441376533198491,0.08688946638151579,0.0,0.043444733190757895,0.7828482839074108,0.018882753066396984,0.00434447331907579,0.759621057521938,weak correlation / high independence
SPARC,PLS1,0.8132930712086771,0.759439754640533,0.8539325842696629,1.0,0.6666666666666666,0.6721311475409836,0.17275694136005892,0.08688946638151579,1.1102230246251565e-16,0.04344473319075795,0.7981825996193282,0.034551388272011783,0.004344473319075795,0.7592867380282406,weak correlation / high independence
AGR2,SDC1,0.42747807269657895,0.8187216314358295,0.797752808988764,1.0,0.6376811594202898,0.9508196721311475,0.34277376269909754,0.2900457034734938,0.08453034283497024,0.18728802315423201,0.8465634101350503,0.0685547525398195,0.0187288023154232,0.7592798552798077,low-to-moderate correlation / partial independence
SDC1,KIF4A,0.8187216314358295,0.5311408971518579,0.797752808988764,1.0,0.6376811594202898,0.9508196721311475,0.4041612296067392,0.08453034283497024,0.044956748123976195,0.06474354547947322,0.8465634101350503,0.08083224592134786,0.006474354547947323,0.7592568096657552,moderate correlation
SPARC,PSMB8,0.8132930712086771,0.5599685464333456,0.898876404494382,1.0,0.6666666666666666,0.6557377049180327,0.11222342976089664,0.08688946638151579,0.39461831759543303,0.2407538919884744,0.8053201940197703,0.022444685952179327,0.02407538919884744,0.7588001188687435,weak correlation / high independence
DNTTIP1,TIMP1,0.767087675236294,0.8127320901664025,0.9662921348314607,0.9880239520958084,0.43478260869565216,0.8032786885245902,0.19405273279058843,0.013590724254201294,0.0,0.006795362127100647,0.7980943460368779,0.03881054655811769,0.0006795362127100647,0.7586042632660501,weak correlation / high independence
TPX2,SPARC,0.7229964697986911,0.8132930712086771,0.8370786516853933,1.0,0.6666666666666666,0.6557377049180327,0.092692452753547,0.17221193540680635,0.08688946638151579,0.12955070089416107,0.7898707558175231,0.0185384905507094,0.012955070089416107,0.7583771951773975,weak correlation / high independence
COL17A1,PKM,0.5254345423950634,0.8047205189285296,0.9101123595505618,1.0,0.7101449275362319,0.9016393442622951,0.5128953957668783,0.39389582847519694,0.005155450437644578,0.19952563945642077,0.8804741578372722,0.10257907915337566,0.019952563945642078,0.7579425147382545,moderate correlation
DPCR1,TIMP1,0.4249694598250433,0.8127320901664025,0.8764044943820225,0.9880239520958084,0.43478260869565216,0.8032786885245902,0.09094245999338654,0.0,0.0,0.0,0.7756224359245183,0.01818849199867731,0.0,0.757433943925841,weak correlation / high independence
SDC1,DNTTIP1,0.8187216314358295,0.767087675236294,0.797752808988764,1.0,0.6376811594202898,0.9508196721311475,0.42283132325053085,0.08453034283497024,0.013590724254201294,0.04906053354458577,0.8465634101350503,0.08456626465010618,0.004906053354458578,0.7570910921304855,moderate correlation
TPX2,PKM,0.7229964697986911,0.8047205189285296,0.898876404494382,1.0,0.7101449275362319,0.9016393442622951,0.5602401466963614,0.17221193540680635,0.005155450437644578,0.08868369292222546,0.8776651690732272,0.11204802933927227,0.008868369292222546,0.7567487704417324,moderate correlation
RCN1,TIMP1,0.8497562945311693,0.8127320901664025,0.9325842696629213,0.9880239520958084,0.43478260869565216,0.8032786885245902,0.15486186175962413,0.041475064871972264,0.0,0.020737532435986132,0.7896673797447431,0.030972372351924828,0.0020737532435986133,0.7566212541492197,weak correlation / high independence
COLGALT1,PKM,0.8830279192813023,0.8047205189285296,0.8426966292134831,0.9940119760479041,0.7101449275362319,0.9016393442622951,0.5174499975264808,0.04339731321461733,0.005155450437644578,0.024276381826130955,0.8621232192649785,0.10348999950529617,0.002427638182613096,0.7562055815770693,moderate correlation
SDC1,LOXL1,0.8187216314358295,0.7782706315643453,0.7808988764044944,1.0,0.6376811594202898,0.9508196721311475,0.3999899992393604,0.08453034283497024,0.046101545049522054,0.06531594394224614,0.8423499269889829,0.07999799984787209,0.006531594394224615,0.7558203327468862,low-to-moderate correlation / partial independence
PLAC8,SDC1,0.6220726772459807,0.8187216314358295,0.7921348314606742,1.0,0.6376811594202898,0.9508196721311475,0.4246835927860708,0.023424625728514163,0.08453034283497024,0.053977484281742205,0.8451589157530279,0.08493671855721417,0.005397748428174221,0.7548244487676395,moderate correlation
OCIAD2,KIF4A,0.796545245774221,0.5311408971518579,0.9831460674157303,1.0,0.8115942028985508,0.639344262295082,0.5060385812290352,0.00957360595802697,0.044956748123976195,0.027265177041001582,0.8585211331523408,0.10120771624580704,0.0027265177041001583,0.7545868992024336,moderate correlation
LAMA3,PKM,0.5507459804792868,0.8047205189285296,0.9775280898876404,0.9940119760479041,0.7101449275362319,0.9016393442622951,0.6062085540503592,0.40231310213542243,0.005155450437644578,0.2037342762865335,0.8958310844335179,0.12124171081007185,0.02037342762865335,0.7542159459947927,high redundancy risk
CST1,TXN,0.5436593060985359,0.8669527154073219,0.8820224719101124,1.0,0.5217391304347826,0.9016393442622951,0.29183527452919383,0.2613835538362081,0.015599869785909371,0.13849171181105874,0.8263502366517975,0.05836705490583877,0.013849171181105874,0.754134010564853,low-to-moderate correlation / partial independence
CEACAM5,SDC1,0.3827813825580026,0.8187216314358295,0.7808988764044944,1.0,0.6376811594202898,0.9508196721311475,0.396606332194781,0.09847649330690951,0.08453034283497024,0.09150341807093987,0.8423499269889829,0.0793212664389562,0.009150341807093986,0.7538783187429328,low-to-moderate correlation / partial independence
UACA,PKM,0.8875581314818409,0.8047205189285296,0.848314606741573,0.9940119760479041,0.7101449275362319,0.9016393442622951,0.5362115695100333,0.04314484111391227,0.005155450437644578,0.024150145775778425,0.863527713647001,0.10724231390200667,0.002415014577577843,0.7538703851674164,moderate correlation
COL17A1,SPARC,0.5254345423950634,0.8132930712086771,0.8539325842696629,1.0,0.6666666666666666,0.6557377049180327,0.08595441036207693,0.39389582847519694,0.08688946638151579,0.24039264742835637,0.7940842389635905,0.017190882072415387,0.024039264742835638,0.7528540921483394,weak correlation / high independence
GRN,SPARC,0.8150381531247665,0.8132930712086771,0.8932584269662921,1.0,0.6666666666666666,0.6557377049180327,0.22899294999569697,0.022702682080163877,0.08688946638151579,0.054796074230839834,0.8039156996377478,0.0457985899991394,0.005479607423083984,0.7526375022155244,low-to-moderate correlation / partial independence
LAMA3,SPARC,0.5507459804792868,0.8132930712086771,0.898876404494382,1.0,0.6666666666666666,0.6557377049180327,0.14140536146879182,0.40231310213542243,0.08688946638151579,0.2446012842584691,0.8053201940197703,0.028281072293758366,0.02446012842584691,0.7525789933001651,weak correlation / high independence
SDC1,TIMP1,0.8187216314358295,0.8127320901664025,0.7921348314606742,1.0,0.2753623188405797,0.9672131147540983,-0.011680675710973285,0.08453034283497024,0.0,0.04226517141748512,0.7586775662638381,0.002336135142194657,0.004226517141748512,0.7521149139798949,weak correlation / high independence
LMNB1,TXN,0.7753667598130912,0.8669527154073219,0.9213483146067416,1.0,0.5217391304347826,0.9016393442622951,0.4115696342061777,0.030689039486403287,0.015599869785909371,0.02314445463615633,0.8361816973259548,0.08231392684123555,0.0023144454636156333,0.7515533250211037,moderate correlation
CST1,TIMP1,0.5436593060985359,0.8127320901664025,0.9213483146067416,1.0,0.43478260869565216,0.8032786885245902,0.12723640919115242,0.2613835538362081,0.0,0.13069177691810405,0.789852402956746,0.025447281838230487,0.013069177691810405,0.7513359434267051,weak correlation / high independence
SDC1,SLC16A1,0.8187216314358295,0.6917994825403561,0.7921348314606742,1.0,0.6376811594202898,0.9508196721311475,0.41791672008544234,0.08453034283497024,0.12354264919498564,0.10403649601497794,0.8451589157530279,0.08358334401708847,0.010403649601497795,0.7511719221344417,moderate correlation
CEACAM5,TXN,0.3827813825580026,0.8669527154073219,0.9157303370786517,1.0,0.5217391304347826,0.9016393442622951,0.3901315687986953,0.09847649330690951,0.015599869785909371,0.05703818154640944,0.8347772029439323,0.07802631375973906,0.005703818154640944,0.7510470710295523,low-to-moderate correlation / partial independence
SDC1,MMP13,0.8187216314358295,0.25482009823610646,0.7921348314606742,1.0,0.6376811594202898,0.9508196721311475,0.4524205500462335,0.08453034283497024,0.013220534326951576,0.04887543858096091,0.8451589157530279,0.09048411000924671,0.004887543858096092,0.7497872618856851,moderate correlation
TXN,SLC16A1,0.8669527154073219,0.6917994825403561,0.9213483146067416,0.9940119760479041,0.5217391304347826,0.9016393442622951,0.390683415503807,0.015599869785909371,0.12354264919498564,0.06957125949044751,0.8346846913379309,0.0781366831007614,0.006957125949044751,0.7495908822881248,low-to-moderate correlation / partial independence
SDC1,SLC44A4,0.8187216314358295,0.7740984388681964,0.7808988764044944,1.0,0.6231884057971014,0.9508196721311475,0.4301739812262416,0.08453034283497024,0.0,0.04226517141748512,0.8387267385831858,0.08603479624524833,0.004226517141748512,0.748465425196189,moderate correlation
ETV1,CDH3,0.6641001764469112,0.7656191155187965,0.8258426966292135,1.0,0.9565217391304348,0.32786885245901637,0.10298890391974613,0.02482275843931166,0.1512701316705805,0.08804644505494609,0.7775583220546661,0.020597780783949228,0.00880464450549461,0.7481558967652223,weak correlation / high independence
SDC1,DPCR1,0.8187216314358295,0.4249694598250433,0.7471910112359551,1.0,0.6376811594202898,0.9508196721311475,0.41307476057816084,0.08453034283497024,0.0,0.04226517141748512,0.8339229606968481,0.08261495211563218,0.004226517141748512,0.7470814914394674,moderate correlation
MMP12,TIMP1,0.39736509818459975,0.8127320901664025,0.9662921348314607,0.9880239520958084,0.43478260869565216,0.8032786885245902,0.250021943327841,0.02207993458626133,0.0,0.011039967293130665,0.7980943460368779,0.0500043886655682,0.0011039967293130666,0.7469859606419966,low-to-moderate correlation / partial independence
OCIAD2,CST1,0.796545245774221,0.5436593060985359,0.9213483146067416,1.0,0.8115942028985508,0.639344262295082,0.4148604999534227,0.00957360595802697,0.2613835538362081,0.13547857989711753,0.8430716949500936,0.08297209999068456,0.013547857989711753,0.7465517369696972,moderate correlation
SDC1,PTPRR,0.8187216314358295,0.5441886518479988,0.7865168539325843,1.0,0.6376811594202898,0.9508196721311475,0.4597785773840644,0.08453034283497024,0.02621672664746668,0.055373534741218464,0.8437544213710053,0.09195571547681289,0.005537353474121847,0.7462613524200705,moderate correlation
PSMB8,TIMP1,0.5599685464333456,0.8127320901664025,0.9831460674157303,0.9700598802395209,0.43478260869565216,0.8032786885245902,0.16035909133465542,0.39461831759543303,0.0,0.19730915879771652,0.7978168112188735,0.03207181826693108,0.019730915879771653,0.7460140770721708,weak correlation / high independence
SDC1,CLDN12,0.8187216314358295,0.805650131495029,0.7528089887640449,1.0,0.6376811594202898,0.9508196721311475,0.4254917804758294,0.08453034283497024,0.0,0.04226517141748512,0.8353274550788705,0.08509835609516589,0.004226517141748512,0.7460025818419561,moderate correlation
TXN,SLC44A4,0.8669527154073219,0.7740984388681964,0.8932584269662921,0.9940119760479041,0.5072463768115942,0.9180327868852459,0.4086289542237035,0.015599869785909371,0.0,0.007799934892954686,0.8281373916777591,0.0817257908447407,0.0007799934892954686,0.7456316073437229,moderate correlation
ANKLE2,SPARC,0.8693496009171224,0.8132930712086771,0.8314606741573034,1.0,0.6666666666666666,0.6557377049180327,0.19204140744922335,0.004269873992884083,0.08688946638151579,0.04557967018719994,0.7884662614355007,0.038408281489844674,0.004557967018719994,0.745500012926936,weak correlation / high independence
ANKLE2,TIMP1,0.8693496009171224,0.8127320901664025,0.8932584269662921,0.9700598802395209,0.43478260869565216,0.8032786885245902,0.14817640093334786,0.004269873992884083,0.0,0.0021349369964420413,0.7753449011065139,0.029635280186669572,0.00021349369964420415,0.7454961272202001,weak correlation / high independence
LMNB1,SPARC,0.7753667598130912,0.8132930712086771,0.8932584269662921,1.0,0.6666666666666666,0.6557377049180327,0.26461005195712617,0.030689039486403287,0.08688946638151579,0.058789252933959535,0.8039156996377478,0.05292201039142524,0.0058789252933959535,0.7451147639529266,low-to-moderate correlation / partial independence
CLDN12,TIMP1,0.805650131495029,0.8127320901664025,0.8707865168539326,0.9880239520958084,0.43478260869565216,0.8032786885245902,-0.1457018956814792,0.0,0.0,0.0,0.7742179415424959,0.029140379136295844,0.0,0.7450775624062,weak correlation / high independence
PTPRR,TXN,0.5441886518479988,0.8669527154073219,0.9157303370786517,0.9940119760479041,0.5217391304347826,0.9016393442622951,0.43067000809076017,0.02621672664746668,0.015599869785909371,0.020908298216688027,0.8332801969559084,0.08613400161815205,0.0020908298216688027,0.7450553655160875,moderate correlation
OCIAD2,PYGB,0.796545245774221,0.7834014339198262,0.949438202247191,1.0,0.8115942028985508,0.639344262295082,0.5191522546662528,0.00957360595802697,0.017308592920477872,0.01344109943925242,0.850094166860206,0.10383045093325056,0.0013441099439252422,0.7449196059830302,moderate correlation
PXDN,TIMP1,0.7169660210736698,0.8127320901664025,0.9438202247191011,0.9820359281437125,0.43478260869565216,0.8032786885245902,0.23143405362044478,1.1102230246251565e-16,0.0,5.551115123125783e-17,0.790979362520764,0.04628681072408896,5.551115123125783e-18,0.744692551796675,low-to-moderate correlation / partial independence
DSG2,PKM,0.8395014138651767,0.8047205189285296,0.6966292134831461,1.0,0.6956521739130435,0.9180327868852459,0.3989177894479281,0.0709994055652357,0.005155450437644578,0.038077428001440136,0.8275785435703589,0.07978355788958563,0.003807742800144014,0.7439872428806292,low-to-moderate correlation / partial independence
COL17A1,TIMP1,0.5254345423950634,0.8127320901664025,0.9213483146067416,1.0,0.43478260869565216,0.8032786885245902,0.13499331863717218,0.39389582847519694,0.0,0.19694791423759847,0.789852402956746,0.026998663727434438,0.01969479142375985,0.7431589478055517,weak correlation / high independence
CCNB1,GRN,0.7228724824339547,0.8150381531247665,0.9775280898876404,0.9940119760479041,0.9710144927536232,0.08196721311475409,0.049149561614919186,0.04176615865950621,0.022702682080163877,0.032234420369835044,0.7561304429509804,0.009829912322983837,0.0032234420369835048,0.7430770885910131,weak correlation / high independence
OCIAD2,PTPRR,0.796545245774221,0.5441886518479988,0.9662921348314607,1.0,0.8115942028985508,0.639344262295082,0.5485582846388304,0.00957360595802697,0.02621672664746668,0.017895166302746825,0.8543076500062734,0.10971165692776608,0.0017895166302746826,0.7428064764482326,moderate correlation
UACA,TXN,0.8875581314818409,0.8669527154073219,0.8426966292134831,0.9940119760479041,0.5217391304347826,0.9016393442622951,0.34885475148621703,0.04314484111391227,0.015599869785909371,0.02937235544991082,0.8150217699896162,0.06977095029724341,0.002937235544991082,0.7423135841473817,low-to-moderate correlation / partial independence
OCIAD2,DNTTIP1,0.796545245774221,0.767087675236294,0.9775280898876404,1.0,0.8115942028985508,0.639344262295082,0.5724640610773427,0.00957360595802697,0.013590724254201294,0.011582165106114132,0.8571166387703183,0.11449281221546855,0.0011582165106114133,0.7414656100442383,moderate correlation
TXN,CLDN12,0.8669527154073219,0.805650131495029,0.848314606741573,0.9940119760479041,0.5217391304347826,0.9016393442622951,0.3728101999527551,0.015599869785909371,0.0,0.007799934892954686,0.8164262643716387,0.07456203999055103,0.0007799934892954686,0.7410842308917922,low-to-moderate correlation / partial independence
OCIAD2,TOP2A,0.796545245774221,0.7642964013003924,0.898876404494382,1.0,0.8115942028985508,0.639344262295082,0.448581406545225,0.00957360595802697,0.12468589671829405,0.06712975133816051,0.8374537174220037,0.089716281309045,0.0067129751338160515,0.7410244609791427,moderate correlation
TXN,TIMP1,0.8669527154073219,0.8127320901664025,0.9325842696629213,0.9880239520958084,0.21739130434782608,0.9508196721311475,0.15520656901379679,0.015599869785909371,0.0,0.007799934892954686,0.7722047995594259,0.03104131380275936,0.0007799934892954686,0.7403834922673711,weak correlation / high independence
COLGALT1,TXN,0.8830279192813023,0.8669527154073219,0.8370786516853933,0.9940119760479041,0.5072463768115942,0.9016393442622951,0.33333297869624057,0.04339731321461733,0.015599869785909371,0.02949859150026335,0.8099940872017967,0.06666659573924812,0.002949859150026335,0.7403776323125222,low-to-moderate correlation / partial independence
SDC1,PYGB,0.8187216314358295,0.7834014339198262,0.7921348314606742,1.0,0.6376811594202898,0.9508196721311475,0.5001518732542598,0.08453034283497024,0.017308592920477872,0.050919467877724056,0.8451589157530279,0.10003037465085196,0.005091946787772406,0.7400365943144036,moderate correlation
PLAC8,TXN,0.6220726772459807,0.8669527154073219,0.9213483146067416,0.9940119760479041,0.5217391304347826,0.9016393442622951,0.4636559734661042,0.023424625728514163,0.015599869785909371,0.01951224775721177,0.8346846913379309,0.09273119469322084,0.001951224775721177,0.7400022718689888,moderate correlation
SDC1,SPARC,0.8187216314358295,0.8132930712086771,0.7471910112359551,1.0,0.463768115942029,0.9672131147540983,0.23016100152245542,0.08453034283497024,0.08688946638151579,0.08570990460824301,0.7945430604830206,0.04603220030449109,0.008570990460824301,0.7399398697177052,low-to-moderate correlation / partial independence
TXN,IDO1,0.8669527154073219,0.6342956048342389,0.6235955056179775,1.0,0.5217391304347826,0.9016393442622951,-0.05971653027320109,0.015599869785909371,0.18228862782295413,0.09894424880443176,0.7617434950787638,0.011943306054640218,0.009894424880443176,0.7399057641436804,weak correlation / high independence
TXN,PSMB8,0.8669527154073219,0.5599685464333456,0.9325842696629213,0.9820359281437125,0.5217391304347826,0.9016393442622951,0.37312006877122494,0.015599869785909371,0.39461831759543303,0.2051090936906712,0.8344996681259279,0.07462401375424499,0.02051090936906712,0.7393647450026158,low-to-moderate correlation / partial independence
PLAC8,RCN1,0.6220726772459807,0.8497562945311693,0.9382022471910112,0.9880239520958084,1.0,0.04918032786885246,-0.0066515768503431225,0.023424625728514163,0.041475064871972264,0.03244984530024321,0.743851631788918,0.0013303153700686245,0.003244984530024321,0.739276331888825,weak correlation / high independence
SDC1,TPX2,0.8187216314358295,0.7229964697986911,0.7752808988764045,1.0,0.6376811594202898,0.9508196721311475,0.4445203369872364,0.08453034283497024,0.17221193540680635,0.1283711391208883,0.8409454326069603,0.08890406739744729,0.01283711391208883,0.7392042512974242,moderate correlation
GRN,PLS1,0.8150381531247665,0.759439754640533,0.9157303370786517,1.0,0.9710144927536232,0.09836065573770492,0.029709754055384948,0.022702682080163877,1.1102230246251565e-16,0.011351341040081994,0.7462763713924949,0.00594195081107699,0.0011351341040081995,0.7391992864774097,weak correlation / high independence
OCIAD2,CALM2,0.796545245774221,0.7074816803992271,0.9887640449438202,1.0,0.8115942028985508,0.639344262295082,0.5406485706094366,0.00957360595802697,0.24465110344867963,0.1271123547033533,0.8599256275343632,0.10812971412188732,0.012711235470335331,0.7390846779421405,moderate correlation
OCIAD2,CEACAM5,0.796545245774221,0.3827813825580026,0.9438202247191011,1.0,0.8115942028985508,0.639344262295082,0.5234417140917473,0.00957360595802697,0.09847649330690951,0.054025049632468236,0.8486896724781835,0.10468834281834948,0.005402504963246824,0.7385988246965872,moderate correlation
SDC1,IDO1,0.8187216314358295,0.6342956048342389,0.5224719101123596,1.0,0.6376811594202898,0.9508196721311475,-0.129214633730041,0.08453034283497024,0.18228862782295413,0.13340948532896219,0.7777431854159491,0.025842926746008202,0.013340948532896219,0.7385593101370447,weak correlation / high independence
GRN,KIF4A,0.8150381531247665,0.5311408971518579,0.9775280898876404,0.9820359281437125,0.9710144927536232,0.08196721311475409,0.056636032664589685,0.022702682080163877,0.044956748123976195,0.033829715102070036,0.7531364309749325,0.011327206532917938,0.0033829715102070036,0.7384262529318075,weak correlation / high independence
TXN,PYGB,0.8669527154073219,0.7834014339198262,0.9213483146067416,1.0,0.5217391304347826,0.9016393442622951,0.48540207335029917,0.015599869785909371,0.017308592920477872,0.01645423135319362,0.8361816973259548,0.09708041467005984,0.001645423135319362,0.7374558595205756,moderate correlation
SDC1,PLS1,0.8187216314358295,0.759439754640533,0.7696629213483146,1.0,0.6376811594202898,0.9508196721311475,0.49024632219036773,0.08453034283497024,1.1102230246251565e-16,0.042265171417485176,0.8395409382249379,0.09804926443807355,0.004226517141748517,0.7372651566451159,moderate correlation
OCIAD2,IDO1,0.796545245774221,0.6342956048342389,0.6460674157303371,1.0,0.8115942028985508,0.639344262295082,-0.13718867845393734,0.00957360595802697,0.18228862782295413,0.09593111689049055,0.7742514702309925,0.02743773569078747,0.009593111689049055,0.737220622851156,weak correlation / high independence
SDC1,CALM2,0.8187216314358295,0.7074816803992271,0.797752808988764,1.0,0.6376811594202898,0.9508196721311475,0.4657205308702332,0.08453034283497024,0.24465110344867963,0.16459072314182494,0.8465634101350503,0.09314410617404664,0.016459072314182494,0.7369602316468211,moderate correlation
GRN,SLC16A1,0.8150381531247665,0.6917994825403561,0.949438202247191,0.9940119760479041,0.9710144927536232,0.08196721311475409,0.03152907782109133,0.022702682080163877,0.12354264919498564,0.07312266563757476,0.749107971040868,0.006305815564218266,0.007312266563757476,0.7354898889128922,weak correlation / high independence
GRN,SLC44A4,0.8150381531247665,0.7740984388681964,0.9213483146067416,1.0,0.9420289855072463,0.14754098360655737,0.08236371170787027,0.022702682080163877,0.0,0.011351341040081939,0.7527295709301363,0.016472742341574056,0.0011351341040081939,0.735121694484554,weak correlation / high independence
GRN,LMNB1,0.8150381531247665,0.7753667598130912,0.949438202247191,1.0,0.9710144927536232,0.08196721311475409,-0.06656694250413506,0.022702682080163877,0.030689039486403287,0.026695860783283582,0.7506049770288921,0.013313388500827012,0.0026695860783283584,0.7346220024497367,weak correlation / high independence
GRN,CALM2,0.8150381531247665,0.7074816803992271,0.9831460674157303,0.9760479041916168,0.9710144927536232,0.08196721311475409,0.026416917040454162,0.022702682080163877,0.24465110344867963,0.13367689276442174,0.753043919368931,0.005283383408090833,0.013367689276442175,0.734392846684398,weak correlation / high independence
OCIAD2,CLDN12,0.796545245774221,0.805650131495029,0.8820224719101124,1.0,0.8115942028985508,0.639344262295082,0.4941726826529979,0.00957360595802697,0.0,0.004786802979013485,0.8332402342759363,0.09883453653059959,0.0004786802979013485,0.7339270174474354,moderate correlation
EDIL3,DNTTIP1,0.6311502155526197,0.767087675236294,0.9719101123595506,0.9880239520958084,1.0,0.0,0.019710051796606037,0.03610149953278518,0.013590724254201294,0.024846111893493235,0.7399835161138397,0.0039420103593212075,0.002484611189349324,0.7335568945651693,weak correlation / high independence
OCIAD2,DPCR1,0.796545245774221,0.4249694598250433,0.8764044943820225,1.0,0.8115942028985508,0.639344262295082,0.48938161158505394,0.00957360595802697,0.0,0.004786802979013485,0.8318357398939138,0.0978763223170108,0.0004786802979013485,0.7334807372790016,moderate correlation
SDC1,UACA,0.8187216314358295,0.8875581314818409,0.7415730337078652,1.0,0.6376811594202898,0.9508196721311475,0.4637081051469981,0.08453034283497024,0.04314484111391227,0.06383759197444125,0.8325184663148255,0.09274162102939963,0.006383759197444125,0.7333930860879817,moderate correlation
OCIAD2,PLAC8,0.796545245774221,0.6220726772459807,0.9775280898876404,1.0,0.8115942028985508,0.639344262295082,0.6124575499403421,0.00957360595802697,0.023424625728514163,0.016499115843270566,0.8571166387703183,0.12249150998806842,0.0016499115843270568,0.7329752171979228,high redundancy risk
RCN1,CDH3,0.8497562945311693,0.7656191155187965,0.797752808988764,1.0,0.9565217391304348,0.3770491803278688,0.20352090798444136,0.041475064871972264,0.1512701316705805,0.0963725982712764,0.7828309321117668,0.040704181596888274,0.00963725982712764,0.7324894906877509,low-to-moderate correlation / partial independence
TXN,PLS1,0.8669527154073219,0.759439754640533,0.8820224719101124,0.9940119760479041,0.5217391304347826,0.9016393442622951,0.4579238600447094,0.015599869785909371,1.1102230246251565e-16,0.007799934892954741,0.8248532306637736,0.09158477200894188,0.0007799934892954741,0.7324884651655362,moderate correlation
OCIAD2,TPX2,0.796545245774221,0.7229964697986911,0.898876404494382,1.0,0.8115942028985508,0.639344262295082,0.48108493705419736,0.00957360595802697,0.17221193540680635,0.09089277068241666,0.8374537174220037,0.09621698741083948,0.009089277068241667,0.7321474529429225,moderate correlation
COLGALT1,SLC44A4,0.8830279192813023,0.7740984388681964,0.8089887640449438,1.0,0.9420289855072463,0.26229508196721313,0.0985319628035676,0.04339731321461733,0.0,0.021698656607308665,0.7533282078798508,0.01970639256071352,0.0021698656607308667,0.7314519496584064,weak correlation / high independence
TXN,KIF4A,0.8669527154073219,0.5311408971518579,0.9325842696629213,1.0,0.5217391304347826,0.9016393442622951,0.5230670040605178,0.015599869785909371,0.044956748123976195,0.03027830895494278,0.8389906860899997,0.10461340081210356,0.003027830895494278,0.7313494543824018,moderate correlation
CDH3,TIMP1,0.7656191155187965,0.8127320901664025,0.8258426966292135,1.0,0.42028985507246375,0.8032786885245902,0.11724834242622838,0.1512701316705805,0.0,0.07563506583529025,0.7623528100565669,0.023449668485245677,0.007563506583529026,0.7313396349877922,weak correlation / high independence
TXN,PKM,0.8669527154073219,0.8047205189285296,0.9325842696629213,1.0,0.463768115942029,0.9508196721311475,0.5233004425337349,0.015599869785909371,0.005155450437644578,0.010377660111776975,0.8367930144340243,0.10466008850674698,0.0010377660111776975,0.7310951599160996,moderate correlation
EDIL3,CDH3,0.6311502155526197,0.7656191155187965,0.8258426966292135,1.0,0.9565217391304348,0.32786885245901637,0.18557292215257004,0.03610149953278518,0.1512701316705805,0.09368581560168285,0.7775583220546661,0.03711458443051401,0.009368581560168286,0.7310751560639839,weak correlation / high independence
CDH3,PKM,0.7656191155187965,0.8047205189285296,0.8258426966292135,1.0,0.7101449275362319,0.9180327868852459,0.623060158299363,0.1512701316705805,0.005155450437644578,0.07821279105411254,0.8635051027626729,0.12461203165987261,0.007821279105411255,0.731071791997389,high redundancy risk
PLAC8,EDIL3,0.6220726772459807,0.6311502155526197,0.9775280898876404,0.9880239520958084,1.0,0.0,0.036776279847418804,0.023424625728514163,0.03610149953278518,0.02976306263064967,0.7413880104958622,0.007355255969483761,0.002976306263064967,0.7310564482633135,weak correlation / high independence
LOXL1,SLC44A4,0.7782706315643453,0.7740984388681964,0.8876404494382022,1.0,0.9710144927536232,0.09836065573770492,-0.03227479537007793,0.046101545049522054,0.0,0.023050772524761027,0.7392538994823826,0.006454959074015586,0.002305077252476103,0.7304938631558909,weak correlation / high independence
TMEM173,TIMP1,0.8261906687524584,0.8127320901664025,0.9550561797752809,0.9880239520958084,0.43478260869565216,0.8032786885245902,0.32238018357803433,0.011366255750379306,0.0,0.005683127875189653,0.7952853572728329,0.06447603671560687,0.0005683127875189654,0.730241007769707,low-to-moderate correlation / partial independence
GRN,RNF145,0.8150381531247665,0.5397698695819814,0.9831460674157303,0.9760479041916168,0.9710144927536232,0.08196721311475409,-0.014235163193730452,0.022702682080163877,0.38051362907585307,0.20160815557800849,0.753043919368931,0.0028470326387460905,0.02016081555780085,0.7300360711723841,weak correlation / high independence
MISP,SDC1,0.4408376629769242,0.8187216314358295,0.797752808988764,1.0,0.6376811594202898,0.9508196721311475,0.4893350930417208,0.29398990912350004,0.08453034283497024,0.18926012597923514,0.8465634101350503,0.09786701860834417,0.018926012597923515,0.7297703789287827,moderate correlation
PLS1,LOXL1,0.759439754640533,0.7782706315643453,0.8876404494382022,1.0,1.0,0.04918032786885246,-0.011330667168839738,1.1102230246251565e-16,0.046101545049522054,0.023050772524761082,0.7342051943267637,0.002266133433767948,0.002305077252476108,0.7296339836405197,weak correlation / high independence
AGR2,TXN,0.42747807269657895,0.8669527154073219,0.9269662921348315,0.9820359281437125,0.5217391304347826,0.9016393442622951,0.4429368829650967,0.2900457034734938,0.015599869785909371,0.15282278662970158,0.8330951737439054,0.08858737659301935,0.01528227866297016,0.7292255184879158,moderate correlation
DNTTIP1,TXN,0.767087675236294,0.8669527154073219,0.9325842696629213,0.9940119760479041,0.5217391304347826,0.9016393442622951,0.5360902835591802,0.013590724254201294,0.015599869785909371,0.014595297020055333,0.8374936801019758,0.10721805671183604,0.0014595297020055333,0.7288160936881342,moderate correlation
GRN,ETV1,0.8150381531247665,0.6641001764469112,0.9775280898876404,0.9940119760479041,0.9710144927536232,0.08196721311475409,0.12480656732217825,0.022702682080163877,0.02482275843931166,0.023762720259737767,0.7561304429509804,0.024961313464435652,0.002376272025973777,0.728792857460571,weak correlation / high independence
OCIAD2,PLS1,0.796545245774221,0.759439754640533,0.9213483146067416,1.0,0.8115942028985508,0.639344262295082,0.5693226339272779,0.00957360595802697,1.1102230246251565e-16,0.00478680297901354,0.8430716949500936,0.11386452678545558,0.000478680297901354,0.7287284878667367,moderate correlation
EDIL3,PYGB,0.6311502155526197,0.7834014339198262,0.9438202247191011,1.0,1.0,0.01639344262295082,0.0458439857563666,0.03610149953278518,0.017308592920477872,0.026705046226631526,0.740053416835513,0.00916879715127332,0.0026705046226631526,0.7282141150615765,weak correlation / high independence
MMP12,SPARC,0.39736509818459975,0.8132930712086771,0.8876404494382022,1.0,0.6666666666666666,0.6557377049180327,0.3445924236361977,0.02207993458626133,0.08688946638151579,0.05448470048388856,0.8025112052557254,0.06891848472723953,0.005448470048388856,0.728144250480097,low-to-moderate correlation / partial independence
EDIL3,SLC44A4,0.6311502155526197,0.7740984388681964,0.9157303370786517,1.0,0.9710144927536232,0.06557377049180328,-0.040792507932844634,0.03610149953278518,0.0,0.01805074976639259,0.7380796500810195,0.008158501586568927,0.001805074976639259,0.7281160735178113,weak correlation / high independence
OCIAD2,SDC1,0.796545245774221,0.8187216314358295,0.797752808988764,1.0,0.6231884057971014,0.9672131147540983,0.5725783543225074,0.00957360595802697,0.08453034283497024,0.04705197439649861,0.847038582384991,0.11451567086450148,0.004705197439649861,0.7278177140808396,moderate correlation
CST1,SPARC,0.5436593060985359,0.8132930712086771,0.848314606741573,1.0,0.6666666666666666,0.6557377049180327,0.238025678562748,0.2613835538362081,0.08688946638151579,0.17413651010886194,0.7926797445815681,0.0476051357125496,0.017413651010886193,0.7276609578581322,low-to-moderate correlation / partial independence
MMP9,PLS1,0.5052459001107324,0.759439754640533,0.9101123595505618,1.0,1.0,0.01639344262295082,0.0005644073350624103,0.0779806405713783,1.1102230246251565e-16,0.0389903202856892,0.731626450543378,0.00011288146701248206,0.0038990320285689204,0.7276145370477967,weak correlation / high independence
CCNB1,TXN,0.7228724824339547,0.8669527154073219,0.9325842696629213,1.0,0.5217391304347826,0.9016393442622951,0.5439826709949702,0.04176615865950621,0.015599869785909371,0.02868301422270779,0.8389906860899997,0.10879653419899404,0.0028683014222707793,0.7273258504687349,moderate correlation
CCNB1,EDIL3,0.7228724824339547,0.6311502155526197,0.9719101123595506,1.0,1.0,0.0,0.061582507559105715,0.04176615865950621,0.03610149953278518,0.03893382909614569,0.7429775280898876,0.012316501511821143,0.0038933829096145693,0.7267676436684518,weak correlation / high independence
OCIAD2,SLC44A4,0.796545245774221,0.7740984388681964,0.9213483146067416,1.0,0.7971014492753623,0.639344262295082,0.5610732299992872,0.00957360595802697,0.0,0.004786802979013485,0.8394485065442965,0.11221464599985745,0.0004786802979013485,0.7267551802465377,moderate correlation
OCIAD2,AGR2,0.796545245774221,0.42747807269657895,0.9719101123595506,1.0,0.8115942028985508,0.639344262295082,0.5719846924608135,0.00957360595802697,0.2900457034734938,0.14980965471576038,0.8557121443882958,0.1143969384921627,0.01498096547157604,0.7263342404245571,moderate correlation
CCNB1,ETV1,0.7228724824339547,0.6641001764469112,0.9719101123595506,1.0,1.0,0.0,0.06701009814076637,0.04176615865950621,0.02482275843931166,0.033294458549408934,0.7429775280898876,0.013402019628153275,0.0033294458549408936,0.7262460626067935,weak correlation / high independence
PXDN,SLC44A4,0.7169660210736698,0.7740984388681964,0.8820224719101124,1.0,0.9710144927536232,0.06557377049180328,0.01813225920740502,1.1102230246251565e-16,0.0,5.551115123125783e-17,0.7296526837888847,0.0036264518414810044,5.551115123125783e-18,0.7260262319474037,weak correlation / high independence
MMP9,TIMP1,0.5052459001107324,0.8127320901664025,0.9662921348314607,0.9820359281437125,0.43478260869565216,0.8032786885245902,0.3343825305227554,0.0779806405713783,0.0,0.03899032028568915,0.796597340048854,0.06687650610455108,0.003899032028568915,0.725821801915734,low-to-moderate correlation / partial independence
PLAC8,PXDN,0.6220726772459807,0.7169660210736698,0.9438202247191011,0.9880239520958084,1.0,0.0,0.030283767019974026,0.023424625728514163,1.1102230246251565e-16,0.011712312864257137,0.7329610442037273,0.006056753403994805,0.0011712312864257137,0.7257330595133068,weak correlation / high independence
MMP9,SLC44A4,0.5052459001107324,0.7740984388681964,0.9101123595505618,1.0,0.9710144927536232,0.06557377049180328,-0.037224226813978946,0.0779806405713783,0.0,0.03899032028568915,0.7366751556989971,0.007444845362795789,0.003899032028568915,0.7253312783076324,weak correlation / high independence
GRN,TIMP1,0.8150381531247665,0.8127320901664025,0.9719101123595506,0.9880239520958084,0.43478260869565216,0.8032786885245902,0.36522691099743804,0.022702682080163877,0.0,0.011351341040081939,0.7994988404189003,0.07304538219948761,0.0011351341040081939,0.7253183241154044,low-to-moderate correlation / partial independence
CDH3,SPARC,0.7656191155187965,0.8132930712086771,0.7865168539325843,1.0,0.6521739130434783,0.7213114754098361,0.2643179773781039,0.1512701316705805,0.08688946638151579,0.11907979902604815,0.7900005605964746,0.052863595475620785,0.011907979902604816,0.725228985218249,low-to-moderate correlation / partial independence
RCN1,SLC44A4,0.8497562945311693,0.7740984388681964,0.8876404494382022,1.0,0.9710144927536232,0.11475409836065574,-0.081398744691762,0.041475064871972264,0.0,0.020737532435986132,0.7433522601381203,0.016279748938352403,0.0020737532435986133,0.7249987579561693,weak correlation / high independence
OCIAD2,CDH3,0.796545245774221,0.7656191155187965,0.8258426966292135,1.0,0.7971014492753623,0.7049180327868853,0.4946376240321107,0.00957360595802697,0.1512701316705805,0.08042186881430374,0.8319655446728653,0.09892752480642214,0.008042186881430375,0.7249958329850129,moderate correlation
AGR2,COLGALT1,0.42747807269657895,0.8830279192813023,0.8426966292134831,0.9880239520958084,0.9710144927536232,0.19672131147540983,0.04128186346089675,0.2900457034734938,0.04339731321461733,0.16672150834405555,0.7496140963845812,0.008256372692179352,0.016672150834405555,0.7246855728579963,weak correlation / high independence
SDC1,PKM,0.8187216314358295,0.8047205189285296,0.797752808988764,1.0,0.5942028985507246,0.9672131147540983,0.5536109642324049,0.08453034283497024,0.005155450437644578,0.04484289663630741,0.8397922055733967,0.11072219284648098,0.004484289663630741,0.724585723063285,moderate correlation
SPARC,SLC16A1,0.8132930712086771,0.6917994825403561,0.8932584269662921,1.0,0.6666666666666666,0.6557377049180327,0.34717182673448854,0.08688946638151579,0.12354264919498564,0.10521605778825072,0.8039156996377478,0.06943436534689772,0.010521605778825072,0.723959728512025,low-to-moderate correlation / partial independence
SDC1,DSG2,0.8187216314358295,0.8395014138651767,0.6292134831460674,1.0,0.6376811594202898,0.9508196721311475,0.3647779404381974,0.08453034283497024,0.0709994055652357,0.07776487420010297,0.8044285786743761,0.07295558808763948,0.007776487420010298,0.7236965031667264,low-to-moderate correlation / partial independence
CEACAM5,LOXL1,0.3827813825580026,0.7782706315643453,0.9157303370786517,1.0,1.0,0.03278688524590164,0.032416364471092994,0.09847649330690951,0.046101545049522054,0.07228901917821579,0.7371293055811383,0.006483272894218599,0.0072289019178215785,0.7234171307690982,weak correlation / high independence
GRN,CDH3,0.8150381531247665,0.7656191155187965,0.8258426966292135,1.0,0.927536231884058,0.4098360655737705,0.29374909567541346,0.022702682080163877,0.1512701316705805,0.0869864068753722,0.7908037485217605,0.0587498191350827,0.00869864068753722,0.7233552886991406,low-to-moderate correlation / partial independence
OCIAD2,UACA,0.796545245774221,0.8875581314818409,0.848314606741573,1.0,0.8115942028985508,0.639344262295082,0.49495200427755587,0.00957360595802697,0.04314484111391227,0.02635922353596962,0.8248132679838014,0.09899040085551118,0.0026359223535969622,0.7231869447746933,moderate correlation
AGR2,GRN,0.42747807269657895,0.8150381531247665,0.9662921348314607,0.9760479041916168,0.9710144927536232,0.08196721311475409,0.051091120228833144,0.2900457034734938,0.022702682080163877,0.15637419277682885,0.7488304362228636,0.01021822404576663,0.015637419277682887,0.722974792899414,weak correlation / high independence
GRN,CLDN12,0.8150381531247665,0.805650131495029,0.8820224719101124,0.9880239520958084,0.9710144927536232,0.08196721311475409,0.03498466900593711,0.022702682080163877,0.0,0.011351341040081939,0.7307570324685745,0.006996933801187422,0.0011351341040081939,0.7226249645633789,weak correlation / high independence
ETV1,DNTTIP1,0.6641001764469112,0.767087675236294,0.9719101123595506,0.9880239520958084,1.0,0.0,0.07769441424116509,0.02482275843931166,0.013590724254201294,0.019206741346756477,0.7399835161138397,0.015538882848233019,0.0019206741346756478,0.722523959130931,weak correlation / high independence
PLAC8,LOXL1,0.6220726772459807,0.7782706315643453,0.9382022471910112,0.9880239520958084,1.0,0.03278688524590164,0.06922448805892924,0.023424625728514163,0.046101545049522054,0.03476308538901811,0.7397532711331803,0.013844897611785848,0.003476308538901811,0.7224320649824927,weak correlation / high independence
SPARC,RNF145,0.8132930712086771,0.5397698695819814,0.898876404494382,1.0,0.6666666666666666,0.6557377049180327,0.30071393880372543,0.08688946638151579,0.38051362907585307,0.23370154772868443,0.8053201940197703,0.06014278776074509,0.023370154772868443,0.7218072514861568,low-to-moderate correlation / partial independence
LOXL1,KIF4A,0.7782706315643453,0.5311408971518579,0.949438202247191,0.9940119760479041,1.0,0.03278688524590164,0.0889219652109357,0.046101545049522054,0.044956748123976195,0.04552914658674913,0.7440592658852492,0.01778439304218714,0.004552914658674913,0.7217219581843871,weak correlation / high independence
PLAC8,ETV1,0.6220726772459807,0.6641001764469112,0.9775280898876404,0.9880239520958084,1.0,0.0,0.08673129586802168,0.023424625728514163,0.02482275843931166,0.024123692083912913,0.7413880104958622,0.01734625917360434,0.0024123692083912913,0.7216293821138666,weak correlation / high independence
CAPN9,TIMP1,0.6169507151469692,0.8127320901664025,0.6910112359550562,1.0,0.43478260869565216,0.8032786885245902,-0.0033476217683052712,0.2016655848611086,0.0,0.1008327924305543,0.7322681332938246,0.0006695243536610543,0.01008327924305543,0.7215153296971081,weak correlation / high independence
LMNB1,LOXL1,0.7753667598130912,0.7782706315643453,0.9213483146067416,1.0,1.0,0.03278688524590164,0.06621797886231565,0.030689039486403287,0.046101545049522054,0.03839529226796267,0.7385337999631608,0.01324359577246313,0.003839529226796267,0.7214506749639014,weak correlation / high independence
SDC1,CAPN9,0.8187216314358295,0.6169507151469692,0.6123595505617978,1.0,0.6376811594202898,0.9508196721311475,0.32565166347375224,0.08453034283497024,0.2016655848611086,0.1430979638480394,0.8002150955283087,0.06513033269475045,0.014309796384803942,0.7207749664487544,low-to-moderate correlation / partial independence
GRN,RCN1,0.8150381531247665,0.8497562945311693,0.9438202247191011,0.9940119760479041,0.9710144927536232,0.09836065573770492,0.13977772765573532,0.022702682080163877,0.041475064871972264,0.03208887347606807,0.7518018373145834,0.027955545531147066,0.003208887347606807,0.7206374044358295,weak correlation / high independence
RCN1,PLS1,0.8497562945311693,0.759439754640533,0.8764044943820225,1.0,1.0,0.06557377049180328,0.06505611606011383,0.041475064871972264,1.1102230246251565e-16,0.020737532435986188,0.7354945662184564,0.013011223212022766,0.002073753243598619,0.7204095897628351,weak correlation / high independence
CEACAM5,RCN1,0.3827813825580026,0.8497562945311693,0.898876404494382,1.0,1.0,0.04918032786885246,-0.05024967377774767,0.09847649330690951,0.041475064871972264,0.06997577908944089,0.7370141830908086,0.010049934755549536,0.006997577908944089,0.719966670426315,weak correlation / high independence
MMP9,SPARC,0.5052459001107324,0.8132930712086771,0.898876404494382,1.0,0.6666666666666666,0.6557377049180327,0.38598591058814263,0.0779806405713783,0.08688946638151579,0.08243505347644704,0.8053201940197703,0.07719718211762853,0.008243505347644705,0.7198795065544971,low-to-moderate correlation / partial independence
CEACAM5,GRN,0.3827813825580026,0.8150381531247665,0.9382022471910112,1.0,0.9710144927536232,0.08196721311475409,0.1096798526269142,0.09847649330690951,0.022702682080163877,0.060589587693536694,0.7477959882648471,0.02193597052538284,0.00605895876935367,0.7198010589701105,weak correlation / high independence
LAMA3,SDC1,0.5507459804792868,0.8187216314358295,0.797752808988764,1.0,0.6376811594202898,0.9508196721311475,0.5128291605004208,0.40231310213542243,0.08453034283497024,0.24342172248519633,0.8465634101350503,0.10256583210008417,0.024342172248519634,0.7196554057864465,moderate correlation
CCNB1,LOXL1,0.7228724824339547,0.7782706315643453,0.9382022471910112,1.0,1.0,0.03278688524590164,0.09429774865500211,0.04176615865950621,0.046101545049522054,0.043933851854514136,0.7427472831092282,0.018859549731000423,0.004393385185451413,0.7194943481927764,weak correlation / high independence
DOCK5,PKM,0.8486326400116809,0.8047205189285296,0.6853932584269663,1.0,0.7101449275362319,0.9016393442622951,0.510142309385423,0.05120461081083721,0.005155450437644578,0.028180030624240893,0.8242943825563733,0.10202846187708461,0.0028180030624240897,0.7194479176168647,moderate correlation
SDC1,COLGALT1,0.8187216314358295,0.8830279192813023,0.7359550561797753,1.0,0.6376811594202898,0.9508196721311475,0.5298137039147877,0.08453034283497024,0.04339731321461733,0.06396382802479378,0.8311139719328031,0.10596274078295753,0.006396382802479378,0.7187548483473662,moderate correlation
MISP,OCIAD2,0.4408376629769242,0.796545245774221,0.9831460674157303,1.0,0.8115942028985508,0.639344262295082,0.6247794380105327,0.29398990912350004,0.00957360595802697,0.1517817575407635,0.8585211331523408,0.12495588760210655,0.015178175754076352,0.718387069796158,high redundancy risk
DSG2,TXN,0.8395014138651767,0.8669527154073219,0.6853932584269663,1.0,0.5072463768115942,0.9016393442622951,0.25455793132984605,0.0709994055652357,0.015599869785909371,0.04329963767557253,0.7735697448752139,0.050911586265969214,0.004329963767557253,0.7183281948416874,low-to-moderate correlation / partial independence
OCIAD2,DSG2,0.796545245774221,0.8395014138651767,0.6966292134831461,1.0,0.8115942028985508,0.639344262295082,0.32273323063061393,0.00957360595802697,0.0709994055652357,0.04028650576163133,0.7868919196691947,0.06454664612612279,0.004028650576163133,0.7183166229669088,low-to-moderate correlation / partial independence
CEACAM5,EDIL3,0.3827813825580026,0.6311502155526197,0.9382022471910112,1.0,1.0,0.0,-0.04781549175972602,0.09847649330690951,0.03610149953278518,0.06728899641984734,0.7345505617977528,0.009563098351945205,0.0067288996419847345,0.7182585638038228,weak correlation / high independence
MMP12,RCN1,0.39736509818459975,0.8497562945311693,0.9213483146067416,0.9880239520958084,1.0,0.04918032786885246,-0.09248325525278289,0.02207993458626133,0.041475064871972264,0.031777499729116795,0.7396381486428506,0.01849665105055658,0.0031777499729116797,0.7179637476193824,weak correlation / high independence
TXN,CALM2,0.8669527154073219,0.7074816803992271,0.9325842696629213,0.9820359281437125,0.5217391304347826,0.9016393442622951,0.5189652824471661,0.015599869785909371,0.24465110344867963,0.1301254866172945,0.8344996681259279,0.10379305648943322,0.013012548661729451,0.7176940629747652,moderate correlation
ETV1,PYGB,0.6641001764469112,0.7834014339198262,0.9438202247191011,1.0,1.0,0.01639344262295082,0.10136218097917368,0.02482275843931166,0.017308592920477872,0.021065675679894764,0.740053416835513,0.02027243619583474,0.0021065675679894764,0.7176744130716888,weak correlation / high independence
COLGALT1,TIMP1,0.8830279192813023,0.8127320901664025,0.8426966292134831,0.9880239520958084,0.43478260869565216,0.8032786885245902,0.24068545675838998,0.04339731321461733,0.0,0.021698656607308665,0.7671954696323835,0.048137091351678,0.0021698656607308667,0.7168885126199747,low-to-moderate correlation / partial independence
SPARC,CALM2,0.8132930712086771,0.7074816803992271,0.898876404494382,1.0,0.6666666666666666,0.6557377049180327,0.36091362268518085,0.08688946638151579,0.24465110344867963,0.1657702849150977,0.8053201940197703,0.07218272453703617,0.01657702849150977,0.7165604409912244,low-to-moderate correlation / partial independence
CEACAM5,PXDN,0.3827813825580026,0.7169660210736698,0.9101123595505618,1.0,1.0,0.0,0.031240790488602812,0.09847649330690951,1.1102230246251565e-16,0.04923824665345481,0.7275280898876404,0.006248158097720563,0.004923824665345481,0.7163561071245743,weak correlation / high independence
GRN,PTPRR,0.8150381531247665,0.5441886518479988,0.9606741573033708,0.9940119760479041,0.9710144927536232,0.08196721311475409,0.1655946799852134,0.022702682080163877,0.02621672664746668,0.02445970436381528,0.751916959804913,0.03311893599704268,0.002445970436381528,0.7163520533714889,weak correlation / high independence
GRN,DPCR1,0.8150381531247665,0.4249694598250433,0.8707865168539326,0.9940119760479041,0.9710144927536232,0.08196721311475409,0.06008605154750991,0.022702682080163877,0.0,0.011351341040081939,0.7294450496925534,0.012017210309501982,0.0011351341040081939,0.7162927052790432,weak correlation / high independence
PLAC8,GRN,0.6220726772459807,0.8150381531247665,0.9719101123595506,0.9940119760479041,0.9710144927536232,0.08196721311475409,0.18085916200986143,0.023424625728514163,0.022702682080163877,0.02306365390433902,0.7547259485689579,0.03617183240197229,0.002306365390433902,0.7162477507765517,weak correlation / high independence
MMP13,SLC44A4,0.25482009823610646,0.7740984388681964,0.898876404494382,1.0,0.9710144927536232,0.06557377049180328,0.08576484125855571,0.013220534326951576,0.0,0.006610267163475788,0.7338661669349521,0.017152968251711143,0.0006610267163475788,0.7160521719668933,weak correlation / high independence
PLAC8,MMP9,0.6220726772459807,0.5052459001107324,0.9606741573033708,0.9940119760479041,1.0,0.0,0.09052695189911635,0.023424625728514163,0.0779806405713783,0.05070263314994623,0.7386715333378188,0.01810539037982327,0.0050702633149946235,0.7154958796430009,weak correlation / high independence
EDIL3,KIF4A,0.6311502155526197,0.5311408971518579,0.9775280898876404,0.9940119760479041,1.0,0.0,0.11907431859193884,0.03610149953278518,0.044956748123976195,0.040529123828380684,0.7428850164838862,0.02381486371838777,0.004052912382838068,0.7150172403826602,weak correlation / high independence
ETV1,SLC44A4,0.6641001764469112,0.7740984388681964,0.9157303370786517,1.0,0.9710144927536232,0.06557377049180328,0.1103894238597624,0.02482275843931166,0.0,0.01241137921965583,0.7380796500810195,0.02207788477195248,0.001241137921965583,0.7147606273871014,weak correlation / high independence
SPARC,TMEM173,0.8132930712086771,0.8261906687524584,0.8932584269662921,1.0,0.6666666666666666,0.6557377049180327,0.4225813041001277,0.08688946638151579,0.011366255750379306,0.04912786106594755,0.8039156996377478,0.08451626082002554,0.004912786106594755,0.7144866527111275,moderate correlation
CEACAM5,ETV1,0.3827813825580026,0.6641001764469112,0.9382022471910112,1.0,1.0,0.0,0.0710854589461925,0.09847649330690951,0.02482275843931166,0.06164962587311058,0.7345505617977528,0.014217091789238502,0.006164962587311059,0.7141685074212033,weak correlation / high independence
LOXL1,TIMP1,0.7782706315643453,0.8127320901664025,0.9438202247191011,0.9880239520958084,0.43478260869565216,0.8032786885245902,0.3804333948983326,0.046101545049522054,0.0,0.023050772524761027,0.7924763685087879,0.07608667897966653,0.002305077252476103,0.7140846122766452,low-to-moderate correlation / partial independence
CST1,RCN1,0.5436593060985359,0.8497562945311693,0.8820224719101124,1.0,1.0,0.04918032786885246,-0.018526960856026092,0.2613835538362081,0.041475064871972264,0.15142930935409019,0.7328006999447412,0.0037053921712052185,0.01514293093540902,0.713952376838127,weak correlation / high independence
GRN,EDIL3,0.8150381531247665,0.6311502155526197,0.9775280898876404,0.9940119760479041,0.9710144927536232,0.08196721311475409,0.196570584737011,0.022702682080163877,0.03610149953278518,0.02940209080647453,0.7561304429509804,0.0393141169474022,0.002940209080647453,0.7138761169229308,weak correlation / high independence
DNTTIP1,PXDN,0.767087675236294,0.7169660210736698,0.9382022471910112,0.9820359281437125,1.0,0.0,0.07870513210618907,0.013590724254201294,1.1102230246251565e-16,0.0067953621271007025,0.730059543833681,0.015741026421237814,0.0006795362127100703,0.713638981199733,weak correlation / high independence
MMP9,ETV1,0.5052459001107324,0.6641001764469112,0.9662921348314607,0.9940119760479041,1.0,0.0,0.1069810468619287,0.0779806405713783,0.02482275843931166,0.051401699505344976,0.7400760277198413,0.021396209372385743,0.005140169950534498,0.7135396483969211,weak correlation / high independence
MISP,TXN,0.4408376629769242,0.8669527154073219,0.9269662921348315,0.9820359281437125,0.5217391304347826,0.9016393442622951,0.5207196721451004,0.29398990912350004,0.015599869785909371,0.1547948894547047,0.8330951737439054,0.10414393442902009,0.015479488945470472,0.7134717503694149,moderate correlation
RCN1,TMEM173,0.8497562945311693,0.8261906687524584,0.9101123595505618,0.9880239520958084,1.0,0.06557377049180328,0.1246245056134825,0.041475064871972264,0.011366255750379306,0.026420660311175785,0.7409275205345434,0.0249249011226965,0.0026420660311175788,0.7133605533807292,weak correlation / high independence
COL17A1,TXN,0.5254345423950634,0.8669527154073219,0.8876404494382022,1.0,0.5217391304347826,0.9016393442622951,0.4703775182779958,0.39389582847519694,0.015599869785909371,0.20474784913055316,0.8277547310338199,0.09407550365559916,0.020474784913055318,0.7132044424651655,moderate correlation
CEACAM5,COLGALT1,0.3827813825580026,0.8830279192813023,0.8314606741573034,1.0,0.9710144927536232,0.19672131147540983,0.1483498975719671,0.09847649330690951,0.04339731321461733,0.07093690326076342,0.7497991195965841,0.02966997951439342,0.007093690326076343,0.7130354497561143,weak correlation / high independence
GRN,PYGB,0.8150381531247665,0.7834014339198262,0.949438202247191,1.0,0.9710144927536232,0.09836065573770492,0.19890778868168624,0.022702682080163877,0.017308592920477872,0.020005637500320875,0.7547033376846298,0.03978155773633725,0.0020005637500320876,0.7129212161982604,weak correlation / high independence
AGR2,CDH3,0.42747807269657895,0.7656191155187965,0.8258426966292135,1.0,0.9565217391304348,0.32786885245901637,0.21572811123402333,0.2900457034734938,0.1512701316705805,0.22065791757203715,0.7775583220546661,0.04314562224680467,0.022065791757203718,0.7123469080506578,low-to-moderate correlation / partial independence
MMP9,RCN1,0.5052459001107324,0.8497562945311693,0.9269662921348315,0.9940119760479041,1.0,0.04918032786885246,0.12123839668120376,0.0779806405713783,0.041475064871972264,0.05972785272167528,0.7425396490128969,0.02424767933624075,0.0059727852721675285,0.7123191844044887,weak correlation / high independence
MMP12,PYGB,0.39736509818459975,0.7834014339198262,0.9325842696629213,1.0,1.0,0.01639344262295082,0.11773004447993372,0.02207993458626133,0.017308592920477872,0.0196942637533696,0.737244428071468,0.023546008895986747,0.00196942637533696,0.7117289928001442,weak correlation / high independence
ETV1,PSMB8,0.6641001764469112,0.5599685464333456,0.9831460674157303,0.9640718562874252,1.0,0.0,0.021572963417911744,0.02482275843931166,0.39461831759543303,0.20972053801737234,0.7368044809257889,0.004314592683582349,0.020972053801737237,0.7115178344404692,weak correlation / high independence
MISP,RCN1,0.4408376629769242,0.8497562945311693,0.9382022471910112,0.9880239520958084,1.0,0.04918032786885246,-0.0786549608055085,0.29398990912350004,0.041475064871972264,0.16773248699773616,0.743851631788918,0.0157309921611017,0.016773248699773615,0.7113473909280427,weak correlation / high independence
RCN1,SPARC,0.8497562945311693,0.8132930712086771,0.8595505617977528,1.0,0.6666666666666666,0.6557377049180327,0.39032224259616755,0.041475064871972264,0.08688946638151579,0.06418226562674403,0.795488733345613,0.07806444851923351,0.0064182265626744036,0.711006058263705,low-to-moderate correlation / partial independence
LAMA3,TXN,0.5507459804792868,0.8669527154073219,0.9269662921348315,0.9820359281437125,0.5217391304347826,0.9016393442622951,0.5060416829578711,0.40231310213542243,0.015599869785909371,0.2089564859606659,0.8330951737439054,0.10120833659157423,0.02089564859606659,0.7109911885562645,moderate correlation
DOCK5,TXN,0.8486326400116809,0.8669527154073219,0.6853932584269663,0.9940119760479041,0.5217391304347826,0.9016393442622951,0.3071005246738784,0.05120461081083721,0.015599869785909371,0.03340224029837329,0.775695927292987,0.06142010493477568,0.0033402240298373294,0.7109355983283739,low-to-moderate correlation / partial independence
TOP2A,EDIL3,0.7642964013003924,0.6311502155526197,0.8932584269662921,1.0,1.0,0.0,0.022384740926413356,0.12468589671829405,0.03610149953278518,0.08039369812553962,0.723314606741573,0.004476948185282672,0.008039369812553963,0.7107982887437364,weak correlation / high independence
LOXL1,PYGB,0.7782706315643453,0.7834014339198262,0.9101123595505618,1.0,1.0,0.04918032786885246,0.1294960890621409,0.046101545049522054,0.017308592920477872,0.03170506898499996,0.7398231718548535,0.025899217812428182,0.003170506898499996,0.7107534471439253,weak correlation / high independence
LOXL1,CLDN12,0.7782706315643453,0.805650131495029,0.8426966292134831,0.9940119760479041,1.0,0.03278688524590164,-0.02643559173813284,0.046101545049522054,0.0,0.023050772524761027,0.7173738726268223,0.0052871183476265685,0.002305077252476103,0.7097816770267197,weak correlation / high independence
OCIAD2,LAMA3,0.796545245774221,0.5507459804792868,0.9831460674157303,1.0,0.8115942028985508,0.639344262295082,0.6424325667151456,0.00957360595802697,0.40231310213542243,0.2059433540467247,0.8585211331523408,0.12848651334302913,0.02059433540467247,0.7094402844046392,high redundancy risk
EDIL3,PSMB8,0.6311502155526197,0.5599685464333456,0.9831460674157303,0.9520958083832335,1.0,0.0,0.016383187204973063,0.03610149953278518,0.39461831759543303,0.2153599085641091,0.7338104689497409,0.003276637440994613,0.021535990856410912,0.7089978406523354,weak correlation / high independence
CDH3,TXN,0.7656191155187965,0.8669527154073219,0.8089887640449438,1.0,0.5072463768115942,0.9180327868852459,0.4572392779021372,0.1512701316705805,0.015599869785909371,0.08343500072824495,0.808566981935446,0.09144785558042745,0.008343500072824495,0.708775626282194,moderate correlation
MMP12,RNF145,0.39736509818459975,0.5397698695819814,0.9719101123595506,0.9880239520958084,1.0,0.0,0.055863826636857496,0.02207993458626133,0.38051362907585307,0.2012967818310572,0.7399835161138397,0.0111727653273715,0.020129678183105723,0.7086810726033624,weak correlation / high independence
MMP9,PTPRR,0.5052459001107324,0.5441886518479988,0.9606741573033708,0.9940119760479041,1.0,0.0,0.1243895082401406,0.0779806405713783,0.02621672664746668,0.05209868360942249,0.7386715333378188,0.02487790164802812,0.0052098683609422495,0.7085837633288483,weak correlation / high independence
ETV1,DPCR1,0.6641001764469112,0.4249694598250433,0.8707865168539326,0.9880239520958084,1.0,0.0,-0.025049460031140194,0.02482275843931166,0.0,0.01241137921965583,0.7147026172374352,0.005009892006228039,0.001241137921965583,0.7084515873092416,weak correlation / high independence
MISP,LOXL1,0.4408376629769242,0.7782706315643453,0.9438202247191011,0.9880239520958084,1.0,0.03278688524590164,0.08048701602675948,0.29398990912350004,0.046101545049522054,0.17004572708651106,0.7411577655152027,0.016097403205351895,0.017004572708651106,0.7080557896011997,weak correlation / high independence
MMP12,CCNB1,0.39736509818459975,0.7228724824339547,0.9606741573033708,1.0,1.0,0.0,0.14497609106550283,0.02207993458626133,0.04176615865950621,0.03192304662288377,0.7401685393258427,0.028995218213100568,0.003192304662288377,0.7079810164504537,weak correlation / high independence
DOCK5,TIMP1,0.8486326400116809,0.8127320901664025,0.6853932584269663,0.9940119760479041,0.43478260869565216,0.8032786885245902,0.09423213697818501,0.05120461081083721,0.0,0.025602305405418604,0.7293666329237782,0.018846427395637005,0.0025602305405418605,0.7079599749875993,weak correlation / high independence
GRN,TMEM173,0.8150381531247665,0.8261906687524584,0.949438202247191,0.9940119760479041,0.9710144927536232,0.11475409836065574,0.23859712584218648,0.022702682080163877,0.011366255750379306,0.01703446891527159,0.7573046923523434,0.0477194251684373,0.0017034468915271593,0.707881820292379,low-to-moderate correlation / partial independence
GRN,MMP13,0.8150381531247665,0.25482009823610646,0.949438202247191,1.0,0.9710144927536232,0.08196721311475409,0.2051495540928034,0.022702682080163877,0.013220534326951576,0.017961608203557727,0.7506049770288921,0.04102991081856068,0.0017961608203557727,0.7077789053899757,low-to-moderate correlation / partial independence
MMP9,CLDN12,0.5052459001107324,0.805650131495029,0.8707865168539326,0.9940119760479041,1.0,0.0,-0.025206320092192033,0.0779806405713783,0.0,0.03899032028568915,0.7161996232254592,0.005041264018438407,0.003899032028568915,0.7072593271784519,weak correlation / high independence
GRN,TPX2,0.8150381531247665,0.7229964697986911,0.898876404494382,1.0,0.9710144927536232,0.08196721311475409,0.10618506795809066,0.022702682080163877,0.17221193540680635,0.09745730874348511,0.7379645275906898,0.021237013591618132,0.009745730874348511,0.7069817831247232,weak correlation / high independence
SDC1,COL17A1,0.8187216314358295,0.5254345423950634,0.7752808988764045,1.0,0.6376811594202898,0.9508196721311475,0.5526782090340632,0.08453034283497024,0.39389582847519694,0.2392130856550836,0.8409454326069603,0.11053564180681263,0.02392130856550836,0.7064884822346393,moderate correlation
PLAC8,ANKLE2,0.6220726772459807,0.8693496009171224,0.9044943820224719,0.9820359281437125,1.0,0.0,0.06910433954145266,0.023424625728514163,0.004269873992884083,0.013847249860699122,0.7216325775415461,0.013820867908290534,0.0013847249860699123,0.7064269846471857,weak correlation / high independence
RCN1,PTPRR,0.8497562945311693,0.5441886518479988,0.9213483146067416,0.9880239520958084,1.0,0.04918032786885246,0.14922629177367885,0.041475064871972264,0.02621672664746668,0.03384589575971947,0.7396381486428506,0.02984525835473577,0.003384589575971947,0.7064083007121429,weak correlation / high independence
RCN1,DNTTIP1,0.8497562945311693,0.767087675236294,0.9438202247191011,0.9880239520958084,1.0,0.04918032786885246,0.18165124437791655,0.041475064871972264,0.013590724254201294,0.02753289456308678,0.7452561261709404,0.03633024887558331,0.0027532894563086783,0.7061725878390483,weak correlation / high independence
TOP2A,TXN,0.7642964013003924,0.8669527154073219,0.8876404494382022,1.0,0.5217391304347826,0.9016393442622951,0.573338142217752,0.12468589671829405,0.015599869785909371,0.07014288325210172,0.8277547310338199,0.11466762844355041,0.007014288325210172,0.7060728142650594,moderate correlation
MMP9,SLC16A1,0.5052459001107324,0.6917994825403561,0.949438202247191,0.9880239520958084,1.0,0.0,0.0912228980459554,0.0779806405713783,0.12354264919498564,0.10076164488318197,0.7343655385857498,0.01824457960919108,0.010076164488318197,0.7060447944882405,weak correlation / high independence
CAPN9,SPARC,0.6169507151469692,0.8132930712086771,0.6292134831460674,1.0,0.6666666666666666,0.6557377049180327,-0.08738389323216328,0.2016655848611086,0.08688946638151579,0.14427752562131219,0.7379044636826917,0.017476778646432656,0.014427752562131219,0.7059999324741277,weak correlation / high independence
MISP,MMP9,0.4408376629769242,0.5052459001107324,0.9719101123595506,0.9580838323353293,1.0,0.0,0.04119584009383433,0.29398990912350004,0.0779806405713783,0.18598527484743915,0.73249848617372,0.008239168018766866,0.018598527484743915,0.7056607906702093,weak correlation / high independence
TOP2A,ETV1,0.7642964013003924,0.6641001764469112,0.8932584269662921,1.0,1.0,0.0,0.05171048130943024,0.12468589671829405,0.02482275843931166,0.07475432757880286,0.723314606741573,0.01034209626188605,0.007475432757880287,0.7054970777218066,weak correlation / high independence
MISP,ETV1,0.4408376629769242,0.6641001764469112,0.9775280898876404,0.9640718562874252,1.0,0.0,-0.07134494026935659,0.29398990912350004,0.02482275843931166,0.15940633378140584,0.7353999865437664,0.014268988053871319,0.015940633378140584,0.7051903651117545,weak correlation / high independence
AGR2,RCN1,0.42747807269657895,0.8497562945311693,0.9269662921348315,0.9880239520958084,1.0,0.04918032786885246,-0.09775956362639604,0.2900457034734938,0.041475064871972264,0.16576038417273303,0.741042643024873,0.01955191272527921,0.016576038417273304,0.7049146918823205,weak correlation / high independence
PTPRR,EDIL3,0.5441886518479988,0.6311502155526197,0.9662921348314607,0.9880239520958084,1.0,0.0,0.15288952629766056,0.02621672664746668,0.03610149953278518,0.03115911309012593,0.7385790217318173,0.030577905259532114,0.003115911309012593,0.7048852051632727,weak correlation / high independence
RCN1,COL17A1,0.8497562945311693,0.5254345423950634,0.8707865168539326,1.0,1.0,0.04918032786885246,0.017034283477032282,0.041475064871972264,0.39389582847519694,0.2176854466735846,0.7299917111806963,0.0034068566954064566,0.02176854466735846,0.7048163098179314,weak correlation / high independence
TPX2,TXN,0.7229964697986911,0.8669527154073219,0.8820224719101124,1.0,0.5217391304347826,0.9016393442622951,0.56086921829155,0.17221193540680635,0.015599869785909371,0.09390590259635787,0.8263502366517975,0.11217384365831001,0.009390590259635788,0.7047858027338517,moderate correlation
TOP2A,TMEM173,0.7642964013003924,0.8261906687524584,0.8876404494382022,1.0,1.0,0.03278688524590164,0.09304982889620877,0.12468589671829405,0.011366255750379306,0.06802607623433668,0.730106833671026,0.018609965779241757,0.006802607623433668,0.7046942602683506,weak correlation / high independence
ETV1,COL17A1,0.6641001764469112,0.5254345423950634,0.9101123595505618,1.0,1.0,0.0,0.010842337140205088,0.02482275843931166,0.39389582847519694,0.2093592934572543,0.7275280898876404,0.0021684674280410174,0.02093592934572543,0.704423693113874,weak correlation / high independence
LAMA3,GRN,0.5507459804792868,0.8150381531247665,0.9775280898876404,0.9760479041916168,0.9710144927536232,0.08196721311475409,0.13110571708381802,0.40231310213542243,0.022702682080163877,0.21250789210779314,0.7516394249869086,0.026221143416763605,0.021250789210779317,0.7041674923593657,weak correlation / high independence
MMP9,DPCR1,0.5052459001107324,0.4249694598250433,0.8764044943820225,0.9940119760479041,1.0,0.0,0.04771044549832094,0.0779806405713783,0.0,0.03899032028568915,0.7176041176074817,0.009542089099664188,0.003899032028568915,0.7041629964792486,weak correlation / high independence
CDH3,DPCR1,0.7656191155187965,0.4249694598250433,0.7865168539325843,1.0,0.9565217391304348,0.32786885245901637,0.2800855834977712,0.1512701316705805,0.0,0.07563506583529025,0.7677268613805089,0.05601711669955424,0.007563506583529026,0.7041462380974257,low-to-moderate correlation / partial independence
GRN,TOP2A,0.8150381531247665,0.7642964013003924,0.898876404494382,0.9940119760479041,0.9710144927536232,0.08196721311475409,0.12570444300468747,0.022702682080163877,0.12468589671829405,0.07369428939922897,0.7364675216026658,0.025140888600937494,0.007369428939922897,0.7039572040618054,weak correlation / high independence
PLAC8,COLGALT1,0.6220726772459807,0.8830279192813023,0.8426966292134831,0.9880239520958084,0.9710144927536232,0.19672131147540983,0.21193655893675648,0.023424625728514163,0.04339731321461733,0.033410969471565743,0.7496140963845812,0.0423873117873513,0.0033410969471565745,0.7038856876500733,low-to-moderate correlation / partial independence
DSG2,SPARC,0.8395014138651767,0.8132930712086771,0.651685393258427,1.0,0.6231884057971014,0.7213114754098361,0.18684090696319228,0.0709994055652357,0.08688946638151579,0.07894443597337575,0.7490463186163411,0.03736818139263846,0.007894443597337574,0.7037836936263651,weak correlation / high independence
ETV1,KIF4A,0.6641001764469112,0.5311408971518579,0.9775280898876404,0.9940119760479041,1.0,0.0,0.1786549280011168,0.02482275843931166,0.044956748123976195,0.034889753281643926,0.7428850164838862,0.03573098560022336,0.003488975328164393,0.7036650555554984,weak correlation / high independence
CEACAM5,MMP9,0.3827813825580026,0.5052459001107324,0.9438202247191011,1.0,1.0,0.0,0.11995337918473532,0.09847649330690951,0.0779806405713783,0.08822856693914391,0.7359550561797753,0.023990675836947067,0.008822856693914392,0.7031415236489139,weak correlation / high independence
SDC1,DOCK5,0.8187216314358295,0.8486326400116809,0.6404494382022472,1.0,0.6376811594202898,0.9508196721311475,0.4888033500650059,0.08453034283497024,0.05120461081083721,0.06786747682290373,0.8072375674384211,0.09776067001300119,0.006786747682290373,0.7026901497431296,moderate correlation
SPARC,MMP13,0.8132930712086771,0.25482009823610646,0.8932584269662921,1.0,0.6666666666666666,0.6557377049180327,0.48144755342532014,0.08688946638151579,0.013220534326951576,0.050055000354233686,0.8039156996377478,0.09628951068506403,0.005005500035423369,0.7026206889172605,moderate correlation
AGR2,LOXL1,0.42747807269657895,0.7782706315643453,0.9382022471910112,0.9880239520958084,1.0,0.03278688524590164,-0.10168433024428296,0.2900457034734938,0.046101545049522054,0.16807362426150793,0.7397532711331803,0.020336866048856594,0.016807362426150795,0.7026090426581729,weak correlation / high independence
CDH3,RNF145,0.7656191155187965,0.5397698695819814,0.8258426966292135,1.0,0.9565217391304348,0.32786885245901637,0.24186478510065115,0.1512701316705805,0.38051362907585307,0.26589188037321676,0.7775583220546661,0.04837295702013023,0.026589188037321677,0.7025961769972142,low-to-moderate correlation / partial independence
CCNB1,PXDN,0.7228724824339547,0.7169660210736698,0.9382022471910112,0.9940119760479041,1.0,0.0,0.14227510584617495,0.04176615865950621,1.1102230246251565e-16,0.02088307932975316,0.7330535558097289,0.02845502116923499,0.002088307932975316,0.7025102267075185,weak correlation / high independence
DPCR1,COLGALT1,0.4249694598250433,0.8830279192813023,0.7696629213483146,0.9880239520958084,0.9710144927536232,0.19672131147540983,0.13429166024574146,0.0,0.04339731321461733,0.021698656607308665,0.731355669418289,0.026858332049148295,0.0021698656607308667,0.7023274717084098,weak correlation / high independence
EDIL3,LMNB1,0.6311502155526197,0.7753667598130912,0.9550561797752809,1.0,1.0,0.0,0.1658345080725465,0.03610149953278518,0.030689039486403287,0.03339526950959423,0.7387640449438202,0.033166901614509296,0.0033395269509594234,0.7022576163783515,weak correlation / high independence
RCN1,PSMB8,0.8497562945311693,0.5599685464333456,0.9438202247191011,0.9880239520958084,1.0,0.04918032786885246,0.10607940182652285,0.041475064871972264,0.39461831759543303,0.21804669123370266,0.7452561261709404,0.02121588036530457,0.021804669123370268,0.7022355766822655,weak correlation / high independence
AGR2,ETV1,0.42747807269657895,0.6641001764469112,0.9662921348314607,0.9640718562874252,1.0,0.0,0.07362273878732781,0.2900457034734938,0.02482275843931166,0.15743423095640272,0.7325909977797215,0.014724547757465562,0.015743423095640273,0.7021230269266157,weak correlation / high independence
CEACAM5,RNF145,0.3827813825580026,0.5397698695819814,0.9550561797752809,0.9520958083832335,1.0,0.0,0.004774851597123636,0.09847649330690951,0.38051362907585307,0.23949506119138128,0.7267879970396286,0.0009549703194247273,0.02394950611913813,0.7018835206010657,weak correlation / high independence
SDC1,LGR5,0.8187216314358295,0.6452087922898473,0.47752808988764045,1.0,0.6376811594202898,0.9508196721311475,0.24705898639381021,0.08453034283497024,0.22516633370614025,0.15484833827055525,0.7665072303597693,0.04941179727876205,0.015484833827055525,0.7016105992539517,low-to-moderate correlation / partial independence
AGR2,PXDN,0.42747807269657895,0.7169660210736698,0.9325842696629213,0.9520958083832335,1.0,0.0,-0.02559879650233951,0.2900457034734938,1.1102230246251565e-16,0.14502285173674695,0.7211700195115387,0.005119759300467902,0.014502285173674696,0.7015479750373961,weak correlation / high independence
MMP9,CALM2,0.5052459001107324,0.7074816803992271,0.9775280898876404,0.9401197604790419,1.0,0.0,0.05915046413307785,0.0779806405713783,0.24465110344867963,0.16131587201002895,0.7294119625916706,0.01183009282661557,0.016131587201002894,0.7014502825640521,weak correlation / high independence
TPX2,EDIL3,0.7229964697986911,0.6311502155526197,0.8932584269662921,1.0,1.0,0.0,0.057349317604531894,0.17221193540680635,0.03610149953278518,0.10415671746979577,0.723314606741573,0.011469863520906379,0.010415671746979577,0.701429071473687,weak correlation / high independence
LAMA3,RCN1,0.5507459804792868,0.8497562945311693,0.9382022471910112,0.9880239520958084,1.0,0.04918032786885246,0.10436751306084864,0.40231310213542243,0.041475064871972264,0.22189408350369735,0.743851631788918,0.02087350261216973,0.022189408350369737,0.7007887208263786,weak correlation / high independence
PYGB,PXDN,0.7834014339198262,0.7169660210736698,0.9157303370786517,1.0,1.0,0.01639344262295082,0.159469915998954,0.017308592920477872,1.1102230246251565e-16,0.008654296460238992,0.7330309449254006,0.0318939831997908,0.0008654296460238992,0.7002715320795859,weak correlation / high independence
OCIAD2,TXN,0.796545245774221,0.8669527154073219,0.9325842696629213,1.0,0.4782608695652174,0.9344262295081968,0.6741459589746344,0.00957360595802697,0.015599869785909371,0.01258673787196817,0.8363178421840838,0.1348291917949269,0.0012586737871968171,0.7002299766019601,high redundancy risk
CST1,ETV1,0.5436593060985359,0.6641001764469112,0.9157303370786517,1.0,1.0,0.0,0.07323927628349354,0.2613835538362081,0.02482275843931166,0.14310315613775987,0.7289325842696629,0.014647855256698709,0.014310315613775987,0.6999744133991882,weak correlation / high independence
MMP12,EDIL3,0.39736509818459975,0.6311502155526197,0.9606741573033708,0.9880239520958084,1.0,0.0,0.1735684028625751,0.02207993458626133,0.03610149953278518,0.029090717059523256,0.7371745273497948,0.034713680572515025,0.0029090717059523257,0.6995517750713275,weak correlation / high independence
CAPN9,TXN,0.6169507151469692,0.8669527154073219,0.6797752808988764,1.0,0.5217391304347826,0.9016393442622951,0.3269679047585092,0.2016655848611086,0.015599869785909371,0.108632727323509,0.7757884388989885,0.06539358095170184,0.0108632727323509,0.6995315852149359,low-to-moderate correlation / partial independence
RNF145,LOXL1,0.5397698695819814,0.7782706315643453,0.949438202247191,0.9880239520958084,1.0,0.03278688524590164,0.10915114594152332,0.38051362907585307,0.046101545049522054,0.21330758706268757,0.7425622598972252,0.021830229188304667,0.021330758706268757,0.6994012720026518,weak correlation / high independence
MMP9,PYGB,0.5052459001107324,0.7834014339198262,0.9325842696629213,1.0,1.0,0.01639344262295082,0.16541426177704813,0.0779806405713783,0.017308592920477872,0.047644616745928084,0.737244428071468,0.03308285235540963,0.004764461674592809,0.6993971140414655,weak correlation / high independence
EDIL3,PLS1,0.6311502155526197,0.759439754640533,0.9213483146067416,1.0,1.0,0.01639344262295082,0.16726635926658057,0.03610149953278518,1.1102230246251565e-16,0.018050749766392645,0.734435439307423,0.03345327185331611,0.0018050749766392645,0.6991770924774676,weak correlation / high independence
LOXL1,SLC16A1,0.7782706315643453,0.6917994825403561,0.9269662921348315,0.9880239520958084,1.0,0.03278688524590164,0.14665516221522976,0.046101545049522054,0.12354264919498564,0.08482209712225385,0.7369442823691353,0.029331032443045954,0.008482209712225386,0.6991310402138641,weak correlation / high independence
RCN1,PYGB,0.8497562945311693,0.7834014339198262,0.9269662921348315,1.0,1.0,0.06557377049180328,0.23097620243252673,0.041475064871972264,0.017308592920477872,0.029391828896225068,0.7481350156566587,0.04619524048650535,0.002939182889622507,0.6990005922805309,low-to-moderate correlation / partial independence
OCIAD2,COL17A1,0.796545245774221,0.5254345423950634,0.9157303370786517,1.0,0.8115942028985508,0.639344262295082,0.6135924168700935,0.00957360595802697,0.39389582847519694,0.20173471721661196,0.8416672005680711,0.1227184833740187,0.020173471721661198,0.6987752454723912,high redundancy risk
MISP,GRN,0.4408376629769242,0.8150381531247665,0.9775280898876404,0.9760479041916168,0.9710144927536232,0.08196721311475409,0.18521737835238442,0.29398990912350004,0.022702682080163877,0.15834629560183194,0.7516394249869086,0.03704347567047688,0.015834629560183194,0.6987613197562486,weak correlation / high independence
ETV1,SPARC,0.6641001764469112,0.8132930712086771,0.898876404494382,1.0,0.6666666666666666,0.6557377049180327,0.5064180516157931,0.02482275843931166,0.08688946638151579,0.05585611241041372,0.8053201940197703,0.10128361032315863,0.0055856112410413725,0.6984509724555702,moderate correlation
DNTTIP1,RNF145,0.767087675236294,0.5397698695819814,0.9775280898876404,0.9820359281437125,1.0,0.0,0.11161948473590047,0.013590724254201294,0.38051362907585307,0.19705217666502717,0.7398910045078382,0.022323896947180094,0.019705217666502718,0.6978618898941554,weak correlation / high independence
GRN,ANKLE2,0.8150381531247665,0.8693496009171224,0.9044943820224719,0.9760479041916168,0.9710144927536232,0.08196721311475409,0.17129947325706266,0.022702682080163877,0.004269873992884083,0.01348627803652398,0.7333809980206164,0.034259894651412534,0.001348627803652398,0.6977724755655514,weak correlation / high independence
GRN,PXDN,0.8150381531247665,0.7169660210736698,0.9438202247191011,0.9760479041916168,0.9710144927536232,0.08196721311475409,0.22200246508664848,0.022702682080163877,1.1102230246251565e-16,0.011351341040081994,0.7432124586947737,0.0444004930173297,0.0011351341040081995,0.6976768315734357,low-to-moderate correlation / partial independence
CDH3,PXDN,0.7656191155187965,0.7169660210736698,0.8033707865168539,1.0,0.9565217391304348,0.32786885245901637,0.3344059349325721,0.1512701316705805,1.1102230246251565e-16,0.07563506583529031,0.7719403445265763,0.06688118698651442,0.007563506583529032,0.6974956509565329,low-to-moderate correlation / partial independence
MMP12,SLC44A4,0.39736509818459975,0.7740984388681964,0.9101123595505618,1.0,0.9710144927536232,0.06557377049180328,0.1904434623351343,0.02207993458626133,0.0,0.011039967293130665,0.7366751556989971,0.03808869246702686,0.0011039967293130666,0.6974824665026572,weak correlation / high independence
TXN,LGR5,0.8669527154073219,0.6452087922898473,0.5449438202247191,1.0,0.5217391304347826,0.9016393442622951,0.16362546310829948,0.015599869785909371,0.22516633370614025,0.12038310174602482,0.7420805737304492,0.032725092621659894,0.012038310174602482,0.6973171709341869,weak correlation / high independence
MMP12,KIF4A,0.39736509818459975,0.5311408971518579,0.9662921348314607,0.9940119760479041,1.0,0.0,0.1991366171734546,0.02207993458626133,0.044956748123976195,0.03351834135511876,0.7400760277198413,0.03982732343469092,0.003351834135511876,0.6968968701496385,weak correlation / high independence
EDIL3,DPCR1,0.6311502155526197,0.4249694598250433,0.8707865168539326,0.9880239520958084,1.0,0.0,0.08024674942007785,0.03610149953278518,0.0,0.01805074976639259,0.7147026172374352,0.01604934988401557,0.001805074976639259,0.6968481923767804,weak correlation / high independence
DNTTIP1,LOXL1,0.767087675236294,0.7782706315643453,0.9382022471910112,0.9880239520958084,1.0,0.03278688524590164,0.20038673195541853,0.013590724254201294,0.046101545049522054,0.029846134651861672,0.7397532711331803,0.04007734639108371,0.0029846134651861675,0.6966913112769104,low-to-moderate correlation / partial independence
ANKLE2,SLC44A4,0.8693496009171224,0.7740984388681964,0.848314606741573,0.9940119760479041,0.9710144927536232,0.06557377049180328,0.11444499708768706,0.004269873992884083,0.0,0.0021349369964420413,0.7197287115087259,0.022888999417537415,0.00021349369964420415,0.6966262183915443,weak correlation / high independence
GRN,PSMB8,0.8150381531247665,0.5599685464333456,0.9831460674157303,0.9760479041916168,0.9710144927536232,0.08196721311475409,0.17814024052906177,0.022702682080163877,0.39461831759543303,0.20866049983779844,0.753043919368931,0.035628048105812354,0.020866049983779847,0.6965498212793388,weak correlation / high independence
PTPRR,LOXL1,0.5441886518479988,0.7782706315643453,0.9325842696629213,0.9880239520958084,1.0,0.03278688524590164,0.19204582510807156,0.02621672664746668,0.046101545049522054,0.03615913584849437,0.7383487767511578,0.03840916502161432,0.003615913584849437,0.6963236981446941,weak correlation / high independence
DSG2,TIMP1,0.8395014138651767,0.8127320901664025,0.6853932584269663,1.0,0.391304347826087,0.8032786885245902,-0.10207489407429145,0.0709994055652357,0.0,0.03549970278261785,0.7199940736944108,0.020414978814858292,0.0035499702782617847,0.6960291246012907,weak correlation / high independence
MMP9,EDIL3,0.5052459001107324,0.6311502155526197,0.9662921348314607,0.9940119760479041,1.0,0.0,0.19221022125236614,0.0779806405713783,0.03610149953278518,0.05704107005208174,0.7400760277198413,0.038442044250473234,0.005704107005208174,0.6959298764641598,weak correlation / high independence
MISP,MMP12,0.4408376629769242,0.39736509818459975,0.9662921348314607,0.9880239520958084,1.0,0.0,0.13490488301739242,0.29398990912350004,0.02207993458626133,0.1580349218548807,0.7385790217318173,0.026980976603478486,0.015803492185488068,0.6957945529428508,weak correlation / high independence
TPX2,LOXL1,0.7229964697986911,0.7782706315643453,0.8651685393258427,1.0,1.0,0.03278688524590164,0.09023592307942868,0.17221193540680635,0.046101545049522054,0.1091567402281642,0.7244888561429361,0.018047184615885736,0.01091567402281642,0.6955259975042339,weak correlation / high independence
CCNB1,DPCR1,0.7228724824339547,0.4249694598250433,0.8651685393258427,1.0,1.0,0.0,0.09438121677855439,0.04176615865950621,0.0,0.020883079329753106,0.7162921348314607,0.01887624335571088,0.0020883079329753105,0.6953275835427745,weak correlation / high independence
COLGALT1,PLS1,0.8830279192813023,0.759439754640533,0.8033707865168539,1.0,0.9710144927536232,0.21311475409836064,0.24901721091120108,0.04339731321461733,1.1102230246251565e-16,0.02169865660730872,0.7468750083422094,0.04980344218224022,0.0021698656607308723,0.6949017004992384,low-to-moderate correlation / partial independence
CDH3,LOXL1,0.7656191155187965,0.7782706315643453,0.8089887640449438,1.0,0.9565217391304348,0.3442622950819672,0.36402788298678196,0.1512701316705805,0.046101545049522054,0.09868583836005128,0.7774431995643365,0.0728055765973564,0.009868583836005128,0.694769039130975,low-to-moderate correlation / partial independence
AGR2,EDIL3,0.42747807269657895,0.6311502155526197,0.9662921348314607,0.9520958083832335,1.0,0.0,-0.09264544339867797,0.2900457034734938,0.03610149953278518,0.1630736015031395,0.7295969858036735,0.018529088679735597,0.01630736015031395,0.6947605369736239,weak correlation / high independence
TOP2A,LOXL1,0.7642964013003924,0.7782706315643453,0.8707865168539326,1.0,1.0,0.03278688524590164,0.11307473878296949,0.12468589671829405,0.046101545049522054,0.08539372088390805,0.7258933505249586,0.0226149477565939,0.008539372088390805,0.6947390306799739,weak correlation / high independence
RCN1,CTTN,0.8497562945311693,0.7441085239790581,0.4550561797752809,0.9940119760479041,0.7536231884057971,0.7049180327868853,0.11788024301850161,0.041475064871972264,0.13151024790823873,0.0864926563901055,0.7269023442539668,0.023576048603700325,0.00864926563901055,0.6946770300112559,weak correlation / high independence
DPCR1,LMNB1,0.4249694598250433,0.7753667598130912,0.8595505617977528,1.0,1.0,0.0,0.09341206514376307,0.0,0.030689039486403287,0.015344519743201643,0.7148876404494382,0.018682413028752617,0.0015344519743201645,0.6946707754463655,weak correlation / high independence
MMP12,ETV1,0.39736509818459975,0.6641001764469112,0.9606741573033708,0.9880239520958084,1.0,0.0,0.2008261341419172,0.02207993458626133,0.02482275843931166,0.023451346512786495,0.7371745273497948,0.040165226828383443,0.0023451346512786495,0.6946641658701328,low-to-moderate correlation / partial independence
OCIAD2,DOCK5,0.796545245774221,0.8486326400116809,0.6853932584269663,1.0,0.8115942028985508,0.639344262295082,0.4326573212363488,0.00957360595802697,0.05120461081083721,0.03038910838443209,0.7840829309051498,0.08653146424726976,0.003038910838443209,0.6945125558194368,moderate correlation
DPCR1,KIF4A,0.4249694598250433,0.5311408971518579,0.8707865168539326,0.9940119760479041,1.0,0.0,0.0979207097095624,0.0,0.044956748123976195,0.022478374061988098,0.7161996232254592,0.01958414194191248,0.0022478374061988098,0.6943676438773478,weak correlation / high independence
MMP9,KIF4A,0.5052459001107324,0.5311408971518579,0.9662921348314607,0.9940119760479041,1.0,0.0,0.1981682308354255,0.0779806405713783,0.044956748123976195,0.061468694347677245,0.7400760277198413,0.039633646167085104,0.0061468694347677245,0.6942955121179885,weak correlation / high independence
SPARC,TIMP1,0.8132930712086771,0.8127320901664025,0.898876404494382,1.0,0.36231884057971014,0.819672131147541,0.35793254486915504,0.08688946638151579,0.0,0.043444733190757895,0.7702168440554082,0.07158650897383101,0.00434447331907579,0.6942858617625014,low-to-moderate correlation / partial independence
CDH3,IDO1,0.7656191155187965,0.6342956048342389,0.5617977528089888,1.0,0.9565217391304348,0.32786885245901637,0.003067801226509921,0.1512701316705805,0.18228862782295413,0.16677937974676732,0.7115470860996099,0.0006135602453019842,0.016677937974676732,0.6942555878796312,weak correlation / high independence
TPX2,ETV1,0.7229964697986911,0.6641001764469112,0.8932584269662921,1.0,1.0,0.0,0.0963934830867782,0.17221193540680635,0.02482275843931166,0.09851734692305901,0.723314606741573,0.01927869661735564,0.009851734692305901,0.6941841754319115,weak correlation / high independence
MMP12,ANKLE2,0.39736509818459975,0.8693496009171224,0.8876404494382022,0.9880239520958084,1.0,0.0,0.11859460454571255,0.02207993458626133,0.004269873992884083,0.013174904289572707,0.7189161003835026,0.023718920909142512,0.001317490428957271,0.6938796890454029,weak correlation / high independence
MMP12,CDH3,0.39736509818459975,0.7656191155187965,0.8258426966292135,1.0,0.9565217391304348,0.32786885245901637,0.37823584204478883,0.02207993458626133,0.1512701316705805,0.08667503312842093,0.7775583220546661,0.07564716840895777,0.008667503312842093,0.6932436503328663,low-to-moderate correlation / partial independence
UACA,TIMP1,0.8875581314818409,0.8127320901664025,0.848314606741573,0.9880239520958084,0.43478260869565216,0.8032786885245902,0.3667205006348313,0.04314484111391227,0.0,0.021572420556956136,0.7685999640144059,0.07334410012696627,0.0021572420556956137,0.6930986218317441,low-to-moderate correlation / partial independence
MMP12,AGR2,0.39736509818459975,0.42747807269657895,0.9606741573033708,0.9880239520958084,1.0,0.0,0.14346828779807225,0.02207993458626133,0.2900457034734938,0.15606281902987756,0.7371745273497948,0.02869365755961445,0.015606281902987757,0.6928745878871926,weak correlation / high independence
RCN1,SLC16A1,0.8497562945311693,0.6917994825403561,0.9157303370786517,0.9880239520958084,1.0,0.04918032786885246,0.18802756812812932,0.041475064871972264,0.12354264919498564,0.08250885703347896,0.7382336542608281,0.037605513625625864,0.008250885703347897,0.6923772549318543,weak correlation / high independence
CDH3,SLC44A4,0.7656191155187965,0.7740984388681964,0.797752808988764,1.0,0.9420289855072463,0.3442622950819672,0.35538447871305884,0.1512701316705805,0.0,0.07563506583529025,0.7710110223944944,0.07107689574261176,0.007563506583529026,0.6923706200683536,low-to-moderate correlation / partial independence
DPCR1,LOXL1,0.4249694598250433,0.7782706315643453,0.8595505617977528,0.9880239520958084,1.0,0.03278688524590164,0.12948477612194065,0.0,0.046101545049522054,0.023050772524761027,0.7200903497848657,0.025896955224388132,0.002305077252476103,0.6918883173080015,weak correlation / high independence
MISP,EDIL3,0.4408376629769242,0.6311502155526197,0.9775280898876404,0.9520958083832335,1.0,0.0,-0.12041467050107514,0.29398990912350004,0.03610149953278518,0.1650457043281426,0.7324059745677185,0.02408293410021503,0.016504570432814263,0.6918184700346892,weak correlation / high independence
CCNB1,MMP9,0.7228724824339547,0.5052459001107324,0.9606741573033708,0.9940119760479041,1.0,0.0,0.20433620165080882,0.04176615865950621,0.0779806405713783,0.059873399615442253,0.7386715333378188,0.040867240330161765,0.005987339961544226,0.6918169530461128,low-to-moderate correlation / partial independence
MMP12,CTTN,0.39736509818459975,0.7441085239790581,0.4606741573033708,0.9940119760479041,0.7536231884057971,0.7049180327868853,0.14413110875557433,0.02207993458626133,0.13151024790823873,0.07679509124725004,0.7283068386359894,0.028826221751114867,0.007679509124725004,0.6918011077601496,weak correlation / high independence
MISP,PXDN,0.4408376629769242,0.7169660210736698,0.9438202247191011,0.9520958083832335,1.0,0.0,-0.08753769576674854,0.29398990912350004,1.1102230246251565e-16,0.14699495456175007,0.7239790082755837,0.017507539153349707,0.014699495456175007,0.691771973666059,weak correlation / high independence
CCNB1,TMEM173,0.7228724824339547,0.8261906687524584,0.9438202247191011,1.0,1.0,0.03278688524590164,0.24899393729194053,0.04176615865950621,0.011366255750379306,0.02656620720494276,0.7441517774912507,0.04979878745838811,0.002656620720494276,0.6916963693123683,low-to-moderate correlation / partial independence
AGR2,MMP9,0.42747807269657895,0.5052459001107324,0.9719101123595506,0.9401197604790419,1.0,0.0,-0.0910263632602724,0.2900457034734938,0.0779806405713783,0.18401317202243606,0.7280074682096481,0.01820527265205448,0.018401317202243608,0.69140087835535,weak correlation / high independence
MMP12,CLDN12,0.39736509818459975,0.805650131495029,0.8651685393258427,0.9940119760479041,1.0,0.0,0.11194256529543846,0.02207993458626133,0.0,0.011039967293130665,0.7147951288434367,0.022388513059087692,0.0011039967293130666,0.6913026190550359,weak correlation / high independence
EDIL3,TMEM173,0.6311502155526197,0.8261906687524584,0.9550561797752809,0.9880239520958084,1.0,0.03278688524590164,0.25148136583023617,0.03610149953278518,0.011366255750379306,0.023733877641582243,0.7439667542792477,0.050296273166047234,0.0023733877641582244,0.6912970933490423,low-to-moderate correlation / partial independence
GRN,CTTN,0.8150381531247665,0.7441085239790581,0.4606741573033708,0.9940119760479041,0.7536231884057971,0.7049180327868853,0.14672818198407592,0.022702682080163877,0.13151024790823873,0.0771064649942013,0.7283068386359894,0.029345636396815186,0.007710646499420131,0.6912505557397541,weak correlation / high independence
EDIL3,COL17A1,0.6311502155526197,0.5254345423950634,0.9101123595505618,1.0,1.0,0.0,0.07500476100807818,0.03610149953278518,0.39389582847519694,0.21499866400399106,0.7275280898876404,0.015000952201615637,0.02149986640039911,0.6910272712856256,weak correlation / high independence
RNF145,SLC44A4,0.5397698695819814,0.7740984388681964,0.9213483146067416,0.9940119760479041,0.9710144927536232,0.06557377049180328,0.14098974760310384,0.38051362907585307,0.0,0.19025681453792653,0.7379871384750181,0.02819794952062077,0.019025681453792655,0.6907635075006046,weak correlation / high independence
SDC1,CDH3,0.8187216314358295,0.7656191155187965,0.7303370786516854,1.0,0.6376811594202898,0.9508196721311475,0.6376761636657307,0.08453034283497024,0.1512701316705805,0.11790023725277538,0.8297094775507807,0.12753523273314613,0.011790023725277538,0.6903842210923571,high redundancy risk
PLAC8,RNF145,0.6220726772459807,0.5397698695819814,0.9831460674157303,0.9820359281437125,1.0,0.0,0.15417179340297135,0.023424625728514163,0.38051362907585307,0.20196912740218362,0.7412954988898607,0.03083435868059427,0.020196912740218363,0.690264227469048,weak correlation / high independence
ANKLE2,PLS1,0.8693496009171224,0.759439754640533,0.848314606741573,0.9940119760479041,1.0,0.01639344262295082,0.1215308439174999,0.004269873992884083,1.1102230246251565e-16,0.002134936996442097,0.7146800063531069,0.02430616878349998,0.00021349369964420968,0.6901603438699627,weak correlation / high independence
AGR2,MMP13,0.42747807269657895,0.25482009823610646,0.949438202247191,0.9640718562874252,1.0,0.0,0.11561538118745406,0.2900457034734938,0.013220534326951576,0.15163311890022269,0.7283775146336541,0.02312307623749081,0.01516331189002227,0.690091126506141,weak correlation / high independence
CST1,CDH3,0.5436593060985359,0.7656191155187965,0.8089887640449438,1.0,0.9565217391304348,0.32786885245901637,0.31330075989907913,0.2613835538362081,0.1512701316705805,0.2063268427533943,0.7733448389085987,0.06266015197981582,0.02063268427533943,0.6900520026534436,low-to-moderate correlation / partial independence
MMP12,CEACAM5,0.39736509818459975,0.3827813825580026,0.9382022471910112,1.0,1.0,0.0,0.19500808579729492,0.02207993458626133,0.09847649330690951,0.06027821394658542,0.7345505617977528,0.03900161715945899,0.006027821394658542,0.6895211232436353,weak correlation / high independence
CCNB1,SLC44A4,0.7228724824339547,0.7740984388681964,0.9157303370786517,1.0,0.9710144927536232,0.06557377049180328,0.23263921951456729,0.04176615865950621,0.0,0.020883079329753106,0.7380796500810195,0.04652784390291346,0.0020883079329753105,0.6894634982451308,low-to-moderate correlation / partial independence
MMP9,LMNB1,0.5052459001107324,0.7753667598130912,0.9438202247191011,1.0,1.0,0.0,0.2053859731064239,0.0779806405713783,0.030689039486403287,0.05433484002889079,0.7359550561797753,0.041077194621284785,0.005433484002889079,0.6894443775556014,low-to-moderate correlation / partial independence
TMEM173,KIF4A,0.8261906687524584,0.5311408971518579,0.9550561797752809,0.9940119760479041,1.0,0.03278688524590164,0.26696818380189524,0.011366255750379306,0.044956748123976195,0.02816150193717775,0.7454637602672717,0.05339363676037905,0.0028161501937177752,0.689253973313175,low-to-moderate correlation / partial independence
LAMA3,ETV1,0.5507459804792868,0.6641001764469112,0.9775280898876404,0.9640718562874252,1.0,0.0,0.12427028907592229,0.40231310213542243,0.02482275843931166,0.21356793028736704,0.7353999865437664,0.02485405781518446,0.021356793028736706,0.6891891356998452,weak correlation / high independence
MMP12,CALM2,0.39736509818459975,0.7074816803992271,0.9719101123595506,0.9880239520958084,1.0,0.0,0.18759864521049507,0.02207993458626133,0.24465110344867963,0.13336551901747049,0.7399835161138397,0.03751972904209902,0.013336551901747049,0.6891272351699936,weak correlation / high independence
CTTN,EDIL3,0.7441085239790581,0.6311502155526197,0.4606741573033708,0.9940119760479041,0.7536231884057971,0.7049180327868853,0.15492152320278474,0.13151024790823873,0.03610149953278518,0.08380587372051196,0.7283068386359894,0.03098430464055695,0.008380587372051196,0.6889419466233814,weak correlation / high independence
DPCR1,PXDN,0.4249694598250433,0.7169660210736698,0.848314606741573,0.9880239520958084,1.0,0.0,0.10080215941175445,0.0,1.1102230246251565e-16,5.551115123125783e-17,0.7090846397093453,0.020160431882350893,5.551115123125783e-18,0.6889242078269944,weak correlation / high independence
MMP9,CDH3,0.5052459001107324,0.7656191155187965,0.8258426966292135,1.0,0.9565217391304348,0.32786885245901637,0.38607867649211197,0.0779806405713783,0.1512701316705805,0.1146253861209794,0.7775583220546661,0.0772157352984224,0.011462538612097941,0.6888800481441458,low-to-moderate correlation / partial independence
COL17A1,RNF145,0.5254345423950634,0.5397698695819814,0.9213483146067416,0.9940119760479041,1.0,0.0,0.007079280709348464,0.39389582847519694,0.38051362907585307,0.38720472877552503,0.7288400726636615,0.001415856141869693,0.03872047287755251,0.6887037436442393,weak correlation / high independence
MMP12,DNTTIP1,0.39736509818459975,0.767087675236294,0.9550561797752809,0.9880239520958084,1.0,0.0,0.2268052315081198,0.02207993458626133,0.013590724254201294,0.017835329420231312,0.7357700329677723,0.045361046301623964,0.0017835329420231314,0.6886254537241252,low-to-moderate correlation / partial independence
MISP,COLGALT1,0.4408376629769242,0.8830279192813023,0.8370786516853933,0.9880239520958084,0.9710144927536232,0.19672131147540983,0.21542288345490293,0.29398990912350004,0.04339731321461733,0.16869361116905868,0.7482096020025586,0.04308457669098059,0.01686936111690587,0.6882556641946721,low-to-moderate correlation / partial independence
PSMB8,PXDN,0.5599685464333456,0.7169660210736698,0.949438202247191,0.9520958083832335,1.0,0.0,0.08764727880329462,0.39461831759543303,1.1102230246251565e-16,0.19730915879771657,0.7253835026576061,0.017529455760658924,0.01973091587977166,0.6881231310171756,weak correlation / high independence
ETV1,TMEM173,0.6641001764469112,0.8261906687524584,0.9550561797752809,0.9880239520958084,1.0,0.03278688524590164,0.2705457663689949,0.02482275843931166,0.011366255750379306,0.01809450709484548,0.7439667542792477,0.054109153273798984,0.0018094507094845481,0.6880481502959642,low-to-moderate correlation / partial independence
MMP12,TOP2A,0.39736509818459975,0.7642964013003924,0.8932584269662921,1.0,1.0,0.0,0.13981820803168984,0.02207993458626133,0.12468589671829405,0.0733829156522777,0.723314606741573,0.02796364160633797,0.00733829156522777,0.6880126735700072,weak correlation / high independence
MISP,MMP13,0.4408376629769242,0.25482009823610646,0.949438202247191,0.9760479041916168,1.0,0.0,0.1403667723808316,0.29398990912350004,0.013220534326951576,0.1536052217252258,0.731371526609702,0.02807335447616632,0.015360522172522581,0.687937649961013,weak correlation / high independence
COLGALT1,CLDN12,0.8830279192813023,0.805650131495029,0.7808988764044944,0.9940119760479041,0.9710144927536232,0.19672131147540983,0.22847490121614483,0.04339731321461733,0.0,0.021698656607308665,0.7356616641703579,0.04569498024322897,0.0021698656607308667,0.6877968182663982,low-to-moderate correlation / partial independence
CTTN,ETV1,0.7441085239790581,0.6641001764469112,0.4606741573033708,0.9940119760479041,0.7536231884057971,0.7049180327868853,0.16618205456418805,0.13151024790823873,0.02482275843931166,0.0781665031737752,0.7283068386359894,0.03323641091283761,0.00781665031737752,0.6872537774057743,weak correlation / high independence
CST1,EDIL3,0.5436593060985359,0.6311502155526197,0.9157303370786517,1.0,1.0,0.0,0.13597552574591534,0.2613835538362081,0.03610149953278518,0.14874252668449664,0.7289325842696629,0.02719510514918307,0.014874252668449665,0.6868632264520301,weak correlation / high independence
MMP9,RNF145,0.5052459001107324,0.5397698695819814,0.9775280898876404,0.9401197604790419,1.0,0.0,0.09903949578854086,0.0779806405713783,0.38051362907585307,0.2292471348236157,0.7294119625916706,0.019807899157708173,0.02292471348236157,0.6866793499516008,weak correlation / high independence
CDH3,TMEM173,0.7656191155187965,0.8261906687524584,0.8258426966292135,1.0,0.9565217391304348,0.3442622950819672,0.4342760478867335,0.1512701316705805,0.011366255750379306,0.08131819371047991,0.7816566827104039,0.08685520957734671,0.008131819371047991,0.6866696537620092,moderate correlation
CST1,RNF145,0.5436593060985359,0.5397698695819814,0.9213483146067416,1.0,1.0,0.0,0.05856315207968089,0.2613835538362081,0.38051362907585307,0.3209485914560306,0.7303370786516854,0.011712630415936178,0.03209485914560306,0.6865295890901462,weak correlation / high independence
LAMA3,EDIL3,0.5507459804792868,0.6311502155526197,0.9775280898876404,0.9580838323353293,1.0,0.0,0.12780241029244593,0.40231310213542243,0.03610149953278518,0.2192073008341038,0.7339029805557424,0.025560482058489188,0.021920730083410382,0.686421768413843,weak correlation / high independence
ETV1,LMNB1,0.6641001764469112,0.7753667598130912,0.9550561797752809,1.0,1.0,0.0,0.24995465061293032,0.02482275843931166,0.030689039486403287,0.027755898962857475,0.7387640449438202,0.04999093012258607,0.0027755898962857476,0.6859975249249484,low-to-moderate correlation / partial independence
CST1,ANKLE2,0.5436593060985359,0.8693496009171224,0.8539325842696629,1.0,1.0,0.0,0.07105449202678024,0.2613835538362081,0.004269873992884083,0.1328267139145461,0.7134831460674157,0.014210898405356049,0.01328267139145461,0.6859895762706051,weak correlation / high independence
PTPRR,ETV1,0.5441886518479988,0.6641001764469112,0.9662921348314607,0.9880239520958084,1.0,0.0,0.2502053366279337,0.02621672664746668,0.02482275843931166,0.025519742543389172,0.7385790217318173,0.05004106732558675,0.0025519742543389174,0.6859859801518916,low-to-moderate correlation / partial independence
ETV1,COLGALT1,0.6641001764469112,0.8830279192813023,0.8426966292134831,0.9880239520958084,0.9710144927536232,0.19672131147540983,0.3026268543342083,0.02482275843931166,0.04339731321461733,0.034110035826964494,0.7496140963845812,0.060525370866841656,0.0034110035826964494,0.6856777219350432,low-to-moderate correlation / partial independence
TOP2A,DPCR1,0.7642964013003924,0.4249694598250433,0.8258426966292135,1.0,1.0,0.0,0.0743674068063826,0.12468589671829405,0.0,0.06234294835914703,0.7064606741573034,0.01487348136127652,0.006234294835914703,0.6853528979601121,weak correlation / high independence
MMP12,PLAC8,0.39736509818459975,0.6220726772459807,0.9606741573033708,0.9880239520958084,1.0,0.0,0.24856982661815225,0.02207993458626133,0.023424625728514163,0.02275228015738775,0.7371745273497948,0.049713965323630455,0.002275228015738775,0.6851853340104256,low-to-moderate correlation / partial independence
DPCR1,MMP13,0.4249694598250433,0.25482009823610646,0.8651685393258427,1.0,1.0,0.0,0.15337204656575998,0.0,0.013220534326951576,0.006610267163475788,0.7162921348314607,0.030674409313151997,0.0006610267163475788,0.6849566988019611,weak correlation / high independence
TPX2,DPCR1,0.7229964697986911,0.4249694598250433,0.8202247191011236,1.0,1.0,0.0,0.05885632394178837,0.17221193540680635,0.0,0.08610596770340317,0.7050561797752809,0.011771264788357674,0.008610596770340317,0.6846743182165829,weak correlation / high independence
MMP12,PTPRR,0.39736509818459975,0.5441886518479988,0.949438202247191,0.9880239520958084,1.0,0.0,0.2371198459435162,0.02207993458626133,0.02621672664746668,0.024148330616864007,0.7343655385857498,0.047423969188703244,0.0024148330616864007,0.6845267363353601,low-to-moderate correlation / partial independence
LOXL1,PSMB8,0.7782706315643453,0.5599685464333456,0.949438202247191,0.9880239520958084,1.0,0.03278688524590164,0.18194478726030075,0.046101545049522054,0.39461831759543303,0.22035993132247755,0.7425622598972252,0.03638895745206015,0.022035993132247758,0.6841373093129173,weak correlation / high independence
GRN,DSG2,0.8150381531247665,0.8395014138651767,0.6966292134831461,1.0,0.9130434782608695,0.18032786885245902,-0.04363208864514104,0.022702682080163877,0.0709994055652357,0.046851043822699785,0.6975001401491187,0.008726417729028208,0.0046851043822699785,0.6840886180378205,weak correlation / high independence
OCIAD2,LGR5,0.796545245774221,0.6452087922898473,0.5561797752808989,1.0,0.8115942028985508,0.639344262295082,0.2805807446484495,0.00957360595802697,0.22516633370614025,0.11736996983208361,0.7517795601186329,0.056116148929689906,0.011736996983208361,0.6839264142057346,low-to-moderate correlation / partial independence
RCN1,MMP13,0.8497562945311693,0.25482009823610646,0.9157303370786517,1.0,1.0,0.04918032786885246,0.2742628209995281,0.041475064871972264,0.013220534326951576,0.02734779959946192,0.741227666236876,0.05485256419990562,0.002734779959946192,0.6836403220770242,low-to-moderate correlation / partial independence
RCN1,LMNB1,0.8497562945311693,0.7753667598130912,0.9157303370786517,1.0,1.0,0.04918032786885246,0.2703414949693649,0.041475064871972264,0.030689039486403287,0.03608205217918778,0.741227666236876,0.05406829899387298,0.0036082052179187783,0.6835511620250841,low-to-moderate correlation / partial independence
TOP2A,PXDN,0.7642964013003924,0.7169660210736698,0.8651685393258427,0.9940119760479041,1.0,0.0,0.12593551297418437,0.12468589671829405,1.1102230246251565e-16,0.06234294835914708,0.7147951288434367,0.025187102594836877,0.006234294835914709,0.683373731412685,weak correlation / high independence
CCNB1,RNF145,0.7228724824339547,0.5397698695819814,0.9831460674157303,0.9820359281437125,1.0,0.0,0.18466154214442457,0.04176615865950621,0.38051362907585307,0.21113989386767965,0.7412954988898607,0.03693230842888492,0.021113989386767965,0.6832492010742077,weak correlation / high independence
CDH3,CALM2,0.7656191155187965,0.7074816803992271,0.8258426966292135,1.0,0.9565217391304348,0.32786885245901637,0.37267535385689116,0.1512701316705805,0.24465110344867963,0.19796061755963007,0.7775583220546661,0.07453507077137823,0.019796061755963008,0.6832271895273249,low-to-moderate correlation / partial independence
PXDN,KIF4A,0.7169660210736698,0.5311408971518579,0.9438202247191011,0.9820359281437125,1.0,0.0,0.23230619873584948,1.1102230246251565e-16,0.044956748123976195,0.022478374061988153,0.7314640382157034,0.0464612397471699,0.0022478374061988154,0.6827549610623347,low-to-moderate correlation / partial independence
CDH3,LMNB1,0.7656191155187965,0.7753667598130912,0.8258426966292135,1.0,0.9565217391304348,0.32786885245901637,0.4292380464003691,0.1512701316705805,0.030689039486403287,0.0909795855784919,0.7775583220546661,0.08584760928007383,0.00909795855784919,0.6826127542167431,moderate correlation
DOCK5,SPARC,0.8486326400116809,0.8132930712086771,0.6404494382022472,1.0,0.6666666666666666,0.6557377049180327,0.256110068477245,0.05120461081083721,0.08688946638151579,0.0690470385961765,0.7407134524467366,0.051222013695449,0.00690470385961765,0.68258673489167,low-to-moderate correlation / partial independence
MISP,TMEM173,0.4408376629769242,0.8261906687524584,0.949438202247191,0.9880239520958084,1.0,0.03278688524590164,0.22377896167526723,0.29398990912350004,0.011366255750379306,0.15267808243693967,0.7425622598972252,0.044755792335053446,0.015267808243693969,0.6825386593184778,low-to-moderate correlation / partial independence
MMP12,MMP13,0.39736509818459975,0.25482009823610646,0.9438202247191011,1.0,1.0,0.0,0.25895310140868916,0.02207993458626133,0.013220534326951576,0.017650234456606455,0.7359550561797753,0.05179062028173784,0.0017650234456606457,0.6823994124523768,low-to-moderate correlation / partial independence
MMP9,CTTN,0.5052459001107324,0.7441085239790581,0.4606741573033708,1.0,0.7536231884057971,0.7049180327868853,0.18547746603449813,0.0779806405713783,0.13151024790823873,0.10474544423980851,0.7298038446240134,0.03709549320689963,0.010474544423980853,0.6822338069931329,weak correlation / high independence
DNTTIP1,DPCR1,0.767087675236294,0.4249694598250433,0.8651685393258427,0.9880239520958084,1.0,0.0,0.15199358661793466,0.013590724254201294,0.0,0.006795362127100647,0.7132981228554127,0.030398717323586934,0.0006795362127100647,0.6822198693191157,weak correlation / high independence
ANKLE2,DPCR1,0.8693496009171224,0.4249694598250433,0.8146067415730337,0.9820359281437125,1.0,0.0,0.08384074495917712,0.004269873992884083,0.0,0.0021349369964420413,0.6991606674291866,0.016768148991835426,0.00021349369964420415,0.682179024737707,weak correlation / high independence
TOP2A,RNF145,0.7642964013003924,0.5397698695819814,0.898876404494382,0.9880239520958084,1.0,0.0,0.07174614995881391,0.12468589671829405,0.38051362907585307,0.25259976289707353,0.7217250891475476,0.014349229991762783,0.025259976289707355,0.6821158828660775,weak correlation / high independence
COL17A1,PXDN,0.5254345423950634,0.7169660210736698,0.8820224719101124,1.0,1.0,0.0,0.09388819232154043,0.39389582847519694,1.1102230246251565e-16,0.19694791423759853,0.7205056179775281,0.018777638464308088,0.019694791423759853,0.6820331880894601,weak correlation / high independence
CEACAM5,ANKLE2,0.3827813825580026,0.8693496009171224,0.8651685393258427,0.9940119760479041,1.0,0.0,0.13852055295873814,0.09847649330690951,0.004269873992884083,0.0513731836498968,0.7147951288434367,0.027704110591747627,0.00513731836498968,0.6819536998866994,weak correlation / high independence
MISP,LMNB1,0.4408376629769242,0.7753667598130912,0.949438202247191,1.0,1.0,0.0,0.19592925400554612,0.29398990912350004,0.030689039486403287,0.16233947430495166,0.7373595505617978,0.03918585080110923,0.016233947430495166,0.6819397523301933,weak correlation / high independence
LOXL1,CALM2,0.7782706315643453,0.7074816803992271,0.949438202247191,0.9880239520958084,1.0,0.03278688524590164,0.2308751308610872,0.046101545049522054,0.24465110344867963,0.14537632424910085,0.7425622598972252,0.04617502617221744,0.014537632424910086,0.6818496013000976,low-to-moderate correlation / partial independence
COLGALT1,PSMB8,0.8830279192813023,0.5599685464333456,0.8426966292134831,0.9880239520958084,0.9710144927536232,0.19672131147540983,0.23059425828361318,0.04339731321461733,0.39461831759543303,0.21900781540502517,0.7496140963845812,0.04611885165672264,0.02190078154050252,0.6815944631873561,low-to-moderate correlation / partial independence
PLS1,MMP13,0.759439754640533,0.25482009823610646,0.898876404494382,1.0,1.0,0.01639344262295082,0.23487640363995335,1.1102230246251565e-16,0.013220534326951576,0.0066102671634758435,0.7288174617793332,0.046975280727990676,0.0006610267163475844,0.6811811543349948,low-to-moderate correlation / partial independence
RNF145,PYGB,0.5397698695819814,0.7834014339198262,0.949438202247191,1.0,1.0,0.01639344262295082,0.20237018658961511,0.38051362907585307,0.017308592920477872,0.19891111099816547,0.7414579112175355,0.040474037317923026,0.019891111099816547,0.6810927627997959,low-to-moderate correlation / partial independence
CDH3,PLS1,0.7656191155187965,0.759439754640533,0.8033707865168539,1.0,0.9565217391304348,0.32786885245901637,0.41662916375444226,0.1512701316705805,1.1102230246251565e-16,0.07563506583529031,0.7719403445265763,0.08332583275088845,0.007563506583529032,0.6810510051921589,moderate correlation
CDH3,PSMB8,0.7656191155187965,0.5599685464333456,0.8258426966292135,1.0,0.9565217391304348,0.32786885245901637,0.34669038479543113,0.1512701316705805,0.39461831759543303,0.27294422463300677,0.7775583220546661,0.06933807695908623,0.027294422463300678,0.6809258226322792,low-to-moderate correlation / partial independence
PLAC8,CDH3,0.6220726772459807,0.7656191155187965,0.8258426966292135,1.0,0.9565217391304348,0.32786885245901637,0.44202770958404636,0.023424625728514163,0.1512701316705805,0.08734737869954734,0.7775583220546661,0.08840554191680927,0.008734737869954734,0.6804180422679021,moderate correlation
RCN1,CLDN12,0.8497562945311693,0.805650131495029,0.8651685393258427,0.9940119760479041,1.0,0.04918032786885246,0.2239952932469967,0.041475064871972264,0.0,0.020737532435986132,0.7270902108106497,0.04479905864939934,0.0020737532435986133,0.6802173989176518,low-to-moderate correlation / partial independence
CDH3,CLDN12,0.7656191155187965,0.805650131495029,0.7584269662921348,1.0,0.9565217391304348,0.32786885245901637,0.36499894672641964,0.1512701316705805,0.0,0.07563506583529025,0.7607043894703965,0.07299978934528394,0.007563506583529026,0.6801410935415836,low-to-moderate correlation / partial independence
TOP2A,SLC44A4,0.7642964013003924,0.7740984388681964,0.8651685393258427,1.0,0.9710144927536232,0.06557377049180328,0.19738224490743836,0.12468589671829405,0.0,0.06234294835914703,0.7254392006428173,0.03947644898148767,0.006234294835914703,0.6797284568254148,weak correlation / high independence
UACA,SPARC,0.8875581314818409,0.8132930712086771,0.8089887640449438,1.0,0.6666666666666666,0.6557377049180327,0.48316173321940076,0.04314484111391227,0.08688946638151579,0.06501715374771402,0.7828482839074108,0.09663234664388015,0.006501715374771403,0.6797142218887592,moderate correlation
CST1,GRN,0.5436593060985359,0.8150381531247665,0.9157303370786517,1.0,0.9710144927536232,0.08196721311475409,0.24228358038256378,0.2613835538362081,0.022702682080163877,0.14204311795818597,0.7421780107367572,0.04845671607651276,0.014204311795818597,0.6795169828644257,low-to-moderate correlation / partial independence
PTPRR,TMEM173,0.5441886518479988,0.8261906687524584,0.949438202247191,0.9880239520958084,1.0,0.03278688524590164,0.30853710046472915,0.02621672664746668,0.011366255750379306,0.018791491198922993,0.7425622598972252,0.06170742009294583,0.0018791491198922993,0.6789756906843871,low-to-moderate correlation / partial independence
ANKLE2,CDH3,0.8693496009171224,0.7656191155187965,0.7865168539325843,1.0,0.9565217391304348,0.32786885245901637,0.4053740343667281,0.004269873992884083,0.1512701316705805,0.0777700028317323,0.7677268613805089,0.08107480687334562,0.007777000283173231,0.6788750542239901,moderate correlation
MISP,CDH3,0.4408376629769242,0.7656191155187965,0.8258426966292135,1.0,0.9565217391304348,0.32786885245901637,0.38213246120979477,0.29398990912350004,0.1512701316705805,0.22263002039704027,0.7775583220546661,0.07642649224195897,0.02226300203970403,0.6788688277730032,low-to-moderate correlation / partial independence
PTPRR,PXDN,0.5441886518479988,0.7169660210736698,0.9325842696629213,0.9880239520958084,1.0,0.0,0.25020320878726643,0.02621672664746668,1.1102230246251565e-16,0.013108363323733396,0.7301520554396824,0.05004064175745329,0.0013108363323733397,0.6788005773498558,low-to-moderate correlation / partial independence
DPCR1,PYGB,0.4249694598250433,0.7834014339198262,0.848314606741573,1.0,1.0,0.01639344262295082,0.18259244055833737,0.0,0.017308592920477872,0.008654296460238936,0.7161770123411308,0.036518488111667476,0.0008654296460238937,0.6787930945834395,weak correlation / high independence
ANKLE2,PYGB,0.8693496009171224,0.7834014339198262,0.8820224719101124,1.0,1.0,0.01639344262295082,0.2236865203362804,0.004269873992884083,0.017308592920477872,0.010789233456680977,0.7246039786332658,0.04473730406725608,0.0010789233456680977,0.6787877512203416,low-to-moderate correlation / partial independence
MMP12,LMNB1,0.39736509818459975,0.7753667598130912,0.9382022471910112,1.0,1.0,0.0,0.2657546736745677,0.02207993458626133,0.030689039486403287,0.02638448703633231,0.7345505617977528,0.05315093473491354,0.0026384487036332314,0.678761178359206,low-to-moderate correlation / partial independence
RCN1,LOXL1,0.8497562945311693,0.7782706315643453,0.9044943820224719,0.9880239520958084,1.0,0.08196721311475409,0.30268169476810985,0.041475064871972264,0.046101545049522054,0.04378830496074716,0.7436213868082586,0.060536338953621975,0.004378830496074716,0.678706217358562,low-to-moderate correlation / partial independence
LOXL1,TMEM173,0.7782706315643453,0.8261906687524584,0.9269662921348315,0.9880239520958084,1.0,0.06557377049180328,0.3185149918478205,0.046101545049522054,0.011366255750379306,0.02873390039995068,0.7451410036806108,0.0637029983695641,0.002873390039995068,0.6785646152710516,low-to-moderate correlation / partial independence
MMP12,SLC16A1,0.39736509818459975,0.6917994825403561,0.9438202247191011,0.9880239520958084,1.0,0.0,0.23647078287294535,0.02207993458626133,0.12354264919498564,0.07281129189062349,0.7329610442037273,0.047294156574589075,0.00728112918906235,0.678385758440076,low-to-moderate correlation / partial independence
PYGB,TMEM173,0.7834014339198262,0.8261906687524584,0.9213483146067416,1.0,1.0,0.04918032786885246,0.31675421774556245,0.017308592920477872,0.011366255750379306,0.014337424335428589,0.7426321606188985,0.0633508435491125,0.001433742433542859,0.6778475746362431,low-to-moderate correlation / partial independence
COLGALT1,PYGB,0.8830279192813023,0.7834014339198262,0.8370786516853933,1.0,0.9710144927536232,0.19672131147540983,0.3528844762577558,0.04339731321461733,0.017308592920477872,0.0303529530675476,0.7512036139786065,0.07057689525155117,0.0030352953067547604,0.6775914234203005,low-to-moderate correlation / partial independence
ANKLE2,TMEM173,0.8693496009171224,0.8261906687524584,0.8820224719101124,0.9880239520958084,1.0,0.03278688524590164,0.23682170893152976,0.004269873992884083,0.011366255750379306,0.007818064871631693,0.7257083273129556,0.047364341786305955,0.0007818064871631694,0.6775621790394865,low-to-moderate correlation / partial independence
PLS1,PXDN,0.759439754640533,0.7169660210736698,0.8876404494382022,1.0,1.0,0.01639344262295082,0.24300383381452287,1.1102230246251565e-16,1.1102230246251565e-16,1.1102230246251565e-16,0.7260084730152883,0.048600766762904576,1.1102230246251566e-17,0.6774077062523837,low-to-moderate correlation / partial independence
PTPRR,COLGALT1,0.5441886518479988,0.8830279192813023,0.8370786516853933,0.9880239520958084,0.9710144927536232,0.19672131147540983,0.33950282019044187,0.02621672664746668,0.04339731321461733,0.034807019931042,0.7482096020025586,0.06790056403808838,0.0034807019931042005,0.6768283359713659,low-to-moderate correlation / partial independence
COLGALT1,RNF145,0.8830279192813023,0.5397698695819814,0.8426966292134831,0.9880239520958084,0.9710144927536232,0.19672131147540983,0.25896506746334397,0.04339731321461733,0.38051362907585307,0.2119554711452352,0.7496140963845812,0.051793013492668794,0.02119554711452352,0.6766255357773889,low-to-moderate correlation / partial independence
MMP9,DNTTIP1,0.5052459001107324,0.767087675236294,0.9606741573033708,0.9880239520958084,1.0,0.0,0.28116513613692884,0.0779806405713783,0.013590724254201294,0.0457856824127898,0.7371745273497948,0.05623302722738577,0.00457856824127898,0.6763629318811301,low-to-moderate correlation / partial independence
LGR5,TIMP1,0.6452087922898473,0.8127320901664025,0.5561797752808989,1.0,0.43478260869565216,0.8032786885245902,0.05489540606755805,0.22516633370614025,0.0,0.11258316685307013,0.6985602681252853,0.010979081213511611,0.011258316685307013,0.6763228702264666,weak correlation / high independence
GRN,DNTTIP1,0.8150381531247665,0.767087675236294,0.9775280898876404,0.9880239520958084,0.9710144927536232,0.08196721311475409,0.38314763638690313,0.022702682080163877,0.013590724254201294,0.018146703167182587,0.7546334369629565,0.07662952727738064,0.0018146703167182588,0.6761892393688577,low-to-moderate correlation / partial independence
MMP12,PLS1,0.39736509818459975,0.759439754640533,0.9101123595505618,1.0,1.0,0.01639344262295082,0.27167510444167536,0.02207993458626133,1.1102230246251565e-16,0.01103996729313072,0.731626450543378,0.05433502088833508,0.001103996729313072,0.6761874329257299,low-to-moderate correlation / partial independence
CEACAM5,CDH3,0.3827813825580026,0.7656191155187965,0.8146067415730337,1.0,0.9565217391304348,0.32786885245901637,0.4314986331383533,0.09847649330690951,0.1512701316705805,0.124873312488745,0.7747493332906211,0.08629972662767066,0.012487331248874502,0.6759622754140759,moderate correlation
MMP9,TMEM173,0.5052459001107324,0.8261906687524584,0.949438202247191,0.9940119760479041,1.0,0.03278688524590164,0.3181819390824028,0.0779806405713783,0.011366255750379306,0.0446734481608788,0.7440592658852492,0.06363638781648055,0.00446734481608788,0.6759555332526808,low-to-moderate correlation / partial independence
MMP12,GRN,0.39736509818459975,0.8150381531247665,0.9606741573033708,0.9940119760479041,0.9710144927536232,0.08196721311475409,0.3686818526954498,0.02207993458626133,0.022702682080163877,0.022391308333212602,0.751916959804913,0.07373637053908996,0.0022391308333212603,0.6759414584325018,low-to-moderate correlation / partial independence
RCN1,KIF4A,0.8497562945311693,0.5311408971518579,0.9382022471910112,0.9940119760479041,1.0,0.04918032786885246,0.32549254509874037,0.041475064871972264,0.044956748123976195,0.04321590649797423,0.7453486377769419,0.06509850901974808,0.0043215906497974235,0.6759285381073964,low-to-moderate correlation / partial independence
CAPN9,COLGALT1,0.6169507151469692,0.8830279192813023,0.601123595505618,1.0,0.9710144927536232,0.19672131147540983,0.020253297884107197,0.2016655848611086,0.04339731321461733,0.12253144903786298,0.6922148499336627,0.004050659576821439,0.012253144903786298,0.6759110454530549,weak correlation / high independence
ETV1,ANKLE2,0.6641001764469112,0.8693496009171224,0.9044943820224719,0.9760479041916168,1.0,0.0,0.21563730316927104,0.02482275843931166,0.004269873992884083,0.014546316216097872,0.7201355715535221,0.04312746063385421,0.0014546316216097874,0.6755534792980582,low-to-moderate correlation / partial independence
ETV1,LOXL1,0.6641001764469112,0.7782706315643453,0.9438202247191011,0.9880239520958084,1.0,0.03278688524590164,0.3115275502928929,0.02482275843931166,0.046101545049522054,0.03546215174441686,0.7411577655152027,0.06230551005857859,0.003546215174441686,0.6753060402821826,low-to-moderate correlation / partial independence
SDC1,TXN,0.8187216314358295,0.8669527154073219,0.7921348314606742,1.0,0.37681159420289856,0.9672131147540983,0.5197065521473911,0.08453034283497024,0.015599869785909371,0.050065106310439804,0.7840398851044178,0.10394131042947824,0.0050065106310439806,0.6750920640438955,moderate correlation
RCN1,ANKLE2,0.8497562945311693,0.8693496009171224,0.8876404494382022,0.9880239520958084,1.0,0.04918032786885246,0.26933155447193585,0.041475064871972264,0.004269873992884083,0.022872469432428173,0.7312111823507157,0.053866310894387176,0.0022872469432428173,0.6750576245130857,low-to-moderate correlation / partial independence
CCNB1,PLAC8,0.7228724824339547,0.6220726772459807,0.9719101123595506,1.0,1.0,0.0,0.3233678378043847,0.04176615865950621,0.023424625728514163,0.032595392194010184,0.7429775280898876,0.06467356756087694,0.0032595392194010187,0.6750444213096096,low-to-moderate correlation / partial independence
LAMA3,LOXL1,0.5507459804792868,0.7782706315643453,0.9438202247191011,0.9880239520958084,1.0,0.03278688524590164,0.21913156160285505,0.40231310213542243,0.046101545049522054,0.22420732359247225,0.7411577655152027,0.04382631232057101,0.022420732359247228,0.6749107208353845,low-to-moderate correlation / partial independence
RCN1,DPCR1,0.8497562945311693,0.4249694598250433,0.8370786516853933,0.9880239520958084,1.0,0.04918032786885246,-0.20906062554945162,0.041475064871972264,0.0,0.020737532435986132,0.7185707329125135,0.041812125109890325,0.0020737532435986133,0.6746848545590246,low-to-moderate correlation / partial independence
LMNB1,SLC44A4,0.7753667598130912,0.7740984388681964,0.9101123595505618,1.0,0.9710144927536232,0.06557377049180328,0.30233747000537303,0.030689039486403287,0.0,0.015344519743201643,0.7366751556989971,0.06046749400107461,0.0015344519743201645,0.6746732097236023,low-to-moderate correlation / partial independence
AGR2,TMEM173,0.42747807269657895,0.8261906687524584,0.949438202247191,0.9880239520958084,1.0,0.03278688524590164,0.2642127907671019,0.2900457034734938,0.011366255750379306,0.15070597961193655,0.7425622598972252,0.052842558153420385,0.015070597961193656,0.6746491037826111,low-to-moderate correlation / partial independence
CCNB1,ANKLE2,0.7228724824339547,0.8693496009171224,0.9044943820224719,0.9940119760479041,1.0,0.0,0.23852090483718935,0.04176615865950621,0.004269873992884083,0.023018016326195146,0.7246265895175941,0.04770418096743787,0.0023018016326195145,0.6746206069175367,low-to-moderate correlation / partial independence
EDIL3,ANKLE2,0.6311502155526197,0.8693496009171224,0.9044943820224719,0.9760479041916168,1.0,0.0,0.2176064924259995,0.03610149953278518,0.004269873992884083,0.02018568676283463,0.7201355715535221,0.0435212984851999,0.002018568676283463,0.6745957043920388,low-to-moderate correlation / partial independence
PTPRR,MMP13,0.5441886518479988,0.25482009823610646,0.9438202247191011,1.0,1.0,0.0,0.29699407011177764,0.02621672664746668,0.013220534326951576,0.019718630487209128,0.7359550561797753,0.05939881402235553,0.001971863048720913,0.674584379108699,low-to-moderate correlation / partial independence
SLC44A4,KIF4A,0.7740984388681964,0.5311408971518579,0.9213483146067416,1.0,0.9710144927536232,0.06557377049180328,0.3149169419508072,0.0,0.044956748123976195,0.022478374061988098,0.739484144463042,0.06298338839016145,0.0022478374061988098,0.6742529186666817,low-to-moderate correlation / partial independence
ETV1,SLC16A1,0.6641001764469112,0.6917994825403561,0.949438202247191,0.9880239520958084,1.0,0.0,0.2634833968047806,0.02482275843931166,0.12354264919498564,0.07418270381714866,0.7343655385857498,0.05269667936095612,0.007418270381714866,0.6742505888430789,low-to-moderate correlation / partial independence
PTPRR,ANKLE2,0.5441886518479988,0.8693496009171224,0.8932584269662921,0.9880239520958084,1.0,0.0,0.2231220619228865,0.02621672664746668,0.004269873992884083,0.01524330032017538,0.7203205947655251,0.0446244123845773,0.001524330032017538,0.6741718523489303,low-to-moderate correlation / partial independence
ANKLE2,LMNB1,0.8693496009171224,0.7753667598130912,0.8876404494382022,1.0,1.0,0.0,0.22998005159999188,0.004269873992884083,0.030689039486403287,0.017479456739643684,0.7219101123595506,0.04599601031999838,0.0017479456739643686,0.6741661563655879,low-to-moderate correlation / partial independence
MMP12,LOXL1,0.39736509818459975,0.7782706315643453,0.9269662921348315,0.9880239520958084,1.0,0.03278688524590164,0.29795573354444665,0.02207993458626133,0.046101545049522054,0.034090739817891694,0.7369442823691353,0.059591146708889334,0.0034090739817891694,0.6739440616784569,low-to-moderate correlation / partial independence
RCN1,COLGALT1,0.8497562945311693,0.8830279192813023,0.8314606741573034,0.9880239520958084,0.9710144927536232,0.21311475409836064,0.3670642857750806,0.041475064871972264,0.04339731321461733,0.0424361890432948,0.7509034682762739,0.07341285715501612,0.00424361890432948,0.6732469922169283,low-to-moderate correlation / partial independence
EDIL3,CLDN12,0.6311502155526197,0.805650131495029,0.8820224719101124,0.9880239520958084,1.0,0.0,0.21370534883114473,0.03610149953278518,0.0,0.01805074976639259,0.7175116060014802,0.04274106976622895,0.001805074976639259,0.672965461258612,low-to-moderate correlation / partial independence
CDH3,UACA,0.7656191155187965,0.8875581314818409,0.7640449438202247,1.0,0.9565217391304348,0.32786885245901637,0.39717765315839554,0.1512701316705805,0.04314484111391227,0.09720748639224638,0.7621088838524189,0.07943553063167912,0.00972074863922464,0.6729526045815152,low-to-moderate correlation / partial independence
CAPN9,CDH3,0.6169507151469692,0.7656191155187965,0.6179775280898876,1.0,0.9565217391304348,0.32786885245901637,0.17550304760142038,0.2016655848611086,0.1512701316705805,0.17646785826584455,0.7255920299198347,0.03510060952028408,0.017646785826584455,0.6728446345729663,weak correlation / high independence
CLDN12,MMP13,0.805650131495029,0.25482009823610646,0.8595505617977528,0.9880239520958084,1.0,0.0,0.19297353410010593,0.0,0.013220534326951576,0.006610267163475788,0.7118936284733903,0.03859470682002119,0.0006610267163475788,0.6726378949370215,weak correlation / high independence
MMP9,GRN,0.5052459001107324,0.8150381531247665,0.9662921348314607,0.9880239520958084,0.9710144927536232,0.08196721311475409,0.3708998058374612,0.0779806405713783,0.022702682080163877,0.05034166132577109,0.7518244481989116,0.07417996116749224,0.005034166132577109,0.6726103208988422,low-to-moderate correlation / partial independence
COLGALT1,LMNB1,0.8830279192813023,0.7753667598130912,0.8426966292134831,1.0,0.9710144927536232,0.19672131147540983,0.38158216710763604,0.04339731321461733,0.030689039486403287,0.03704317635051031,0.7526081083606291,0.07631643342152722,0.0037043176350510312,0.6725873573040508,low-to-moderate correlation / partial independence
PLAC8,LMNB1,0.6220726772459807,0.7753667598130912,0.949438202247191,1.0,1.0,0.0,0.31048365003436085,0.023424625728514163,0.030689039486403287,0.027056832607458725,0.7373595505617978,0.06209673000687217,0.0027056832607458728,0.6725571372941798,low-to-moderate correlation / partial independence
DSG2,LOXL1,0.8395014138651767,0.7782706315643453,0.6685393258426966,1.0,0.9420289855072463,0.13114754098360656,-0.035542102981352,0.0709994055652357,0.046101545049522054,0.05855047530737888,0.6854289630833874,0.0071084205962704,0.005855047530737888,0.6724654949563792,weak correlation / high independence
PLAC8,MMP13,0.6220726772459807,0.25482009823610646,0.9438202247191011,1.0,1.0,0.0,0.30876375863454825,0.023424625728514163,0.013220534326951576,0.01832258002773287,0.7359550561797753,0.06175275172690965,0.001832258002773287,0.6723700464500924,low-to-moderate correlation / partial independence
MMP12,TMEM173,0.39736509818459975,0.8261906687524584,0.949438202247191,0.9880239520958084,1.0,0.03278688524590164,0.34264422223416846,0.02207993458626133,0.011366255750379306,0.016723095168320316,0.7425622598972252,0.0685288444468337,0.0016723095168320317,0.6723611059335595,low-to-moderate correlation / partial independence
CST1,MMP13,0.5436593060985359,0.25482009823610646,0.9044943820224719,1.0,1.0,0.0,0.20053827923859044,0.2613835538362081,0.013220534326951576,0.13730204408157984,0.726123595505618,0.04010765584771809,0.013730204408157984,0.6722857352497419,low-to-moderate correlation / partial independence
CST1,LMNB1,0.5436593060985359,0.7753667598130912,0.898876404494382,1.0,1.0,0.0,0.19084012509526388,0.2613835538362081,0.030689039486403287,0.1460362966613057,0.7247191011235955,0.03816802501905278,0.014603629666130569,0.6719474464384121,weak correlation / high independence
AGR2,ANKLE2,0.42747807269657895,0.8693496009171224,0.8932584269662921,0.8862275449101796,1.0,0.0,-0.04136063685768265,0.2900457034734938,0.004269873992884083,0.14715778873318894,0.694871492969118,0.008272127371536531,0.014715778873318895,0.6718835867242626,weak correlation / high independence
MMP12,TPX2,0.39736509818459975,0.7229964697986911,0.8932584269662921,1.0,1.0,0.0,0.20869734982486246,0.02207993458626133,0.17221193540680635,0.09714593499653384,0.723314606741573,0.04173946996497249,0.009714593499653385,0.6718605432769471,low-to-moderate correlation / partial independence
TMEM173,MMP13,0.8261906687524584,0.25482009823610646,0.9438202247191011,1.0,1.0,0.03278688524590164,0.35605119251428685,0.011366255750379306,0.013220534326951576,0.012293395038665441,0.7441517774912507,0.07121023850285738,0.0012293395038665443,0.6717121994845269,low-to-moderate correlation / partial independence
MMP9,DSG2,0.5052459001107324,0.8395014138651767,0.6853932584269663,1.0,0.9420289855072463,0.09836065573770492,0.012036073110170038,0.0779806405713783,0.0709994055652357,0.07449002306830699,0.6814457249179794,0.0024072146220340076,0.0074490023068306994,0.6715895079891148,weak correlation / high independence
CEACAM5,MMP13,0.3827813825580026,0.25482009823610646,0.9325842696629213,0.9940119760479041,1.0,0.0,0.2725305298437924,0.09847649330690951,0.013220534326951576,0.05584851381693054,0.7316490614277064,0.05450610596875848,0.005584851381693054,0.6715581040772548,low-to-moderate correlation / partial independence
EDIL3,SLC16A1,0.6311502155526197,0.6917994825403561,0.949438202247191,0.9880239520958084,1.0,0.0,0.27449051786062295,0.03610149953278518,0.12354264919498564,0.07982207436388541,0.7343655385857498,0.054898103572124594,0.007982207436388541,0.6714852275772367,low-to-moderate correlation / partial independence
CDH3,MMP13,0.7656191155187965,0.25482009823610646,0.8202247191011236,1.0,0.9565217391304348,0.32786885245901637,0.4827735551243276,0.1512701316705805,0.013220534326951576,0.08224533299876605,0.7761538276726437,0.09655471102486553,0.008224533299876605,0.6713745833479016,moderate correlation
CCNB1,CEACAM5,0.7228724824339547,0.3827813825580026,0.9382022471910112,1.0,1.0,0.0,0.28240855259277203,0.04176615865950621,0.09847649330690951,0.07012132598320786,0.7345505617977528,0.05648171051855441,0.007012132598320786,0.6710567186808776,low-to-moderate correlation / partial independence
ANKLE2,SLC16A1,0.8693496009171224,0.6917994825403561,0.8820224719101124,0.9820359281437125,1.0,0.0,0.19297231162071726,0.004269873992884083,0.12354264919498564,0.06390626159393487,0.7160146000134562,0.03859446232414346,0.006390626159393487,0.6710295115299193,weak correlation / high independence
CST1,KIF4A,0.5436593060985359,0.5311408971518579,0.9157303370786517,1.0,1.0,0.0,0.2140994889644175,0.2613835538362081,0.044956748123976195,0.15317015098009215,0.7289325842696629,0.042819897792883505,0.015317015098009215,0.6707956713787702,low-to-moderate correlation / partial independence
ETV1,MMP13,0.6641001764469112,0.25482009823610646,0.949438202247191,0.9940119760479041,1.0,0.0,0.3167643254968842,0.02482275843931166,0.013220534326951576,0.01902164638313162,0.7358625445737738,0.06335286509937685,0.0019021646383131621,0.6706075148360837,low-to-moderate correlation / partial independence
MMP9,TOP2A,0.5052459001107324,0.7642964013003924,0.8932584269662921,0.9940119760479041,1.0,0.0,0.20667468859231147,0.0779806405713783,0.12468589671829405,0.10133326864483617,0.7218176007535491,0.0413349377184623,0.010133326864483618,0.6703493361706031,low-to-moderate correlation / partial independence
CTTN,TIMP1,0.7441085239790581,0.8127320901664025,0.4606741573033708,0.9940119760479041,0.4057971014492754,0.8524590163934426,0.006566456916670655,0.13151024790823873,0.0,0.06575512395411937,0.6782355627984983,0.0013132913833341312,0.006575512395411937,0.6703467590197522,weak correlation / high independence
CDH3,SLC16A1,0.7656191155187965,0.6917994825403561,0.8258426966292135,1.0,0.9565217391304348,0.32786885245901637,0.46746658779626765,0.1512701316705805,0.12354264919498564,0.13740639043278308,0.7775583220546661,0.09349331755925354,0.013740639043278309,0.6703243654521344,moderate correlation
TOP2A,CDH3,0.7642964013003924,0.7656191155187965,0.797752808988764,1.0,0.9565217391304348,0.32786885245901637,0.4327048802728618,0.12468589671829405,0.1512701316705805,0.13797801419443728,0.7705358501445537,0.08654097605457237,0.013797801419443728,0.6701970726705376,moderate correlation
MMP12,DPCR1,0.39736509818459975,0.4249694598250433,0.8764044943820225,0.9880239520958084,1.0,0.0,0.22407225063352898,0.02207993458626133,0.0,0.011039967293130665,0.7161071116194577,0.0448144501267058,0.0011039967293130666,0.6701886647634389,low-to-moderate correlation / partial independence
CCNB1,MMP13,0.7228724824339547,0.25482009823610646,0.9438202247191011,1.0,1.0,0.0,0.31576559073166877,0.04176615865950621,0.013220534326951576,0.027493346493228894,0.7359550561797753,0.06315311814633376,0.0027493346493228897,0.6700526033841187,low-to-moderate correlation / partial independence
RNF145,MMP13,0.5397698695819814,0.25482009823610646,0.9550561797752809,0.9640718562874252,1.0,0.0,0.20203086423746477,0.38051362907585307,0.013220534326951576,0.19686708170140232,0.7297820090156766,0.040406172847492955,0.019686708170140232,0.6696891279980435,low-to-moderate correlation / partial independence
IDO1,TIMP1,0.6342956048342389,0.8127320901664025,0.6404494382022472,1.0,0.43478260869565216,0.8032786885245902,0.2050346623788148,0.18228862782295413,0.0,0.09114431391147707,0.7196276838556224,0.04100693247576296,0.009114431391147707,0.6695063199887117,low-to-moderate correlation / partial independence
PLAC8,KIF4A,0.6220726772459807,0.5311408971518579,0.9775280898876404,0.9940119760479041,1.0,0.0,0.3502519115152161,0.023424625728514163,0.044956748123976195,0.034190686926245176,0.7428850164838862,0.07005038230304322,0.0034190686926245176,0.6694155654882183,low-to-moderate correlation / partial independence
CCNB1,RCN1,0.7228724824339547,0.8497562945311693,0.9438202247191011,1.0,1.0,0.04918032786885246,0.3740205356375537,0.04176615865950621,0.041475064871972264,0.04162061176573924,0.7482501381469884,0.07480410712751075,0.004162061176573924,0.6692839698429037,low-to-moderate correlation / partial independence
LAMA3,PXDN,0.5507459804792868,0.7169660210736698,0.9438202247191011,0.9580838323353293,1.0,0.0,0.18126833254112895,0.40231310213542243,1.1102230246251565e-16,0.20115655106771127,0.7254760142636076,0.03625366650822579,0.02011565510677113,0.6691066926486107,weak correlation / high independence
CCNB1,UACA,0.7228724824339547,0.8875581314818409,0.848314606741573,1.0,1.0,0.0,0.19490683309111573,0.04176615865950621,0.04314484111391227,0.04245549988670924,0.7120786516853932,0.03898136661822315,0.004245549988670924,0.6688517350784992,weak correlation / high independence
PTPRR,RNF145,0.5441886518479988,0.5397698695819814,0.9662921348314607,0.9820359281437125,1.0,0.0,0.2404881481899148,0.02621672664746668,0.38051362907585307,0.20336517786165986,0.7370820157437933,0.04809762963798296,0.02033651778616599,0.6686478683196444,low-to-moderate correlation / partial independence
CCNB1,PTPRR,0.7228724824339547,0.5441886518479988,0.9550561797752809,1.0,1.0,0.0,0.3337239692137476,0.04176615865950621,0.02621672664746668,0.03399144265348644,0.7387640449438202,0.06674479384274952,0.0033991442653486443,0.668620106835722,low-to-moderate correlation / partial independence
CST1,COLGALT1,0.5436593060985359,0.8830279192813023,0.8089887640449438,1.0,0.9710144927536232,0.19672131147540983,0.3023903439361442,0.2613835538362081,0.04339731321461733,0.1523904335254127,0.7441811420684943,0.06047806878722885,0.015239043352541271,0.6684640299287242,low-to-moderate correlation / partial independence
LMNB1,UACA,0.7753667598130912,0.8875581314818409,0.8426966292134831,1.0,1.0,0.0,0.19271644014160977,0.030689039486403287,0.04314484111391227,0.03691694030015778,0.7106741573033708,0.03854328802832196,0.0036916940300157786,0.668439175245033,weak correlation / high independence
ANKLE2,KIF4A,0.8693496009171224,0.5311408971518579,0.898876404494382,0.9820359281437125,1.0,0.0,0.24722075343380254,0.004269873992884083,0.044956748123976195,0.024613311058430138,0.7202280831595236,0.04944415068676051,0.002461331105843014,0.66832260136692,low-to-moderate correlation / partial independence
TPX2,TMEM173,0.7229964697986911,0.8261906687524584,0.8820224719101124,1.0,1.0,0.03278688524590164,0.2560562045152045,0.17221193540680635,0.011366255750379306,0.09178909557859283,0.7287023392890035,0.051211240903040904,0.009178909557859284,0.6683121888281034,low-to-moderate correlation / partial independence
LAMA3,TMEM173,0.5507459804792868,0.8261906687524584,0.9550561797752809,0.9880239520958084,1.0,0.03278688524590164,0.27677864687523646,0.40231310213542243,0.011366255750379306,0.20683967894290087,0.7439667542792477,0.05535572937504729,0.020683967894290087,0.6679270570099104,low-to-moderate correlation / partial independence
TPX2,PXDN,0.7229964697986911,0.7169660210736698,0.8651685393258427,1.0,1.0,0.0,0.20101795518490664,0.17221193540680635,1.1102230246251565e-16,0.08610596770340323,0.7162921348314607,0.04020359103698133,0.008610596770340323,0.667477947024139,low-to-moderate correlation / partial independence
CCNB1,CST1,0.7228724824339547,0.5436593060985359,0.9101123595505618,1.0,1.0,0.0,0.2247244864359393,0.04176615865950621,0.2613835538362081,0.15157485624785716,0.7275280898876404,0.04494489728718787,0.015157485624785716,0.6674257069756668,low-to-moderate correlation / partial independence
MMP9,PSMB8,0.5052459001107324,0.5599685464333456,0.9775280898876404,0.9401197604790419,1.0,0.0,0.19256057664273415,0.0779806405713783,0.39461831759543303,0.23629947908340565,0.7294119625916706,0.038512115328546835,0.023629947908340568,0.6672698993547832,weak correlation / high independence
DPCR1,RNF145,0.4249694598250433,0.5397698695819814,0.8764044943820225,0.9461077844311377,1.0,0.0,0.09752207684847568,0.0,0.38051362907585307,0.19025681453792653,0.7056280697032901,0.019504415369695136,0.019025681453792655,0.6670979728798022,weak correlation / high independence
PTPRR,CDH3,0.5441886518479988,0.7656191155187965,0.8202247191011236,1.0,0.9565217391304348,0.32786885245901637,0.5012205806668589,0.02621672664746668,0.1512701316705805,0.0887434291590236,0.7761538276726437,0.1002441161333718,0.00887434291590236,0.6670353686233695,moderate correlation
CEACAM5,LMNB1,0.3827813825580026,0.7753667598130912,0.9325842696629213,1.0,1.0,0.0,0.299421921654388,0.09847649330690951,0.030689039486403287,0.0645827663966564,0.7331460674157303,0.05988438433087761,0.0064582766396656405,0.666803406445187,low-to-moderate correlation / partial independence
ETV1,PLS1,0.6641001764469112,0.759439754640533,0.9213483146067416,1.0,1.0,0.01639344262295082,0.3332168347385451,0.02482275843931166,1.1102230246251565e-16,0.012411379219655886,0.734435439307423,0.06664336694770902,0.0012411379219655887,0.6665509344377485,low-to-moderate correlation / partial independence
CLDN12,PXDN,0.805650131495029,0.7169660210736698,0.848314606741573,0.9820359281437125,1.0,0.0,0.2071240828385977,0.0,1.1102230246251565e-16,5.551115123125783e-17,0.7075876337213214,0.04142481656771954,5.551115123125783e-18,0.6661628171536018,low-to-moderate correlation / partial independence
PLAC8,TOP2A,0.6220726772459807,0.7642964013003924,0.8876404494382022,1.0,1.0,0.0,0.24202424338502238,0.023424625728514163,0.12468589671829405,0.07405526122340411,0.7219101123595506,0.04840484867700448,0.007405526122340411,0.6660997375602058,low-to-moderate correlation / partial independence
TMEM173,SLC44A4,0.8261906687524584,0.7740984388681964,0.9044943820224719,1.0,0.9710144927536232,0.09836065573770492,0.3845166863847066,0.011366255750379306,0.0,0.005683127875189653,0.74346738262845,0.07690333727694132,0.0005683127875189654,0.6659957325639897,low-to-moderate correlation / partial independence
CCNB1,AGR2,0.7228724824339547,0.42747807269657895,0.9662921348314607,0.9820359281437125,1.0,0.0,0.2732444789628211,0.04176615865950621,0.2900457034734938,0.1659059310665,0.7370820157437933,0.054648895792564225,0.016590593106650002,0.665842526844579,low-to-moderate correlation / partial independence
OCIAD2,CAPN9,0.796545245774221,0.6169507151469692,0.6910112359550562,1.0,0.8115942028985508,0.639344262295082,0.5458945241877483,0.00957360595802697,0.2016655848611086,0.10561959540956779,0.7854874252871722,0.10917890483754966,0.01056195954095678,0.6657465609086658,moderate correlation
LMNB1,MMP13,0.7753667598130912,0.25482009823610646,0.9325842696629213,1.0,1.0,0.0,0.3262022054051651,0.030689039486403287,0.013220534326951576,0.02195478690667743,0.7331460674157303,0.06524044108103302,0.0021954786906677433,0.6657101476440296,low-to-moderate correlation / partial independence
MMP12,COLGALT1,0.39736509818459975,0.8830279192813023,0.8314606741573034,0.9880239520958084,0.9710144927536232,0.19672131147540983,0.389338896927829,0.02207993458626133,0.04339731321461733,0.03273862390043933,0.7468051076205362,0.07786777938556581,0.003273862390043933,0.6656634658449265,low-to-moderate correlation / partial independence
CCNB1,CDH3,0.7228724824339547,0.7656191155187965,0.8258426966292135,1.0,0.9565217391304348,0.32786885245901637,0.5119642270094086,0.04176615865950621,0.1512701316705805,0.09651814516504337,0.7775583220546661,0.10239284540188172,0.009651814516504337,0.66551366213628,moderate correlation
CST1,PXDN,0.5436593060985359,0.7169660210736698,0.8876404494382022,1.0,1.0,0.0,0.21671599679135936,0.2613835538362081,1.1102230246251565e-16,0.1306917769181041,0.7219101123595506,0.043343199358271876,0.01306917769181041,0.6654977353094683,low-to-moderate correlation / partial independence
CLDN12,TMEM173,0.805650131495029,0.8261906687524584,0.8595505617977528,0.9940119760479041,1.0,0.03278688524590164,0.27778478187934313,0.0,0.011366255750379306,0.005683127875189653,0.7215873557728897,0.05555695637586863,0.0005683127875189654,0.665462086609502,low-to-moderate correlation / partial independence
DNTTIP1,SLC16A1,0.767087675236294,0.6917994825403561,0.9438202247191011,0.9880239520958084,1.0,0.0,0.30363949057703343,0.013590724254201294,0.12354264919498564,0.06856668672459347,0.7329610442037273,0.06072789811540669,0.0068566686724593475,0.6653764774158613,low-to-moderate correlation / partial independence
LAMA3,MMP9,0.5507459804792868,0.5052459001107324,0.9719101123595506,0.9580838323353293,1.0,0.0,0.2158639168757595,0.40231310213542243,0.0779806405713783,0.24014687135340035,0.73249848617372,0.0431727833751519,0.024014687135340038,0.6653110156632281,low-to-moderate correlation / partial independence
COL17A1,LMNB1,0.5254345423950634,0.7753667598130912,0.9044943820224719,1.0,1.0,0.0,0.19879543708805056,0.39389582847519694,0.030689039486403287,0.2122924339808001,0.726123595505618,0.03975908741761011,0.02122924339808001,0.6651352646899279,weak correlation / high independence
ANKLE2,COLGALT1,0.8693496009171224,0.8830279192813023,0.8089887640449438,0.9880239520958084,0.9710144927536232,0.19672131147540983,0.36845095417005364,0.004269873992884083,0.04339731321461733,0.023833593603750706,0.7411871300924462,0.07369019083401072,0.0023833593603750708,0.6651135798980604,low-to-moderate correlation / partial independence
TPX2,RNF145,0.7229964697986911,0.5397698695819814,0.898876404494382,1.0,1.0,0.0,0.1601163073997393,0.17221193540680635,0.38051362907585307,0.2763627822413297,0.7247191011235955,0.032023261479947863,0.027636278224132973,0.6650595614195147,weak correlation / high independence
PTPRR,LMNB1,0.5441886518479988,0.7753667598130912,0.9438202247191011,1.0,1.0,0.0,0.3404350053421248,0.02621672664746668,0.030689039486403287,0.028452883066934984,0.7359550561797753,0.06808700106842495,0.0028452883066934984,0.6650227668046569,low-to-moderate correlation / partial independence
DPCR1,TMEM173,0.4249694598250433,0.8261906687524584,0.8651685393258427,0.9880239520958084,1.0,0.03278688524590164,0.2804325773466747,0.0,0.011366255750379306,0.005683127875189653,0.7214948441668881,0.05608651546933494,0.0005683127875189654,0.6648400159100342,low-to-moderate correlation / partial independence
DNTTIP1,LMNB1,0.767087675236294,0.7753667598130912,0.949438202247191,1.0,1.0,0.0,0.35192257258731807,0.013590724254201294,0.030689039486403287,0.02213988187030229,0.7373595505617978,0.07038451451746362,0.002213988187030229,0.6647610478573039,low-to-moderate correlation / partial independence
CCNB1,COLGALT1,0.7228724824339547,0.8830279192813023,0.8426966292134831,1.0,0.9710144927536232,0.19672131147540983,0.4184718600489427,0.04176615865950621,0.04339731321461733,0.04258173593706177,0.7526081083606291,0.08369437200978855,0.004258173593706178,0.6646555627571343,moderate correlation
RNF145,KIF4A,0.5397698695819814,0.5311408971518579,0.9887640449438202,0.9401197604790419,1.0,0.0,0.23176318635973764,0.38051362907585307,0.044956748123976195,0.21273518859991464,0.7322209513557155,0.04635263727194753,0.021273518859991465,0.6645947952237765,low-to-moderate correlation / partial independence
COLGALT1,CALM2,0.8830279192813023,0.7074816803992271,0.8426966292134831,0.9880239520958084,0.9710144927536232,0.19672131147540983,0.3550091070805423,0.04339731321461733,0.24465110344867963,0.14402420833164847,0.7496140963845812,0.07100182141610846,0.014402420833164849,0.6642098541353079,low-to-moderate correlation / partial independence
SPARC,IDO1,0.8132930712086771,0.6342956048342389,0.6292134831460674,1.0,0.6666666666666666,0.6557377049180327,0.3012486641248793,0.08688946638151579,0.18228862782295413,0.13458904710223496,0.7379044636826917,0.06024973282497586,0.013458904710223497,0.6641958261474924,low-to-moderate correlation / partial independence
RCN1,ETV1,0.8497562945311693,0.6641001764469112,0.9382022471910112,0.9880239520958084,1.0,0.04918032786885246,0.3827256705715373,0.041475064871972264,0.02482275843931166,0.03314891165564196,0.743851631788918,0.07654513411430747,0.0033148911655641964,0.6639916065090464,low-to-moderate correlation / partial independence
CTTN,LOXL1,0.7441085239790581,0.7782706315643453,0.449438202247191,0.9940119760479041,0.7536231884057971,0.7049180327868853,0.2640605109857134,0.13151024790823873,0.046101545049522054,0.08880589647888039,0.7254978498719444,0.05281210219714269,0.00888058964788804,0.6638051580269136,low-to-moderate correlation / partial independence
MMP12,PXDN,0.39736509818459975,0.7169660210736698,0.9325842696629213,0.9880239520958084,1.0,0.0,0.3279832326201824,0.02207993458626133,1.1102230246251565e-16,0.01103996729313072,0.7301520554396824,0.06559664652403649,0.001103996729313072,0.6634514121863329,low-to-moderate correlation / partial independence
AGR2,LMNB1,0.42747807269657895,0.7753667598130912,0.949438202247191,1.0,1.0,0.0,0.28955987516147563,0.2900457034734938,0.030689039486403287,0.16036737147994853,0.7373595505617978,0.05791197503229513,0.016036737147994855,0.6634108383815078,low-to-moderate correlation / partial independence
CDH3,KIF4A,0.7656191155187965,0.5311408971518579,0.8258426966292135,1.0,0.9565217391304348,0.32786885245901637,0.5224860998500681,0.1512701316705805,0.044956748123976195,0.09811343989727836,0.7775583220546661,0.10449721997001363,0.009811343989727836,0.6632497580949247,moderate correlation
ANKLE2,LOXL1,0.8693496009171224,0.7782706315643453,0.8707865168539326,0.9880239520958084,1.0,0.03278688524590164,0.2869829252698908,0.004269873992884083,0.046101545049522054,0.025185709521203067,0.7228993385489106,0.057396585053978155,0.002518570952120307,0.6629841825428122,low-to-moderate correlation / partial independence
CTTN,PXDN,0.7441085239790581,0.7169660210736698,0.4438202247191011,0.9880239520958084,0.7536231884057971,0.7049180327868853,0.26640153969464314,0.13151024790823873,1.1102230246251565e-16,0.06575512395411942,0.722596349501898,0.05328030793892863,0.006575512395411942,0.6627405291675573,low-to-moderate correlation / partial independence
CEACAM5,TOP2A,0.3827813825580026,0.7642964013003924,0.8876404494382022,1.0,1.0,0.0,0.24033713310260438,0.09847649330690951,0.12468589671829405,0.11158119501260177,0.7219101123595506,0.04806742662052088,0.011158119501260179,0.6626845662377695,low-to-moderate correlation / partial independence
GRN,CAPN9,0.8150381531247665,0.6169507151469692,0.6910112359550562,1.0,0.9710144927536232,0.08196721311475409,0.06106470650362287,0.022702682080163877,0.2016655848611086,0.11218413347063624,0.6859982354558584,0.012212941300724575,0.011218413347063624,0.6625668808080701,weak correlation / high independence
MMP12,PSMB8,0.39736509818459975,0.5599685464333456,0.9719101123595506,0.9880239520958084,1.0,0.0,0.2837449723262818,0.02207993458626133,0.39461831759543303,0.2083491260908472,0.7399835161138397,0.056748994465256365,0.02083491260908472,0.6623996090394986,low-to-moderate correlation / partial independence
GRN,COLGALT1,0.8150381531247665,0.8830279192813023,0.8426966292134831,0.9940119760479041,0.9710144927536232,0.22950819672131148,0.46843375237252216,0.022702682080163877,0.04339731321461733,0.033049997647390604,0.7593078236840805,0.09368675047450443,0.0033049997647390606,0.6623160734448369,moderate correlation
PYGB,MMP13,0.7834014339198262,0.25482009823610646,0.9213483146067416,1.0,1.0,0.01639344262295082,0.35309041955934717,0.017308592920477872,0.013220534326951576,0.015264563623714724,0.734435439307423,0.07061808391186944,0.0015264563623714725,0.6622908990331822,low-to-moderate correlation / partial independence
PSMB8,MMP13,0.5599685464333456,0.25482009823610646,0.9550561797752809,0.9640718562874252,1.0,0.0,0.23549646649627878,0.39461831759543303,0.013220534326951576,0.2039194259611923,0.7297820090156766,0.04709929329925576,0.020391942596119234,0.6622907731203016,low-to-moderate correlation / partial independence
CST1,TOP2A,0.5436593060985359,0.7642964013003924,0.8595505617977528,1.0,1.0,0.0,0.1672396724637748,0.2613835538362081,0.12468589671829405,0.19303472527725107,0.7148876404494382,0.03344793449275496,0.01930347252772511,0.6621362334289581,weak correlation / high independence
GRN,COL17A1,0.8150381531247665,0.5254345423950634,0.9101123595505618,1.0,0.9710144927536232,0.08196721311475409,0.2901700981351763,0.022702682080163877,0.39389582847519694,0.2082992552776804,0.7407735163547348,0.05803401962703526,0.02082992552776804,0.6619095711999314,low-to-moderate correlation / partial independence
DSG2,COLGALT1,0.8395014138651767,0.8830279192813023,0.6348314606741573,1.0,0.9130434782608695,0.29508196721311475,0.2159517622370116,0.0709994055652357,0.04339731321461733,0.05719835938992651,0.7107392265370354,0.043190352447402325,0.005719835938992651,0.6618290381506404,low-to-moderate correlation / partial independence
EDIL3,SPARC,0.6311502155526197,0.8132930712086771,0.898876404494382,1.0,0.6666666666666666,0.6557377049180327,0.6871540624152634,0.03610149953278518,0.08688946638151579,0.06149548295715049,0.8053201940197703,0.1374308124830527,0.006149548295715049,0.6617398332410026,high redundancy risk
DNTTIP1,COLGALT1,0.767087675236294,0.8830279192813023,0.8426966292134831,0.9880239520958084,0.9710144927536232,0.19672131147540983,0.4252232220038849,0.013590724254201294,0.04339731321461733,0.028494018734409314,0.7496140963845812,0.08504464440077698,0.0028494018734409317,0.6617200501103633,moderate correlation
LMNB1,PXDN,0.7753667598130912,0.7169660210736698,0.9213483146067416,1.0,1.0,0.0,0.3359865606227358,0.030689039486403287,1.1102230246251565e-16,0.015344519743201699,0.7303370786516854,0.06719731212454716,0.00153445197432017,0.6616053145528181,low-to-moderate correlation / partial independence
RCN1,EDIL3,0.8497562945311693,0.6311502155526197,0.9382022471910112,0.9880239520958084,1.0,0.04918032786885246,0.3922272687136434,0.041475064871972264,0.03610149953278518,0.03878828220237872,0.743851631788918,0.07844545374272868,0.003878828220237872,0.6615273498259514,low-to-moderate correlation / partial independence
DNTTIP1,TMEM173,0.767087675236294,0.8261906687524584,0.9438202247191011,0.9880239520958084,1.0,0.03278688524590164,0.3929113643931923,0.013590724254201294,0.011366255750379306,0.0124784900022903,0.7411577655152027,0.07858227287863846,0.00124784900022903,0.6613276436363352,low-to-moderate correlation / partial independence
SLC16A1,TMEM173,0.6917994825403561,0.8261906687524584,0.9438202247191011,0.9880239520958084,1.0,0.03278688524590164,0.36581409909661766,0.12354264919498564,0.011366255750379306,0.06745445247268247,0.7411577655152027,0.07316281981932353,0.006745445247268248,0.661249500448611,low-to-moderate correlation / partial independence
CDH3,PYGB,0.7656191155187965,0.7834014339198262,0.8089887640449438,1.0,0.9565217391304348,0.32786885245901637,0.5193227566366786,0.1512701316705805,0.017308592920477872,0.08428936229552919,0.7733448389085987,0.10386455132733573,0.00842893622955292,0.6610513513517101,moderate correlation
CST1,PYGB,0.5436593060985359,0.7834014339198262,0.8876404494382022,1.0,1.0,0.01639344262295082,0.25518670322980647,0.2613835538362081,0.017308592920477872,0.13934607337834298,0.7260084730152883,0.0510373406459613,0.013934607337834299,0.6610365250314927,low-to-moderate correlation / partial independence
MMP13,KIF4A,0.25482009823610646,0.5311408971518579,0.9550561797752809,1.0,1.0,0.0,0.3750298598912753,0.013220534326951576,0.044956748123976195,0.029088641225463886,0.7387640449438202,0.07500597197825506,0.0029088641225463886,0.6608492088430187,low-to-moderate correlation / partial independence
EDIL3,COLGALT1,0.6311502155526197,0.8830279192813023,0.8426966292134831,0.9880239520958084,0.9710144927536232,0.19672131147540983,0.42411378756033774,0.03610149953278518,0.04339731321461733,0.03974940637370125,0.7496140963845812,0.08482275751206755,0.003974940637370125,0.6608163982351435,moderate correlation
CST1,SLC16A1,0.5436593060985359,0.6917994825403561,0.9101123595505618,1.0,1.0,0.0,0.23735391794379887,0.2613835538362081,0.12354264919498564,0.19246310151559687,0.7275280898876404,0.04747078358875978,0.019246310151559688,0.660810996147321,low-to-moderate correlation / partial independence
ANKLE2,MMP13,0.8693496009171224,0.25482009823610646,0.8820224719101124,1.0,1.0,0.0,0.29410941771317806,0.004269873992884083,0.013220534326951576,0.008745204159917828,0.7205056179775281,0.058821883542635615,0.0008745204159917828,0.6608092140189007,low-to-moderate correlation / partial independence
MMP12,COL17A1,0.39736509818459975,0.5254345423950634,0.9213483146067416,1.0,1.0,0.0,0.2444150921172601,0.02207993458626133,0.39389582847519694,0.20798788153072914,0.7303370786516854,0.048883018423452024,0.020798788153072914,0.6606552720751605,low-to-moderate correlation / partial independence
SPARC,LOXL1,0.8132930712086771,0.7782706315643453,0.8932584269662921,1.0,0.6666666666666666,0.6557377049180327,0.686279860649072,0.08688946638151579,0.046101545049522054,0.06649550571551892,0.8039156996377478,0.1372559721298144,0.006649550571551892,0.6600101769363814,high redundancy risk
RCN1,CALM2,0.8497562945311693,0.7074816803992271,0.9438202247191011,0.9880239520958084,1.0,0.04918032786885246,0.35485643581210474,0.041475064871972264,0.24465110344867963,0.14306308416032595,0.7452561261709404,0.07097128716242095,0.014306308416032596,0.6599785305924868,low-to-moderate correlation / partial independence
DNTTIP1,MMP13,0.767087675236294,0.25482009823610646,0.9438202247191011,1.0,1.0,0.0,0.37445204037595686,0.013590724254201294,0.013220534326951576,0.013405629290576435,0.7359550561797753,0.07489040807519137,0.0013405629290576435,0.6597240851755263,low-to-moderate correlation / partial independence
TPX2,SLC44A4,0.7229964697986911,0.7740984388681964,0.8651685393258427,1.0,0.9710144927536232,0.06557377049180328,0.28553433224426905,0.17221193540680635,0.0,0.08610596770340317,0.7254392006428173,0.057106866448853814,0.008610596770340317,0.6597217374236233,low-to-moderate correlation / partial independence
PLAC8,PYGB,0.6220726772459807,0.7834014339198262,0.9382022471910112,1.0,1.0,0.01639344262295082,0.38637022536318105,0.023424625728514163,0.017308592920477872,0.020366609324496018,0.7386489224534905,0.07727404507263622,0.002036660932449602,0.6593382164484046,low-to-moderate correlation / partial independence
MMP9,TPX2,0.5052459001107324,0.7229964697986911,0.8876404494382022,1.0,1.0,0.0,0.25124212434648835,0.0779806405713783,0.17221193540680635,0.12509628798909234,0.7219101123595506,0.050248424869297675,0.012509628798909234,0.6591520586913436,low-to-moderate correlation / partial independence
CEACAM5,TMEM173,0.3827813825580026,0.8261906687524584,0.9325842696629213,1.0,1.0,0.03278688524590164,0.38368658809332234,0.09847649330690951,0.011366255750379306,0.05492137452864441,0.7413427887272057,0.07673731761866448,0.0054921374528644415,0.6591133336556767,low-to-moderate correlation / partial independence
TOP2A,COLGALT1,0.7642964013003924,0.8830279192813023,0.8089887640449438,1.0,0.9710144927536232,0.19672131147540983,0.38431973972468547,0.12468589671829405,0.04339731321461733,0.08404160496645569,0.7441811420684943,0.0768639479449371,0.00840416049664557,0.6589130336269116,low-to-moderate correlation / partial independence
CCNB1,CALM2,0.7228724824339547,0.7074816803992271,0.9831460674157303,0.9820359281437125,1.0,0.0,0.3405030390659925,0.04176615865950621,0.24465110344867963,0.14320863105409293,0.7412954988898607,0.0681006078131985,0.014320863105409294,0.6588740279712529,low-to-moderate correlation / partial independence
ANKLE2,PXDN,0.8693496009171224,0.7169660210736698,0.8707865168539326,0.9640718562874252,1.0,0.0,0.25297270900729224,0.004269873992884083,1.1102230246251565e-16,0.002134936996442097,0.7087145932853395,0.05059454180145845,0.00021349369964420968,0.6579065577842368,low-to-moderate correlation / partial independence
CAPN9,LOXL1,0.6169507151469692,0.7782706315643453,0.6629213483146067,1.0,1.0,0.03278688524590164,0.018810091486933796,0.2016655848611086,0.046101545049522054,0.12388356495531533,0.6739270583901271,0.0037620182973867595,0.012388356495531534,0.6577766835972089,weak correlation / high independence
GRN,UACA,0.8150381531247665,0.8875581314818409,0.848314606741573,0.9940119760479041,0.9710144927536232,0.08196721311475409,0.3142041881977719,0.022702682080163877,0.04314484111391227,0.032923761597038075,0.7238270721644635,0.06284083763955438,0.0032923761597038075,0.6576938583652053,low-to-moderate correlation / partial independence
RCN1,UACA,0.8497562945311693,0.8875581314818409,0.8314606741573034,0.9880239520958084,1.0,0.04918032786885246,0.27658530928481373,0.041475064871972264,0.04314484111391227,0.04230995299294227,0.717166238530491,0.05531706185696275,0.004230995299294227,0.657618181374234,low-to-moderate correlation / partial independence
PLS1,TMEM173,0.759439754640533,0.8261906687524584,0.9044943820224719,1.0,1.0,0.04918032786885246,0.4012132863580859,1.1102230246251565e-16,0.011366255750379306,0.0056831278751897085,0.7384186774728311,0.08024265727161718,0.0005683127875189709,0.6576077074136949,moderate correlation
COLGALT1,KIF4A,0.8830279192813023,0.5311408971518579,0.8426966292134831,0.9940119760479041,0.9710144927536232,0.19672131147540983,0.44567907281567104,0.04339731321461733,0.044956748123976195,0.04417703066929676,0.7511111023726051,0.08913581456313421,0.0044177030669296765,0.6575575847425412,moderate correlation
MMP9,COL17A1,0.5052459001107324,0.5254345423950634,0.9101123595505618,1.0,1.0,0.0,0.23221746416055725,0.0779806405713783,0.39389582847519694,0.2359382345232876,0.7275280898876404,0.04644349283211145,0.02359382345232876,0.6574907736032002,low-to-moderate correlation / partial independence
CTTN,SPARC,0.7441085239790581,0.8132930712086771,0.42696629213483145,1.0,0.5942028985507246,0.7868852459016393,0.1688712658083749,0.13151024790823873,0.08688946638151579,0.10919985714487726,0.7020136091467988,0.033774253161674976,0.010919985714487726,0.6573193702706361,weak correlation / high independence
CEACAM5,KIF4A,0.3827813825580026,0.5311408971518579,0.949438202247191,1.0,1.0,0.0,0.36482970492500566,0.09847649330690951,0.044956748123976195,0.07171662071544285,0.7373595505617978,0.07296594098500113,0.007171662071544286,0.6572219475052524,low-to-moderate correlation / partial independence
TOP2A,PLS1,0.7642964013003924,0.759439754640533,0.8651685393258427,1.0,1.0,0.01639344262295082,0.28529160806276244,0.12468589671829405,1.1102230246251565e-16,0.06234294835914708,0.7203904954871984,0.05705832161255249,0.006234294835914709,0.6570978790387311,low-to-moderate correlation / partial independence
COLGALT1,SPARC,0.8830279192813023,0.8132930712086771,0.8033707865168539,1.0,0.6666666666666666,0.6557377049180327,0.5896108055028424,0.04339731321461733,0.08688946638151579,0.06514338979806655,0.7814437895253883,0.11792216110056848,0.006514338979806656,0.6570072894450131,moderate correlation
CST1,CALM2,0.5436593060985359,0.7074816803992271,0.9213483146067416,1.0,1.0,0.0,0.24023342225866565,0.2613835538362081,0.24465110344867963,0.25301732864244386,0.7303370786516854,0.04804668445173313,0.025301732864244388,0.6569886613357079,low-to-moderate correlation / partial independence
COLGALT1,SLC16A1,0.8830279192813023,0.6917994825403561,0.8426966292134831,0.9880239520958084,0.9710144927536232,0.19672131147540983,0.42304287784453265,0.04339731321461733,0.12354264919498564,0.08346998120480148,0.7496140963845812,0.08460857556890654,0.008346998120480148,0.6566585226951945,moderate correlation
GRN,DOCK5,0.8150381531247665,0.8486326400116809,0.6853932584269663,0.9940119760479041,0.9710144927536232,0.08196721311475409,0.11424334001781064,0.022702682080163877,0.05120461081083721,0.036953646445500546,0.6830967350858119,0.02284866800356213,0.003695364644550055,0.6565527024376998,weak correlation / high independence
CST1,TMEM173,0.5436593060985359,0.8261906687524584,0.9101123595505618,1.0,1.0,0.03278688524590164,0.3279244026397795,0.2613835538362081,0.011366255750379306,0.1363749047932937,0.7357248111991158,0.0655848805279559,0.01363749047932937,0.6565024401918306,low-to-moderate correlation / partial independence
MMP12,CST1,0.39736509818459975,0.5436593060985359,0.9213483146067416,1.0,1.0,0.0,0.2993666489053155,0.02207993458626133,0.2613835538362081,0.14173174421123472,0.7303370786516854,0.059873329781063106,0.014173174421123473,0.6562905744494989,low-to-moderate correlation / partial independence
SPARC,LGR5,0.8132930712086771,0.6452087922898473,0.5168539325842697,1.0,0.6666666666666666,0.6557377049180327,0.19060599204362905,0.08688946638151579,0.22516633370614025,0.15602790004382802,0.7098145760422422,0.03812119840872581,0.015602790004382803,0.6560905876291335,weak correlation / high independence
RCN1,DOCK5,0.8497562945311693,0.8486326400116809,0.6741573033707865,0.9940119760479041,1.0,0.04918032786885246,0.0931368350732834,0.041475064871972264,0.05120461081083721,0.04633983784140473,0.6793374018218857,0.01862736701465668,0.004633983784140473,0.6560760510230885,weak correlation / high independence
CST1,TPX2,0.5436593060985359,0.7229964697986911,0.8595505617977528,1.0,1.0,0.0,0.1858425862934926,0.2613835538362081,0.17221193540680635,0.21679774462150722,0.7148876404494382,0.03716851725869852,0.021679774462150723,0.6560393487285889,weak correlation / high independence
MISP,ANKLE2,0.4408376629769242,0.8693496009171224,0.898876404494382,0.9101796407185628,1.0,0.0,0.156656846755209,0.29398990912350004,0.004269873992884083,0.14912989155819206,0.7022640113032362,0.0313313693510418,0.014912989155819206,0.6560196527963753,weak correlation / high independence
CST1,CLDN12,0.5436593060985359,0.805650131495029,0.8314606741573034,1.0,1.0,0.0,0.19536335592579823,0.2613835538362081,0.0,0.13069177691810405,0.7078651685393258,0.03907267118515965,0.013069177691810405,0.6557233196623558,weak correlation / high independence
CALM2,SLC44A4,0.7074816803992271,0.7740984388681964,0.9213483146067416,0.9940119760479041,0.9710144927536232,0.06557377049180328,0.35059262486460047,0.24465110344867963,0.0,0.12232555172433981,0.7379871384750181,0.0701185249729201,0.012232555172433983,0.655636058329664,low-to-moderate correlation / partial independence
LMNB1,TMEM173,0.7753667598130912,0.8261906687524584,0.9382022471910112,1.0,1.0,0.03278688524590164,0.42565341614894964,0.030689039486403287,0.011366255750379306,0.021027647618391297,0.7427472831092282,0.08513068322978994,0.0021027647618391296,0.6555138351175992,moderate correlation
MISP,CCNB1,0.4408376629769242,0.7228724824339547,0.9775280898876404,0.9880239520958084,1.0,0.0,0.34636200470907236,0.29398990912350004,0.04176615865950621,0.16787803389150313,0.7413880104958622,0.06927240094181447,0.016787803389150313,0.6553278061648974,low-to-moderate correlation / partial independence
TMEM173,PXDN,0.8261906687524584,0.7169660210736698,0.9269662921348315,0.9880239520958084,1.0,0.03278688524590164,0.4054946878799136,0.011366255750379306,1.1102230246251565e-16,0.0056831278751897085,0.7369442823691353,0.08109893757598273,0.0005683127875189709,0.6552770320056336,moderate correlation
PLAC8,CALM2,0.6220726772459807,0.7074816803992271,0.9831460674157303,0.9820359281437125,1.0,0.0,0.3654686132707561,0.023424625728514163,0.24465110344867963,0.1340378645885969,0.7412954988898607,0.07309372265415122,0.01340378645885969,0.6547979897768498,low-to-moderate correlation / partial independence
PYGB,SLC44A4,0.7834014339198262,0.7740984388681964,0.898876404494382,1.0,0.9710144927536232,0.08196721311475409,0.41203559632467235,0.017308592920477872,0.0,0.008654296460238936,0.7379645275906898,0.08240711926493448,0.0008654296460238937,0.6546919786797314,moderate correlation
LMNB1,PYGB,0.7753667598130912,0.7834014339198262,0.9269662921348315,1.0,1.0,0.01639344262295082,0.3938384511130004,0.030689039486403287,0.017308592920477872,0.02399881620344058,0.7358399336894456,0.07876769022260009,0.002399881620344058,0.6546723618465013,low-to-moderate correlation / partial independence
UACA,PYGB,0.8875581314818409,0.7834014339198262,0.848314606741573,1.0,1.0,0.01639344262295082,0.29392069809693344,0.04314484111391227,0.017308592920477872,0.030226717017195072,0.7161770123411308,0.058784139619386694,0.0030226717017195074,0.6543702010200246,low-to-moderate correlation / partial independence
GRN,LOXL1,0.8150381531247665,0.7782706315643453,0.9438202247191011,0.9940119760479041,0.9710144927536232,0.09836065573770492,0.4699945102178038,0.022702682080163877,0.046101545049522054,0.03440211356484296,0.7518018373145834,0.09399890204356076,0.0034402113564842964,0.6543627239145383,moderate correlation
CAPN9,MMP13,0.6169507151469692,0.25482009823610646,0.6797752808988764,1.0,1.0,0.0,0.0258469114976057,0.2016655848611086,0.013220534326951576,0.1074430595940301,0.6699438202247191,0.005169382299521141,0.010744305959403011,0.654030131965795,weak correlation / high independence
CST1,DNTTIP1,0.5436593060985359,0.767087675236294,0.9101123595505618,1.0,1.0,0.0,0.298829589957518,0.2613835538362081,0.013590724254201294,0.13748713904520468,0.7275280898876404,0.0597659179915036,0.013748713904520468,0.6540134579916164,low-to-moderate correlation / partial independence
MMP12,MMP9,0.39736509818459975,0.5052459001107324,0.9550561797752809,0.9940119760479041,1.0,0.0,0.39185525128248205,0.02207993458626133,0.0779806405713783,0.05003028757881981,0.7372670389557963,0.07837105025649642,0.005003028757881982,0.6538929599414179,low-to-moderate correlation / partial independence
ETV1,CAPN9,0.6641001764469112,0.6169507151469692,0.6853932584269663,1.0,1.0,0.0,-0.030913285659567066,0.02482275843931166,0.2016655848611086,0.11324417165021014,0.6713483146067416,0.006182657131913414,0.011324417165021014,0.6538412403098072,weak correlation / high independence
RCN1,PXDN,0.8497562945311693,0.7169660210736698,0.9044943820224719,0.9880239520958084,1.0,0.04918032786885246,0.3982412454595935,0.041475064871972264,1.1102230246251565e-16,0.020737532435986188,0.7354246654967832,0.0796482490919187,0.002073753243598619,0.6537026631612659,low-to-moderate correlation / partial independence
CCNB1,PLS1,0.7228724824339547,0.759439754640533,0.9101123595505618,1.0,1.0,0.01639344262295082,0.3794702987256444,0.04176615865950621,1.1102230246251565e-16,0.02088307932975316,0.731626450543378,0.07589405974512889,0.002088307932975316,0.6536440828652739,low-to-moderate correlation / partial independence
UACA,KIF4A,0.8875581314818409,0.5311408971518579,0.848314606741573,0.9940119760479041,1.0,0.0,0.2635180064789941,0.04314484111391227,0.044956748123976195,0.04405079461894423,0.7105816456973693,0.05270360129579882,0.004405079461894424,0.653472964939676,low-to-moderate correlation / partial independence
UACA,SLC44A4,0.8875581314818409,0.7740984388681964,0.8089887640449438,1.0,0.9710144927536232,0.06557377049180328,0.2790502458969804,0.04314484111391227,0.0,0.021572420556956136,0.7113942568225926,0.05581004917939608,0.0021572420556956137,0.653426965587501,low-to-moderate correlation / partial independence
PLS1,RNF145,0.759439754640533,0.5397698695819814,0.9213483146067416,0.9940119760479041,1.0,0.01639344262295082,0.30291246642036457,1.1102230246251565e-16,0.38051362907585307,0.1902568145379266,0.7329384333193991,0.06058249328407292,0.01902568145379266,0.6533302585815335,low-to-moderate correlation / partial independence
TOP2A,MMP13,0.7642964013003924,0.25482009823610646,0.8932584269662921,1.0,1.0,0.0,0.3157150506172718,0.12468589671829405,0.013220534326951576,0.06895321552262282,0.723314606741573,0.06314301012345436,0.006895321552262282,0.6532762750658564,low-to-moderate correlation / partial independence
ANKLE2,PSMB8,0.8693496009171224,0.5599685464333456,0.9044943820224719,0.8862275449101796,1.0,0.0,0.12307445152662437,0.004269873992884083,0.39461831759543303,0.19944409579415856,0.6976804817331629,0.024614890305324877,0.01994440957941586,0.6531211818484222,weak correlation / high independence
PTPRR,KIF4A,0.5441886518479988,0.5311408971518579,0.9606741573033708,0.9940119760479041,1.0,0.0,0.410436665323217,0.02621672664746668,0.044956748123976195,0.035586737385721434,0.7386715333378188,0.0820873330646434,0.0035586737385721436,0.6530255265346032,moderate correlation
PLAC8,TMEM173,0.6220726772459807,0.8261906687524584,0.949438202247191,0.9880239520958084,1.0,0.03278688524590164,0.4399522516110294,0.023424625728514163,0.011366255750379306,0.017395440739446735,0.7425622598972252,0.08799045032220588,0.0017395440739446735,0.6528322655010746,moderate correlation
EDIL3,MMP13,0.6311502155526197,0.25482009823610646,0.949438202247191,0.9940119760479041,1.0,0.0,0.40299250816876164,0.03610149953278518,0.013220534326951576,0.024661016929868378,0.7358625445737738,0.08059850163375233,0.002466101692986838,0.6527979412470345,moderate correlation
RCN1,TPX2,0.8497562945311693,0.7229964697986911,0.8764044943820225,1.0,1.0,0.04918032786885246,0.3398143468911104,0.041475064871972264,0.17221193540680635,0.10684350013938931,0.7313962055627187,0.06796286937822209,0.010684350013938932,0.6527489861705577,low-to-moderate correlation / partial independence
TOP2A,ANKLE2,0.7642964013003924,0.8693496009171224,0.8370786516853933,0.9940119760479041,1.0,0.0,0.24451924938771777,0.12468589671829405,0.004269873992884083,0.06447788535558907,0.7077726569333244,0.04890384987754356,0.006447788535558907,0.6524210185202218,low-to-moderate correlation / partial independence
DNTTIP1,ANKLE2,0.767087675236294,0.8693496009171224,0.9044943820224719,0.9820359281437125,1.0,0.0,0.34219696965671836,0.013590724254201294,0.004269873992884083,0.00893029912354269,0.7216325775415461,0.06843939393134367,0.000893029912354269,0.6523001536978481,low-to-moderate correlation / partial independence
CDH3,COLGALT1,0.7656191155187965,0.8830279192813023,0.7752808988764045,1.0,0.927536231884058,0.4098360655737705,0.5810466333591509,0.1512701316705805,0.04339731321461733,0.09733372244259891,0.7781632990835583,0.11620932667183018,0.009733372244259892,0.6522206001674683,moderate correlation
PYGB,PSMB8,0.7834014339198262,0.5599685464333456,0.949438202247191,1.0,1.0,0.01639344262295082,0.34370504974849136,0.017308592920477872,0.39461831759543303,0.20596345525795545,0.7414579112175355,0.06874100994969827,0.020596345525795548,0.6521205557420416,low-to-moderate correlation / partial independence
MMP12,LAMA3,0.39736509818459975,0.5507459804792868,0.9719101123595506,0.9880239520958084,1.0,0.0,0.33353937880876716,0.02207993458626133,0.40231310213542243,0.21219651836084188,0.7399835161138397,0.06670787576175344,0.02121965183608419,0.6520559885160021,low-to-moderate correlation / partial independence
COLGALT1,IDO1,0.8830279192813023,0.6342956048342389,0.5730337078651685,1.0,0.9710144927536232,0.19672131147540983,0.11013230857062631,0.04339731321461733,0.18228862782295413,0.11284297051878572,0.6851923780235503,0.022026461714125263,0.011284297051878573,0.6518816192575464,weak correlation / high independence
PSMB8,TMEM173,0.5599685464333456,0.8261906687524584,0.9550561797752809,0.9880239520958084,1.0,0.03278688524590164,0.3590851422051677,0.39461831759543303,0.011366255750379306,0.20299228667290617,0.7439667542792477,0.07181702844103353,0.020299228667290618,0.6518504971709236,low-to-moderate correlation / partial independence
CTTN,IDO1,0.7441085239790581,0.6342956048342389,0.2696629213483146,1.0,0.7536231884057971,0.7049180327868853,-0.07262498211375736,0.13151024790823873,0.18228862782295413,0.15689943786559643,0.6820510356352493,0.014524996422751471,0.015689943786559645,0.6518360954259381,weak correlation / high independence
MISP,KIF4A,0.4408376629769242,0.5311408971518579,0.9831460674157303,0.9580838323353293,1.0,0.0,0.3336369072434143,0.29398990912350004,0.044956748123976195,0.16947332862373812,0.7353074749377649,0.06672738144868287,0.016947332862373814,0.6516327606267083,low-to-moderate correlation / partial independence
RCN1,RNF145,0.8497562945311693,0.5397698695819814,0.9438202247191011,0.9880239520958084,1.0,0.04918032786885246,0.36493830365451807,0.041475064871972264,0.38051362907585307,0.21099434697391267,0.7452561261709404,0.07298766073090361,0.02109943469739127,0.6511690307426455,low-to-moderate correlation / partial independence
CST1,LOXL1,0.5436593060985359,0.7782706315643453,0.8876404494382022,1.0,1.0,0.03278688524590164,0.3186001047953617,0.2613835538362081,0.046101545049522054,0.15374254944286508,0.730106833671026,0.06372002095907235,0.015374254944286509,0.6510125577676672,low-to-moderate correlation / partial independence
EDIL3,CALM2,0.6311502155526197,0.7074816803992271,0.9831460674157303,0.9520958083832335,1.0,0.0,0.34447994365539375,0.03610149953278518,0.24465110344867963,0.1403763014907324,0.7338104689497409,0.06889598873107876,0.014037630149073242,0.650876850069589,low-to-moderate correlation / partial independence
CCNB1,CLDN12,0.7228724824339547,0.805650131495029,0.8820224719101124,0.9940119760479041,1.0,0.0,0.33083277921129456,0.04176615865950621,0.0,0.020883079329753106,0.7190086119895042,0.06616655584225892,0.0020883079329753105,0.6507537482142699,low-to-moderate correlation / partial independence
DNTTIP1,SLC44A4,0.767087675236294,0.7740984388681964,0.9157303370786517,1.0,0.9710144927536232,0.06557377049180328,0.43357895498403143,0.013590724254201294,0.0,0.006795362127100647,0.7380796500810195,0.08671579099680629,0.0006795362127100647,0.6506843228715031,moderate correlation
TMEM173,CALM2,0.8261906687524584,0.7074816803992271,0.9550561797752809,0.9880239520958084,1.0,0.03278688524590164,0.4026342457264561,0.011366255750379306,0.24465110344867963,0.12800867959952947,0.7439667542792477,0.08052684914529123,0.012800867959952947,0.6506390371740036,moderate correlation
CST1,SLC44A4,0.5436593060985359,0.7740984388681964,0.8764044943820225,1.0,0.9710144927536232,0.06557377049180328,0.32289281732236064,0.2613835538362081,0.0,0.13069177691810405,0.7282481894068622,0.06457856346447213,0.013069177691810405,0.6506004482505797,low-to-moderate correlation / partial independence
CEACAM5,SLC16A1,0.3827813825580026,0.6917994825403561,0.9382022471910112,0.9940119760479041,1.0,0.0,0.3574882876231522,0.09847649330690951,0.12354264919498564,0.11100957125094757,0.7330535558097289,0.07149765752463044,0.011100957125094757,0.6504549411600037,low-to-moderate correlation / partial independence
MMP9,CST1,0.5052459001107324,0.5436593060985359,0.9157303370786517,1.0,1.0,0.0,0.30819283889400123,0.0779806405713783,0.2613835538362081,0.16968209720379318,0.7289325842696629,0.06163856777880025,0.01696820972037932,0.6503258067704834,low-to-moderate correlation / partial independence
MMP9,PXDN,0.5052459001107324,0.7169660210736698,0.9382022471910112,0.9820359281437125,1.0,0.0,0.3800234806348121,0.0779806405713783,1.1102230246251565e-16,0.0389903202856892,0.730059543833681,0.07600469612696242,0.0038990320285689204,0.6501558156781496,low-to-moderate correlation / partial independence
DNTTIP1,PLS1,0.767087675236294,0.759439754640533,0.9101123595505618,1.0,1.0,0.01639344262295082,0.40400499400756734,0.013590724254201294,1.1102230246251565e-16,0.0067953621271007025,0.731626450543378,0.08080099880151348,0.0006795362127100703,0.6501459155291545,moderate correlation
RNF145,TMEM173,0.5397698695819814,0.8261906687524584,0.9550561797752809,0.9880239520958084,1.0,0.03278688524590164,0.37141986253213105,0.38051362907585307,0.011366255750379306,0.19593994241311619,0.7439667542792477,0.07428397250642621,0.01959399424131162,0.6500887875315099,low-to-moderate correlation / partial independence
TPX2,ANKLE2,0.7229964697986911,0.8693496009171224,0.848314606741573,1.0,1.0,0.0,0.2667588017760666,0.17221193540680635,0.004269873992884083,0.08824090469984522,0.7120786516853932,0.05335176035521332,0.008824090469984521,0.6499028008601954,low-to-moderate correlation / partial independence
CTTN,TOP2A,0.7441085239790581,0.7642964013003924,0.4606741573033708,1.0,0.7536231884057971,0.7049180327868853,0.336365304771275,0.13151024790823873,0.12468589671829405,0.1280980723132664,0.7298038446240134,0.067273060954255,0.01280980723132664,0.6497209764384317,low-to-moderate correlation / partial independence
COLGALT1,TMEM173,0.8830279192813023,0.8261906687524584,0.8370786516853933,0.9880239520958084,0.9710144927536232,0.19672131147540983,0.4791656803317955,0.04339731321461733,0.011366255750379306,0.02738178448249832,0.7482096020025586,0.09583313606635911,0.002738178448249832,0.6496382874879496,moderate correlation
SLC16A1,PSMB8,0.6917994825403561,0.5599685464333456,0.9550561797752809,0.9760479041916168,1.0,0.0,0.28631349702062636,0.12354264919498564,0.39461831759543303,0.25908048339520934,0.7327760209917245,0.057262699404125275,0.025908048339520935,0.6496052732480782,low-to-moderate correlation / partial independence
COL17A1,LOXL1,0.5254345423950634,0.7782706315643453,0.8876404494382022,1.0,1.0,0.03278688524590164,0.2937831408363194,0.39389582847519694,0.046101545049522054,0.2199986867623595,0.730106833671026,0.05875662816726388,0.02199986867623595,0.6493503368275262,low-to-moderate correlation / partial independence
MMP9,MMP13,0.5052459001107324,0.25482009823610646,0.949438202247191,1.0,1.0,0.0,0.4180048755901058,0.0779806405713783,0.013220534326951576,0.04560058744916494,0.7373595505617978,0.08360097511802117,0.0045600587449164945,0.6491985166988602,moderate correlation
CST1,PLS1,0.5436593060985359,0.759439754640533,0.8764044943820225,1.0,1.0,0.01639344262295082,0.30522705764763586,0.2613835538362081,1.1102230246251565e-16,0.1306917769181041,0.7231994842512433,0.06104541152952717,0.01306917769181041,0.6490848950299057,low-to-moderate correlation / partial independence
DNTTIP1,CDH3,0.767087675236294,0.7656191155187965,0.8258426966292135,1.0,0.9565217391304348,0.32786885245901637,0.6011793462794525,0.013590724254201294,0.1512701316705805,0.0824304279623909,0.7775583220546661,0.1202358692558905,0.008243042796239091,0.6490794100025365,high redundancy risk
MMP12,UACA,0.39736509818459975,0.8875581314818409,0.8370786516853933,0.9880239520958084,1.0,0.0,0.2701217815808324,0.02207993458626133,0.04314484111391227,0.0326123878500868,0.7062756509453004,0.05402435631616648,0.00326123878500868,0.6489900558441252,low-to-moderate correlation / partial independence
SLC16A1,SLC44A4,0.6917994825403561,0.7740984388681964,0.9044943820224719,1.0,0.9710144927536232,0.06557377049180328,0.4009036876833805,0.12354264919498564,0.0,0.06177132459749282,0.7352706613169746,0.08018073753667611,0.006177132459749282,0.6489127913205492,moderate correlation
DPCR1,CALM2,0.4249694598250433,0.7074816803992271,0.8764044943820225,0.9461077844311377,1.0,0.0,0.22297697002473152,0.0,0.24465110344867963,0.12232555172433981,0.7056280697032901,0.044595394004946304,0.012232555172433983,0.6488001205259099,low-to-moderate correlation / partial independence
SLC16A1,MMP13,0.6917994825403561,0.25482009823610646,0.9438202247191011,0.9940119760479041,1.0,0.0,0.3942579998540045,0.12354264919498564,0.013220534326951576,0.06838159176096861,0.7344580501917513,0.0788515999708009,0.006838159176096862,0.6487682910448535,low-to-moderate correlation / partial independence
PLAC8,TPX2,0.6220726772459807,0.7229964697986911,0.8876404494382022,1.0,1.0,0.0,0.31757657131084027,0.023424625728514163,0.17221193540680635,0.09781828056766026,0.7219101123595506,0.06351531426216805,0.009781828056766027,0.6486129700406166,low-to-moderate correlation / partial independence
ANKLE2,COL17A1,0.8693496009171224,0.5254345423950634,0.8426966292134831,0.9940119760479041,1.0,0.0,0.2045084352296602,0.004269873992884083,0.39389582847519694,0.19908285123404051,0.7091771513153469,0.04090168704593204,0.019908285123404052,0.6483671791460108,low-to-moderate correlation / partial independence
MMP9,CAPN9,0.5052459001107324,0.6169507151469692,0.6853932584269663,1.0,1.0,0.0,-0.04541619588132854,0.0779806405713783,0.2016655848611086,0.13982311271624345,0.6713483146067416,0.009083239176265709,0.013982311271624345,0.6482827641588516,weak correlation / high independence
PTPRR,IDO1,0.5441886518479988,0.6342956048342389,0.6404494382022472,1.0,1.0,0.0,-0.008240084901097592,0.02621672664746668,0.18228862782295413,0.10425267723521041,0.6601123595505618,0.0016480169802195186,0.010425267723521042,0.6480390748468212,weak correlation / high independence
RCN1,TOP2A,0.8497562945311693,0.7642964013003924,0.8707865168539326,1.0,1.0,0.04918032786885246,0.3685248960825639,0.041475064871972264,0.12468589671829405,0.08308048079513317,0.7299917111806963,0.07370497921651278,0.008308048079513316,0.6479786838846702,low-to-moderate correlation / partial independence
CLDN12,PSMB8,0.805650131495029,0.5599685464333456,0.8820224719101124,0.9520958083832335,1.0,0.0,0.20428203922482696,0.0,0.39461831759543303,0.19730915879771652,0.7085295700733365,0.040856407844965394,0.019730915879771653,0.6479422463485995,low-to-moderate correlation / partial independence
CDH3,LGR5,0.7656191155187965,0.6452087922898473,0.48314606741573035,1.0,0.9565217391304348,0.32786885245901637,0.12584204757271233,0.1512701316705805,0.22516633370614025,0.18821823268836038,0.6918841647512953,0.025168409514542467,0.018821823268836038,0.6478939319679168,weak correlation / high independence
GRN,IDO1,0.8150381531247665,0.6342956048342389,0.6404494382022472,1.0,0.9710144927536232,0.08196721311475409,0.07637106829983063,0.022702682080163877,0.18228862782295413,0.102495654951559,0.6733577860176561,0.015274213659966127,0.010249565495155901,0.647834006862534,weak correlation / high independence
CTTN,LMNB1,0.7441085239790581,0.7753667598130912,0.4606741573033708,1.0,0.7536231884057971,0.7049180327868853,0.36941292750148896,0.13151024790823873,0.030689039486403287,0.081099643697321,0.7298038446240134,0.07388258550029779,0.008109964369732102,0.6478112947539835,low-to-moderate correlation / partial independence
ANKLE2,CLDN12,0.8693496009171224,0.805650131495029,0.8426966292134831,0.9700598802395209,1.0,0.0,0.2765869617258262,0.004269873992884083,0.0,0.0021349369964420413,0.703189127363251,0.055317392345165244,0.00021349369964420415,0.6476582413184416,low-to-moderate correlation / partial independence
PLAC8,SLC16A1,0.6220726772459807,0.6917994825403561,0.949438202247191,0.9880239520958084,1.0,0.0,0.39997957284963415,0.023424625728514163,0.12354264919498564,0.0734836374617499,0.7343655385857498,0.07999591456992683,0.007348363746174991,0.647021260269648,low-to-moderate correlation / partial independence
LAMA3,COLGALT1,0.5507459804792868,0.8830279192813023,0.8426966292134831,0.9880239520958084,0.9710144927536232,0.19672131147540983,0.4028061708949708,0.40231310213542243,0.04339731321461733,0.22285520767501987,0.7496140963845812,0.08056123417899416,0.02228552076750199,0.646767341438085,moderate correlation
AGR2,DNTTIP1,0.42747807269657895,0.767087675236294,0.9606741573033708,0.9820359281437125,1.0,0.0,0.3687218595468974,0.2900457034734938,0.013590724254201294,0.15181821386384753,0.7356775213617708,0.07374437190937948,0.015181821386384754,0.6467513280660065,low-to-moderate correlation / partial independence
MMP9,ANKLE2,0.5052459001107324,0.8693496009171224,0.8932584269662921,0.9580838323353293,1.0,0.0,0.31007134619464954,0.0779806405713783,0.004269873992884083,0.04112525728213119,0.7128355648254053,0.062014269238929914,0.00411252572821312,0.6467087698582623,low-to-moderate correlation / partial independence
AGR2,TOP2A,0.42747807269657895,0.7642964013003924,0.898876404494382,0.9880239520958084,1.0,0.0,0.27256251147064664,0.2900457034734938,0.12468589671829405,0.20736580009589392,0.7217250891475476,0.05451250229412933,0.020736580009589393,0.6464760068438289,low-to-moderate correlation / partial independence
LMNB1,RNF145,0.7753667598130912,0.5397698695819814,0.9550561797752809,1.0,1.0,0.0,0.3610025916989033,0.030689039486403287,0.38051362907585307,0.20560133428112817,0.7387640449438202,0.07220051833978067,0.020560133428112817,0.6460033931759267,low-to-moderate correlation / partial independence
PLS1,PSMB8,0.759439754640533,0.5599685464333456,0.9213483146067416,0.9940119760479041,1.0,0.01639344262295082,0.3376485620693731,1.1102230246251565e-16,0.39461831759543303,0.19730915879771657,0.7329384333193991,0.06752971241387462,0.01973091587977166,0.6456778050257528,low-to-moderate correlation / partial independence
CST1,CTTN,0.5436593060985359,0.7441085239790581,0.4606741573033708,1.0,0.7536231884057971,0.7049180327868853,0.32403439412398866,0.2613835538362081,0.13151024790823873,0.1964469008722234,0.7298038446240134,0.06480687882479773,0.019644690087222343,0.6453522757119933,low-to-moderate correlation / partial independence
PYGB,IDO1,0.7834014339198262,0.6342956048342389,0.6179775280898876,1.0,1.0,0.01639344262295082,-0.017764202212254603,0.017308592920477872,0.18228862782295413,0.099798610371716,0.6585927426782096,0.0035528404424509208,0.0099798610371716,0.645060041198587,weak correlation / high independence
CAPN9,PXDN,0.6169507151469692,0.7169660210736698,0.6573033707865169,1.0,1.0,0.0,-0.046971575758089766,0.2016655848611086,1.1102230246251565e-16,0.10083279243055436,0.6643258426966292,0.009394315151617955,0.010083279243055437,0.6448482483019559,weak correlation / high independence
EDIL3,CAPN9,0.6311502155526197,0.6169507151469692,0.6853932584269663,1.0,1.0,0.0,-0.0745244276123789,0.03610149953278518,0.2016655848611086,0.1188835421969469,0.6713483146067416,0.014904885522475781,0.01188835421969469,0.6445550748645711,weak correlation / high independence
RCN1,DSG2,0.8497562945311693,0.8395014138651767,0.6853932584269663,1.0,0.9420289855072463,0.14754098360655737,0.21984780741070906,0.041475064871972264,0.0709994055652357,0.05623723521860398,0.6937408068851925,0.04396956148214182,0.005623723521860398,0.6441475218811903,low-to-moderate correlation / partial independence
UACA,PLS1,0.8875581314818409,0.759439754640533,0.8033707865168539,1.0,1.0,0.01639344262295082,0.2932879822454108,0.04314484111391227,1.1102230246251565e-16,0.02157242055695619,0.7049410572849512,0.05865759644908217,0.0021572420556956193,0.6441262187801733,low-to-moderate correlation / partial independence
MMP13,CALM2,0.25482009823610646,0.7074816803992271,0.9550561797752809,0.9640718562874252,1.0,0.0,0.36392301655388754,0.013220534326951576,0.24465110344867963,0.1289358188878156,0.7297820090156766,0.0727846033107775,0.012893581888781562,0.6441038238161175,low-to-moderate correlation / partial independence
PTPRR,DPCR1,0.5441886518479988,0.4249694598250433,0.8651685393258427,0.9880239520958084,1.0,0.0,0.3396404175450394,0.02621672664746668,0.0,0.01310836332373334,0.7132981228554127,0.06792808350900788,0.001310836332373334,0.6440592030140314,low-to-moderate correlation / partial independence
TPX2,UACA,0.7229964697986911,0.8875581314818409,0.8033707865168539,1.0,1.0,0.0,0.23177725007606276,0.17221193540680635,0.04314484111391227,0.1076783882603593,0.7008426966292135,0.04635545001521255,0.01076783882603593,0.643719407787965,low-to-moderate correlation / partial independence
TOP2A,PTPRR,0.7642964013003924,0.5441886518479988,0.8876404494382022,1.0,1.0,0.0,0.3542262350972238,0.12468589671829405,0.02621672664746668,0.07545131168288037,0.7219101123595506,0.07084524701944477,0.007545131168288037,0.6435197341718178,low-to-moderate correlation / partial independence
MMP12,CAPN9,0.39736509818459975,0.6169507151469692,0.6910112359550562,1.0,1.0,0.0,0.09087635098725691,0.02207993458626133,0.2016655848611086,0.11187275972368498,0.672752808988764,0.018175270197451382,0.011187275972368498,0.6433902628189442,weak correlation / high independence
CST1,PTPRR,0.5436593060985359,0.5441886518479988,0.9101123595505618,1.0,1.0,0.0,0.3499134501800695,0.2613835538362081,0.02621672664746668,0.14380014024183738,0.7275280898876404,0.0699826900360139,0.014380014024183738,0.6431653858274428,low-to-moderate correlation / partial independence
AGR2,KIF4A,0.42747807269657895,0.5311408971518579,0.9719101123595506,0.9401197604790419,1.0,0.0,0.34103314720449884,0.2900457034734938,0.044956748123976195,0.167501225798735,0.7280074682096481,0.06820662944089977,0.0167501225798735,0.6430507161888749,low-to-moderate correlation / partial independence
PTPRR,PSMB8,0.5441886518479988,0.5599685464333456,0.9662921348314607,0.9820359281437125,1.0,0.0,0.36496398902270316,0.02621672664746668,0.39461831759543303,0.21041752212144985,0.7370820157437933,0.07299279780454064,0.021041752212144986,0.6430474657271077,low-to-moderate correlation / partial independence
DNTTIP1,IDO1,0.767087675236294,0.6342956048342389,0.6404494382022472,1.0,1.0,0.0,0.03727058638308636,0.013590724254201294,0.18228862782295413,0.09793967603857771,0.6601123595505618,0.007454117276617273,0.009793967603857772,0.6428642746700868,weak correlation / high independence
AGR2,CST1,0.42747807269657895,0.5436593060985359,0.9213483146067416,1.0,1.0,0.0,0.30123477542977783,0.2900457034734938,0.2613835538362081,0.27571462865485097,0.7303370786516854,0.06024695508595557,0.027571462865485098,0.6425186607002448,low-to-moderate correlation / partial independence
MMP9,UACA,0.5052459001107324,0.8875581314818409,0.848314606741573,0.9880239520958084,1.0,0.0,0.3053204301631299,0.0779806405713783,0.04314484111391227,0.060562740842645284,0.7090846397093453,0.061064086032625975,0.006056274084264529,0.6419642795924548,low-to-moderate correlation / partial independence
MMP9,COLGALT1,0.5052459001107324,0.8830279192813023,0.8426966292134831,0.9940119760479041,0.9710144927536232,0.19672131147540983,0.5160581961352987,0.0779806405713783,0.04339731321461733,0.06068897689299781,0.7511111023726051,0.10321163922705974,0.0060688976892997815,0.6418305654562456,moderate correlation
LAMA3,LMNB1,0.5507459804792868,0.7753667598130912,0.9550561797752809,1.0,1.0,0.0,0.37653369705104806,0.40231310213542243,0.030689039486403287,0.21650107081091285,0.7387640449438202,0.07530673941020961,0.021650107081091288,0.6418071984525193,low-to-moderate correlation / partial independence
UACA,RNF145,0.8875581314818409,0.5397698695819814,0.848314606741573,0.9760479041916168,1.0,0.0,0.2158087081417292,0.04314484111391227,0.38051362907585307,0.21182923509488266,0.7060906277332974,0.043161741628345844,0.021182923509488267,0.6417459625954633,low-to-moderate correlation / partial independence
NT5C2,PKM,0.9224135929652936,0.8047205189285296,0.2640449438202247,1.0,0.7101449275362319,0.9016393442622951,0.3751853201448506,0.03930337723650222,0.005155450437644578,0.0222294138370734,0.7189573039046879,0.07503706402897013,0.00222294138370734,0.6416972984920104,low-to-moderate correlation / partial independence
CEACAM5,CALM2,0.3827813825580026,0.7074816803992271,0.9550561797752809,0.9520958083832335,1.0,0.0,0.34172246446973137,0.09847649330690951,0.24465110344867963,0.17156379837779456,0.7267879970396286,0.06834449289394627,0.017156379837779456,0.6412871243079028,low-to-moderate correlation / partial independence
COL17A1,TMEM173,0.5254345423950634,0.8261906687524584,0.9101123595505618,1.0,1.0,0.03278688524590164,0.3709264810318342,0.39389582847519694,0.011366255750379306,0.20263104211278812,0.7357248111991158,0.07418529620636684,0.020263104211278814,0.6412764107814701,low-to-moderate correlation / partial independence
PYGB,CALM2,0.7834014339198262,0.7074816803992271,0.949438202247191,1.0,1.0,0.01639344262295082,0.4372015728864338,0.017308592920477872,0.24465110344867963,0.13097984818457875,0.7414579112175355,0.08744031457728677,0.013097984818457876,0.6409196118217908,moderate correlation
ETV1,UACA,0.6641001764469112,0.8875581314818409,0.848314606741573,0.9880239520958084,1.0,0.0,0.3248661729041751,0.02482275843931166,0.04314484111391227,0.033983799776611964,0.7090846397093453,0.06497323458083502,0.0033983799776611968,0.640713025150849,low-to-moderate correlation / partial independence
TOP2A,PYGB,0.7642964013003924,0.7834014339198262,0.8820224719101124,1.0,1.0,0.01639344262295082,0.38431867581227525,0.12468589671829405,0.017308592920477872,0.07099724481938596,0.7246039786332658,0.07686373516245505,0.007099724481938597,0.6406405189888721,low-to-moderate correlation / partial independence
TPX2,COLGALT1,0.7229964697986911,0.8830279192813023,0.8146067415730337,1.0,0.9710144927536232,0.19672131147540983,0.4710290714708675,0.17221193540680635,0.04339731321461733,0.10780462431071183,0.7455856364505167,0.0942058142941735,0.010780462431071183,0.6405993597252719,moderate correlation
CCNB1,CTTN,0.7228724824339547,0.7441085239790581,0.4606741573033708,1.0,0.7536231884057971,0.7049180327868853,0.40325876197949595,0.04176615865950621,0.13151024790823873,0.08663820328387248,0.7298038446240134,0.0806517523958992,0.008663820328387249,0.640488271899727,moderate correlation
AGR2,UACA,0.42747807269657895,0.8875581314818409,0.8426966292134831,0.9760479041916168,1.0,0.0,0.23947698093766448,0.2900457034734938,0.04314484111391227,0.16659527229370302,0.704686133351275,0.0478953961875329,0.016659527229370304,0.6401312099343718,low-to-moderate correlation / partial independence
RNF145,SLC16A1,0.5397698695819814,0.6917994825403561,0.9550561797752809,0.9760479041916168,1.0,0.0,0.33879068945999896,0.38051362907585307,0.12354264919498564,0.2520281391354193,0.7327760209917245,0.06775813789199979,0.025202813913541934,0.6398150691861827,low-to-moderate correlation / partial independence
TOP2A,CLDN12,0.7642964013003924,0.805650131495029,0.8146067415730337,1.0,1.0,0.0,0.28821235736910217,0.12468589671829405,0.0,0.06234294835914703,0.7036516853932584,0.057642471473820435,0.006234294835914703,0.6397749190835232,low-to-moderate correlation / partial independence
AGR2,TPX2,0.42747807269657895,0.7229964697986911,0.8932584269662921,1.0,1.0,0.0,0.3023665173484179,0.2900457034734938,0.17221193540680635,0.23112881944015007,0.723314606741573,0.06047330346968358,0.023112881944015007,0.6397284213278744,low-to-moderate correlation / partial independence
DNTTIP1,CALM2,0.767087675236294,0.7074816803992271,0.9775280898876404,0.9820359281437125,1.0,0.0,0.4365400522913289,0.013590724254201294,0.24465110344867963,0.12912091385144045,0.7398910045078382,0.08730801045826579,0.012912091385144046,0.6396709026644284,moderate correlation
COLGALT1,MMP13,0.8830279192813023,0.25482009823610646,0.8370786516853933,1.0,0.9710144927536232,0.19672131147540983,0.544835153572029,0.04339731321461733,0.013220534326951576,0.028308923770784453,0.7512036139786065,0.10896703071440582,0.0028308923770784455,0.6394056908871222,moderate correlation
TOP2A,UACA,0.7642964013003924,0.8875581314818409,0.8033707865168539,1.0,1.0,0.0,0.2660560512210536,0.12468589671829405,0.04314484111391227,0.08391536891610316,0.7008426966292135,0.053211210244210716,0.008391536891610317,0.6392399494933925,low-to-moderate correlation / partial independence
COL17A1,COLGALT1,0.5254345423950634,0.8830279192813023,0.8033707865168539,1.0,0.9710144927536232,0.19672131147540983,0.408546186516414,0.39389582847519694,0.04339731321461733,0.21864657084490713,0.7427766476864717,0.0817092373032828,0.021864657084490716,0.6392027532986981,moderate correlation
CEACAM5,IDO1,0.3827813825580026,0.6342956048342389,0.6292134831460674,1.0,1.0,0.0,-0.020713409882271,0.09847649330690951,0.18228862782295413,0.1403825605649318,0.6573033707865168,0.0041426819764542,0.014038256056493182,0.6391224327535694,weak correlation / high independence
PLS1,KIF4A,0.759439754640533,0.5311408971518579,0.9213483146067416,1.0,1.0,0.01639344262295082,0.46558564467334435,1.1102230246251565e-16,0.044956748123976195,0.022478374061988153,0.734435439307423,0.09311712893466888,0.0022478374061988154,0.6390704729665554,moderate correlation
TPX2,CDH3,0.7229964697986911,0.7656191155187965,0.797752808988764,1.0,0.9565217391304348,0.32786885245901637,0.5778939809056751,0.17221193540680635,0.1512701316705805,0.16174103353869343,0.7705358501445537,0.11557879618113504,0.016174103353869342,0.6387829506095493,moderate correlation
SLC16A1,PXDN,0.6917994825403561,0.7169660210736698,0.9213483146067416,0.9880239520958084,1.0,0.0,0.4120788425028338,0.12354264919498564,1.1102230246251565e-16,0.06177132459749288,0.7273430666756375,0.08241576850056676,0.006177132459749288,0.6387501657153215,moderate correlation
MISP,SLC16A1,0.4408376629769242,0.6917994825403561,0.949438202247191,0.9760479041916168,1.0,0.0,0.35950489719484835,0.29398990912350004,0.12354264919498564,0.20876627915924284,0.731371526609702,0.07190097943896967,0.020876627915924286,0.638593919254808,low-to-moderate correlation / partial independence
RCN1,IDO1,0.8497562945311693,0.6342956048342389,0.6292134831460674,1.0,1.0,0.04918032786885246,0.09924100246492766,0.041475064871972264,0.18228862782295413,0.1118818463474632,0.6695984527537299,0.019848200492985534,0.011188184634746322,0.638562067625998,weak correlation / high independence
CCNB1,PYGB,0.7228724824339547,0.7834014339198262,0.949438202247191,1.0,1.0,0.01639344262295082,0.5003760930372956,0.04176615865950621,0.017308592920477872,0.02953737578999204,0.7414579112175355,0.10007521860745912,0.002953737578999204,0.6384289550310771,moderate correlation
CTTN,RNF145,0.7441085239790581,0.5397698695819814,0.4606741573033708,0.9880239520958084,0.7536231884057971,0.7049180327868853,0.31542466352533816,0.13151024790823873,0.38051362907585307,0.2560119384920459,0.7268098326479655,0.06308493270506764,0.02560119384920459,0.6381237060936933,low-to-moderate correlation / partial independence
COL17A1,SLC44A4,0.5254345423950634,0.7740984388681964,0.8876404494382022,1.0,0.9710144927536232,0.06557377049180328,0.3663927628538221,0.39389582847519694,0.0,0.19694791423759847,0.7310571781709072,0.07327855257076442,0.01969479142375985,0.6380838341763829,low-to-moderate correlation / partial independence
LAMA3,SLC44A4,0.5507459804792868,0.7740984388681964,0.9213483146067416,0.9940119760479041,0.9710144927536232,0.06557377049180328,0.3996120983606209,0.40231310213542243,0.0,0.20115655106771121,0.7379871384750181,0.07992241967212418,0.020115655106771123,0.6379490636961227,low-to-moderate correlation / partial independence
CCNB1,DNTTIP1,0.7228724824339547,0.767087675236294,0.9775280898876404,0.9940119760479041,1.0,0.0,0.5108622855085668,0.04176615865950621,0.013590724254201294,0.027678441456853754,0.7428850164838862,0.10217245710171337,0.0027678441456853754,0.6379447152364873,moderate correlation
IDO1,SLC44A4,0.6342956048342389,0.7740984388681964,0.6067415730337079,1.0,0.9710144927536232,0.06557377049180328,-0.06891404575659253,0.18228862782295413,0.0,0.09114431391147707,0.6608324590697836,0.013782809151318506,0.009114431391147707,0.6379352185273174,weak correlation / high independence
ETV1,CALM2,0.6641001764469112,0.7074816803992271,0.9831460674157303,0.9640718562874252,1.0,0.0,0.42789728771399904,0.02482275843931166,0.24465110344867963,0.13473693094399564,0.7368044809257889,0.08557945754279982,0.013473693094399565,0.6377513302885894,moderate correlation
AGR2,PYGB,0.42747807269657895,0.7834014339198262,0.9325842696629213,1.0,1.0,0.01639344262295082,0.42096393502277674,0.2900457034734938,0.017308592920477872,0.15367714819698583,0.737244428071468,0.08419278700455535,0.015367714819698584,0.637683926247214,moderate correlation
DNTTIP1,PSMB8,0.767087675236294,0.5599685464333456,0.9775280898876404,0.9820359281437125,1.0,0.0,0.4092666721636025,0.013590724254201294,0.39461831759543303,0.20410452092481715,0.7398910045078382,0.08185333443272051,0.020410452092481716,0.637627217982636,moderate correlation
RNF145,PXDN,0.5397698695819814,0.7169660210736698,0.949438202247191,0.9520958083832335,1.0,0.0,0.3447915231489826,0.38051362907585307,1.1102230246251565e-16,0.1902568145379266,0.7253835026576061,0.06895830462979652,0.01902568145379266,0.6373995165740168,low-to-moderate correlation / partial independence
CEACAM5,UACA,0.3827813825580026,0.8875581314818409,0.8314606741573034,1.0,1.0,0.0,0.31736770627038224,0.09847649330690951,0.04314484111391227,0.07081066721041089,0.7078651685393258,0.06347354125407645,0.007081066721041089,0.6373105605642082,low-to-moderate correlation / partial independence
DPCR1,SLC16A1,0.4249694598250433,0.6917994825403561,0.8707865168539326,0.9880239520958084,1.0,0.0,0.3561889563880646,0.0,0.12354264919498564,0.06177132459749282,0.7147026172374352,0.07123779127761291,0.006177132459749282,0.6372876935000731,low-to-moderate correlation / partial independence
LMNB1,CLDN12,0.7753667598130912,0.805650131495029,0.8651685393258427,1.0,1.0,0.0,0.3877398598184535,0.030689039486403287,0.0,0.015344519743201643,0.7162921348314607,0.0775479719636907,0.0015344519743201645,0.6372097108934499,low-to-moderate correlation / partial independence
CCNB1,SLC16A1,0.7228724824339547,0.6917994825403561,0.9438202247191011,1.0,1.0,0.0,0.45315158124344085,0.04176615865950621,0.12354264919498564,0.08265440392724593,0.7359550561797753,0.09063031624868817,0.008265440392724593,0.6370592995383625,moderate correlation
COLGALT1,UACA,0.8830279192813023,0.8875581314818409,0.7921348314606742,0.9880239520958084,0.9710144927536232,0.19672131147540983,0.47799456766350396,0.04339731321461733,0.04314484111391227,0.0432710771642648,0.7369736469463788,0.0955989135327008,0.00432710771642648,0.6370476256972515,moderate correlation
CAPN9,RNF145,0.6169507151469692,0.5397698695819814,0.6910112359550562,0.9820359281437125,1.0,0.0,-0.010945624037970895,0.2016655848611086,0.38051362907585307,0.29108960696848085,0.6682617910246922,0.0021891248075941792,0.029108960696848086,0.63696370552025,weak correlation / high independence
PLAC8,CLDN12,0.6220726772459807,0.805650131495029,0.8764044943820225,0.9940119760479041,1.0,0.0,0.39767939054794876,0.023424625728514163,0.0,0.011712312864257082,0.7176041176074817,0.07953587810958976,0.0011712312864257082,0.6368970082114662,low-to-moderate correlation / partial independence
IDO1,KIF4A,0.6342956048342389,0.5311408971518579,0.6460674157303371,1.0,1.0,0.0,0.06701333106740526,0.18228862782295413,0.044956748123976195,0.11362268797346517,0.6615168539325843,0.013402666213481053,0.011362268797346517,0.6367519189217568,weak correlation / high independence
PLS1,IDO1,0.759439754640533,0.6342956048342389,0.601123595505618,1.0,1.0,0.01639344262295082,-0.04264498262113404,1.1102230246251565e-16,0.18228862782295413,0.09114431391147712,0.6543792595321422,0.008528996524226808,0.009114431391147712,0.6367358316167676,weak correlation / high independence
CST1,DSG2,0.5436593060985359,0.8395014138651767,0.6629213483146067,1.0,0.9420289855072463,0.09836065573770492,0.11254916605225726,0.2613835538362081,0.0709994055652357,0.1661914797007219,0.6758277473898896,0.022509833210451455,0.01661914797007219,0.6366987662093659,weak correlation / high independence
CAPN9,ANKLE2,0.6169507151469692,0.8693496009171224,0.6404494382022472,0.9940119760479041,1.0,0.0,-0.058866712061800296,0.2016655848611086,0.004269873992884083,0.10296772942699635,0.6586153535625379,0.01177334241236006,0.010296772942699636,0.6365452382074782,weak correlation / high independence
CCNB1,IDO1,0.7228724824339547,0.6342956048342389,0.6404494382022472,1.0,1.0,0.0,0.061850279225315385,0.04176615865950621,0.18228862782295413,0.11202739324123018,0.6601123595505618,0.012370055845063078,0.011202739324123018,0.6365395643813757,weak correlation / high independence
PXDN,CALM2,0.7169660210736698,0.7074816803992271,0.949438202247191,0.9520958083832335,1.0,0.0,0.38453059893561914,1.1102230246251565e-16,0.24465110344867963,0.12232555172433987,0.7253835026576061,0.07690611978712383,0.012232555172433988,0.6362448276980484,low-to-moderate correlation / partial independence
LOXL1,MMP13,0.7782706315643453,0.25482009823610646,0.9325842696629213,1.0,1.0,0.03278688524590164,0.511164833181868,0.046101545049522054,0.013220534326951576,0.029661039688236815,0.7413427887272057,0.1022329666363736,0.0029661039688236818,0.6361437181220084,moderate correlation
AGR2,SLC16A1,0.42747807269657895,0.6917994825403561,0.949438202247191,0.9760479041916168,1.0,0.0,0.37324939769358667,0.2900457034734938,0.12354264919498564,0.20679417633423972,0.731371526609702,0.07464987953871734,0.02067941763342397,0.6360422294375606,low-to-moderate correlation / partial independence
PLAC8,PSMB8,0.6220726772459807,0.5599685464333456,0.9831460674157303,0.9820359281437125,1.0,0.0,0.421871899694451,0.023424625728514163,0.39461831759543303,0.2090214716619736,0.7412954988898607,0.0843743799388902,0.02090214716619736,0.6360189717847732,moderate correlation
ANKLE2,CALM2,0.8693496009171224,0.7074816803992271,0.9044943820224719,0.8862275449101796,1.0,0.0,0.246377644221446,0.004269873992884083,0.24465110344867963,0.12446048872078186,0.6976804817331629,0.04927552884428921,0.012446048872078187,0.6359589040167954,low-to-moderate correlation / partial independence
TOP2A,CALM2,0.7642964013003924,0.7074816803992271,0.898876404494382,0.9880239520958084,1.0,0.0,0.3369836168129857,0.12468589671829405,0.24465110344867963,0.18466850008348684,0.7217250891475476,0.06739672336259715,0.018466850008348686,0.6358615157766018,low-to-moderate correlation / partial independence
CEACAM5,CST1,0.3827813825580026,0.5436593060985359,0.898876404494382,1.0,1.0,0.0,0.3550162459599892,0.09847649330690951,0.2613835538362081,0.1799300235715588,0.7247191011235955,0.07100324919199784,0.01799300235715588,0.6357228495744418,low-to-moderate correlation / partial independence
PTPRR,SLC16A1,0.5441886518479988,0.6917994825403561,0.9438202247191011,0.9880239520958084,1.0,0.0,0.4495124316548835,0.02621672664746668,0.12354264919498564,0.07487968792122617,0.7329610442037273,0.08990248633097671,0.007487968792122617,0.6355705890806279,moderate correlation
PLAC8,LAMA3,0.6220726772459807,0.5507459804792868,0.9775280898876404,0.9820359281437125,1.0,0.0,0.4155126775670275,0.023424625728514163,0.40231310213542243,0.2128688639319683,0.7398910045078382,0.0831025355134055,0.02128688639319683,0.6355015826012358,moderate correlation
ETV1,PXDN,0.6641001764469112,0.7169660210736698,0.949438202247191,0.9820359281437125,1.0,0.0,0.4823331648801766,0.02482275843931166,1.1102230246251565e-16,0.012411379219655886,0.7328685325977259,0.09646663297603532,0.0012411379219655887,0.635160761699725,moderate correlation
DNTTIP1,KIF4A,0.767087675236294,0.5311408971518579,0.9719101123595506,0.9880239520958084,1.0,0.0,0.510548045165324,0.013590724254201294,0.044956748123976195,0.029273736189088746,0.7399835161138397,0.10210960903306482,0.0029273736189088747,0.634946533461866,moderate correlation
COL17A1,KIF4A,0.5254345423950634,0.5311408971518579,0.9213483146067416,1.0,1.0,0.0,0.36814059588258513,0.39389582847519694,0.044956748123976195,0.21942628829958657,0.7303370786516854,0.07362811917651703,0.02194262882995866,0.6347663306452097,low-to-moderate correlation / partial independence
CTTN,PSMB8,0.7441085239790581,0.5599685464333456,0.4606741573033708,0.9880239520958084,0.7536231884057971,0.7049180327868853,0.3300889376160462,0.13151024790823873,0.39461831759543303,0.2630642827518359,0.7268098326479655,0.06601778752320923,0.02630642827518359,0.6344856168495727,low-to-moderate correlation / partial independence
CEACAM5,TPX2,0.3827813825580026,0.7229964697986911,0.8820224719101124,1.0,1.0,0.0,0.3671500925345939,0.09847649330690951,0.17221193540680635,0.13534421435685792,0.7205056179775281,0.07343001850691878,0.013534421435685793,0.6335411780349235,low-to-moderate correlation / partial independence
PLAC8,CTTN,0.6220726772459807,0.7441085239790581,0.4606741573033708,0.9940119760479041,0.7536231884057971,0.7049180327868853,0.43584614991811277,0.023424625728514163,0.13151024790823873,0.07746743681837645,0.7283068386359894,0.08716922998362256,0.007746743681837646,0.6333908649705292,moderate correlation
PLAC8,DNTTIP1,0.6220726772459807,0.767087675236294,0.9662921348314607,0.9880239520958084,1.0,0.0,0.5173135786077003,0.023424625728514163,0.013590724254201294,0.018507674991357727,0.7385790217318173,0.10346271572154007,0.0018507674991357728,0.6332655385111414,moderate correlation
CCNB1,CAPN9,0.7228724824339547,0.6169507151469692,0.6853932584269663,1.0,1.0,0.0,0.13069356966816628,0.04176615865950621,0.2016655848611086,0.1217158717603074,0.6713483146067416,0.02613871393363326,0.012171587176030741,0.6330380134970777,weak correlation / high independence
MMP13,PXDN,0.25482009823610646,0.7169660210736698,0.9213483146067416,1.0,1.0,0.0,0.4851188561225207,0.013220534326951576,1.1102230246251565e-16,0.0066102671634758435,0.7303370786516854,0.09702377122450415,0.0006610267163475844,0.6326522807108337,moderate correlation
DPCR1,PSMB8,0.4249694598250433,0.5599685464333456,0.8764044943820225,0.9461077844311377,1.0,0.0,0.2663947944528246,0.0,0.39461831759543303,0.19730915879771652,0.7056280697032901,0.05327895889056492,0.019730915879771653,0.6326181949329536,low-to-moderate correlation / partial independence
MISP,TOP2A,0.4408376629769242,0.7642964013003924,0.8932584269662921,0.9940119760479041,1.0,0.0,0.34152013933016256,0.29398990912350004,0.12468589671829405,0.20933790292089705,0.7218176007535491,0.06830402786603251,0.020933790292089707,0.6325797825954268,low-to-moderate correlation / partial independence
DPCR1,CLDN12,0.4249694598250433,0.805650131495029,0.7865168539325843,0.9940119760479041,1.0,0.0,0.313720608677656,0.0,0.0,0.0,0.6951322074951221,0.0627441217355312,0.0,0.6323880857595908,low-to-moderate correlation / partial independence
CEACAM5,PSMB8,0.3827813825580026,0.5599685464333456,0.9550561797752809,0.9520958083832335,1.0,0.0,0.34879535793534644,0.09847649330690951,0.39461831759543303,0.24654740545117126,0.7267879970396286,0.06975907158706929,0.024654740545117126,0.6323741849074422,low-to-moderate correlation / partial independence
CCNB1,COL17A1,0.7228724824339547,0.5254345423950634,0.9101123595505618,1.0,1.0,0.0,0.36763706117623557,0.04176615865950621,0.39389582847519694,0.21783099356735158,0.7275280898876404,0.07352741223524711,0.02178309935673516,0.6322175782956581,low-to-moderate correlation / partial independence
SLC16A1,PYGB,0.6917994825403561,0.7834014339198262,0.9269662921348315,1.0,1.0,0.01639344262295082,0.4836870136596171,0.12354264919498564,0.017308592920477872,0.07042562105773176,0.7358399336894456,0.09673740273192342,0.007042562105773176,0.632059968851749,moderate correlation
CTTN,MMP13,0.7441085239790581,0.25482009823610646,0.4606741573033708,1.0,0.7536231884057971,0.7049180327868853,0.45298340642200924,0.13151024790823873,0.013220534326951576,0.07236539111759516,0.7298038446240134,0.09059668128440185,0.007236539111759516,0.631970624227852,moderate correlation
TOP2A,DNTTIP1,0.7642964013003924,0.767087675236294,0.898876404494382,0.9940119760479041,1.0,0.0,0.42318096149013384,0.12468589671829405,0.013590724254201294,0.06913831048624768,0.7232220951355716,0.08463619229802677,0.006913831048624768,0.63167207178892,moderate correlation
CTTN,COLGALT1,0.7441085239790581,0.8830279192813023,0.43820224719101125,0.9940119760479041,0.7536231884057971,0.7049180327868853,0.4116589719324978,0.13151024790823873,0.04339731321461733,0.08745378056142802,0.7226888611078994,0.08233179438649957,0.008745378056142802,0.631611688665257,moderate correlation
EDIL3,LOXL1,0.6311502155526197,0.7782706315643453,0.9438202247191011,0.9880239520958084,1.0,0.03278688524590164,0.5285080649883248,0.03610149953278518,0.046101545049522054,0.04110152229115362,0.7411577655152027,0.10570161299766496,0.004110152229115362,0.6313460002884224,moderate correlation
DSG2,TMEM173,0.8395014138651767,0.8261906687524584,0.6797752808988764,1.0,0.9420289855072463,0.13114754098360656,0.2647577950202516,0.0709994055652357,0.011366255750379306,0.0411828306578075,0.6882379518474324,0.052951559004050325,0.00411828306578075,0.6311681097776013,low-to-moderate correlation / partial independence
OCIAD2,CTTN,0.796545245774221,0.7441085239790581,0.4606741573033708,1.0,0.6666666666666666,0.8524590163934426,0.5354478902129842,0.00957360595802697,0.13151024790823873,0.07054192693313285,0.74494996009087,0.10708957804259685,0.007054192693313286,0.6308061893549598,moderate correlation
SDC1,NT5C2,0.8187216314358295,0.9224135929652936,0.25842696629213485,1.0,0.6376811594202898,0.9508196721311475,0.3742086490718145,0.08453034283497024,0.03930337723650222,0.06191686003573623,0.711731949460893,0.0748417298143629,0.006191686003573623,0.6306985336429565,low-to-moderate correlation / partial independence
LAMA3,IDO1,0.5507459804792868,0.6342956048342389,0.6460674157303371,1.0,1.0,0.0,0.008042135299257154,0.40231310213542243,0.18228862782295413,0.2923008649791883,0.6615168539325843,0.001608427059851431,0.02923008649791883,0.6306783403748141,weak correlation / high independence
TPX2,MMP13,0.7229964697986911,0.25482009823610646,0.8876404494382022,1.0,1.0,0.0,0.40995089222254666,0.17221193540680635,0.013220534326951576,0.09271623486687897,0.7219101123595506,0.08199017844450934,0.009271623486687896,0.6306483104283533,moderate correlation
CDH3,COL17A1,0.7656191155187965,0.5254345423950634,0.8146067415730337,1.0,0.9565217391304348,0.32786885245901637,0.5842894349354418,0.1512701316705805,0.39389582847519694,0.2725829800728887,0.7747493332906211,0.11685788698708838,0.027258298007288875,0.630633148296244,moderate correlation
LAMA3,CST1,0.5507459804792868,0.5436593060985359,0.9213483146067416,1.0,1.0,0.0,0.3330010383775961,0.40231310213542243,0.2613835538362081,0.33184832798581526,0.7303370786516854,0.06660020767551922,0.033184832798581525,0.6305520381775847,low-to-moderate correlation / partial independence
CLDN12,KIF4A,0.805650131495029,0.5311408971518579,0.8764044943820225,0.9820359281437125,1.0,0.0,0.4096500523787125,0.0,0.044956748123976195,0.022478374061988098,0.7146101056314338,0.0819300104757425,0.0022478374061988098,0.6304322577494924,moderate correlation
PLAC8,IDO1,0.6220726772459807,0.6342956048342389,0.6460674157303371,1.0,1.0,0.0,0.10544368770510272,0.023424625728514163,0.18228862782295413,0.10285662677573415,0.6615168539325843,0.021088737541020544,0.010285662677573415,0.6301424537139904,weak correlation / high independence
UACA,SLC16A1,0.8875581314818409,0.6917994825403561,0.8426966292134831,0.9880239520958084,1.0,0.0,0.3463787004284217,0.04314484111391227,0.12354264919498564,0.08334374515444895,0.7076801453273229,0.06927574008568435,0.008334374515444895,0.6300700307261936,low-to-moderate correlation / partial independence
UACA,PSMB8,0.8875581314818409,0.5599685464333456,0.848314606741573,0.9760479041916168,1.0,0.0,0.2707720918753734,0.04314484111391227,0.39461831759543303,0.21888157935467265,0.7060906277332974,0.054154418375074675,0.021888157935467265,0.6300480514227556,low-to-moderate correlation / partial independence
TPX2,PTPRR,0.7229964697986911,0.5441886518479988,0.8820224719101124,1.0,1.0,0.0,0.4027391736651896,0.17221193540680635,0.02621672664746668,0.09921433102713652,0.7205056179775281,0.08054783473303792,0.009921433102713652,0.6300363501417765,moderate correlation
ETV1,RNF145,0.6641001764469112,0.5397698695819814,0.9831460674157303,0.9640718562874252,1.0,0.0,0.43276667434464955,0.02482275843931166,0.38051362907585307,0.20266819375758235,0.7368044809257889,0.08655333486892991,0.020266819375758235,0.6299843266811007,moderate correlation
LMNB1,PLS1,0.7753667598130912,0.759439754640533,0.9157303370786517,1.0,1.0,0.01639344262295082,0.5076883793922602,0.030689039486403287,1.1102230246251565e-16,0.015344519743201699,0.7330309449254006,0.10153767587845204,0.00153445197432017,0.6299588170726284,moderate correlation
UACA,TMEM173,0.8875581314818409,0.8261906687524584,0.8426966292134831,0.9880239520958084,1.0,0.03278688524590164,0.41621871497404894,0.04314484111391227,0.011366255750379306,0.02725554843214579,0.7158768666387983,0.0832437429948098,0.002725554843214579,0.629907568800774,moderate correlation
PLS1,PYGB,0.759439754640533,0.7834014339198262,0.8876404494382022,1.0,1.0,0.03278688524590164,0.4971173293247928,1.1102230246251565e-16,0.017308592920477872,0.008654296460238992,0.730106833671026,0.09942346586495857,0.0008654296460238992,0.6298179381600436,moderate correlation
DNTTIP1,CLDN12,0.767087675236294,0.805650131495029,0.8820224719101124,0.9940119760479041,1.0,0.0,0.443006387208912,0.013590724254201294,0.0,0.006795362127100647,0.7190086119895042,0.08860127744178241,0.0006795362127100647,0.6297277983350117,moderate correlation
PTPRR,PYGB,0.5441886518479988,0.7834014339198262,0.9269662921348315,1.0,1.0,0.01639344262295082,0.5200210868797954,0.02621672664746668,0.017308592920477872,0.021762659783972276,0.7358399336894456,0.1040042173759591,0.0021762659783972275,0.6296594503350892,moderate correlation
DNTTIP1,DSG2,0.767087675236294,0.8395014138651767,0.6966292134831461,1.0,0.9420289855072463,0.09836065573770492,0.2520355304188516,0.013590724254201294,0.0709994055652357,0.042295064909718495,0.6842547136820244,0.05040710608377033,0.00422950649097185,0.6296181011072822,low-to-moderate correlation / partial independence
MISP,CST1,0.4408376629769242,0.5436593060985359,0.9213483146067416,1.0,1.0,0.0,0.36607397911014267,0.29398990912350004,0.2613835538362081,0.27768673147985407,0.7303370786516854,0.07321479582202854,0.02776867314798541,0.6293536096816715,low-to-moderate correlation / partial independence
UACA,CLDN12,0.8875581314818409,0.805650131495029,0.7865168539325843,0.9940119760479041,1.0,0.0,0.3198127510175494,0.04314484111391227,0.0,0.021572420556956136,0.6951322074951221,0.06396255020350988,0.0021572420556956137,0.6290124152359166,low-to-moderate correlation / partial independence
PTPRR,CALM2,0.5441886518479988,0.7074816803992271,0.9662921348314607,0.9820359281437125,1.0,0.0,0.4726969220414939,0.02621672664746668,0.24465110344867963,0.13543391504807314,0.7370820157437933,0.09453938440829879,0.013543391504807316,0.6289992398306872,moderate correlation
AGR2,PTPRR,0.42747807269657895,0.5441886518479988,0.9606741573033708,0.9820359281437125,1.0,0.0,0.4543345086207608,0.2900457034734938,0.02621672664746668,0.15813121506048022,0.7356775213617708,0.09086690172415217,0.015813121506048022,0.6289974981315707,moderate correlation
LMNB1,CALM2,0.7753667598130912,0.7074816803992271,0.9550561797752809,1.0,1.0,0.0,0.4800058728038392,0.030689039486403287,0.24465110344867963,0.13767007146754145,0.7387640449438202,0.09600117456076784,0.013767007146754147,0.6289958632362982,moderate correlation
CAPN9,KIF4A,0.6169507151469692,0.5311408971518579,0.6910112359550562,1.0,1.0,0.0,0.1578156136767932,0.2016655848611086,0.044956748123976195,0.1233111664925424,0.672752808988764,0.03156312273535864,0.01233111664925424,0.6288585696041511,weak correlation / high independence
MMP9,LOXL1,0.5052459001107324,0.7782706315643453,0.9438202247191011,0.9940119760479041,1.0,0.03278688524590164,0.5383535920446604,0.0779806405713783,0.046101545049522054,0.06204109281045017,0.7426547715032267,0.10767071840893208,0.006204109281045017,0.6287799438132496,moderate correlation
CCNB1,LAMA3,0.7228724824339547,0.5507459804792868,0.9775280898876404,0.9880239520958084,1.0,0.0,0.4524646847767957,0.04176615865950621,0.40231310213542243,0.22203963039746433,0.7413880104958622,0.09049293695535915,0.022203963039746435,0.6286911105007565,moderate correlation
COL17A1,CLDN12,0.5254345423950634,0.805650131495029,0.8202247191011236,1.0,1.0,0.0,0.28377659517941184,0.39389582847519694,0.0,0.19694791423759847,0.7050561797752809,0.05675531903588237,0.01969479142375985,0.6286060693156387,low-to-moderate correlation / partial independence
TOP2A,IDO1,0.7642964013003924,0.6342956048342389,0.601123595505618,1.0,1.0,0.0,0.03236009758262637,0.12468589671829405,0.18228862782295413,0.1534872622706241,0.6502808988764045,0.006472019516525274,0.01534872622706241,0.6284601531328168,weak correlation / high independence
TOP2A,SLC16A1,0.7642964013003924,0.6917994825403561,0.8932584269662921,1.0,1.0,0.0,0.4123084288642386,0.12468589671829405,0.12354264919498564,0.12411427295663985,0.723314606741573,0.08246168577284772,0.012411427295663986,0.6284414936730612,moderate correlation
CEACAM5,PYGB,0.3827813825580026,0.7834014339198262,0.9157303370786517,1.0,1.0,0.01639344262295082,0.4940588439634283,0.09847649330690951,0.017308592920477872,0.05789254311369369,0.7330309449254006,0.09881176879268566,0.005789254311369369,0.6284299218213456,moderate correlation
DSG2,UACA,0.8395014138651767,0.8875581314818409,0.6235955056179775,1.0,0.9420289855072463,0.09836065573770492,0.1597800466313284,0.0709994055652357,0.04314484111391227,0.05707212333957398,0.6659962867157322,0.03195600932626568,0.005707212333957399,0.6283330650555091,weak correlation / high independence
RCN1,CAPN9,0.8497562945311693,0.6169507151469692,0.6685393258426966,1.0,1.0,0.04918032786885246,-0.19481530895158006,0.041475064871972264,0.2016655848611086,0.12157032486654043,0.6794299134278873,0.038963061790316014,0.012157032486654043,0.6283098191509172,weak correlation / high independence
TOP2A,CAPN9,0.7642964013003924,0.6169507151469692,0.651685393258427,1.0,1.0,0.0,0.09257011235187332,0.12468589671829405,0.2016655848611086,0.16317574078970132,0.6629213483146068,0.018514022470374664,0.016317574078970134,0.6280897517652619,weak correlation / high independence
LAMA3,CEACAM5,0.5507459804792868,0.3827813825580026,0.949438202247191,0.9700598802395209,1.0,0.0,0.38406067705344904,0.40231310213542243,0.09847649330690951,0.25039479772116596,0.729874520621678,0.07681213541068982,0.025039479772116596,0.6280229054388716,low-to-moderate correlation / partial independence
CEACAM5,DPCR1,0.3827813825580026,0.4249694598250433,0.8651685393258427,0.9700598802395209,1.0,0.0,0.379576348902043,0.09847649330690951,0.0,0.049238246653454755,0.7088071048913409,0.0759152697804086,0.004923824665345476,0.6279680104455868,low-to-moderate correlation / partial independence
PLAC8,PTPRR,0.6220726772459807,0.5441886518479988,0.9606741573033708,0.9880239520958084,1.0,0.0,0.5355045796511145,0.023424625728514163,0.02621672664746668,0.02482067618799042,0.7371745273497948,0.10710091593022292,0.0024820676187990425,0.627591543800773,moderate correlation
COL17A1,MMP13,0.5254345423950634,0.25482009823610646,0.9044943820224719,1.0,1.0,0.0,0.3913832934946198,0.39389582847519694,0.013220534326951576,0.20355818140107426,0.726123595505618,0.07827665869892397,0.020355818140107427,0.6274911186665866,low-to-moderate correlation / partial independence
COL17A1,PLS1,0.5254345423950634,0.759439754640533,0.8820224719101124,1.0,1.0,0.01639344262295082,0.38717528063371515,0.39389582847519694,1.1102230246251565e-16,0.19694791423759853,0.7246039786332658,0.07743505612674303,0.019694791423759853,0.6274741310827628,low-to-moderate correlation / partial independence
PLAC8,CST1,0.6220726772459807,0.5436593060985359,0.9157303370786517,1.0,1.0,0.0,0.43794145715571536,0.023424625728514163,0.2613835538362081,0.14240408978236113,0.7289325842696629,0.08758829143114308,0.014240408978236113,0.6271038838602837,moderate correlation
PLAC8,UACA,0.6220726772459807,0.8875581314818409,0.8426966292134831,0.9880239520958084,1.0,0.0,0.38719304115806025,0.023424625728514163,0.04314484111391227,0.033284733421213214,0.7076801453273229,0.07743860823161205,0.0033284733421213215,0.6269130637535896,low-to-moderate correlation / partial independence
COLGALT1,LGR5,0.8830279192813023,0.6452087922898473,0.5,1.0,0.9710144927536232,0.19672131147540983,0.13328329243736273,0.04339731321461733,0.22516633370614025,0.13428182346037879,0.6669339510572583,0.026656658487472548,0.01342818234603788,0.6268491102237478,weak correlation / high independence
DNTTIP1,UACA,0.767087675236294,0.8875581314818409,0.848314606741573,0.9880239520958084,1.0,0.0,0.39751991246129664,0.013590724254201294,0.04314484111391227,0.028367782684056785,0.7090846397093453,0.07950398249225933,0.0028367782684056786,0.6267438789486803,low-to-moderate correlation / partial independence
ETV1,CLDN12,0.6641001764469112,0.805650131495029,0.8820224719101124,0.9880239520958084,1.0,0.0,0.44764393310320083,0.02482275843931166,0.0,0.01241137921965583,0.7175116060014802,0.08952878662064018,0.001241137921965583,0.6267416814588745,moderate correlation
AGR2,COL17A1,0.42747807269657895,0.5254345423950634,0.9213483146067416,0.9940119760479041,1.0,0.0,0.34063122886479696,0.2900457034734938,0.39389582847519694,0.3419707659743454,0.7288400726636615,0.06812624577295939,0.03419707659743454,0.6265167502932675,low-to-moderate correlation / partial independence
DSG2,ANKLE2,0.8395014138651767,0.8693496009171224,0.6741573033707865,1.0,0.9420289855072463,0.09836065573770492,0.24273866094852342,0.0709994055652357,0.004269873992884083,0.03763463977905989,0.6786367361539344,0.048547732189704686,0.003763463977905989,0.6263255399863238,low-to-moderate correlation / partial independence
LAMA3,PYGB,0.5507459804792868,0.7834014339198262,0.9438202247191011,1.0,1.0,0.01639344262295082,0.463735273480974,0.40231310213542243,0.017308592920477872,0.20981084752795015,0.740053416835513,0.0927470546961948,0.020981084752795018,0.6263252773865231,moderate correlation
CTTN,TMEM173,0.7441085239790581,0.8261906687524584,0.4606741573033708,0.9940119760479041,0.7536231884057971,0.7049180327868853,0.47477359968024424,0.13151024790823873,0.011366255750379306,0.07143825182930902,0.7283068386359894,0.09495471993604886,0.0071438251829309025,0.6262082935170097,moderate correlation
ANKLE2,UACA,0.8693496009171224,0.8875581314818409,0.8146067415730337,0.9760479041916168,1.0,0.0,0.34553039281815806,0.004269873992884083,0.04314484111391227,0.023707357553398176,0.6976636614411627,0.06910607856363161,0.0023707357553398177,0.6261868471221912,low-to-moderate correlation / partial independence
CCNB1,PSMB8,0.7228724824339547,0.5599685464333456,0.9831460674157303,0.9820359281437125,1.0,0.0,0.4676442957806817,0.04176615865950621,0.39461831759543303,0.21819223812746963,0.7412954988898607,0.09352885915613635,0.021819223812746966,0.6259474159209774,moderate correlation
MMP12,DSG2,0.39736509818459975,0.8395014138651767,0.6797752808988764,1.0,0.9420289855072463,0.09836065573770492,0.2481336197454381,0.02207993458626133,0.0709994055652357,0.04653967007574851,0.680041230535957,0.049626723949087626,0.0046539670075748515,0.6257605395792946,low-to-moderate correlation / partial independence
CAPN9,LMNB1,0.6169507151469692,0.7753667598130912,0.6797752808988764,1.0,1.0,0.0,0.1633773761379148,0.2016655848611086,0.030689039486403287,0.11617731217375594,0.6699438202247191,0.03267547522758296,0.011617731217375596,0.6256506137797605,weak correlation / high independence
CST1,PSMB8,0.5436593060985359,0.5599685464333456,0.9213483146067416,1.0,1.0,0.0,0.3598415835264399,0.2613835538362081,0.39461831759543303,0.32800093571582056,0.7303370786516854,0.07196831670528799,0.032800093571582055,0.6255686683748153,low-to-moderate correlation / partial independence
CALM2,KIF4A,0.7074816803992271,0.5311408971518579,0.9887640449438202,0.9401197604790419,1.0,0.0,0.4620273770240397,0.24465110344867963,0.044956748123976195,0.14480392578632792,0.7322209513557155,0.09240547540480794,0.014480392578632793,0.6253350833722748,moderate correlation
DSG2,PSMB8,0.8395014138651767,0.5599685464333456,0.6966292134831461,1.0,0.9420289855072463,0.09836065573770492,0.17890156421641434,0.0709994055652357,0.39461831759543303,0.23280886158033437,0.6842547136820244,0.03578031284328287,0.023280886158033438,0.625193514680708,weak correlation / high independence
EDIL3,RNF145,0.6311502155526197,0.5397698695819814,0.9831460674157303,0.9520958083832335,1.0,0.0,0.4395574114958469,0.03610149953278518,0.38051362907585307,0.20830756430431913,0.7338104689497409,0.08791148229916938,0.020830756430431915,0.6250682302201397,moderate correlation
DOCK5,EDIL3,0.8486326400116809,0.6311502155526197,0.6853932584269663,0.9940119760479041,1.0,0.0,0.20348113807396462,0.05120461081083721,0.03610149953278518,0.04365305517181119,0.6698513086187177,0.040696227614792926,0.00436530551718112,0.6247897754867435,low-to-moderate correlation / partial independence
MISP,PYGB,0.4408376629769242,0.7834014339198262,0.9438202247191011,1.0,1.0,0.01639344262295082,0.4991052506149407,0.29398990912350004,0.017308592920477872,0.15564925102198895,0.740053416835513,0.09982105012298814,0.015564925102198895,0.624667441610326,moderate correlation
EDIL3,DSG2,0.6311502155526197,0.8395014138651767,0.6966292134831461,1.0,0.9420289855072463,0.09836065573770492,0.27255641797527386,0.03610149953278518,0.0709994055652357,0.05355045254901043,0.6842547136820244,0.05451128359505478,0.005355045254901044,0.6243883848320686,low-to-moderate correlation / partial independence
IDO1,CALM2,0.6342956048342389,0.7074816803992271,0.6460674157303371,1.0,1.0,0.0,0.0795319621593628,0.18228862782295413,0.24465110344867963,0.21346986563581688,0.6615168539325843,0.01590639243187256,0.02134698656358169,0.6242634749371301,weak correlation / high independence
COL17A1,SLC16A1,0.5254345423950634,0.6917994825403561,0.9101123595505618,1.0,1.0,0.0,0.38716132972257794,0.39389582847519694,0.12354264919498564,0.2587192388350913,0.7275280898876404,0.07743226594451559,0.025871923883509132,0.6242239000596157,low-to-moderate correlation / partial independence
PTPRR,DNTTIP1,0.5441886518479988,0.767087675236294,0.9550561797752809,0.9880239520958084,1.0,0.0,0.5486141920549773,0.02621672664746668,0.013590724254201294,0.019903725450833985,0.7357700329677723,0.10972283841099546,0.001990372545083399,0.6240568220116934,moderate correlation
TPX2,PLS1,0.7229964697986911,0.759439754640533,0.8651685393258427,1.0,1.0,0.01639344262295082,0.4386625939979546,0.17221193540680635,1.1102230246251565e-16,0.08610596770340323,0.7203904954871984,0.08773251879959093,0.008610596770340323,0.6240473799172671,moderate correlation
CST1,DPCR1,0.5436593060985359,0.4249694598250433,0.8539325842696629,1.0,1.0,0.0,0.38232410537939476,0.2613835538362081,0.0,0.13069177691810405,0.7134831460674157,0.07646482107587896,0.013069177691810405,0.6239491472997264,low-to-moderate correlation / partial independence
MISP,DNTTIP1,0.4408376629769242,0.767087675236294,0.9719101123595506,0.9820359281437125,1.0,0.0,0.49626593540466263,0.29398990912350004,0.013590724254201294,0.15379031668885065,0.7384865101258158,0.09925318708093253,0.015379031668885067,0.6238542913759981,moderate correlation
COL17A1,IDO1,0.5254345423950634,0.6342956048342389,0.6123595505617978,1.0,1.0,0.0,-0.003439639800695881,0.39389582847519694,0.18228862782295413,0.28809222814907554,0.6530898876404494,0.0006879279601391762,0.028809222814907554,0.6235927368654026,weak correlation / high independence
CTTN,KIF4A,0.7441085239790581,0.5311408971518579,0.4606741573033708,0.9940119760479041,0.7536231884057971,0.7049180327868853,0.4796904399853934,0.13151024790823873,0.044956748123976195,0.08823349801610747,0.7283068386359894,0.09593808799707869,0.008823349801610748,0.6235454008373,moderate correlation
LOXL1,IDO1,0.7782706315643453,0.6342956048342389,0.6404494382022472,1.0,1.0,0.03278688524590164,0.16713159787538406,0.046101545049522054,0.18228862782295413,0.11419508643623809,0.6683090808620372,0.033426319575076816,0.011419508643623809,0.6234632526433366,weak correlation / high independence
MMP9,IDO1,0.5052459001107324,0.6342956048342389,0.6404494382022472,1.0,1.0,0.0,0.11891690897433217,0.0779806405713783,0.18228862782295413,0.1301346341971662,0.6601123595505618,0.023783381794866436,0.01301346341971662,0.6233155143359788,weak correlation / high independence
DOCK5,LOXL1,0.8486326400116809,0.7782706315643453,0.6685393258426966,0.9940119760479041,1.0,0.03278688524590164,0.2284217811369336,0.05120461081083721,0.046101545049522054,0.04865307793017963,0.6738345467841256,0.04568435622738672,0.004865307793017963,0.6232848827637208,low-to-moderate correlation / partial independence
TOP2A,COL17A1,0.7642964013003924,0.5254345423950634,0.8707865168539326,1.0,1.0,0.0,0.34291280067514013,0.12468589671829405,0.39389582847519694,0.2592908625967455,0.7176966292134832,0.06858256013502803,0.02592908625967455,0.6231849828187805,low-to-moderate correlation / partial independence
SLC16A1,IDO1,0.6917994825403561,0.6342956048342389,0.6348314606741573,1.0,1.0,0.0,0.10227923168115828,0.12354264919498564,0.18228862782295413,0.1529156385089699,0.6587078651685393,0.020455846336231657,0.01529156385089699,0.6229604549814106,weak correlation / high independence
CTTN,ANKLE2,0.7441085239790581,0.8693496009171224,0.4550561797752809,0.9880239520958084,0.7536231884057971,0.7049180327868853,0.4792646241338547,0.13151024790823873,0.004269873992884083,0.06789006095056141,0.7254053382659429,0.09585292482677094,0.006789006095056141,0.6227634073441157,moderate correlation
PYGB,KIF4A,0.7834014339198262,0.5311408971518579,0.9438202247191011,1.0,1.0,0.01639344262295082,0.57138153071406,0.017308592920477872,0.044956748123976195,0.031132670522227034,0.740053416835513,0.11427630614281199,0.0031132670522227034,0.6226638436404782,moderate correlation
CTTN,TPX2,0.7441085239790581,0.7229964697986911,0.4606741573033708,1.0,0.7536231884057971,0.7049180327868853,0.460678000546854,0.13151024790823873,0.17221193540680635,0.15186109165752254,0.7298038446240134,0.0921356001093708,0.015186109165752255,0.6224821353488903,moderate correlation
SLC16A1,KIF4A,0.6917994825403561,0.5311408971518579,0.9550561797752809,0.9940119760479041,1.0,0.0,0.5328711624501224,0.12354264919498564,0.044956748123976195,0.08424969865948093,0.7372670389557963,0.1065742324900245,0.008424969865948094,0.6222678365998237,moderate correlation
ETV1,DOCK5,0.6641001764469112,0.8486326400116809,0.6853932584269663,0.9940119760479041,1.0,0.0,0.2189921078568737,0.02482275843931166,0.05120461081083721,0.038013684625074436,0.6698513086187177,0.04379842157137474,0.0038013684625074436,0.6222515185848355,low-to-moderate correlation / partial independence
TPX2,CAPN9,0.7229964697986911,0.6169507151469692,0.6460674157303371,1.0,1.0,0.0,0.10355371426111785,0.17221193540680635,0.2016655848611086,0.1869387601339575,0.6615168539325843,0.020710742852223574,0.01869387601339575,0.6221122350669649,weak correlation / high independence
MISP,UACA,0.4408376629769242,0.8875581314818409,0.8426966292134831,0.9880239520958084,1.0,0.0,0.34514914456142193,0.29398990912350004,0.04314484111391227,0.16856737511870615,0.7076801453273229,0.06902982891228439,0.016856737511870615,0.6217935789031679,low-to-moderate correlation / partial independence
CLDN12,PYGB,0.805650131495029,0.7834014339198262,0.8707865168539326,1.0,1.0,0.01639344262295082,0.49590925243163314,0.0,0.017308592920477872,0.008654296460238936,0.7217949898692209,0.09918185048632663,0.0008654296460238937,0.6217477097368703,moderate correlation
PLAC8,DSG2,0.6220726772459807,0.8395014138651767,0.6966292134831461,1.0,0.9420289855072463,0.09836065573770492,0.2892618256524177,0.023424625728514163,0.0709994055652357,0.047212015646874925,0.6842547136820244,0.05785236513048354,0.0047212015646874925,0.6216811469868534,low-to-moderate correlation / partial independence
MISP,TPX2,0.4408376629769242,0.7229964697986911,0.8932584269662921,1.0,1.0,0.0,0.3918956299724725,0.29398990912350004,0.17221193540680635,0.2331009222651532,0.723314606741573,0.07837912599449451,0.02331009222651532,0.6216253885205631,low-to-moderate correlation / partial independence
LMNB1,PSMB8,0.7753667598130912,0.5599685464333456,0.9550561797752809,1.0,1.0,0.0,0.4799920419277915,0.030689039486403287,0.39461831759543303,0.21265367854091816,0.7387640449438202,0.0959984083855583,0.02126536785409182,0.6215002687041701,moderate correlation
TPX2,CALM2,0.7229964697986911,0.7074816803992271,0.898876404494382,1.0,1.0,0.0,0.4128350666297593,0.17221193540680635,0.24465110344867963,0.208431519427743,0.7247191011235955,0.08256701332595186,0.0208431519427743,0.6213089358548693,moderate correlation
DPCR1,IDO1,0.4249694598250433,0.6342956048342389,0.5898876404494382,1.0,1.0,0.0,-0.0856944051610538,0.0,0.18228862782295413,0.09114431391147707,0.6474719101123596,0.01713888103221076,0.009114431391147707,0.6212185976890011,weak correlation / high independence
TPX2,CLDN12,0.7229964697986911,0.805650131495029,0.8258426966292135,1.0,1.0,0.0,0.38346066645906524,0.17221193540680635,0.0,0.08610596770340317,0.7064606741573034,0.07669213329181306,0.008610596770340317,0.62115794409515,low-to-moderate correlation / partial independence
LAMA3,MMP13,0.5507459804792868,0.25482009823610646,0.9550561797752809,0.9760479041916168,1.0,0.0,0.45455812747332874,0.40231310213542243,0.013220534326951576,0.207766818231187,0.7327760209917245,0.09091162549466575,0.020776681823118703,0.6210877136739399,moderate correlation
MISP,PLAC8,0.4408376629769242,0.6220726772459807,0.9775280898876404,0.9820359281437125,1.0,0.0,0.5150769607231073,0.29398990912350004,0.023424625728514163,0.1587072674260071,0.7398910045078382,0.10301539214462146,0.015870726742600712,0.621004885620616,moderate correlation
CCNB1,LGR5,0.7228724824339547,0.6452087922898473,0.550561797752809,1.0,1.0,0.0,-0.017270536999641612,0.04176615865950621,0.22516633370614025,0.13346624618282324,0.6376404494382022,0.0034541073999283228,0.013346624618282324,0.6208397174199916,weak correlation / high independence
LAMA3,CDH3,0.5507459804792868,0.7656191155187965,0.8258426966292135,1.0,0.9565217391304348,0.32786885245901637,0.6458842348115691,0.40231310213542243,0.1512701316705805,0.27679161690300147,0.7775583220546661,0.12917684696231382,0.027679161690300148,0.6207023134020522,high redundancy risk
DSG2,MMP13,0.8395014138651767,0.25482009823610646,0.6853932584269663,1.0,0.9420289855072463,0.09836065573770492,0.2851498337462648,0.0709994055652357,0.013220534326951576,0.04210996994609363,0.6814457249179794,0.05702996674925296,0.0042109969946093635,0.620204761174117,low-to-moderate correlation / partial independence
COL17A1,PSMB8,0.5254345423950634,0.5599685464333456,0.9213483146067416,0.9940119760479041,1.0,0.0,0.3465797380224868,0.39389582847519694,0.39461831759543303,0.394257073035315,0.7288400726636615,0.06931594760449737,0.0394257073035315,0.6200984177556327,low-to-moderate correlation / partial independence
NT5C2,TIMP1,0.9224135929652936,0.8127320901664025,0.25842696629213485,1.0,0.43478260869565216,0.8032786885245902,-0.012100407797633685,0.03930337723650222,0.0,0.01965168861825111,0.6241220658780943,0.002420081559526737,0.001965168861825111,0.6197368154567424,weak correlation / high independence
PSMB8,KIF4A,0.5599685464333456,0.5311408971518579,0.9887640449438202,0.9401197604790419,1.0,0.0,0.45309996451509643,0.39461831759543303,0.044956748123976195,0.21978753285970462,0.7322209513557155,0.0906199929030193,0.021978753285970463,0.6196222051667258,moderate correlation
CEACAM5,CTTN,0.3827813825580026,0.7441085239790581,0.449438202247191,1.0,0.7536231884057971,0.7049180327868853,0.4797468314039503,0.09847649330690951,0.13151024790823873,0.11499337060757411,0.7269948558599684,0.09594936628079007,0.011499337060757411,0.6195461525184208,moderate correlation
EDIL3,UACA,0.6311502155526197,0.8875581314818409,0.848314606741573,0.9880239520958084,1.0,0.0,0.42917527550041185,0.03610149953278518,0.04314484111391227,0.03962317032334872,0.7090846397093453,0.08583505510008238,0.0039623170323348725,0.6192872675769281,moderate correlation
TOP2A,DSG2,0.7642964013003924,0.8395014138651767,0.6629213483146067,1.0,0.9420289855072463,0.09836065573770492,0.23430661865585362,0.12468589671829405,0.0709994055652357,0.09784265114176488,0.6758277473898896,0.046861323731170725,0.009784265114176488,0.6191821585445424,low-to-moderate correlation / partial independence
OCIAD2,NT5C2,0.796545245774221,0.9224135929652936,0.2640449438202247,1.0,0.8115942028985508,0.6557377049180327,0.30695665357207597,0.00957360595802697,0.03930337723650222,0.024438491597264595,0.682844212909202,0.061391330714415195,0.0024438491597264596,0.6190090330350604,low-to-moderate correlation / partial independence
AGR2,CTTN,0.42747807269657895,0.7441085239790581,0.4606741573033708,0.9880239520958084,0.7536231884057971,0.7049180327868853,0.43364445612381364,0.2900457034734938,0.13151024790823873,0.21077797569086626,0.7268098326479655,0.08672889122476274,0.021077797569086627,0.619003143854116,moderate correlation
LAMA3,DNTTIP1,0.5507459804792868,0.767087675236294,0.9719101123595506,0.9820359281437125,1.0,0.0,0.49449957869141364,0.40231310213542243,0.013590724254201294,0.20795191319481185,0.7384865101258158,0.09889991573828273,0.020795191319481186,0.6187914030680519,moderate correlation
PTPRR,SLC44A4,0.5441886518479988,0.7740984388681964,0.9044943820224719,1.0,0.9710144927536232,0.06557377049180328,0.5759211934767055,0.02621672664746668,0.0,0.01310836332373334,0.7352706613169746,0.1151842386953411,0.001310836332373334,0.6187755862892601,moderate correlation
PSMB8,SLC44A4,0.5599685464333456,0.7740984388681964,0.9213483146067416,0.9940119760479041,0.9710144927536232,0.06557377049180328,0.49779211929425077,0.39461831759543303,0.0,0.19730915879771652,0.7379871384750181,0.09955842385885016,0.019730915879771653,0.6186977987363963,moderate correlation
CTTN,DPCR1,0.7441085239790581,0.4249694598250433,0.4438202247191011,0.9940119760479041,0.7536231884057971,0.7049180327868853,0.49526839239710546,0.13151024790823873,0.0,0.06575512395411937,0.7240933554899219,0.09905367847942109,0.006575512395411937,0.6184641646150889,moderate correlation
LAMA3,KIF4A,0.5507459804792868,0.5311408971518579,0.9831460674157303,0.9700598802395209,1.0,0.0,0.4875613686718647,0.40231310213542243,0.044956748123976195,0.22363492512969932,0.7383014869138128,0.09751227373437295,0.022363492512969933,0.6184257206664698,moderate correlation
CEACAM5,DSG2,0.3827813825580026,0.8395014138651767,0.6741573033707865,1.0,0.9420289855072463,0.09836065573770492,0.2591140153588025,0.09847649330690951,0.0709994055652357,0.0847379494360726,0.6786367361539344,0.05182280307176051,0.00847379494360726,0.6183401381385667,low-to-moderate correlation / partial independence
CTTN,SLC16A1,0.7441085239790581,0.6917994825403561,0.4606741573033708,0.9940119760479041,0.7536231884057971,0.7049180327868853,0.48632951619261394,0.13151024790823873,0.12354264919498564,0.1275264485516122,0.7283068386359894,0.0972659032385228,0.01275264485516122,0.6182882905423054,moderate correlation
CTTN,DNTTIP1,0.7441085239790581,0.767087675236294,0.4606741573033708,0.9940119760479041,0.7536231884057971,0.7049180327868853,0.5144585542725333,0.13151024790823873,0.013590724254201294,0.07255048608122001,0.7283068386359894,0.10289171085450666,0.007255048608122002,0.6181600791733608,moderate correlation
PLAC8,SLC44A4,0.6220726772459807,0.7740984388681964,0.9101123595505618,1.0,0.9710144927536232,0.06557377049180328,0.5869098484142532,0.023424625728514163,0.0,0.011712312864257082,0.7366751556989971,0.11738196968285064,0.0011712312864257082,0.6181219547297208,moderate correlation
DOCK5,CDH3,0.8486326400116809,0.7656191155187965,0.6348314606741573,1.0,0.9565217391304348,0.32786885245901637,0.5088408790773731,0.05120461081083721,0.1512701316705805,0.10123737124070886,0.7298055130659021,0.10176817581547462,0.010123737124070886,0.6179136001263567,moderate correlation
DPCR1,PLS1,0.4249694598250433,0.759439754640533,0.8539325842696629,1.0,1.0,0.01639344262295082,0.4986551776897714,0.0,1.1102230246251565e-16,5.551115123125783e-17,0.7175815067231534,0.09973103553795429,5.551115123125783e-18,0.6178504711851991,moderate correlation
CTTN,PKM,0.7441085239790581,0.8047205189285296,0.4606741573033708,0.9940119760479041,0.6521739130434783,0.9016393442622951,0.63771731694628,0.13151024790823873,0.005155450437644578,0.06833284917294165,0.752124847664262,0.127543463389256,0.006833284917294165,0.6177480993577118,high redundancy risk
NT5C2,TXN,0.9224135929652936,0.8669527154073219,0.25842696629213485,1.0,0.5217391304347826,0.9016393442622951,0.25029496971587495,0.03930337723650222,0.015599869785909371,0.027451623511205794,0.6704513602473031,0.05005899394317499,0.0027451623511205794,0.6176472039530075,low-to-moderate correlation / partial independence
LAMA3,ANKLE2,0.5507459804792868,0.8693496009171224,0.9044943820224719,0.9041916167664671,1.0,0.0,0.32129499349724805,0.40231310213542243,0.004269873992884083,0.20329148806415326,0.7021714996972348,0.06425899869944961,0.02032914880641533,0.6175833521913698,low-to-moderate correlation / partial independence
DSG2,CDH3,0.8395014138651767,0.7656191155187965,0.6235955056179775,1.0,0.927536231884058,0.32786885245901637,0.4558596274713322,0.0709994055652357,0.1512701316705805,0.11113476861790811,0.719750147490263,0.09117192549426645,0.011113476861790811,0.6174647451342058,moderate correlation
TPX2,IDO1,0.7229964697986911,0.6342956048342389,0.5955056179775281,1.0,1.0,0.0,0.06944998569032604,0.17221193540680635,0.18228862782295413,0.17725028161488024,0.648876404494382,0.013889997138065208,0.017725028161488025,0.6172613791948288,weak correlation / high independence
LAMA3,PLS1,0.5507459804792868,0.759439754640533,0.9213483146067416,0.9940119760479041,1.0,0.01639344262295082,0.4781560279921296,0.40231310213542243,1.1102230246251565e-16,0.20115655106771127,0.7329384333193991,0.09563120559842592,0.02011565510677113,0.6171915726142021,moderate correlation
COLGALT1,LOXL1,0.8830279192813023,0.7782706315643453,0.8258426966292135,0.9880239520958084,0.9710144927536232,0.21311475409836064,0.6401309462001344,0.04339731321461733,0.046101545049522054,0.044749429132069696,0.7494989738942515,0.1280261892400269,0.00447494291320697,0.6169978417410176,high redundancy risk
ANKLE2,LGR5,0.8693496009171224,0.6452087922898473,0.5224719101123596,1.0,1.0,0.0,0.011212416705419568,0.004269873992884083,0.22516633370614025,0.11471810384951217,0.6306179775280899,0.0022424833410839137,0.011471810384951217,0.6169036838020547,weak correlation / high independence
CTTN,TXN,0.7441085239790581,0.8669527154073219,0.4606741573033708,1.0,0.4492753623188406,0.9344262295081968,0.4357448465495598,0.13151024790823873,0.015599869785909371,0.07355505884707406,0.7110939372826021,0.08714896930991196,0.007355505884707406,0.6165894620879826,moderate correlation
LAMA3,PTPRR,0.5507459804792868,0.5441886518479988,0.9662921348314607,0.9820359281437125,1.0,0.0,0.4958017793103296,0.40231310213542243,0.02621672664746668,0.21426491439144454,0.7370820157437933,0.09916035586206592,0.021426491439144456,0.6164951684425829,moderate correlation
SPARC,PXDN,0.8132930712086771,0.7169660210736698,0.8932584269662921,1.0,0.6666666666666666,0.6557377049180327,0.9158211222807182,0.08688946638151579,1.1102230246251565e-16,0.04344473319075795,0.8039156996377478,0.18316422445614366,0.004344473319075795,0.6164070018625283,high redundancy risk
MMP9,DOCK5,0.5052459001107324,0.8486326400116809,0.6797752808988764,0.9820359281437125,1.0,0.0,0.21319835028627973,0.0779806405713783,0.05120461081083721,0.06459262569110776,0.6654528022606472,0.04263967005725595,0.006459262569110776,0.6163538696342804,low-to-moderate correlation / partial independence
DOCK5,COLGALT1,0.8486326400116809,0.8830279192813023,0.6460674157303371,0.9940119760479041,0.9710144927536232,0.19672131147540983,0.40472442704577527,0.05120461081083721,0.04339731321461733,0.047300962012727266,0.7019537990018185,0.08094488540915507,0.004730096201272727,0.6162788173913908,moderate correlation
TOP2A,PSMB8,0.7642964013003924,0.5599685464333456,0.898876404494382,0.9880239520958084,1.0,0.0,0.39808942609395387,0.12468589671829405,0.39461831759543303,0.25965210715686354,0.7217250891475476,0.07961788521879078,0.025965210715686356,0.6161419932130705,low-to-moderate correlation / partial independence
MISP,IDO1,0.4408376629769242,0.6342956048342389,0.6404494382022472,1.0,1.0,0.0,-0.1012241415272528,0.29398990912350004,0.18228862782295413,0.23813926847322708,0.6601123595505618,0.02024482830545056,0.02381392684732271,0.6160536043977884,weak correlation / high independence
CAPN9,TMEM173,0.6169507151469692,0.8261906687524584,0.6853932584269663,1.0,1.0,0.03278688524590164,0.2643276745277296,0.2016655848611086,0.011366255750379306,0.10651592030574396,0.679545035918217,0.05286553490554592,0.010651592030574397,0.6160279089820967,low-to-moderate correlation / partial independence
CTTN,PTPRR,0.7441085239790581,0.5441886518479988,0.4550561797752809,0.9940119760479041,0.7536231884057971,0.7049180327868853,0.5162492206943305,0.13151024790823873,0.02621672664746668,0.07886348727785271,0.7269023442539668,0.10324984413886612,0.007886348727785271,0.6157661513873155,moderate correlation
COL17A1,PYGB,0.5254345423950634,0.7834014339198262,0.8876404494382022,1.0,1.0,0.01639344262295082,0.44990254572690674,0.39389582847519694,0.017308592920477872,0.2056022106978374,0.7260084730152883,0.08998050914538136,0.02056022106978374,0.6154677428001232,moderate correlation
CTTN,UACA,0.7441085239790581,0.8875581314818409,0.43820224719101125,0.9940119760479041,0.7536231884057971,0.7049180327868853,0.49342209904550144,0.13151024790823873,0.04314484111391227,0.0873275445110755,0.7226888611078994,0.0986844198091003,0.00873275445110755,0.6152716868476916,moderate correlation
DNTTIP1,PYGB,0.767087675236294,0.7834014339198262,0.949438202247191,1.0,1.0,0.01639344262295082,0.6245747677348339,0.013590724254201294,0.017308592920477872,0.015449658587339583,0.7414579112175355,0.12491495354696679,0.0015449658587339584,0.6149979918118347,high redundancy risk
IDO1,MMP13,0.6342956048342389,0.25482009823610646,0.6404494382022472,1.0,1.0,0.0,0.17678243638825517,0.18228862782295413,0.013220534326951576,0.09775458107495286,0.6601123595505618,0.03535648727765103,0.009775458107495286,0.6149804141654155,weak correlation / high independence
COL17A1,CALM2,0.5254345423950634,0.7074816803992271,0.9213483146067416,0.9940119760479041,1.0,0.0,0.409830327429335,0.39389582847519694,0.24465110344867963,0.3192734659619383,0.7288400726636615,0.081966065485867,0.03192734659619383,0.6149466605816006,moderate correlation
COLGALT1,PXDN,0.8830279192813023,0.7169660210736698,0.8258426966292135,0.9880239520958084,0.9710144927536232,0.19672131147540983,0.641666130278025,0.04339731321461733,1.1102230246251565e-16,0.02169865660730872,0.7454006132385138,0.12833322605560502,0.0021698656607308723,0.6148975215221779,high redundancy risk
CEACAM5,PTPRR,0.3827813825580026,0.5441886518479988,0.9325842696629213,1.0,1.0,0.0,0.5615020427349853,0.09847649330690951,0.02621672664746668,0.06234660997718809,0.7331460674157303,0.11230040854699706,0.00623466099771881,0.6146109978710144,moderate correlation
DSG2,PXDN,0.8395014138651767,0.7169660210736698,0.6685393258426966,1.0,0.9420289855072463,0.09836065573770492,0.29665686447673306,0.0709994055652357,1.1102230246251565e-16,0.0354997027826179,0.677232241771912,0.05933137289534662,0.0035499702782617903,0.6143508985983036,low-to-moderate correlation / partial independence
UACA,MMP13,0.8875581314818409,0.25482009823610646,0.8426966292134831,1.0,1.0,0.0,0.46868986887395825,0.04314484111391227,0.013220534326951576,0.028182687720431924,0.7106741573033708,0.09373797377479165,0.0028182687720431925,0.614117914756536,moderate correlation
CTTN,CALM2,0.7441085239790581,0.7074816803992271,0.4606741573033708,0.9880239520958084,0.7536231884057971,0.7049180327868853,0.4729923605891968,0.13151024790823873,0.24465110344867963,0.18808067567845918,0.7268098326479655,0.09459847211783937,0.01880806756784592,0.6134032929622802,moderate correlation
DPCR1,UACA,0.4249694598250433,0.8875581314818409,0.7752808988764045,0.9880239520958084,1.0,0.0,0.3769806608625155,0.0,0.04314484111391227,0.021572420556956136,0.6908262127430532,0.07539613217250311,0.0021572420556956137,0.6132728385148546,low-to-moderate correlation / partial independence
LMNB1,SLC16A1,0.7753667598130912,0.6917994825403561,0.9382022471910112,1.0,1.0,0.0,0.5678618696830808,0.030689039486403287,0.12354264919498564,0.07711584434069446,0.7345505617977528,0.11357237393661618,0.007711584434069447,0.6132666034270672,moderate correlation
MMP12,DOCK5,0.39736509818459975,0.8486326400116809,0.6853932584269663,0.9940119760479041,1.0,0.0,0.2675246856909379,0.02207993458626133,0.05120461081083721,0.03664227269854927,0.6698513086187177,0.05350493713818758,0.0036642272698549274,0.6126821442106751,low-to-moderate correlation / partial independence
CTTN,SDC1,0.7441085239790581,0.8187216314358295,0.4438202247191011,1.0,0.5942028985507246,0.9508196721311475,0.6190137765724858,0.13151024790823873,0.08453034283497024,0.10802029537160449,0.7472106988502434,0.12380275531449716,0.01080202953716045,0.6126059139985858,high redundancy risk
ETV1,DSG2,0.6641001764469112,0.8395014138651767,0.6966292134831461,1.0,0.9420289855072463,0.09836065573770492,0.33442845500622165,0.02482275843931166,0.0709994055652357,0.047911082002273675,0.6842547136820244,0.06688569100124434,0.004791108200227368,0.6125779144805528,low-to-moderate correlation / partial independence
CTTN,CAPN9,0.7441085239790581,0.6169507151469692,0.39325842696629215,1.0,0.7536231884057971,0.7049180327868853,0.41933289111116995,0.13151024790823873,0.2016655848611086,0.16658791638467368,0.7129499120397437,0.08386657822223399,0.01665879163846737,0.6124245421790423,moderate correlation
ETV1,IDO1,0.6641001764469112,0.6342956048342389,0.6460674157303371,1.0,1.0,0.0,0.1938649197148111,0.02482275843931166,0.18228862782295413,0.1035556931311329,0.6615168539325843,0.03877298394296222,0.01035556931311329,0.6123883006765087,weak correlation / high independence
LGR5,KIF4A,0.6452087922898473,0.5311408971518579,0.5561797752808989,1.0,1.0,0.0,0.0667280218653622,0.22516633370614025,0.044956748123976195,0.13506154091505823,0.6390449438202247,0.01334560437307244,0.013506154091505823,0.6121931853556465,weak correlation / high independence
LAMA3,TOP2A,0.5507459804792868,0.7642964013003924,0.898876404494382,0.9940119760479041,1.0,0.0,0.42617329528129577,0.40231310213542243,0.12468589671829405,0.26349949942685824,0.7232220951355716,0.08523465905625915,0.026349949942685826,0.6116374861366266,moderate correlation
EDIL3,IDO1,0.6311502155526197,0.6342956048342389,0.6460674157303371,1.0,1.0,0.0,0.19517130658674636,0.03610149953278518,0.18228862782295413,0.10919506367786966,0.6615168539325843,0.03903426131734927,0.010919506367786967,0.6115630862474482,weak correlation / high independence
UACA,PXDN,0.8875581314818409,0.7169660210736698,0.8258426966292135,0.9880239520958084,1.0,0.0,0.4493701894459292,0.04314484111391227,1.1102230246251565e-16,0.02157242055695619,0.7034666621812555,0.08987403788918585,0.0021572420556956193,0.6114353822363741,moderate correlation
LAMA3,SLC16A1,0.5507459804792868,0.6917994825403561,0.9550561797752809,0.9760479041916168,1.0,0.0,0.475742518166667,0.40231310213542243,0.12354264919498564,0.26292787566520404,0.7327760209917245,0.09514850363333341,0.026292787566520405,0.6113347297918706,moderate correlation
PTPRR,UACA,0.5441886518479988,0.8875581314818409,0.8426966292134831,0.9880239520958084,1.0,0.0,0.4659543014621961,0.02621672664746668,0.04314484111391227,0.03468078388068947,0.7076801453273229,0.09319086029243923,0.0034680783880689475,0.6110212066468148,moderate correlation
CTTN,PLS1,0.7441085239790581,0.759439754640533,0.4550561797752809,1.0,0.7536231884057971,0.7049180327868853,0.5560194802265765,0.13151024790823873,1.1102230246251565e-16,0.06575512395411942,0.7283993502419908,0.11120389604531532,0.006575512395411942,0.6106199418012634,moderate correlation
DPCR1,SLC44A4,0.4249694598250433,0.7740984388681964,0.8595505617977528,1.0,0.9710144927536232,0.06557377049180328,0.5674865214338715,0.0,0.0,0.0,0.7240347062607948,0.11349730428677429,0.0,0.6105374019740205,moderate correlation
ANKLE2,IDO1,0.8693496009171224,0.6342956048342389,0.6235955056179775,1.0,1.0,0.0,0.18139251832423342,0.004269873992884083,0.18228862782295413,0.09327925090791911,0.6558988764044944,0.03627850366484669,0.009327925090791911,0.6102924476488558,weak correlation / high independence
DSG2,DPCR1,0.8395014138651767,0.4249694598250433,0.6404494382022472,1.0,0.9420289855072463,0.09836065573770492,0.28189975236502235,0.0709994055652357,0.0,0.03549970278261785,0.6702097698617996,0.056379950473004474,0.0035499702782617847,0.6102798491105333,low-to-moderate correlation / partial independence
MISP,PTPRR,0.4408376629769242,0.5441886518479988,0.9606741573033708,0.9820359281437125,1.0,0.0,0.5490554264503368,0.29398990912350004,0.02621672664746668,0.16010331788548335,0.7356775213617708,0.10981108529006736,0.016010331788548337,0.6098561042831551,moderate correlation
UACA,IDO1,0.8875581314818409,0.6342956048342389,0.5786516853932584,1.0,1.0,0.0,0.11781816170107985,0.04314484111391227,0.18228862782295413,0.1127167344684332,0.6446629213483146,0.02356363234021597,0.01127167344684332,0.6098276155612553,weak correlation / high independence
CTTN,CLDN12,0.7441085239790581,0.805650131495029,0.4606741573033708,0.9880239520958084,0.7536231884057971,0.7049180327868853,0.5524506437490984,0.13151024790823873,0.0,0.06575512395411937,0.7268098326479655,0.11049012874981967,0.006575512395411937,0.6097441915027338,moderate correlation
CST1,IDO1,0.5436593060985359,0.6342956048342389,0.6067415730337079,1.0,1.0,0.0,0.10148538684335622,0.2613835538362081,0.18228862782295413,0.2218360908295811,0.651685393258427,0.020297077368671243,0.022183609082958113,0.6092047068067976,weak correlation / high independence
LMNB1,IDO1,0.7753667598130912,0.6342956048342389,0.6404494382022472,1.0,1.0,0.0,0.20280831813749603,0.030689039486403287,0.18228862782295413,0.1064888336546787,0.6601123595505618,0.04056166362749921,0.01064888336546787,0.6089018125575947,low-to-moderate correlation / partial independence
CTTN,DSG2,0.7441085239790581,0.8395014138651767,0.4044943820224719,1.0,0.7246376811594203,0.7213114754098361,0.4693114791773941,0.13151024790823873,0.0709994055652357,0.10125482673673722,0.7126108846479321,0.09386229583547882,0.010125482673673723,0.6086231061387796,moderate correlation
MISP,DSG2,0.4408376629769242,0.8395014138651767,0.6966292134831461,1.0,0.9420289855072463,0.09836065573770492,0.2876572927167662,0.29398990912350004,0.0709994055652357,0.18249465734436787,0.6842547136820244,0.057531458543353245,0.01824946573443679,0.6084737894042344,low-to-moderate correlation / partial independence
CAPN9,PYGB,0.6169507151469692,0.7834014339198262,0.6797752808988764,1.0,1.0,0.01639344262295082,0.27318998086766966,0.2016655848611086,0.017308592920477872,0.10948708889079324,0.6740421808804568,0.05463799617353393,0.010948708889079325,0.6084554758178435,low-to-moderate correlation / partial independence
PLAC8,PLS1,0.6220726772459807,0.759439754640533,0.9157303370786517,1.0,1.0,0.01639344262295082,0.6178217126552791,0.023424625728514163,1.1102230246251565e-16,0.011712312864257137,0.7330309449254006,0.12356434253105582,0.0011712312864257137,0.608295371107919,high redundancy risk
TPX2,PSMB8,0.7229964697986911,0.5599685464333456,0.898876404494382,1.0,1.0,0.0,0.44151607841276036,0.17221193540680635,0.39461831759543303,0.28341512650111966,0.7247191011235955,0.08830321568255207,0.028341512650111967,0.6080743727909315,moderate correlation
IDO1,PXDN,0.6342956048342389,0.7169660210736698,0.6404494382022472,1.0,1.0,0.0,0.21658860172058875,0.18228862782295413,1.1102230246251565e-16,0.09114431391147712,0.6601123595505618,0.04331772034411775,0.009114431391147712,0.6076802078152963,low-to-moderate correlation / partial independence
RNF145,IDO1,0.5397698695819814,0.6342956048342389,0.6460674157303371,1.0,1.0,0.0,0.1320125499778502,0.38051362907585307,0.18228862782295413,0.28140112844940357,0.6615168539325843,0.02640250999557004,0.02814011284494036,0.6069742310920739,weak correlation / high independence
PTPRR,COL17A1,0.5441886518479988,0.5254345423950634,0.9044943820224719,1.0,1.0,0.0,0.49273582954648276,0.02621672664746668,0.39389582847519694,0.2100562775613318,0.726123595505618,0.09854716590929656,0.021005627756133183,0.6065708018401883,moderate correlation
TPX2,DNTTIP1,0.7229964697986911,0.767087675236294,0.898876404494382,1.0,1.0,0.0,0.5447299224584646,0.17221193540680635,0.013590724254201294,0.09290132983050382,0.7247191011235955,0.10894598449169293,0.009290132983050382,0.6064829836488522,moderate correlation
CEACAM5,CLDN12,0.3827813825580026,0.805650131495029,0.8426966292134831,0.9940119760479041,1.0,0.0,0.4894467587556927,0.09847649330690951,0.0,0.049238246653454755,0.7091771513153469,0.09788935175113855,0.004923824665345476,0.6063639748988628,moderate correlation
LAMA3,CLDN12,0.5507459804792868,0.805650131495029,0.8820224719101124,0.9580838323353293,1.0,0.0,0.41775074966115855,0.40231310213542243,0.0,0.20115655106771121,0.7100265760613604,0.08355014993223171,0.020115655106771123,0.6063607710223575,moderate correlation
TPX2,LGR5,0.7229964697986911,0.6452087922898473,0.5168539325842697,1.0,1.0,0.0,0.015330460319838625,0.17221193540680635,0.22516633370614025,0.1986891345564733,0.6292134831460674,0.003066092063967725,0.01986891345564733,0.6062784776264524,weak correlation / high independence
CTTN,PYGB,0.7441085239790581,0.7834014339198262,0.4606741573033708,1.0,0.7536231884057971,0.7049180327868853,0.5820410807844186,0.13151024790823873,0.017308592920477872,0.0744094204143583,0.7298038446240134,0.11640821615688374,0.00744094204143583,0.6059546864256937,moderate correlation
CLDN12,IDO1,0.805650131495029,0.6342956048342389,0.5617977528089888,1.0,1.0,0.0,-0.1275526054292499,0.0,0.18228862782295413,0.09114431391147707,0.6404494382022472,0.02551052108584998,0.009114431391147707,0.6058244857252495,weak correlation / high independence
RNF145,CLDN12,0.5397698695819814,0.805650131495029,0.8820224719101124,0.9520958083832335,1.0,0.0,0.4184444699784238,0.38051362907585307,0.0,0.19025681453792653,0.7085295700733365,0.08368889399568477,0.019025681453792655,0.605814994623859,moderate correlation
DSG2,IDO1,0.8395014138651767,0.6342956048342389,0.46629213483146065,1.0,0.9420289855072463,0.09836065573770492,0.04151827249799644,0.0709994055652357,0.18228862782295413,0.12664401669409492,0.626670444019103,0.008303654499599288,0.012664401669409492,0.6057023878500942,weak correlation / high independence
CEACAM5,DNTTIP1,0.3827813825580026,0.767087675236294,0.9325842696629213,1.0,1.0,0.0,0.6094990456698977,0.09847649330690951,0.013590724254201294,0.056033608780555404,0.7331460674157303,0.12189980913397953,0.0056033608780555405,0.6056428974036951,high redundancy risk
AGR2,IDO1,0.42747807269657895,0.6342956048342389,0.6404494382022472,1.0,1.0,0.0,-0.15505926274043322,0.2900457034734938,0.18228862782295413,0.23616716564822396,0.6601123595505618,0.031011852548086645,0.023616716564822397,0.6054837904376527,weak correlation / high independence
CEACAM5,PLS1,0.3827813825580026,0.759439754640533,0.9044943820224719,1.0,1.0,0.01639344262295082,0.5994783629128901,0.09847649330690951,1.1102230246251565e-16,0.04923824665345481,0.7302219561613557,0.11989567258257804,0.004923824665345481,0.6054024589134321,moderate correlation
PYGB,LGR5,0.7834014339198262,0.6452087922898473,0.550561797752809,1.0,1.0,0.01639344262295082,0.12163413744407459,0.017308592920477872,0.22516633370614025,0.12123746331330906,0.6417388100939398,0.024326827488814918,0.012123746331330907,0.605288236273794,weak correlation / high independence
MISP,CTTN,0.4408376629769242,0.7441085239790581,0.4606741573033708,0.9880239520958084,0.7536231884057971,0.7049180327868853,0.502080743375764,0.29398990912350004,0.13151024790823873,0.21275007851586938,0.7268098326479655,0.1004161486751528,0.02127500785158694,0.6051186761212257,moderate correlation
COL17A1,DPCR1,0.5254345423950634,0.4249694598250433,0.8651685393258427,0.9940119760479041,1.0,0.0,0.45033099212677963,0.39389582847519694,0.0,0.19694791423759847,0.7147951288434367,0.09006619842535593,0.01969479142375985,0.6050341389943209,moderate correlation
MMP9,LGR5,0.5052459001107324,0.6452087922898473,0.550561797752809,1.0,1.0,0.0,0.08731999959328444,0.0779806405713783,0.22516633370614025,0.1515734871387593,0.6376404494382022,0.01746399991865689,0.01515734871387593,0.6050191008056693,weak correlation / high independence
GRN,LGR5,0.8150381531247665,0.6452087922898473,0.550561797752809,1.0,0.9710144927536232,0.08196721311475409,0.1677971990411411,0.022702682080163877,0.22516633370614025,0.12393450789315207,0.6508858759052966,0.033559439808228224,0.012393450789315207,0.6049329853077532,weak correlation / high independence
MISP,PLS1,0.4408376629769242,0.759439754640533,0.9213483146067416,0.9940119760479041,1.0,0.01639344262295082,0.5670333972747902,0.29398990912350004,1.1102230246251565e-16,0.14699495456175007,0.7329384333193991,0.11340667945495804,0.014699495456175007,0.604832258408266,moderate correlation
MISP,CLDN12,0.4408376629769242,0.805650131495029,0.8820224719101124,0.9520958083832335,1.0,0.0,0.44625853524740206,0.29398990912350004,0.0,0.14699495456175002,0.7085295700733365,0.08925170704948042,0.014699495456175002,0.6045783675676811,moderate correlation
CTTN,LGR5,0.7441085239790581,0.6452087922898473,0.3146067415730337,1.0,0.7536231884057971,0.7049180327868853,0.3548250501845283,0.13151024790823873,0.22516633370614025,0.1783382908071895,0.693286990691429,0.07096501003690567,0.01783382908071895,0.6044881515738043,low-to-moderate correlation / partial independence
CCNB1,DSG2,0.7228724824339547,0.8395014138651767,0.6966292134831461,1.0,0.9420289855072463,0.09836065573770492,0.37252753273798495,0.04176615865950621,0.0709994055652357,0.05638278211237095,0.6842547136820244,0.074505506547597,0.0056382782112370956,0.6041109289231903,low-to-moderate correlation / partial independence
CST1,COL17A1,0.5436593060985359,0.5254345423950634,0.8876404494382022,1.0,1.0,0.0,0.42588391125917324,0.2613835538362081,0.39389582847519694,0.3276396911557025,0.7219101123595506,0.08517678225183466,0.03276396911557025,0.6039693609921457,moderate correlation
ETV1,EDIL3,0.6641001764469112,0.6311502155526197,0.9831460674157303,0.9760479041916168,1.0,0.0,0.6658474528035346,0.02482275843931166,0.03610149953278518,0.03046212898604842,0.7397984929018367,0.13316949056070693,0.0030462128986048424,0.603582789442525,high redundancy risk
AGR2,PLAC8,0.42747807269657895,0.6220726772459807,0.9662921348314607,0.9820359281437125,1.0,0.0,0.5900483866852715,0.2900457034734938,0.023424625728514163,0.15673516460100398,0.7370820157437933,0.11800967733705431,0.015673516460100397,0.6033988219466385,moderate correlation
TPX2,COL17A1,0.7229964697986911,0.5254345423950634,0.8651685393258427,1.0,1.0,0.0,0.4238891400931238,0.17221193540680635,0.39389582847519694,0.2830538819410017,0.7162921348314607,0.08477782801862477,0.028305388194100167,0.6032089186187357,moderate correlation
CEACAM5,SLC44A4,0.3827813825580026,0.7740984388681964,0.9044943820224719,1.0,0.9710144927536232,0.06557377049180328,0.6357568194140106,0.09847649330690951,0.0,0.049238246653454755,0.7352706613169746,0.12715136388280213,0.004923824665345476,0.603195472768827,high redundancy risk
PLS1,CALM2,0.759439754640533,0.7074816803992271,0.9213483146067416,0.9940119760479041,1.0,0.01639344262295082,0.5888308347353712,1.1102230246251565e-16,0.24465110344867963,0.12232555172433987,0.7329384333193991,0.11776616694707426,0.012232555172433988,0.602939711199891,moderate correlation
TOP2A,LGR5,0.7642964013003924,0.6452087922898473,0.5168539325842697,1.0,1.0,0.0,0.045024154304687126,0.12468589671829405,0.22516633370614025,0.17492611521221715,0.6292134831460674,0.009004830860937426,0.017492611521221717,0.6027160407639083,weak correlation / high independence
PTPRR,PLS1,0.5441886518479988,0.759439754640533,0.9101123595505618,1.0,1.0,0.01639344262295082,0.6392104438729511,0.02621672664746668,1.1102230246251565e-16,0.013108363323733396,0.731626450543378,0.12784208877459022,0.0013108363323733397,0.6024735254364144,high redundancy risk
TOP2A,DOCK5,0.7642964013003924,0.8486326400116809,0.6573033707865169,0.9940119760479041,1.0,0.0,0.2580734049899665,0.12468589671829405,0.05120461081083721,0.08794525376456563,0.6628288367086053,0.0516146809979933,0.008794525376456563,0.6024196303341555,low-to-moderate correlation / partial independence
PLAC8,DPCR1,0.6220726772459807,0.4249694598250433,0.8707865168539326,0.9820359281437125,1.0,0.0,0.5484212975399089,0.023424625728514163,0.0,0.011712312864257082,0.7132056112494113,0.10968425950798177,0.0011712312864257082,0.6023501204550038,moderate correlation
TPX2,SLC16A1,0.7229964697986911,0.6917994825403561,0.8876404494382022,1.0,1.0,0.0,0.5240056898280803,0.17221193540680635,0.12354264919498564,0.147877292300896,0.7219101123595506,0.10480113796561606,0.0147877292300896,0.6023212451638449,moderate correlation
CAPN9,SLC16A1,0.6169507151469692,0.6917994825403561,0.6910112359550562,1.0,1.0,0.0,0.27117443099203903,0.2016655848611086,0.12354264919498564,0.1626041170280471,0.672752808988764,0.05423488619840781,0.016260411702804713,0.6022575110875515,low-to-moderate correlation / partial independence
PLAC8,CEACAM5,0.6220726772459807,0.3827813825580026,0.9382022471910112,0.9940119760479041,1.0,0.0,0.6245161853170699,0.023424625728514163,0.09847649330690951,0.06095055951771183,0.7330535558097289,0.12490323706341398,0.006095055951771184,0.6020552627945437,high redundancy risk
RNF145,LGR5,0.5397698695819814,0.6452087922898473,0.5561797752808989,1.0,1.0,0.0,0.03385326759085451,0.38051362907585307,0.22516633370614025,0.30283998139099666,0.6390449438202247,0.006770653518170903,0.03028399813909967,0.6019902921629542,weak correlation / high independence
LMNB1,LGR5,0.7753667598130912,0.6452087922898473,0.550561797752809,1.0,1.0,0.0,0.11498205389352853,0.030689039486403287,0.22516633370614025,0.12792768659627177,0.6376404494382022,0.022996410778705706,0.012792768659627177,0.6018512699998693,weak correlation / high independence
SLC16A1,CLDN12,0.6917994825403561,0.805650131495029,0.8539325842696629,0.9820359281437125,1.0,0.0,0.5073160170396755,0.12354264919498564,0.0,0.06177132459749282,0.7089921281033439,0.10146320340793512,0.006177132459749282,0.6013517922356595,moderate correlation
CTTN,COL17A1,0.7441085239790581,0.5254345423950634,0.4550561797752809,1.0,0.7536231884057971,0.7049180327868853,0.5061225401720102,0.13151024790823873,0.39389582847519694,0.2627030381917178,0.7283993502419908,0.10122450803440204,0.02627030381917178,0.6009045383884168,moderate correlation
LOXL1,PXDN,0.7782706315643453,0.7169660210736698,0.9213483146067416,0.9880239520958084,1.0,0.03278688524590164,0.6639785132143787,0.046101545049522054,1.1102230246251565e-16,0.023050772524761082,0.735539787987113,0.13279570264287574,0.002305077252476108,0.6004390080917611,high redundancy risk
ANKLE2,RNF145,0.8693496009171224,0.5397698695819814,0.9044943820224719,0.8862275449101796,1.0,0.0,0.39016942841206226,0.004269873992884083,0.38051362907585307,0.19239175153436858,0.6976804817331629,0.07803388568241246,0.019239175153436858,0.6004074208973136,low-to-moderate correlation / partial independence
CTTN,SLC44A4,0.7441085239790581,0.7740984388681964,0.449438202247191,1.0,0.7246376811594203,0.7213114754098361,0.5857091333494339,0.13151024790823873,0.0,0.06575512395411937,0.7238468397041118,0.11714182666988678,0.006575512395411937,0.600129500638813,moderate correlation
MISP,CEACAM5,0.4408376629769242,0.3827813825580026,0.949438202247191,0.9520958083832335,1.0,0.0,0.5289509339300819,0.29398990912350004,0.09847649330690951,0.19623320121520477,0.7253835026576061,0.10579018678601637,0.019623320121520477,0.5999699957500693,moderate correlation
TPX2,PYGB,0.7229964697986911,0.7834014339198262,0.8876404494382022,1.0,1.0,0.01639344262295082,0.5832348325693989,0.17221193540680635,0.017308592920477872,0.09476026416364211,0.7260084730152883,0.11664696651387979,0.009476026416364212,0.5998854800850442,moderate correlation
IDO1,TMEM173,0.6342956048342389,0.8261906687524584,0.6404494382022472,1.0,1.0,0.03278688524590164,0.2946995154413316,0.18228862782295413,0.011366255750379306,0.09682744178666672,0.6683090808620372,0.05893990308826633,0.009682744178666672,0.5996864335951042,low-to-moderate correlation / partial independence
LAMA3,DPCR1,0.5507459804792868,0.4249694598250433,0.8764044943820225,0.9580838323353293,1.0,0.0,0.4443109792409149,0.40231310213542243,0.0,0.20115655106771121,0.7086220816793379,0.08886219584818299,0.020115655106771123,0.5996442307243838,moderate correlation
PLS1,SLC16A1,0.759439754640533,0.6917994825403561,0.9044943820224719,1.0,1.0,0.01639344262295082,0.6238146660641348,1.1102230246251565e-16,0.12354264919498564,0.06177132459749288,0.7302219561613557,0.12476293321282697,0.006177132459749288,0.5992818904887794,high redundancy risk
DSG2,SLC44A4,0.8395014138651767,0.7740984388681964,0.6797752808988764,1.0,0.927536231884058,0.13114754098360656,0.4097345754145189,0.0709994055652357,0.0,0.03549970278261785,0.6846147634416353,0.08194691508290379,0.0035499702782617847,0.5991178780804698,moderate correlation
SLC16A1,CALM2,0.6917994825403561,0.7074816803992271,0.9550561797752809,0.9760479041916168,1.0,0.0,0.5802158893372825,0.12354264919498564,0.24465110344867963,0.18409687632183264,0.7327760209917245,0.1160431778674565,0.018409687632183265,0.5983231554920846,moderate correlation
DSG2,CAPN9,0.8395014138651767,0.6169507151469692,0.5,1.0,0.9420289855072463,0.09836065573770492,0.11734503077934501,0.0709994055652357,0.2016655848611086,0.13633249521317214,0.6350974103112378,0.023469006155869002,0.013633249521317215,0.5979951546340516,weak correlation / high independence
DOCK5,MMP13,0.8486326400116809,0.25482009823610646,0.6853932584269663,1.0,1.0,0.0,0.3514407721405816,0.05120461081083721,0.013220534326951576,0.03221257256889439,0.6713483146067416,0.07028815442811633,0.0032212572568894393,0.5978389029217358,low-to-moderate correlation / partial independence
LOXL1,LGR5,0.7782706315643453,0.6452087922898473,0.550561797752809,1.0,1.0,0.03278688524590164,0.17444261159827668,0.046101545049522054,0.22516633370614025,0.13563393937783116,0.6458371707496776,0.034888522319655335,0.013563393937783117,0.5973852544922391,weak correlation / high independence
LAMA3,UACA,0.5507459804792868,0.8875581314818409,0.848314606741573,0.9760479041916168,1.0,0.0,0.43225035973574283,0.40231310213542243,0.04314484111391227,0.22272897162466734,0.7060906277332974,0.08645007194714857,0.022272897162466734,0.5973676586236821,moderate correlation
DSG2,PYGB,0.8395014138651767,0.7834014339198262,0.6910112359550562,1.0,0.9420289855072463,0.11475409836065574,0.426622266079093,0.0709994055652357,0.017308592920477872,0.04415399924285678,0.6869485799557395,0.08532445321581861,0.004415399924285679,0.5972087268156353,moderate correlation
DOCK5,IDO1,0.8486326400116809,0.6342956048342389,0.43820224719101125,1.0,1.0,0.0,0.004237596943143071,0.05120461081083721,0.18228862782295413,0.11674661931689567,0.6095505617977528,0.0008475193886286142,0.011674661931689569,0.5970283804774347,weak correlation / high independence
DSG2,KIF4A,0.8395014138651767,0.5311408971518579,0.6966292134831461,1.0,0.9420289855072463,0.09836065573770492,0.40725449739734926,0.0709994055652357,0.044956748123976195,0.057978076844605944,0.6842547136820244,0.08145089947946986,0.005797807684460594,0.597006006518094,moderate correlation
CCNB1,DOCK5,0.7228724824339547,0.8486326400116809,0.6853932584269663,0.9940119760479041,1.0,0.0,0.34308892488714315,0.04176615865950621,0.05120461081083721,0.046485384735171706,0.6698513086187177,0.06861778497742864,0.004648538473517171,0.5965849851677718,low-to-moderate correlation / partial independence
PLAC8,COL17A1,0.6220726772459807,0.5254345423950634,0.9101123595505618,0.9940119760479041,1.0,0.0,0.543242962888172,0.023424625728514163,0.39389582847519694,0.20866022710185556,0.7260310838996165,0.1086485925776344,0.020866022710185558,0.5965164686117965,moderate correlation
EDIL3,PXDN,0.6311502155526197,0.7169660210736698,0.949438202247191,0.9880239520958084,1.0,0.0,0.6815550806953218,0.03610149953278518,1.1102230246251565e-16,0.018050749766392645,0.7343655385857498,0.13631101613906435,0.0018050749766392645,0.5962494474700462,high redundancy risk
DSG2,COL17A1,0.8395014138651767,0.5254345423950634,0.6573033707865169,1.0,0.9420289855072463,0.09836065573770492,0.27581808171378824,0.0709994055652357,0.39389582847519694,0.23244761702021632,0.674423253007867,0.055163616342757654,0.023244761702021634,0.5960148749630877,low-to-moderate correlation / partial independence
MISP,RNF145,0.4408376629769242,0.5397698695819814,0.9943820224719101,0.5389221556886228,1.0,0.0,-0.018228030717353055,0.29398990912350004,0.38051362907585307,0.3372517690996766,0.6333260445401332,0.0036456061434706113,0.03372517690996766,0.5959552614866949,weak correlation / high independence
MISP,SLC44A4,0.4408376629769242,0.7740984388681964,0.9213483146067416,0.9940119760479041,0.9710144927536232,0.06557377049180328,0.6375538139338096,0.29398990912350004,0.0,0.14699495456175002,0.7379871384750181,0.12751076278676193,0.014699495456175002,0.5957768802320811,high redundancy risk
MISP,DPCR1,0.4408376629769242,0.4249694598250433,0.8764044943820225,0.9461077844311377,1.0,0.0,0.47743807351372003,0.29398990912350004,0.0,0.14699495456175002,0.7056280697032901,0.09548761470274401,0.014699495456175002,0.595440959544371,moderate correlation
DNTTIP1,CAPN9,0.767087675236294,0.6169507151469692,0.6853932584269663,1.0,1.0,0.0,0.32769101217322627,0.013590724254201294,0.2016655848611086,0.10762815455765495,0.6713483146067416,0.06553820243464525,0.010762815455765497,0.5950472967163308,low-to-moderate correlation / partial independence
AGR2,DSG2,0.42747807269657895,0.8395014138651767,0.6910112359550562,1.0,0.9420289855072463,0.09836065573770492,0.35021512286067263,0.2900457034734938,0.0709994055652357,0.18052255451936475,0.6828502193000019,0.07004302457213453,0.018052255451936474,0.5947549392759309,low-to-moderate correlation / partial independence
CEACAM5,COL17A1,0.3827813825580026,0.5254345423950634,0.9101123595505618,0.9940119760479041,1.0,0.0,0.5339151518769168,0.09847649330690951,0.39389582847519694,0.24618616089105322,0.7260310838996165,0.10678303037538338,0.024618616089105323,0.5946294374351278,moderate correlation
LAMA3,TPX2,0.5507459804792868,0.7229964697986911,0.898876404494382,1.0,1.0,0.0,0.5074997965299453,0.40231310213542243,0.17221193540680635,0.2872625187711144,0.7247191011235955,0.10149995930598905,0.028726251877111444,0.594492889940495,moderate correlation
PTPRR,CLDN12,0.5441886518479988,0.805650131495029,0.8707865168539326,0.9940119760479041,1.0,0.0,0.6076121412594859,0.02621672664746668,0.0,0.01310836332373334,0.7161996232254592,0.12152242825189719,0.001310836332373334,0.5933663586411886,high redundancy risk
DOCK5,DNTTIP1,0.8486326400116809,0.767087675236294,0.6853932584269663,0.9880239520958084,1.0,0.0,0.35974276616601775,0.05120461081083721,0.013590724254201294,0.03239766753251925,0.6683543026306937,0.07194855323320355,0.003239766753251925,0.5931659826442383,low-to-moderate correlation / partial independence
TOP2A,LMNB1,0.7642964013003924,0.7753667598130912,0.8932584269662921,1.0,1.0,0.0,0.6179833497357011,0.12468589671829405,0.030689039486403287,0.07768746810234867,0.723314606741573,0.12359666994714023,0.007768746810234867,0.5919491899841979,high redundancy risk
DSG2,LMNB1,0.8395014138651767,0.7753667598130912,0.6966292134831461,1.0,0.9420289855072463,0.09836065573770492,0.43755489131907127,0.0709994055652357,0.030689039486403287,0.050844222525819494,0.6842547136820244,0.08751097826381427,0.00508442225258195,0.5916593131656281,moderate correlation
CST1,UACA,0.5436593060985359,0.8875581314818409,0.797752808988764,1.0,1.0,0.0,0.4629021524556033,0.2613835538362081,0.04314484111391227,0.15226419747506018,0.699438202247191,0.09258043049112066,0.015226419747506019,0.5916313520085643,moderate correlation
DNTTIP1,LGR5,0.767087675236294,0.6452087922898473,0.550561797752809,1.0,1.0,0.0,0.17131735860944405,0.013590724254201294,0.22516633370614025,0.11937852898017078,0.6376404494382022,0.03426347172188881,0.011937852898017078,0.5914391248182963,weak correlation / high independence
CLDN12,SLC44A4,0.805650131495029,0.7740984388681964,0.8426966292134831,0.9940119760479041,0.9710144927536232,0.06557377049180328,0.6349826289631277,0.0,0.0,0.0,0.7183242171267035,0.12699652579262555,0.0,0.5913276913340779,high redundancy risk
CTTN,CDH3,0.7441085239790581,0.7656191155187965,0.4438202247191011,1.0,0.7391304347826086,0.7213114754098361,0.6050258078141907,0.13151024790823873,0.1512701316705805,0.14139018978940962,0.7260655337278865,0.12100516156283814,0.014139018978940963,0.5909213531861074,high redundancy risk
DOCK5,PSMB8,0.8486326400116809,0.5599685464333456,0.6853932584269663,0.9760479041916168,1.0,0.0,0.2615340503805015,0.05120461081083721,0.39461831759543303,0.22291146420313512,0.6653602906546457,0.0523068100761003,0.022291146420313514,0.590762334158232,low-to-moderate correlation / partial independence
UACA,LOXL1,0.8875581314818409,0.7782706315643453,0.8370786516853933,0.9880239520958084,1.0,0.03278688524590164,0.5969761481480133,0.04314484111391227,0.046101545049522054,0.044623193081717166,0.7144723722567758,0.11939522962960265,0.004462319308171717,0.5906148233190014,moderate correlation
DOCK5,PXDN,0.8486326400116809,0.7169660210736698,0.6629213483146067,0.9880239520958084,1.0,0.0,0.3483938028918016,0.05120461081083721,1.1102230246251565e-16,0.02560230540541866,0.6627363251026037,0.06967876057836032,0.002560230540541866,0.5904973339837015,low-to-moderate correlation / partial independence
RCN1,LGR5,0.8497562945311693,0.6452087922898473,0.5393258426966292,1.0,1.0,0.04918032786885246,-0.2182921205847938,0.041475064871972264,0.22516633370614025,0.13332069928905627,0.6471265426413704,0.04365842411695876,0.013332069928905628,0.590136048595506,low-to-moderate correlation / partial independence
DOCK5,TMEM173,0.8486326400116809,0.8261906687524584,0.6853932584269663,0.9940119760479041,1.0,0.03278688524590164,0.42521461864814375,0.05120461081083721,0.011366255750379306,0.03128543328060826,0.6780480299301931,0.08504292372962875,0.003128543328060826,0.5898765628725036,moderate correlation
MMP12,IDO1,0.39736509818459975,0.6342956048342389,0.6404494382022472,1.0,1.0,0.0,0.3010583375679258,0.02207993458626133,0.18228862782295413,0.10218428120460774,0.6601123595505618,0.06021166751358517,0.010218428120460775,0.5896822639165158,low-to-moderate correlation / partial independence
LAMA3,CAPN9,0.5507459804792868,0.6169507151469692,0.6910112359550562,0.9880239520958084,1.0,0.0,0.25009003412251274,0.40231310213542243,0.2016655848611086,0.3019893434982655,0.6697587970127161,0.05001800682450255,0.030198934349826553,0.589541855838387,low-to-moderate correlation / partial independence
SPARC,NT5C2,0.8132930712086771,0.9224135929652936,0.24157303370786518,1.0,0.6666666666666666,0.6557377049180327,0.2263185192477834,0.08688946638151579,0.03930337723650222,0.06309642180900901,0.6409943513231411,0.045263703849556684,0.006309642180900902,0.5894210052926835,low-to-moderate correlation / partial independence
CCNB1,LMNB1,0.7228724824339547,0.7753667598130912,0.949438202247191,1.0,1.0,0.0,0.7267547942659114,0.04176615865950621,0.030689039486403287,0.03622759907295475,0.7373595505617978,0.14535095885318228,0.0036227599072954754,0.5883858318013201,high redundancy risk
EDIL3,LGR5,0.6311502155526197,0.6452087922898473,0.5561797752808989,1.0,1.0,0.0,0.1881342128918606,0.03610149953278518,0.22516633370614025,0.13063391661946272,0.6390449438202247,0.03762684257837212,0.013063391661946273,0.5883547095799063,weak correlation / high independence
DOCK5,KIF4A,0.8486326400116809,0.5311408971518579,0.6853932584269663,0.9940119760479041,1.0,0.0,0.38642922538664887,0.05120461081083721,0.044956748123976195,0.0480806794674067,0.6698513086187177,0.07728584507732977,0.00480806794674067,0.5877573955946472,low-to-moderate correlation / partial independence
DOCK5,PYGB,0.8486326400116809,0.7834014339198262,0.6853932584269663,1.0,1.0,0.01639344262295082,0.4222003173710925,0.05120461081083721,0.017308592920477872,0.03425660186565754,0.6754466752624793,0.08444006347421851,0.0034256601865657547,0.587580951601695,moderate correlation
UACA,CALM2,0.8875581314818409,0.7074816803992271,0.848314606741573,0.9760479041916168,1.0,0.0,0.5209968433721738,0.04314484111391227,0.24465110344867963,0.14389797228129594,0.7060906277332974,0.10419936867443476,0.014389797228129594,0.587501461830733,moderate correlation
PTPRR,DSG2,0.5441886518479988,0.8395014138651767,0.6853932584269663,1.0,0.9420289855072463,0.09836065573770492,0.4490521011963768,0.02621672664746668,0.0709994055652357,0.04860806610635118,0.6814457249179794,0.08981042023927537,0.0048608066106351185,0.5867744980680689,moderate correlation
TPX2,DSG2,0.7229964697986911,0.8395014138651767,0.6741573033707865,1.0,0.9420289855072463,0.09836065573770492,0.4010949815664275,0.17221193540680635,0.0709994055652357,0.12160567048602103,0.6786367361539344,0.0802189963132855,0.012160567048602104,0.5862571727920468,moderate correlation
MMP13,LGR5,0.25482009823610646,0.6452087922898473,0.550561797752809,1.0,1.0,0.0,0.19902544883095277,0.013220534326951576,0.22516633370614025,0.11919343401654592,0.6376404494382022,0.03980508976619056,0.011919343401654592,0.585916016270357,weak correlation / high independence
CAPN9,CALM2,0.6169507151469692,0.7074816803992271,0.6910112359550562,0.9820359281437125,1.0,0.0,0.3043234484684697,0.2016655848611086,0.24465110344867963,0.2231583441548941,0.6682617910246922,0.06086468969369394,0.022315834415489413,0.5850812669155088,low-to-moderate correlation / partial independence
AGR2,DPCR1,0.42747807269657895,0.4249694598250433,0.8764044943820225,0.9461077844311377,1.0,0.0,0.531487042750233,0.2900457034734938,0.0,0.1450228517367469,0.7056280697032901,0.1062974085500466,0.01450228517367469,0.5848283759795687,moderate correlation
PXDN,LGR5,0.7169660210736698,0.6452087922898473,0.5337078651685393,1.0,1.0,0.0,0.1895536204477669,1.1102230246251565e-16,0.22516633370614025,0.11258316685307018,0.6334269662921348,0.037910724089553385,0.011258316685307019,0.5842579255172744,weak correlation / high independence
DOCK5,LMNB1,0.8486326400116809,0.7753667598130912,0.6853932584269663,1.0,1.0,0.0,0.41826684462627,0.05120461081083721,0.030689039486403287,0.04094682514862025,0.6713483146067416,0.083653368925254,0.004094682514862025,0.5836002631666256,moderate correlation
CEACAM5,DOCK5,0.3827813825580026,0.8486326400116809,0.6741573033707865,1.0,1.0,0.0,0.3876055672724499,0.09847649330690951,0.05120461081083721,0.07484055205887336,0.6685393258426966,0.07752111345448998,0.007484055205887336,0.5835341571823193,low-to-moderate correlation / partial independence
PLAC8,DOCK5,0.6220726772459807,0.8486326400116809,0.6853932584269663,0.9940119760479041,1.0,0.0,0.41443182048266436,0.023424625728514163,0.05120461081083721,0.037314618269675685,0.6698513086187177,0.08288636409653288,0.003731461826967569,0.5832334826952171,moderate correlation
ETV1,LGR5,0.6641001764469112,0.6452087922898473,0.5561797752808989,1.0,1.0,0.0,0.2173881126126646,0.02482275843931166,0.22516633370614025,0.12499454607272596,0.6390449438202247,0.04347762252253293,0.012499454607272597,0.5830678666904191,low-to-moderate correlation / partial independence
DNTTIP1,COL17A1,0.767087675236294,0.5254345423950634,0.9044943820224719,1.0,1.0,0.0,0.6135622162348496,0.013590724254201294,0.39389582847519694,0.2037432763646991,0.726123595505618,0.12271244324696993,0.020374327636469913,0.5830368246221781,high redundancy risk
CAPN9,PSMB8,0.6169507151469692,0.5599685464333456,0.6910112359550562,0.9820359281437125,1.0,0.0,0.2784675520679488,0.2016655848611086,0.39461831759543303,0.2981419512282708,0.6682617910246922,0.05569351041358977,0.029814195122827084,0.5827540854882753,low-to-moderate correlation / partial independence
DSG2,RNF145,0.8395014138651767,0.5397698695819814,0.6966292134831461,1.0,0.9420289855072463,0.09836065573770492,0.39680857685047904,0.0709994055652357,0.38051362907585307,0.2257565173205444,0.6842547136820244,0.07936171537009581,0.02257565173205444,0.5823173465798741,low-to-moderate correlation / partial independence
AGR2,CEACAM5,0.42747807269657895,0.3827813825580026,0.9550561797752809,0.9520958083832335,1.0,0.0,0.6289413965141316,0.2900457034734938,0.09847649330690951,0.19426109839020164,0.7267879970396286,0.12578827930282632,0.019426109839020166,0.5815736078977821,high redundancy risk
TMEM173,LGR5,0.8261906687524584,0.6452087922898473,0.550561797752809,1.0,1.0,0.03278688524590164,0.2625013832745301,0.011366255750379306,0.22516633370614025,0.11826629472825978,0.6458371707496776,0.052500276654906024,0.011826629472825978,0.5815102646219457,low-to-moderate correlation / partial independence
PLS1,SLC44A4,0.759439754640533,0.7740984388681964,0.898876404494382,0.9940119760479041,0.9710144927536232,0.06557377049180328,0.7555391240291452,1.1102230246251565e-16,0.0,5.551115123125783e-17,0.7323691609469282,0.15110782480582907,5.551115123125783e-18,0.5812613361410991,high redundancy risk
LAMA3,CTTN,0.5507459804792868,0.7441085239790581,0.4606741573033708,0.9940119760479041,0.7536231884057971,0.7049180327868853,0.6022082518998776,0.40231310213542243,0.13151024790823873,0.26691167502183055,0.7283068386359894,0.12044165037997552,0.026691167502183057,0.5811740207538308,high redundancy risk
COL17A1,UACA,0.5254345423950634,0.8875581314818409,0.8089887640449438,1.0,1.0,0.0,0.4990291799259575,0.39389582847519694,0.04314484111391227,0.2185203347945546,0.702247191011236,0.09980583598519151,0.02185203347945546,0.580589321546589,moderate correlation
CAPN9,UACA,0.6169507151469692,0.8875581314818409,0.6235955056179775,1.0,1.0,0.0,0.3174291429122467,0.2016655848611086,0.04314484111391227,0.12240521298751045,0.6558988764044944,0.06348582858244935,0.012240521298751045,0.580172526523294,low-to-moderate correlation / partial independence
CLDN12,CALM2,0.805650131495029,0.7074816803992271,0.8820224719101124,0.9520958083832335,1.0,0.0,0.5823495679460289,0.0,0.24465110344867963,0.12232555172433981,0.7085295700733365,0.11646991358920578,0.012232555172433983,0.5798271013116968,moderate correlation
TPX2,DOCK5,0.7229964697986911,0.8486326400116809,0.6629213483146067,1.0,1.0,0.0,0.3753290836836192,0.17221193540680635,0.05120461081083721,0.11170827310882178,0.6657303370786517,0.07506581673672386,0.011170827310882179,0.5794936930310457,low-to-moderate correlation / partial independence
CST1,DOCK5,0.5436593060985359,0.8486326400116809,0.6685393258426966,1.0,1.0,0.0,0.3616024929734433,0.2613835538362081,0.05120461081083721,0.15629408232352265,0.6671348314606742,0.07232049859468867,0.015629408232352267,0.5791849246336332,low-to-moderate correlation / partial independence
AGR2,CLDN12,0.42747807269657895,0.805650131495029,0.8707865168539326,0.9520958083832335,1.0,0.0,0.5611183427660201,0.2900457034734938,0.0,0.1450228517367469,0.7057205813092915,0.11222366855320404,0.01450228517367469,0.5789946275824127,moderate correlation
AGR2,PLS1,0.42747807269657895,0.759439754640533,0.9157303370786517,0.9940119760479041,1.0,0.01639344262295082,0.6919544326565913,0.2900457034734938,1.1102230246251565e-16,0.14502285173674695,0.7315339389373766,0.13839088653131826,0.014502285173674696,0.5786407672323837,high redundancy risk
MMP12,LGR5,0.39736509818459975,0.6452087922898473,0.550561797752809,1.0,1.0,0.0,0.2338837524367352,0.02207993458626133,0.22516633370614025,0.1236231341462008,0.6376404494382022,0.046776750487347044,0.012362313414620081,0.578501385536235,low-to-moderate correlation / partial independence
DSG2,CALM2,0.8395014138651767,0.7074816803992271,0.6966292134831461,1.0,0.9420289855072463,0.09836065573770492,0.4608589492275322,0.0709994055652357,0.24465110344867963,0.15782525450695767,0.6842547136820244,0.09217178984550645,0.015782525450695768,0.5763003983858221,moderate correlation
NT5C2,LOXL1,0.9224135929652936,0.7782706315643453,0.2640449438202247,1.0,1.0,0.08196721311475409,0.02987678830378944,0.03930337723650222,0.046101545049522054,0.04270246114301214,0.5865030392337447,0.005975357660757888,0.0042702461143012144,0.5762574354586856,weak correlation / high independence
CST1,CAPN9,0.5436593060985359,0.6169507151469692,0.6797752808988764,1.0,1.0,0.0,0.35581360339304974,0.2613835538362081,0.2016655848611086,0.23152456934865834,0.6699438202247191,0.07116272067860994,0.023152456934865836,0.5756286426112434,low-to-moderate correlation / partial independence
LMNB1,KIF4A,0.7753667598130912,0.5311408971518579,0.9550561797752809,1.0,1.0,0.0,0.7986529590655075,0.030689039486403287,0.044956748123976195,0.037822893805189745,0.7387640449438202,0.1597305918131015,0.0037822893805189747,0.5752511637501997,high redundancy risk
DOCK5,ANKLE2,0.8486326400116809,0.8693496009171224,0.6741573033707865,0.9760479041916168,1.0,0.0,0.4227258098436357,0.05120461081083721,0.004269873992884083,0.027737242401860644,0.6625513018906009,0.08454516196872715,0.0027737242401860646,0.5752324156816876,moderate correlation
GRN,NT5C2,0.8150381531247665,0.9224135929652936,0.2640449438202247,1.0,0.9710144927536232,0.11475409836065574,0.04818778479608059,0.022702682080163877,0.03930337723650222,0.03100302965833305,0.5874533837336259,0.009637556959216118,0.003100302965833305,0.5747155238085765,weak correlation / high independence
PTPRR,CAPN9,0.5441886518479988,0.6169507151469692,0.6797752808988764,1.0,1.0,0.0,0.41962540209780336,0.02621672664746668,0.2016655848611086,0.11394115575428765,0.6699438202247191,0.08392508041956068,0.011394115575428765,0.5746246242297296,moderate correlation
MISP,COL17A1,0.4408376629769242,0.5254345423950634,0.9213483146067416,0.9940119760479041,1.0,0.0,0.6033760032683354,0.29398990912350004,0.39389582847519694,0.3439428687993485,0.7288400726636615,0.12067520065366709,0.03439428687993485,0.5737705851300595,high redundancy risk
DOCK5,DPCR1,0.8486326400116809,0.4249694598250433,0.651685393258427,0.9940119760479041,1.0,0.0,0.4318178313126548,0.05120461081083721,0.0,0.025602305405418604,0.6614243423265828,0.08636356626253096,0.0025602305405418605,0.5725005455235099,moderate correlation
DOCK5,RNF145,0.8486326400116809,0.5397698695819814,0.6853932584269663,0.9760479041916168,1.0,0.0,0.3586352690104359,0.05120461081083721,0.38051362907585307,0.21585911994334514,0.6653602906546457,0.07172705380208719,0.021585911994334517,0.5720473248582241,low-to-moderate correlation / partial independence
DOCK5,CALM2,0.8486326400116809,0.7074816803992271,0.6853932584269663,0.9760479041916168,1.0,0.0,0.3962891660909307,0.05120461081083721,0.24465110344867963,0.14792785712975842,0.6653602906546457,0.07925783321818614,0.014792785712975843,0.5713096717234838,low-to-moderate correlation / partial independence
LAMA3,COL17A1,0.5507459804792868,0.5254345423950634,0.9213483146067416,0.9940119760479041,1.0,0.0,0.5936877113525965,0.40231310213542243,0.39389582847519694,0.3981044653053097,0.7288400726636615,0.1187375422705193,0.03981044653053097,0.5702920838626112,moderate correlation
IDO1,LGR5,0.6342956048342389,0.6452087922898473,0.38202247191011235,1.0,1.0,0.0,0.031362097274547016,0.18228862782295413,0.22516633370614025,0.2037274807645472,0.5955056179775281,0.006272419454909403,0.02037274807645472,0.568860450446164,weak correlation / high independence
DOCK5,SLC44A4,0.8486326400116809,0.7740984388681964,0.6741573033707865,1.0,0.9710144927536232,0.06557377049180328,0.5333005647340555,0.05120461081083721,0.0,0.025602305405418604,0.6776863916540532,0.1066601129468111,0.0025602305405418605,0.5684660481667002,moderate correlation
CTTN,DOCK5,0.7441085239790581,0.8486326400116809,0.42696629213483145,1.0,0.7536231884057971,0.7049180327868853,0.7233606121448329,0.13151024790823873,0.05120461081083721,0.09135742935953797,0.7213768783318785,0.1446721224289666,0.009135742935953798,0.5675690129669582,high redundancy risk
AGR2,SLC44A4,0.42747807269657895,0.7740984388681964,0.9157303370786517,0.9940119760479041,0.9710144927536232,0.06557377049180328,0.7735850261030356,0.2900457034734938,0.0,0.1450228517367469,0.7365826440929956,0.15471700522060713,0.01450228517367469,0.5673633536987137,high redundancy risk
MISP,DOCK5,0.4408376629769242,0.8486326400116809,0.6853932584269663,0.9880239520958084,1.0,0.0,0.4187186510439525,0.29398990912350004,0.05120461081083721,0.17259725996716863,0.6683543026306937,0.0837437302087905,0.017259725996716862,0.5673508464251864,moderate correlation
CCNB1,KIF4A,0.7228724824339547,0.5311408971518579,0.9775280898876404,0.9820359281437125,1.0,0.0,0.8412065798383745,0.04176615865950621,0.044956748123976195,0.0433614533917412,0.7398910045078382,0.16824131596767491,0.004336145339174121,0.5673135432009891,high redundancy risk
DOCK5,COL17A1,0.8486326400116809,0.5254345423950634,0.6685393258426966,1.0,1.0,0.0,0.38929019223819117,0.05120461081083721,0.39389582847519694,0.22255021964301708,0.6671348314606742,0.07785803844763824,0.022255021964301708,0.5670217710487342,low-to-moderate correlation / partial independence
CAPN9,CLDN12,0.6169507151469692,0.805650131495029,0.6292134831460674,1.0,1.0,0.0,0.4012904303512715,0.2016655848611086,0.0,0.1008327924305543,0.6573033707865168,0.08025808607025431,0.01008327924305543,0.5669620054732071,moderate correlation
DSG2,SLC16A1,0.8395014138651767,0.6917994825403561,0.6853932584269663,1.0,0.9420289855072463,0.09836065573770492,0.5240777061592938,0.0709994055652357,0.12354264919498564,0.09727102738011068,0.6814457249179794,0.10481554123185877,0.009727102738011069,0.5669030809481096,moderate correlation
PTPRR,DOCK5,0.5441886518479988,0.8486326400116809,0.6797752808988764,0.9940119760479041,1.0,0.0,0.4896762160925294,0.02621672664746668,0.05120461081083721,0.038710668729151944,0.6684468142366952,0.09793524321850589,0.0038710668729151944,0.5666405041452741,moderate correlation
DSG2,LGR5,0.8395014138651767,0.6452087922898473,0.4101123595505618,1.0,0.9420289855072463,0.09836065573770492,0.1567859636386932,0.0709994055652357,0.22516633370614025,0.14808286963568798,0.6126255001988783,0.031357192727738646,0.014808286963568798,0.5664600205075708,weak correlation / high independence
AGR2,DOCK5,0.42747807269657895,0.8486326400116809,0.6853932584269663,0.9760479041916168,1.0,0.0,0.4265951289739099,0.2900457034734938,0.05120461081083721,0.1706251571421655,0.6653602906546457,0.08531902579478198,0.01706251571421655,0.5629787491456472,moderate correlation
DOCK5,SLC16A1,0.8486326400116809,0.6917994825403561,0.6853932584269663,0.9940119760479041,1.0,0.0,0.4913905044215222,0.05120461081083721,0.12354264919498564,0.08737363000291143,0.6698513086187177,0.09827810088430444,0.008737363000291144,0.5628358447341221,moderate correlation
CCNB1,TOP2A,0.7228724824339547,0.7642964013003924,0.898876404494382,0.9940119760479041,1.0,0.0,0.7643048495307078,0.04176615865950621,0.12468589671829405,0.08322602768890014,0.7232220951355716,0.15286096990614156,0.008322602768890014,0.5620385224605401,high redundancy risk
TPX2,LMNB1,0.7229964697986911,0.7753667598130912,0.8932584269662921,1.0,1.0,0.0,0.7605926230131667,0.17221193540680635,0.030689039486403287,0.10145048744660481,0.723314606741573,0.15211852460263334,0.010145048744660483,0.5610510333942792,high redundancy risk
DOCK5,CLDN12,0.8486326400116809,0.805650131495029,0.6797752808988764,1.0,1.0,0.0,0.5327774713119887,0.05120461081083721,0.0,0.025602305405418604,0.6699438202247191,0.10655549426239774,0.0025602305405418605,0.5608280954217795,moderate correlation
LAMA3,LGR5,0.5507459804792868,0.6452087922898473,0.550561797752809,1.0,1.0,0.0,0.2352970592822148,0.40231310213542243,0.22516633370614025,0.31373971792078137,0.6376404494382022,0.04705941185644297,0.03137397179207814,0.5592070657896812,low-to-moderate correlation / partial independence
CAPN9,IDO1,0.6169507151469692,0.6342956048342389,0.42696629213483145,1.0,1.0,0.0,-0.14299028531315486,0.2016655848611086,0.18228862782295413,0.19197710634203136,0.6067415730337078,0.028598057062630973,0.019197710634203138,0.5589458053368737,weak correlation / high independence
LAMA3,DSG2,0.5507459804792868,0.8395014138651767,0.6966292134831461,1.0,0.9420289855072463,0.09836065573770492,0.5086357678463356,0.40231310213542243,0.0709994055652357,0.23665625385032907,0.6842547136820244,0.10172715356926712,0.023665625385032907,0.5588619347277244,moderate correlation
DSG2,CLDN12,0.8395014138651767,0.805650131495029,0.6966292134831461,1.0,0.9420289855072463,0.09836065573770492,0.6107452133182163,0.0709994055652357,0.0,0.03549970278261785,0.6842547136820244,0.12214904266364326,0.0035499702782617847,0.5585557007401194,high redundancy risk
CLDN12,LGR5,0.805650131495029,0.6452087922898473,0.5393258426966292,1.0,1.0,0.0,0.32607489473654405,0.0,0.22516633370614025,0.11258316685307013,0.6348314606741573,0.06521497894730881,0.011258316685307013,0.5583581650415416,low-to-moderate correlation / partial independence
CDH3,NT5C2,0.7656191155187965,0.9224135929652936,0.23595505617977527,1.0,0.9565217391304348,0.3770491803278688,0.37290342760682305,0.1512701316705805,0.03930337723650222,0.09528675445354137,0.6423814939095196,0.07458068552136461,0.009528675445354138,0.5582721329428008,low-to-moderate correlation / partial independence
DOCK5,UACA,0.8486326400116809,0.8875581314818409,0.6404494382022472,0.9820359281437125,1.0,0.0,0.4649909966013476,0.05120461081083721,0.04314484111391227,0.047174725962374736,0.65562134158649,0.09299819932026952,0.004717472596237474,0.557905669669983,moderate correlation
PLS1,CLDN12,0.759439754640533,0.805650131495029,0.848314606741573,0.9940119760479041,1.0,0.01639344262295082,0.7843944995615793,1.1102230246251565e-16,0.0,5.551115123125783e-17,0.7146800063531069,0.15687889991231585,5.551115123125783e-18,0.5578011064407911,high redundancy risk
PLAC8,LGR5,0.6220726772459807,0.6452087922898473,0.550561797752809,1.0,1.0,0.0,0.34427000452816064,0.023424625728514163,0.22516633370614025,0.12429547971732721,0.6376404494382022,0.06885400090563214,0.012429547971732721,0.5563569005608374,low-to-moderate correlation / partial independence
CAPN9,PLS1,0.6169507151469692,0.759439754640533,0.6741573033707865,1.0,1.0,0.01639344262295082,0.5354812111778181,0.2016655848611086,1.1102230246251565e-16,0.10083279243055436,0.6726376864984343,0.10709624223556363,0.010083279243055437,0.5554581650198152,moderate correlation
RCN1,NT5C2,0.8497562945311693,0.9224135929652936,0.2640449438202247,1.0,1.0,0.06557377049180328,0.11502169849367153,0.041475064871972264,0.03930337723650222,0.04038922105423724,0.582404678578007,0.023004339698734305,0.004038922105423725,0.5553614167738491,weak correlation / high independence
CAPN9,COL17A1,0.6169507151469692,0.5254345423950634,0.6853932584269663,0.9940119760479041,1.0,0.0,0.42549533419414065,0.2016655848611086,0.39389582847519694,0.29778070666815276,0.6698513086187177,0.08509906683882813,0.029778070666815277,0.5549741711130742,moderate correlation
CALM2,LGR5,0.7074816803992271,0.6452087922898473,0.5561797752808989,1.0,1.0,0.0,0.30542618273524735,0.24465110344867963,0.22516633370614025,0.23490871857740994,0.6390449438202247,0.061085236547049476,0.023490871857740996,0.5544688354154342,low-to-moderate correlation / partial independence
CEACAM5,LGR5,0.3827813825580026,0.6452087922898473,0.5449438202247191,1.0,1.0,0.0,0.33439479958942275,0.09847649330690951,0.22516633370614025,0.16182141350652487,0.6362359550561798,0.06687895991788455,0.016182141350652487,0.5531748537876429,low-to-moderate correlation / partial independence
TOP2A,KIF4A,0.7642964013003924,0.5311408971518579,0.898876404494382,0.9880239520958084,1.0,0.0,0.805086747467456,0.12468589671829405,0.044956748123976195,0.08482132242113513,0.7217250891475476,0.16101734949349122,0.008482132242113513,0.5522256074119429,high redundancy risk
COL17A1,LGR5,0.5254345423950634,0.6452087922898473,0.5449438202247191,1.0,1.0,0.0,0.2673124116762868,0.39389582847519694,0.22516633370614025,0.3095310810906686,0.6362359550561798,0.053462482335257355,0.030953108109066863,0.5518203646118556,low-to-moderate correlation / partial independence
DOCK5,CAPN9,0.8486326400116809,0.6169507151469692,0.5393258426966292,1.0,1.0,0.0,0.3533675597791664,0.05120461081083721,0.2016655848611086,0.1264350978359729,0.6348314606741573,0.07067351195583328,0.01264350978359729,0.5515144389347267,low-to-moderate correlation / partial independence
PSMB8,LGR5,0.5599685464333456,0.6452087922898473,0.5561797752808989,1.0,1.0,0.0,0.28647196808501196,0.39461831759543303,0.22516633370614025,0.3098923256507866,0.6390449438202247,0.05729439361700239,0.030989232565078663,0.5507613176381436,low-to-moderate correlation / partial independence
SLC16A1,LGR5,0.6917994825403561,0.6452087922898473,0.5449438202247191,1.0,1.0,0.0,0.3434853594302518,0.12354264919498564,0.22516633370614025,0.17435449145056295,0.6362359550561798,0.06869707188605037,0.017435449145056296,0.5501034340250731,low-to-moderate correlation / partial independence
LAMA3,RNF145,0.5507459804792868,0.5397698695819814,0.9887640449438202,0.5389221556886228,1.0,0.0,0.2136113834440355,0.40231310213542243,0.38051362907585307,0.3914133656056378,0.6319215501581108,0.0427222766888071,0.03914133656056378,0.5500579369087399,low-to-moderate correlation / partial independence
DOCK5,PLS1,0.8486326400116809,0.759439754640533,0.6797752808988764,1.0,1.0,0.01639344262295082,0.6078150060286469,0.05120461081083721,1.1102230246251565e-16,0.02560230540541866,0.6740421808804568,0.12156300120572938,0.002560230540541866,0.5499189491341855,high redundancy risk
IDO1,PSMB8,0.6342956048342389,0.5599685464333456,0.6460674157303371,1.0,1.0,0.0,0.4137781352572355,0.18228862782295413,0.39461831759543303,0.2884534727091936,0.6615168539325843,0.08275562705144711,0.02884534727091936,0.5499158796102178,moderate correlation
DSG2,PLS1,0.8395014138651767,0.759439754640533,0.6853932584269663,1.0,0.9420289855072463,0.09836065573770492,0.6433258345201307,0.0709994055652357,1.1102230246251565e-16,0.0354997027826179,0.6814457249179794,0.12866516690402616,0.0035499702782617903,0.5492305877356914,high redundancy risk
MMP9,NT5C2,0.5052459001107324,0.9224135929652936,0.2640449438202247,1.0,1.0,0.04918032786885246,0.11638281392990034,0.0779806405713783,0.03930337723650222,0.05864200890394026,0.5783063179222693,0.02327656278598007,0.005864200890394026,0.5491655542458951,weak correlation / high independence
CEACAM5,CAPN9,0.3827813825580026,0.6169507151469692,0.6853932584269663,0.9820359281437125,1.0,0.0,0.5175890063014215,0.09847649330690951,0.2016655848611086,0.15007103908400907,0.6668572966426697,0.1035178012602843,0.015007103908400907,0.5483323914739845,moderate correlation
PTPRR,LGR5,0.5441886518479988,0.6452087922898473,0.550561797752809,1.0,1.0,0.0,0.38726340330119435,0.02621672664746668,0.22516633370614025,0.12569153017680346,0.6376404494382022,0.07745268066023887,0.012569153017680346,0.5476186157602829,low-to-moderate correlation / partial independence
COLGALT1,NT5C2,0.8830279192813023,0.9224135929652936,0.24157303370786518,1.0,0.9710144927536232,0.22950819672131148,0.2969773184514946,0.04339731321461733,0.03930337723650222,0.041350345225559776,0.6105239307956999,0.059395463690298925,0.004135034522555978,0.546993432582845,low-to-moderate correlation / partial independence
CST1,LGR5,0.5436593060985359,0.6452087922898473,0.5337078651685393,1.0,1.0,0.0,0.31243882318865823,0.2613835538362081,0.22516633370614025,0.24327494377117417,0.6334269662921348,0.062487764637731646,0.02432749437711742,0.5466117072772857,low-to-moderate correlation / partial independence
MISP,LGR5,0.4408376629769242,0.6452087922898473,0.5561797752808989,1.0,1.0,0.0,0.3378648608419567,0.29398990912350004,0.22516633370614025,0.2595781214148202,0.6390449438202247,0.06757297216839135,0.025957812141482017,0.5455141595103514,low-to-moderate correlation / partial independence
DOCK5,DSG2,0.8486326400116809,0.8395014138651767,0.5842696629213483,1.0,0.9420289855072463,0.09836065573770492,0.5253095200399087,0.05120461081083721,0.0709994055652357,0.06110200818803645,0.656164826041575,0.10506190400798175,0.006110200818803645,0.5449927212147896,moderate correlation
CAPN9,SLC44A4,0.6169507151469692,0.7740984388681964,0.6910112359550562,1.0,0.9710144927536232,0.06557377049180328,0.6391735905808367,0.2016655848611086,0.0,0.1008327924305543,0.6818998748001207,0.12783471811616734,0.01008327924305543,0.543981877440898,high redundancy risk
CTTN,NT5C2,0.7441085239790581,0.9224135929652936,0.21348314606741572,1.0,0.7536231884057971,0.7049180327868853,0.5792585066408775,0.13151024790823873,0.03930337723650222,0.08540681257237048,0.6680060918150246,0.11585170132817552,0.008540681257237049,0.543613709229612,moderate correlation
PLAC8,CAPN9,0.6220726772459807,0.6169507151469692,0.6853932584269663,0.9940119760479041,1.0,0.0,0.5810459501767002,0.023424625728514163,0.2016655848611086,0.11254510529481139,0.6698513086187177,0.11620919003534005,0.01125451052948114,0.5423876080538965,moderate correlation
CCNB1,TPX2,0.7228724824339547,0.7229964697986911,0.898876404494382,1.0,1.0,0.0,0.8619324541152625,0.04176615865950621,0.17221193540680635,0.10698904703315629,0.7247191011235955,0.17238649082305252,0.01069890470331563,0.5416337055972275,high redundancy risk
PLS1,LGR5,0.759439754640533,0.6452087922898473,0.5449438202247191,1.0,1.0,0.01639344262295082,0.4478774504417147,1.1102230246251565e-16,0.22516633370614025,0.11258316685307018,0.6403343157119175,0.08957549008834294,0.011258316685307019,0.5395005089382675,moderate correlation
MISP,CAPN9,0.4408376629769242,0.6169507151469692,0.6910112359550562,0.9820359281437125,1.0,0.0,0.5219076922566939,0.29398990912350004,0.2016655848611086,0.2478277469923043,0.6682617910246922,0.10438153845133878,0.02478277469923043,0.539097477874123,moderate correlation
TPX2,TOP2A,0.7229964697986911,0.7642964013003924,0.8876404494382022,1.0,1.0,0.0,0.8429904971059297,0.17221193540680635,0.12468589671829405,0.1484489160625502,0.7219101123595506,0.16859809942118595,0.01484489160625502,0.5384671213321096,high redundancy risk
MISP,LAMA3,0.4408376629769242,0.5507459804792868,0.9831460674157303,0.7305389221556886,1.0,0.0,0.5266166522241532,0.29398990912350004,0.40231310213542243,0.34815150562946123,0.6784212473928547,0.10532333044483065,0.03481515056294612,0.5382827663850779,moderate correlation
LAMA3,DOCK5,0.5507459804792868,0.8486326400116809,0.6853932584269663,0.9760479041916168,1.0,0.0,0.5292002332178324,0.40231310213542243,0.05120461081083721,0.22675885647312982,0.6653602906546457,0.10584004664356648,0.022675885647312984,0.5368443583637663,moderate correlation
MISP,CALM2,0.4408376629769242,0.7074816803992271,0.9943820224719101,0.5389221556886228,1.0,0.0,0.35553361534074945,0.29398990912350004,0.24465110344867963,0.26932050628608983,0.6333260445401332,0.0711067230681499,0.026932050628608983,0.5352872708433742,low-to-moderate correlation / partial independence
MMP12,NT5C2,0.39736509818459975,0.9224135929652936,0.25842696629213485,1.0,1.0,0.04918032786885246,0.1943026032554101,0.02207993458626133,0.03930337723650222,0.030691655911381774,0.5769018235402468,0.038860520651082024,0.0030691655911381775,0.5349721372980266,weak correlation / high independence
SLC44A4,LGR5,0.7740984388681964,0.6452087922898473,0.5393258426966292,1.0,0.9710144927536232,0.06557377049180328,0.4913400088176182,0.0,0.22516633370614025,0.11258316685307013,0.6439785264855139,0.09826800176352364,0.011258316685307013,0.5344522080366833,moderate correlation
TOP2A,NT5C2,0.7642964013003924,0.9224135929652936,0.25842696629213485,1.0,1.0,0.04918032786885246,0.1715560586684484,0.12468589671829405,0.03930337723650222,0.08199463697739814,0.5769018235402468,0.03431121173368968,0.008199463697739814,0.5343911481088173,weak correlation / high independence
UACA,LGR5,0.8875581314818409,0.6452087922898473,0.5056179775280899,1.0,1.0,0.0,0.4007892368868009,0.04314484111391227,0.22516633370614025,0.13415558741002626,0.6264044943820225,0.08015784737736019,0.013415558741002627,0.5328310882636597,moderate correlation
EDIL3,NT5C2,0.6311502155526197,0.9224135929652936,0.2640449438202247,1.0,1.0,0.04918032786885246,0.2261965303651564,0.03610149953278518,0.03930337723650222,0.0377024383846437,0.5783063179222693,0.04523930607303128,0.00377024383846437,0.5292967680107736,low-to-moderate correlation / partial independence
TPX2,KIF4A,0.7229964697986911,0.5311408971518579,0.898876404494382,1.0,1.0,0.0,0.9258589377713374,0.17221193540680635,0.044956748123976195,0.10858434176539128,0.7247191011235955,0.1851717875542675,0.010858434176539129,0.528688879392789,high redundancy risk
AGR2,LAMA3,0.42747807269657895,0.5507459804792868,0.9775280898876404,0.5688622754491018,1.0,0.0,0.3710312161876057,0.2900457034734938,0.40231310213542243,0.34617940280445814,0.6365975913341856,0.07420624323752115,0.03461794028044581,0.5277734078162186,low-to-moderate correlation / partial independence
DPCR1,LGR5,0.4249694598250433,0.6452087922898473,0.5280898876404494,1.0,1.0,0.0,0.466484478454752,0.0,0.22516633370614025,0.11258316685307013,0.6320224719101124,0.0932968956909504,0.011258316685307013,0.5274672595338551,moderate correlation
AGR2,LGR5,0.42747807269657895,0.6452087922898473,0.550561797752809,1.0,1.0,0.0,0.4252051025076434,0.2900457034734938,0.22516633370614025,0.257606018589817,0.6376404494382022,0.08504102050152867,0.025760601858981703,0.5268388270776919,moderate correlation
DPCR1,NT5C2,0.4249694598250433,0.9224135929652936,0.24719101123595505,1.0,1.0,0.04918032786885246,0.23250214658490923,0.0,0.03930337723650222,0.01965168861825111,0.5740928347762019,0.046500429316981846,0.001965168861825111,0.525627236597395,low-to-moderate correlation / partial independence
LAMA3,PSMB8,0.5507459804792868,0.5599685464333456,0.9887640449438202,0.5389221556886228,1.0,0.0,0.33680646985387164,0.40231310213542243,0.39461831759543303,0.39846570986542773,0.6319215501581108,0.06736129397077432,0.039846570986542776,0.5247136852007938,low-to-moderate correlation / partial independence
CAPN9,DPCR1,0.6169507151469692,0.4249694598250433,0.6629213483146067,0.9820359281437125,1.0,0.0,0.649342745864912,0.2016655848611086,0.0,0.1008327924305543,0.6612393191145798,0.1298685491729824,0.01008327924305543,0.521287490698542,high redundancy risk
NT5C2,PXDN,0.9224135929652936,0.7169660210736698,0.25280898876404495,1.0,1.0,0.04918032786885246,0.2644677689881115,0.03930337723650222,1.1102230246251565e-16,0.019651688618251166,0.5754973291582243,0.0528935537976223,0.0019651688618251167,0.5206386064987769,low-to-moderate correlation / partial independence
DOCK5,LGR5,0.8486326400116809,0.6452087922898473,0.4438202247191011,1.0,1.0,0.0,0.3915460501332554,0.05120461081083721,0.22516633370614025,0.13818547225848873,0.6109550561797753,0.07830921002665109,0.013818547225848875,0.5188272989272754,low-to-moderate correlation / partial independence
MISP,PSMB8,0.4408376629769242,0.5599685464333456,0.9943820224719101,0.5389221556886228,1.0,0.0,0.4038607212467337,0.29398990912350004,0.39461831759543303,0.34430411335946653,0.6333260445401332,0.08077214424934676,0.034430411335946653,0.5181234889548398,moderate correlation
NT5C2,IDO1,0.9224135929652936,0.6342956048342389,0.1797752808988764,1.0,1.0,0.04918032786885246,0.1434175991019335,0.03930337723650222,0.18228862782295413,0.11079600252972818,0.5572389021919322,0.0286835198203867,0.011079600252972818,0.5174757821185726,weak correlation / high independence
CCNB1,NT5C2,0.7228724824339547,0.9224135929652936,0.2640449438202247,1.0,1.0,0.04918032786885246,0.28976962016158725,0.04176615865950621,0.03930337723650222,0.040534767948004216,0.5783063179222693,0.05795392403231745,0.004053476794800422,0.5162989170951514,low-to-moderate correlation / partial independence
AGR2,CAPN9,0.42747807269657895,0.6169507151469692,0.6910112359550562,0.9820359281437125,1.0,0.0,0.6486499138698385,0.2900457034734938,0.2016655848611086,0.2458556441673012,0.6682617910246922,0.12972998277396772,0.024585564416730123,0.5139462438339943,high redundancy risk
NT5C2,MMP13,0.9224135929652936,0.25482009823610646,0.25842696629213485,1.0,1.0,0.04918032786885246,0.3025315287765265,0.03930337723650222,0.013220534326951576,0.0262619557817269,0.5769018235402468,0.0605063057553053,0.00262619557817269,0.5137693222067689,low-to-moderate correlation / partial independence
ANKLE2,NT5C2,0.8693496009171224,0.9224135929652936,0.25842696629213485,1.0,1.0,0.04918032786885246,0.3191772543796001,0.004269873992884083,0.03930337723650222,0.02178662561469315,0.5769018235402468,0.06383545087592002,0.002178662561469315,0.5108877101028574,low-to-moderate correlation / partial independence
LAMA3,CALM2,0.5507459804792868,0.7074816803992271,0.9887640449438202,0.5389221556886228,1.0,0.0,0.4465499237442629,0.40231310213542243,0.24465110344867963,0.32348210279205103,0.6319215501581108,0.08930998474885259,0.032348210279205106,0.5102633551300532,moderate correlation
CST1,NT5C2,0.5436593060985359,0.9224135929652936,0.25280898876404495,1.0,1.0,0.04918032786885246,0.2886608686956251,0.2613835538362081,0.03930337723650222,0.15034346553635516,0.5754973291582243,0.057732173739125016,0.015034346553635516,0.5027308088654637,low-to-moderate correlation / partial independence
CAPN9,NT5C2,0.6169507151469692,0.9224135929652936,0.21348314606741572,1.0,1.0,0.04918032786885246,0.2574921269947773,0.2016655848611086,0.03930337723650222,0.12048448104880541,0.5656658684840671,0.051498425398955466,0.012048448104880542,0.502118994980231,low-to-moderate correlation / partial independence
AGR2,NT5C2,0.42747807269657895,0.9224135929652936,0.2640449438202247,1.0,1.0,0.04918032786885246,0.30107215716144103,0.2900457034734938,0.03930337723650222,0.164674540354998,0.5783063179222693,0.06021443143228821,0.0164674540354998,0.5016244324544813,low-to-moderate correlation / partial independence
NT5C2,PSMB8,0.9224135929652936,0.5599685464333456,0.2640449438202247,1.0,1.0,0.04918032786885246,0.27548415994023634,0.03930337723650222,0.39461831759543303,0.21696084741596763,0.5783063179222693,0.05509683198804727,0.021696084741596764,0.5015134011926252,low-to-moderate correlation / partial independence
DNTTIP1,NT5C2,0.767087675236294,0.9224135929652936,0.2640449438202247,1.0,1.0,0.04918032786885246,0.37757845959237263,0.013590724254201294,0.03930337723650222,0.02644705074535176,0.5783063179222693,0.07551569191847453,0.002644705074535176,0.5001459209292596,low-to-moderate correlation / partial independence
UACA,NT5C2,0.8875581314818409,0.9224135929652936,0.24719101123595505,1.0,1.0,0.04918032786885246,0.35351240416798774,0.04314484111391227,0.03930337723650222,0.041224109175207246,0.5740928347762019,0.07070248083359755,0.004122410917520725,0.4992679430250836,low-to-moderate correlation / partial independence
PLAC8,NT5C2,0.6220726772459807,0.9224135929652936,0.2640449438202247,1.0,1.0,0.04918032786885246,0.3840268361409654,0.023424625728514163,0.03930337723650222,0.03136400148250819,0.5783063179222693,0.07680536722819309,0.003136400148250819,0.49836455054582535,low-to-moderate correlation / partial independence
MISP,NT5C2,0.4408376629769242,0.9224135929652936,0.2640449438202247,1.0,1.0,0.04918032786885246,0.3188449741311502,0.29398990912350004,0.03930337723650222,0.16664664318000114,0.5783063179222693,0.06376899482623004,0.016664664318000115,0.49787265877803916,low-to-moderate correlation / partial independence
NT5C2,SLC44A4,0.9224135929652936,0.7740984388681964,0.25842696629213485,1.0,0.9710144927536232,0.11475409836065574,0.43596660380776375,0.03930337723650222,0.0,0.01965168861825111,0.5860488893516034,0.08719332076155276,0.001965168861825111,0.4968903997282255,moderate correlation
TPX2,NT5C2,0.7229964697986911,0.9224135929652936,0.25842696629213485,1.0,1.0,0.04918032786885246,0.3472424366233216,0.17221193540680635,0.03930337723650222,0.10575765632165429,0.5769018235402468,0.06944848732466433,0.01057576563216543,0.49687757058341697,low-to-moderate correlation / partial independence
NT5C2,KIF4A,0.9224135929652936,0.5311408971518579,0.2640449438202247,1.0,1.0,0.04918032786885246,0.3980889721025126,0.03930337723650222,0.044956748123976195,0.04213006268023921,0.5783063179222693,0.07961779442050253,0.004213006268023921,0.49447551723374283,low-to-moderate correlation / partial independence
NT5C2,PYGB,0.9224135929652936,0.7834014339198262,0.25842696629213485,1.0,1.0,0.06557377049180328,0.42081778691347715,0.03930337723650222,0.017308592920477872,0.028305985078490047,0.5810001841959845,0.08416355738269543,0.0028305985078490047,0.4940060283054401,moderate correlation
ETV1,NT5C2,0.6641001764469112,0.9224135929652936,0.2640449438202247,1.0,1.0,0.04918032786885246,0.40658488358923556,0.02482275843931166,0.03930337723650222,0.03206306783790694,0.5783063179222693,0.08131697671784711,0.003206306783790694,0.4937830344206315,moderate correlation
PTPRR,NT5C2,0.5441886518479988,0.9224135929652936,0.2640449438202247,1.0,1.0,0.04918032786885246,0.40704825568391173,0.02621672664746668,0.03930337723650222,0.03276005194198445,0.5783063179222693,0.08140965113678235,0.003276005194198445,0.4936206615912885,moderate correlation
LAMA3,NT5C2,0.5507459804792868,0.9224135929652936,0.2640449438202247,1.0,1.0,0.04918032786885246,0.33745900614718044,0.40231310213542243,0.03930337723650222,0.22080823968596233,0.5783063179222693,0.06749180122943609,0.022080823968596234,0.48873369272423695,low-to-moderate correlation / partial independence
CAPN9,LGR5,0.6169507151469692,0.6452087922898473,0.4438202247191011,1.0,1.0,0.0,0.5080863230861095,0.2016655848611086,0.22516633370614025,0.21341595928362445,0.6109550561797753,0.1016172646172219,0.021341595928362447,0.487996195634191,moderate correlation
MISP,AGR2,0.4408376629769242,0.42747807269657895,0.9775280898876404,0.5508982035928144,1.0,0.0,0.5920992926590467,0.29398990912350004,0.2900457034734938,0.29201780629849694,0.6321065733701137,0.11841985853180935,0.029201780629849697,0.4844849342084546,moderate correlation
COL17A1,NT5C2,0.5254345423950634,0.9224135929652936,0.25280898876404495,1.0,1.0,0.04918032786885246,0.35457753634078887,0.39389582847519694,0.03930337723650222,0.2165996028558496,0.5754973291582243,0.07091550726815778,0.02165996028558496,0.48292186160448153,low-to-moderate correlation / partial independence
CEACAM5,NT5C2,0.3827813825580026,0.9224135929652936,0.25842696629213485,1.0,1.0,0.04918032786885246,0.4423584635165859,0.09847649330690951,0.03930337723650222,0.06888993527170587,0.5769018235402468,0.08847169270331719,0.006888993527170587,0.481541137309759,moderate correlation
LMNB1,NT5C2,0.7753667598130912,0.9224135929652936,0.2640449438202247,1.0,1.0,0.04918032786885246,0.46726387743729403,0.030689039486403287,0.03930337723650222,0.03499620836145276,0.5783063179222693,0.09345277548745881,0.003499620836145276,0.4813539215986652,moderate correlation
DSG2,NT5C2,0.8395014138651767,0.9224135929652936,0.25280898876404495,1.0,0.9420289855072463,0.14754098360655737,0.4950317923795806,0.0709994055652357,0.03930337723650222,0.05515139140086896,0.5855947394694622,0.09900635847591613,0.005515139140086896,0.4810732418534592,moderate correlation
NT5C2,LGR5,0.9224135929652936,0.6452087922898473,0.19101123595505617,1.0,1.0,0.04918032786885246,0.3656193695798455,0.03930337723650222,0.22516633370614025,0.13223485547132124,0.5600478909559771,0.0731238739159691,0.013223485547132124,0.47370053149287583,low-to-moderate correlation / partial independence
NT5C2,TMEM173,0.9224135929652936,0.8261906687524584,0.25842696629213485,1.0,1.0,0.06557377049180328,0.5265113814751153,0.03930337723650222,0.011366255750379306,0.025334816493440764,0.5810001841959845,0.10530227629502308,0.0025334816493440765,0.47316442625161736,moderate correlation
NT5C2,SLC16A1,0.9224135929652936,0.6917994825403561,0.25842696629213485,1.0,1.0,0.04918032786885246,0.4847615501239545,0.03930337723650222,0.12354264919498564,0.08142301321574394,0.5769018235402468,0.0969523100247909,0.008142301321574395,0.4718072121938815,moderate correlation
NT5C2,RNF145,0.9224135929652936,0.5397698695819814,0.2640449438202247,1.0,1.0,0.04918032786885246,0.44015107588396335,0.03930337723650222,0.38051362907585307,0.20990850315617765,0.5783063179222693,0.08803021517679267,0.020990850315617766,0.46928525242985886,moderate correlation
AGR2,RNF145,0.42747807269657895,0.5397698695819814,0.9831460674157303,0.09580838323353294,1.0,0.0,0.08540667807566225,0.2900457034734938,0.38051362907585307,0.3352796662746734,0.5197386126623158,0.01708133561513245,0.03352796662746734,0.469129310419716,weak correlation / high independence
DOCK5,NT5C2,0.8486326400116809,0.9224135929652936,0.25842696629213485,1.0,1.0,0.04918032786885246,0.5624293492321603,0.05120461081083721,0.03930337723650222,0.04525399402366971,0.5769018235402468,0.11248586984643205,0.004525399402366972,0.45989055429144776,moderate correlation
NT5C2,PLS1,0.9224135929652936,0.759439754640533,0.2640449438202247,1.0,1.0,0.06557377049180328,0.6226362500877729,0.03930337723650222,1.1102230246251565e-16,0.019651688618251166,0.582404678578007,0.12452725001755459,0.0019651688618251167,0.4559122596986273,high redundancy risk
NT5C2,CALM2,0.9224135929652936,0.7074816803992271,0.2640449438202247,1.0,1.0,0.04918032786885246,0.551758806801266,0.03930337723650222,0.24465110344867963,0.14197724034259093,0.5783063179222693,0.11035176136025321,0.014197724034259094,0.45375683252775695,moderate correlation
NT5C2,CLDN12,0.9224135929652936,0.805650131495029,0.2640449438202247,1.0,1.0,0.04918032786885246,0.6190791818499661,0.03930337723650222,0.0,0.01965168861825111,0.5783063179222693,0.12381583636999323,0.001965168861825111,0.45252531269045093,high redundancy risk
RNF145,PSMB8,0.5397698695819814,0.5599685464333456,1.0,0.011976047904191617,1.0,0.0,0.06003930096638219,0.38051362907585307,0.39461831759543303,0.387565973335643,0.5029940119760479,0.012007860193276439,0.038756597333564305,0.45222955444920715,weak correlation / high independence
AGR2,CALM2,0.42747807269657895,0.7074816803992271,0.9831460674157303,0.09580838323353294,1.0,0.0,0.3221542915232838,0.2900457034734938,0.24465110344867963,0.2673484034610867,0.5197386126623158,0.06443085830465677,0.02673484034610867,0.42857291401155034,low-to-moderate correlation / partial independence
PSMB8,CALM2,0.5599685464333456,0.7074816803992271,1.0,0.011976047904191617,1.0,0.0,0.23982262471168,0.39461831759543303,0.24465110344867963,0.31963471052205633,0.5029940119760479,0.047964524942336,0.031963471052205636,0.4230660159815062,low-to-moderate correlation / partial independence
AGR2,PSMB8,0.42747807269657895,0.5599685464333456,0.9831460674157303,0.09580838323353294,1.0,0.0,0.3347063101076779,0.2900457034734938,0.39461831759543303,0.3423320105344634,0.5197386126623158,0.06694126202153558,0.03423320105344634,0.41856414958733384,low-to-moderate correlation / partial independence
RNF145,CALM2,0.5397698695819814,0.7074816803992271,1.0,0.011976047904191617,1.0,0.0,0.3595453259094493,0.38051362907585307,0.24465110344867963,0.3125823662622663,0.5029940119760479,0.07190906518188987,0.031258236626226635,0.39982671016793137,low-to-moderate correlation / partial independence
