gene,mean_pdac,mean_normal,log2fc,p_value,auc,fdr,log_fdr_x,mean_pdac_val,mean_normal_val,log2fc_val,p_value_val,auc_val,fdr_val,log_fdr_y,stability_score
LAMA3,6.041473033707865,0.6765263473053893,5.364946686402476,2.072310181061937e-55,0.9883435376438136,1.8421548211955891e-53,52.734673872963604,5.885299710144927,4.643436721311476,1.241862988833451,4.684040179948676e-15,0.8990258968876218,1.8738971143902674e-11,10.72725425756734,0.9436847172480339
LAMC2,6.651151123595506,-0.1880233532934132,6.839174476888919,7.863213222707313e-53,0.9764515911996231,1.7079528876507866e-51,50.76752411310573,7.30351536231884,4.657405573770492,2.6461097885483476,9.30317135103661e-16,0.9092421002613447,1.0545096188278471e-11,10.976949454440565,0.9428468457205416
TSPAN1,7.57738426966292,1.0808395209580839,6.496544748704836,1.1815920102773842e-55,0.9894536769158312,1.310962908220823e-53,52.88240959586362,6.91471347826087,4.530672295081967,2.384041183178903,8.461172356753277e-15,0.8952245188880968,2.021277226500418e-11,10.694374117121779,0.9423390978829168
SLC2A1,6.931041573033708,1.3653784431137725,5.565663129919935,4.904575830498238e-56,0.9911861669918589,8.40102212650343e-54,53.07566787145063,7.531562173913043,5.864314590163935,1.6672475837491083,1.134858815952855e-14,0.8933238298883345,2.021277226500418e-11,10.694374117121779,0.9422549984210512
COL17A1,5.246620224719101,-3.8837467065868267,9.130366931305929,4.2689869196561617e-54,0.9823218731077172,1.4832830530271508e-52,51.828775965196904,5.810166521739131,4.162335409836066,1.6478311119030646,2.9953593168828192e-15,0.9018769303872654,1.497904310390176e-11,10.824515929491618,0.9420994017333796
CDH3,5.170007303370786,-1.2802449101796407,6.450252213550427,1.6516347738615243e-56,0.9933223440758931,5.240668882738977e-54,53.28061327913391,5.720421449275364,4.290745737704918,1.4296757115704457,2.619503652797069e-14,0.8878593490140175,2.7577858719420936e-11,10.559439457610551,0.9405908465190158
DNTTIP1,5.615598314606741,2.47169880239521,3.143899512211531,1.8786645249742837e-56,0.9930700396958891,5.240668882738977e-54,53.28061327913391,6.058345797101449,5.40264475409836,0.6557010430030887,2.619503652797069e-14,0.8878593490140176,2.7577858719420936e-11,10.559439457610551,0.9404646943290175
STYK1,1.879526404494382,-5.054156886227545,6.933683290721928,1.4171866052522892e-54,0.9845253313597524,6.391086106411421e-53,52.19442533120947,4.007133188405799,2.978756721311475,1.0283764670943238,8.155484052343968e-15,0.8954621050130672,2.021277226500418e-11,10.694374117121779,0.93999371816741
LAMB3,6.999462921348314,0.12672994011976046,6.872732981228554,3.3716904124637306e-52,0.9734912198075758,6.19175536214852e-51,50.2081862110732,6.464281594202898,4.379703606557377,2.0845779876455213,1.5815271991618964e-15,0.9059158945117605,1.0545096188278471e-11,10.976949454440565,0.9397035571497588
MBOAT2,4.2217617977528095,-0.11327604790419163,4.335037845657001,1.0726233988836029e-54,0.9850804009957613,5.245020979131915e-53,52.28025277036785,6.040442318840579,4.4909988524590165,1.5494434663815628,1.2210306963896576e-14,0.8928486576383939,2.021277226500418e-11,10.694374117121779,0.9389645292980986
PYGB,6.310935393258427,3.2190059880239525,3.091929405234475,9.227567632051584e-56,0.989941465383839,1.1404222351333626e-53,52.942934323718255,6.580828405797101,5.67101131147541,0.9098170943216912,3.137191157496783e-14,0.8866714183891661,3.1376617361704075e-11,10.503393878477933,0.9383064418570618
AMIGO2,4.150980898876404,0.2284437125748503,3.922537186301554,1.1193006039648013e-53,0.9803875395276862,3.267052749420131e-52,51.485843853404226,5.3479152173913045,4.666145573770491,0.6817696436208136,1.2210306963896576e-14,0.8928486576383939,2.021277226500418e-11,10.694374117121779,0.9366180985641085
ITGB4,7.444093820224718,2.7550898203592817,4.689003999865436,1.613067549386072e-50,0.9655352216914485,2.1206263489808233e-49,48.67353584674568,6.2372771014492745,5.003835081967213,1.2334420194820614,1.5815271991618964e-15,0.9059158945117605,1.0545096188278471e-11,10.976949454440565,0.9357255580917371
KCNN4,5.785032584269662,-1.3735550898203592,7.158587674090022,2.601536187210228e-53,0.9786886900356591,6.512845785596683e-52,51.18622920514502,4.693664202898551,3.8553926229508195,0.8382715799477318,1.3136331522524338e-14,0.8923734853884533,2.021277226500418e-11,10.694374117121779,0.9355310876931465
GALNT5,2.5905432584269663,-6.450784431137724,9.04132768956469,1.74307144034704e-53,0.9794960640516719,4.6732662721725376e-52,51.330379473150586,6.232707391304348,3.772073770491803,2.4606336208125446,1.6349079199659108e-14,0.8909479686386315,2.1802042082052075e-11,10.661502826421472,0.935222016324762
PTPRR,1.6233280898876405,-4.136356886227545,5.759684976115185,4.204653058950959e-56,0.9914889322478637,7.697274401450192e-54,53.11366303092637,3.9345323188405787,2.928155901639344,1.0063764172012348,1.2139173039686035e-13,0.8776431456402947,9.339226088955375e-11,10.029689110838616,0.9345660388567979
S100A6,12.087774719101121,5.676380239520959,6.411394479580163,2.7264420591719014e-57,0.9968377851039494,3.98091527233166e-54,53.400017065608665,6.951413913043479,6.0943506557377045,0.8570632573057742,3.9682646802156424e-13,0.8695652173913043,2.1467697037927702e-10,9.668214542306403,0.93320150104729
NHS,0.9942651685393258,-2.5405467065868264,3.5348118751261524,3.4847493350721545e-52,0.9734239386395748,6.381372328785929e-51,50.19508591520839,4.927245072463768,4.362331967213115,0.5649131052506533,1.576449380438612e-14,0.8911855547636018,2.1802042082052075e-11,10.661502826421472,0.9323047466812623
AHNAK2,4.878788202247191,-0.9617940119760479,5.840582214223239,2.3035556192728972e-51,0.9695552714795129,3.501416495397654e-50,49.45575622659729,5.014432173913043,3.507559508196722,1.5068726657163212,9.447504069405943e-15,0.8945117605131859,2.021277226500418e-11,10.694374117121779,0.9320335159775105
TMPRSS4,6.2890235955056175,-4.290035329341317,10.579058924846935,2.054696613030158e-52,0.9745004373275921,3.973792746382294e-51,50.400794787314204,5.755229999999999,3.6957880327868855,2.0594419672131137,2.1860719071688496e-14,0.8890472796388692,2.5722350799469706e-11,10.589689343190123,0.9317738584592633
ITGA2,3.899707865168539,-1.375134730538922,5.274842595707461,4.989178855221829e-56,0.9911525264078583,8.494638946006253e-54,53.07085507554591,7.788557101449276,5.649985081967214,2.138572019482061,3.115806834462573e-13,0.8712283202660964,1.947671378429839e-10,9.710484317772597,0.9311904231556122
TMC7,2.0506460674157303,-2.2519706586826342,4.302616726098364,6.252937447565731e-52,0.9722296979075558,1.0770459530016115e-50,49.96776576679554,5.2587591304347825,4.121253770491804,1.1375053599429785,2.1860719071688496e-14,0.8890472796388691,2.5722350799469706e-11,10.589689343190123,0.9306384887492742
APOL1,6.90443202247191,1.3659748502994011,5.538457172172508,9.28374976481817e-57,0.9944493036399111,5.0742701558312363e-54,53.29462641451605,6.853267971014493,5.425290491803278,1.427977479211215,6.639454024329044e-13,0.8660014255167499,2.554019208627959e-10,9.592775840757115,0.9302253643407491
TRIM16,4.643542134831461,1.45975748502994,3.1837846498015208,5.640331168666021e-55,0.9863587431877818,3.395850361681646e-53,52.46905145521482,5.907759130434782,4.991275901639344,0.9164832287954372,2.619812946611998e-13,0.872416250890948,1.6904554313251544e-10,9.771996274874377,0.9293874968822562
RTKN2,0.690294382022472,-4.818913173652695,5.509207555675167,3.4237721582586468e-56,0.9918926192558702,6.964166555657978e-54,53.1571308508031,3.7091113043478265,2.86536,0.8437513043478266,8.146291239476991e-13,0.864575908766928,2.809487304538935e-10,9.551372926046797,0.928234263750613
FN1,9.789129775280898,4.075605389221557,5.713524386059341,2.513537924028268e-54,0.9833815515037341,9.803299941910784e-53,52.00862770947835,10.243600000000002,8.055572459016394,2.188027540983608,3.225541983804225e-13,0.8709907341411262,1.955167160667755e-10,9.708816105862947,0.9271861426411497
LEF1,3.905873595505618,-1.8182976047904187,5.724171200296037,2.162301476270884e-55,0.9882594361838122,1.8821661631712433e-53,52.72534203842053,5.589651594202898,4.357332786885247,1.2323188073176512,8.146291239476991e-13,0.864575908766928,2.809487304538935e-10,9.551372926046797,0.9264176722150943
FBXO32,5.185248314606742,1.628422754491018,3.5568255601157244,5.688147582969159e-53,0.9771075825876337,1.2920409986735802e-51,50.88872370521462,6.644671739130434,5.192126393442623,1.4525453456878106,1.6943506172466124e-13,0.8753860774530767,1.210431978456571e-10,9.917059611187966,0.9262468299082394
ANTXR1,5.566836516853933,0.39867065868263474,5.168165858171299,1.7497939552897464e-54,0.9841048240597456,7.465745061531583e-53,52.126926844340126,7.483648550724638,5.9325745901639335,1.5510739605607045,4.878250771658213e-13,0.8681397006414825,2.1684366707884275e-10,9.66385325690408,0.9261222621497903
ZNF185,3.4464691011235953,0.06499760479041915,3.3814714963331762,2.4845993843971635e-52,0.9741135706115859,4.7134169863138026e-51,50.32666413740049,4.447779710144929,3.817318032786885,0.6304616773580443,1.1313448485953727e-13,0.8781183178902353,9.052116402581296e-11,10.0432498700207,0.9261159441670775
SLC6A14,2.6794685393258426,-6.673035329341317,9.35250386866716,1.2044668462357745e-50,0.9661407522034582,1.6142501102571016e-49,48.79202917525878,5.60641420289855,2.9457254098360655,2.660688793062485,3.755176769011681e-14,0.8854834877643145,3.576895281454317e-11,10.446493774235224,0.9258121199507711
PKM,9.495907303370785,5.4689604790419155,4.02694682432887,5.931373032319754e-57,0.9953239588239252,4.97901427779867e-54,53.30285662834188,7.558804637681159,6.599468196721312,0.9593364409598468,3.0212907347345498e-12,0.8553100498930862,7.649984628720911e-10,9.116339437482774,0.9253170036506396
NOX4,2.7464286516853935,-2.5356353293413174,5.282063981026711,1.0039403356872144e-53,0.9806062033236896,2.9929683870174405e-52,51.52389787033535,5.313234492753622,3.901202786885246,1.4120317058683765,4.1074073003279383e-13,0.8693276312663342,2.1467697037927702e-10,9.668214542306403,0.9249669170964429
ASAP2,3.5917696629213487,0.8471257485029938,2.7446439144183548,3.712926688624178e-48,0.9541142434232659,3.679698161838825e-47,46.43418780415911,6.317414637681159,5.288840327868852,1.0285743098123072,8.778130484756775e-15,0.8949869327631266,2.021277226500418e-11,10.694374117121779,0.9245505880745085
MLPH,6.739384831460674,3.335994610778443,3.403390220682231,2.6687559443560706e-51,0.9692525062235081,4.0107335037537963e-50,49.39677619408772,5.72271884057971,4.479117213114754,1.2436016274649564,8.835330626234363e-14,0.8797814207650273,7.363879938190248e-11,10.13289330091307,0.9245169634261874
IGFBP3,7.832796067415728,2.0208407185628743,5.8119553488528535,6.230776844432438e-56,0.9907151988158514,9.194084088758102e-54,53.036491528526035,6.527489710144929,5.589899016393442,0.9375906937514866,2.315142629188975e-12,0.8572107388928486,6.52250676220663e-10,9.185585461972854,0.9239629682516945
VILL,5.427910674157303,0.5251275449101797,4.902783129247124,1.6999489072688844e-53,0.9795465249276727,4.582821304036747e-52,51.33886707668142,5.378903623188406,4.5524878688524595,0.8264157543359465,4.878250771658213e-13,0.8681397006414826,2.1684366707884275e-10,9.66385325690408,0.9238431125842481
RUNX2,2.315723033707865,-2.179015568862275,4.49473860257014,1.301125408336723e-53,0.9800847742716814,3.683964598635745e-52,51.43368455184409,4.969328260869565,3.936732131147541,1.032596129722024,5.407175480143527e-13,0.8674269422665716,2.3512985028111076e-10,9.628692232680923,0.923755858051924
COL10A1,5.797300561797752,-3.8772592814371265,9.674559843234878,4.359528207148556e-53,0.9776458319316422,1.0231791742907434e-51,50.99004830803552,5.3672149275362315,3.943910163934426,1.4233047636018057,4.1074073003279383e-13,0.869327631266334,2.1467697037927702e-10,9.668214542306403,0.9234867314007368
KRT19,10.108811797752809,3.843247904191617,6.2655638935611915,6.4429048127662925e-53,0.9768552782076296,1.4345564684023648e-51,50.843282351961115,7.426726811594204,5.601592295081969,1.825134516512235,4.1074073003279383e-13,0.869327631266334,2.1467697037927702e-10,9.668214542306403,0.9230914545388154
ECT2,3.436591011235955,-0.4215574850299401,3.858148496265895,5.5927681623818815e-55,0.9863755634797818,3.370678515642932e-53,52.4722826670994,5.287052753623188,4.096107704918033,1.1909450487051547,1.6566245618362264e-12,0.8595866001425517,5.098070940063082e-10,9.292594125582406,0.9229810813406245
CORO2A,3.438461797752809,-2.9883904191616764,6.426852216914485,2.333252954707013e-57,0.9971405503599542,3.98091527233166e-54,53.400017065608665,4.505592028985507,3.7066495081967212,0.7989425207887861,7.588723238465787e-12,0.8486576383939177,1.3085968184399234e-09,8.883194139926136,0.9228990931692331
S100A11,10.638037640449438,6.23259880239521,4.405438838054228,9.437233428427545e-53,0.9760815447756173,2.003778801996064e-51,50.698150222113505,7.440574202898549,6.862685901639345,0.577888301259204,4.400217860096164e-13,0.8688524590163934,2.1467697037927702e-10,9.668214542306403,0.9224670016979729
NQO1,7.517013483146067,1.468143113772455,6.048870369373612,1.0472463883253935e-56,0.9942138195519074,5.0742701558312363e-54,53.29462641451605,5.85886,4.548117049180328,1.3107429508196722,6.238377562853002e-12,0.8500831551437397,1.1554283924976721e-09,8.937256964686624,0.9221484862823469
INPP4B,3.39865,-0.5158844311377246,3.9145344311377244,3.8161493967975826e-53,0.9779149566036466,9.113487477121859e-52,51.040315398851725,6.511840144927536,5.331611475409836,1.1802286695177004,6.416456727589117e-13,0.8662390116417201,2.516634978862061e-10,9.599179771405172,0.9220769838906303
ANO1,5.42690786516854,0.4511796407185628,4.975728224449978,3.5128693219900287e-56,0.9918421583798694,7.083859662498181e-54,53.1497300511531,6.272047101449276,5.067393114754098,1.2046539866951784,5.124373203706083e-12,0.8515086718935614,1.0148795761755721e-09,8.993585487312535,0.9216754142013258
SERPINB5,3.63745,-4.476344910179641,8.11379491017964,6.324034894576454e-50,0.962692592343403,7.651141845501513e-49,48.11627374652022,4.94031,2.9661829508196726,1.9741270491803276,8.231165935264429e-14,0.880256593014968,7.158609226221494e-11,10.145171344179131,0.9214745926132206
PLAU,6.223492134831459,0.9498161676646706,5.273675967166788,5.1385667844956686e-55,0.9865437663997847,3.2194907037704895e-53,52.492212824588634,7.140159855072462,5.84564344262295,1.2945164124495125,2.734680370104605e-12,0.8560228082679971,7.197606768842424e-10,9.14281188410529,0.9212832866707875
SDC1,6.899621348314606,2.3286868263473055,4.570934521967301,1.2068076576727342e-53,0.9802361568996837,3.474004884232258e-52,51.45916957529778,6.4042237681159415,5.62953344262295,0.7746903254929913,1.1435706788938028e-12,0.862200047517225,3.689491014502054e-10,9.433033543011652,0.9212181018685718
TRIM59,1.781208426966292,-1.3187353293413173,3.099943756307609,5.984744054236165e-55,0.9862410011437798,3.562929791069195e-53,52.448192735507995,4.542027101449276,3.7261136065573774,0.8159134948918982,2.8271216751707756e-12,0.8557852221430269,7.250117290825773e-10,9.139654967450197,0.921013110975658
SULF1,6.67643988764045,0.1419796407185629,6.5344602469218875,2.1078501490141992e-55,0.9883098970598129,1.8540535972883002e-53,52.73187771535328,8.338388695652172,6.3576829508196715,1.980705744832501,3.937435775082962e-12,0.8534093608933239,8.655003055932361e-10,9.062732774446665,0.920859628179564
HSD17B6,1.302665168539326,-3.647562874251497,4.950228042790823,6.944874720480251e-54,0.9813462961717017,2.2231568633904566e-52,51.65302989290091,2.965408260869565,2.2264414754098363,0.7389667854597288,1.4977420126008667e-12,0.8602993585174625,4.681145855946115e-10,9.329647826839725,0.9208228269135316
MTMR11,5.1231865168539334,1.4002419161676647,3.7229446006862688,3.730176991474923e-51,0.968562874251497,5.472514358567304e-50,49.261813090273805,5.249574492753624,4.292510983606557,0.9570635091470665,2.4439096295440153e-13,0.8728914231408885,1.685707735164446e-10,9.773217720344762,0.920727148540985
MICAL2,4.831538764044943,2.1799299401197603,2.6516088239251827,2.2316662130797064e-52,0.9743322344075893,4.289148242402306e-51,50.36762894332849,6.222449855072463,5.0886719672131155,1.1337778878593472,6.200816566365479e-13,0.8664765977666904,2.516634978862061e-10,9.599179771405172,0.9204044158555077
IFI27,9.6286797752809,3.577565868263473,6.051113907017427,3.533698539820869e-57,0.9963331763439413,3.98091527233166e-54,53.400017065608665,6.353876376811595,5.123953770491803,1.229922606319792,1.5464496750935238e-11,0.8434307436445712,2.1187419760887503e-09,8.67392192917118,0.9198819580452637
CTSE,7.524297752808987,-0.5823035928143713,8.106601345623359,2.814373409089607e-48,0.9547029536432753,2.824547004931956e-47,46.54905119352007,7.70832927536232,5.156982295081968,2.5513469802803517,4.1818880490688155e-14,0.8847707293894037,3.802286665705614e-11,10.419955143482973,0.9197368414813685
EFNA5,2.7299488764044946,-2.2329341317365268,4.962883008141022,1.1475941160612076e-54,0.984945838659759,5.483459291434062e-53,52.26094537633401,5.391439999999999,4.38775524590164,1.0036847540983596,3.685648422388758e-12,0.8538845331432644,8.466832299038193e-10,9.072279042132633,0.9194151851230583
POSTN,7.0321584269662925,-0.2745089820359281,7.306667409002221,3.508764487706936e-55,0.9873006795397967,2.512798685261125e-53,52.59984230383973,8.623709130434785,6.123960983606557,2.499748146828227,5.124373203706083e-12,0.8515086718935614,1.0148795761755721e-09,8.993585487312535,0.919404674783594
CEMIP,3.0615662921348314,-1.7641628742514968,4.825729166386328,1.5814228647252427e-54,0.9843066675637488,6.939425680784228e-53,52.15867647104188,5.161633623188405,3.7743799999999994,1.3872536231884056,3.565744334925769e-12,0.8541221192682348,8.293672550176762e-10,9.08125311539817,0.9192143926536255
SLC16A3,6.4819966292134845,0.9464856287425151,5.53551100047097,3.8597731996873804e-56,0.9916571351678665,7.270397871732682e-54,53.13844182177234,6.520032173913044,5.713590491803278,0.8064416821097655,9.842654138986285e-12,0.8467569493941554,1.6006716320499401e-09,8.795697751787985,0.9192070408096623
SEC14L2,4.235382584269663,0.4899239520958083,3.7454586321738548,1.0562955658474337e-56,0.9941969992599071,5.0742701558312363e-54,53.29462641451605,4.76996304347826,4.169789836065573,0.6001732074126869,1.450157173664172e-11,0.8439059158945118,2.0719638532003166e-09,8.68361782541936,0.9190514556729682
NTM,3.949367415730337,-2.234425149700599,6.183792565430936,3.128117180956292e-54,0.982944223911727,1.167186194761787e-52,51.932859857830024,5.629358840579709,4.762410655737706,0.8669481848420029,3.2285195808508216e-12,0.8548348776431457,7.972849034044319e-10,9.09838645919803,0.9188895500448196
S100P,8.132743258426965,-2.05762874251497,10.190372000941935,4.212059828061497e-52,0.9730370719235686,7.561957609183898e-51,50.12136576153433,5.31719347826087,4.341677868852459,0.9755156094084105,8.146291239476991e-13,0.864575908766928,2.809487304538935e-10,9.551372926046797,0.9188064900871108
ABHD17C,4.957999438202247,1.144167664670659,3.813831773531588,1.191473543595745e-56,0.9939615151719032,5.1387242064051177e-54,53.28914469012773,5.9971299999999985,5.1671134426229495,0.830016557377049,1.5464496750935238e-11,0.843430743644571,2.1187419760887503e-09,8.67392192917118,0.9186961274617571
CAP1,7.642098314606743,4.487074251497006,3.155024063109737,1.1671382783696875e-54,0.9849121980757586,5.531725524690507e-53,52.25713937702072,8.71279739130435,7.9399857377049186,0.7728116535994323,4.492636926237988e-12,0.8524590163934427,9.459601730056681e-10,9.024127147961819,0.9186856063655605
OAS1,5.481532022471909,0.4603616766467066,5.021170345825203,3.5735466497188373e-56,0.991808517795869,7.120474023373443e-54,53.14749109359871,5.603815217391303,4.599985081967213,1.0038301354240904,1.1951722294570009e-11,0.8453314326443335,1.8390023158329531e-09,8.73541772385989,0.918569973530849
TPM4,8.53930393258427,4.750495209580839,3.788808723003431,9.69215961179978e-55,0.9852822444997645,4.886199674860954e-53,52.31102878952828,8.365045579710147,7.58627606557377,0.7787695141363766,4.958722522467289e-12,0.8517462580185317,1.0121359858868693e-09,8.994761133787986,0.9185142503294869
LGALS3BP,8.768080898876406,4.59528502994012,4.172795868936285,1.7083241140654683e-57,0.997746080871964,3.98091527233166e-54,53.400017065608665,6.9294376811594205,6.284495409836065,0.6449422713233552,2.7476053280081292e-11,0.8391541933951057,3.1953691497759656e-09,8.495478962090948,0.9184501341987475
PGK1,8.22281629213483,5.297347904191617,2.925468387943213,2.1807614587376635e-55,0.9882426158918117,1.8898104587915838e-53,52.72358175182083,8.166930869565217,7.23711737704918,0.9298134925160371,7.588723238465787e-12,0.8486576383939178,1.3085968184399234e-09,8.883194139926136,0.9184501259409839
FERMT1,3.6805499999999998,-0.6142095808383232,4.294759580838323,6.733250479242485e-52,0.9720783152795532,1.1506433673410268e-50,49.93905926159683,4.91835,3.5779539344262297,1.3403960655737706,8.146291239476991e-13,0.8645759087669279,2.809487304538935e-10,9.551372926046797,0.9183271117652377
CEACAM6,8.14583202247191,0.4235311377245509,7.722300884747359,4.803312281509546e-51,0.9680414451994886,6.905100288665294e-50,49.16083000941009,7.588072463768116,5.166763934426229,2.4213085293418866,4.713499119393085e-13,0.868377286766453,2.1684366707884275e-10,9.66385325690408,0.918209365783863
HN1,7.670076966292133,2.823752694610778,4.846324271681356,9.125283028392019e-57,0.9944829442239116,5.0742701558312363e-54,53.29462641451605,5.290676811594203,4.499751967213115,0.7909248443810881,1.935380637089864e-11,0.8417676407697791,2.4658228588349393e-09,8.60803812571018,0.9181252902329109
LGALS3,8.684065730337078,4.827576047904192,3.856489682432886,1.1015397427805415e-50,0.9663257754154614,1.4858231561553512e-49,48.82803287757157,7.020278405797102,6.1479409836065555,0.8723374221905464,3.9682646802156424e-13,0.8695652173913042,2.1467697037927702e-10,9.668214542306403,0.9179454962063212
SLC44A1,4.426851685393258,1.8888814371257487,2.5379702482675093,8.420812136822322e-54,0.9809594294556954,2.596313662037834e-52,51.585642841354186,7.672011594202898,6.922520655737704,0.7494909384651942,3.4496673605239005e-12,0.854359705393205,8.11808190735995e-10,9.090546571183921,0.9176595666794867
PTTG1IP,7.631291573033708,4.761447904191616,2.8698436688420914,6.962525092693285e-56,0.9904965350198478,9.702114536303471e-54,53.01313360270615,7.971766521739132,7.281865409836066,0.6899011119030654,1.3166322609407512e-11,0.8446186742694227,1.922379205518091e-09,8.716160939966116,0.9175576028807415
CTHRC1,6.537457303370787,-0.16315209580838325,6.700609399179171,5.118816438043051e-56,0.9911020655318576,8.518903004460226e-54,53.06961632656933,6.7126568115942025,5.780142622950819,0.9325141886433839,1.4975456406305776e-11,0.8436683297695414,2.1095355950375665e-09,8.675813142195835,0.9173851957154427
S100A16,8.303496629213482,3.6933287425149706,4.610167886698512,7.87502851363892e-54,0.9810939917916974,2.4564805397096996e-52,51.609686672005516,6.316877826086958,5.313195409836066,1.003682416250892,3.809503109100822e-12,0.8536469470182941,8.466832299038193e-10,9.072279042132633,0.9173704686282735
PALLD,6.366860674157302,2.3413215568862276,4.025539117271075,1.3911067131678953e-53,0.9799502119356792,3.893570108174318e-52,51.40965200092953,5.9676599999999995,4.968603606557376,0.9990563934426238,3.337297790519034e-12,0.8545972915181753,8.042887675150871e-10,9.094587996497358,0.9172737509891743
ANLN,2.6499140449438205,-2.779502395209581,5.4294164401534015,8.83175028011156e-55,0.9854672677117675,4.598869005859692e-53,52.33734896068961,4.684427246376811,3.2193477049180323,1.4650795414587785,7.345291795034558e-12,0.8488952245188881,1.3085968184399234e-09,8.883194139926136,0.9171812449151073
CTNNA1,7.478083707865168,5.159963473053892,2.3181202348112757,5.978863048965567e-53,0.977006660835632,1.352308016492092e-51,50.86892437745707,8.2513915942029,7.655447213114754,0.5959443810881462,2.393657864128466e-12,0.8569731527678783,6.558950446049548e-10,9.183165650251881,0.9169899062003061
ESM1,2.4407168539325843,-3.29304131736527,5.733758171297854,2.8864941730844338e-55,0.987687546255803,2.2337346783812315e-53,52.650968413386046,3.6984240579710144,2.91292262295082,0.7855014350201945,1.1571792106562805e-11,0.8455690187693039,1.822602815020282e-09,8.73930796329174,0.9166282808419042
HOXB5,2.223377528089888,-1.9250125748502995,4.148390102940187,3.5407130517446584e-53,0.9780663392316491,8.539255301945403e-52,51.06858000195243,4.2962860869565205,3.453107868852459,0.8431782181040615,3.337297790519034e-12,0.8545972915181753,8.042887675150871e-10,9.094587996497358,0.9163318146379169
PCDH7,2.7176224719101123,-3.1405425149700603,5.858164986880173,3.1690395477835038e-55,0.9875025230438,2.3559074333592058e-53,52.62784177753989,5.1795026086956515,4.2390106557377045,0.940491952957947,1.2343863062181556e-11,0.8450938465193631,1.870562824491043e-09,8.728027701060217,0.9162981830675884
TPX2,3.041775280898876,-3.6129107784431134,6.654686059341989,5.68105216647969e-57,0.9954080602839265,4.97901427779867e-54,53.30285662834188,4.180218695652175,3.205552131147541,0.9746665645046342,3.595724752082346e-11,0.8371347113328582,3.9089827291251716e-09,8.407936248386429,0.9162713822267035
LY6E,8.508960674157304,4.209146107784432,4.299814566372873,1.216941762510847e-53,0.9802193366076835,3.498020872897347e-52,51.45617760338876,6.479285362318841,5.595721967213116,0.8835633951057247,4.643015062753133e-12,0.8522214302684723,9.67439898960947e-10,9.01437600549289,0.9162203825516897
HEPH,3.8596219101123594,-0.974085628742515,4.833707538854874,5.3156630490397364e-55,0.9864764852317837,3.2675430962832824e-53,52.485778675712346,4.928494347826087,3.8604744262295085,1.0680199215965782,1.2343863062181556e-11,0.8450938465193633,1.870562824491043e-09,8.728027701060217,0.9157851641625397
LMO7,6.421765168539326,3.5683059880239516,2.8534591805153746,3.9782837071209274e-53,0.9778308551436453,9.454435612448318e-52,51.024364391484745,6.478409420289854,5.308826229508197,1.1695831907816565,3.809503109100822e-12,0.853646947018294,8.466832299038193e-10,9.072279042132633,0.9157389003056289
MYOF,5.516087078651685,1.4979790419161676,4.0181080367355175,1.9399261693729496e-51,0.9699084976115185,2.9866705631547113e-50,49.524812678465295,8.061011304347826,6.673032786885246,1.3879785174625798,1.2655312881858027e-12,0.8614872891423141,4.01816227898105e-10,9.395972527656753,0.915697893008974
CEACAM5,6.214876966292135,-4.248068862275449,10.462945828567584,1.0238768371215277e-50,0.9664771580434636,1.3868145432466177e-49,48.85798161263243,6.948023768115941,4.153349180327869,2.794674587788072,7.873694401546604e-13,0.8648134948918983,2.809487304538935e-10,9.551372926046797,0.9156453262104316
MMP11,7.742153370786515,-0.8678982035928146,8.61005157437933,1.2121424549353368e-56,0.9939278745879029,5.145544721200505e-54,53.28856864288616,6.49963,5.267846557377048,1.2317834426229517,3.652902467108271e-11,0.837015918270373,3.928441292987459e-09,8.405779732609988,0.9154718928327604
MALL,5.8672151685393255,0.367140119760479,5.500075048778847,1.753963906901946e-56,0.9932046020318912,5.240668882738977e-54,53.28061327913391,6.248023333333334,5.266436065573772,0.9815872677595623,3.322718312958844e-11,0.8377286766452839,3.7130913080511595e-09,8.430264370974434,0.9154666359393763
ITGA3,6.954262359550562,3.2125910179640718,3.74167134158649,6.190873591489295e-55,0.9861737199757789,3.6449001594274814e-53,52.43831436331406,6.868181739130437,5.4386068852459015,1.4295748538845352,1.3166322609407512e-11,0.8446186742694226,1.922379205518091e-09,8.716160939966116,0.9153961953628621
ANXA2P2,4.722287078651686,0.09767844311377248,4.624608635537913,1.0110374149438191e-54,0.9851981430397632,5.032080102363965e-53,52.29825245426037,9.557984782608697,8.81820786885246,0.7397769137562378,1.1571792106562805e-11,0.8455690187693039,1.822602815020282e-09,8.73930796329174,0.9153835792361528
LPCAT4,6.395644943820224,3.396689221556885,2.9989557222633385,8.264532338227879e-53,0.9763506694476215,1.783878293683594e-51,50.748634778987174,5.381187971014491,4.815770655737705,0.5654173152767861,3.4496673605239005e-12,0.8543597053932049,8.11808190735995e-10,9.090546571183921,0.9153551866773204
TNS4,3.7208039325842703,-4.475983832335329,8.196787764919598,1.1199366716598425e-49,0.961498351611384,1.3113533912153755e-48,47.882280256309045,5.316230579710145,4.009656393442623,1.3065741862675218,4.400217860096164e-13,0.8688524590163934,2.1467697037927702e-10,9.668214542306403,0.9151754051174217
ITGA11,3.124099438202248,-1.6963736526946107,4.820473090896859,2.2876587358101356e-52,0.9742817735315885,4.385253154531857e-51,50.358005330361166,5.208773768115942,4.114085737704918,1.0946880304110245,2.8271216751707756e-12,0.8557852221430268,7.250117290825773e-10,9.139654967450197,0.9150334971738976
SEMA7A,4.1319910112359555,-1.5056053892215568,5.637596400457513,3.075944789460839e-54,0.9829778644957275,1.1543364619564728e-52,51.93766758609085,5.155986666666666,4.2758049180327875,0.8801817486338788,9.52854818968419e-12,0.8469945355191257,1.5622913888381382e-09,8.806237961007865,0.9149861985779516
AP1S3,3.0793775280898874,-0.6188419161676646,3.698219444257552,3.878913788434956e-52,0.9732052748435712,7.015456889172836e-51,50.15394403981949,5.574764637681159,4.732865573770493,0.8418990639106658,2.474782967812712e-12,0.8567355666429081,6.689605906102388e-10,9.174599466364674,0.9149704201311605
EGLN3,4.7999,0.6449161676646706,4.154983832335329,4.777139996095984e-53,0.9774608087196395,1.1056880209849815e-51,50.95636739552482,6.152229275362319,4.764890491803278,1.3873387835590405,4.492636926237988e-12,0.8524590163934427,9.459601730056681e-10,9.024127147961819,0.9149599116910254
MYO1E,6.003463483146068,2.405532335329341,3.597931147816727,7.845848083920659e-55,0.9857027517997712,4.259662897165488e-53,52.3706247689005,7.340207246376811,6.385416229508197,0.9547910168686142,1.7027361726320907e-11,0.8427179852696601,2.285894742359712e-09,8.640943771256921,0.9142103664449269
EFNB2,4.410029775280899,0.33404191616766465,4.075987859113234,9.227567632051584e-56,0.989941465383839,1.1404222351333626e-53,52.942934323718255,5.7087784057971005,4.75214950819672,0.9566288976003801,3.021799313920493e-11,0.8384414350201949,3.4540029529343785e-09,8.461677295476562,0.914191447044397
AGR2,8.342893258426965,2.016365868263473,6.326527390163492,8.402786928472597e-53,0.976317028863621,1.8110509972658322e-51,50.74206932024403,6.251004057971015,4.391690163934427,1.859313894036588,4.798324194950725e-12,0.851983844143502,9.894935966144264e-10,9.00458701193158,0.9141504355990155
CARD11,4.10489213483146,-1.1363263473053893,5.2412184821368495,4.883880874410764e-55,0.9866446881517862,3.0997034182433046e-53,52.50867985777288,4.528360434782608,3.8435709836065564,0.6847894511760519,1.998241546530729e-11,0.8415300546448088,2.498176603453386e-09,8.60237686332208,0.9140873691147459
CD55,6.811683707865169,2.4524347305389225,4.359248977326246,1.2174611306096223e-54,0.9848280966157572,5.728521324678095e-53,52.24195746588726,7.508916086956522,6.62854868852459,0.8803673984319325,1.5969166492446055e-11,0.843193157519601,2.1730016146149554e-09,8.662939950983615,0.9140106250815325
PLAC8,5.783948314606741,-0.9487245508982036,6.732672865504945,1.8308993166266148e-56,0.9931205005718899,5.240668882738977e-54,53.28061327913391,6.454441884057969,4.68965131147541,1.7647905725825588,5.002471870291176e-11,0.83464005702067,4.90511984418796e-09,8.30935037726799,0.9138802743135876
UBE2T,3.523629213483147,-2.122492814371258,5.646122027854405,4.3102724634232335e-57,0.9959463096279351,4.3219358939909076e-54,53.36432167916784,3.803514492753624,3.1081198360655735,0.6953946566880504,7.50431559035527e-11,0.8315514373960561,6.701286819369485e-09,8.173841793584199,0.9137488673887023
ANXA2,10.565608988764046,6.667092215568862,3.898516773195184,2.495326161329833e-53,0.9787727914956603,6.287255993843567e-52,51.201538856422474,8.816491449275363,8.08230786885246,0.7341835804229024,7.588723238465787e-12,0.8486576383939178,1.3085968184399234e-09,8.883194139926136,0.9137152137491044
S100A10,10.046499438202247,5.486264670658682,4.560234767543565,1.609620771424091e-56,0.9933728049518938,5.240668882738977e-54,53.28061327913391,10.465950869565216,9.720869344262297,0.7450815253029184,6.034873568754423e-11,0.8332145402708483,5.614677953292778e-09,8.250675148951752,0.9132936674835213
RALA,4.982158426966293,2.0513107784431135,2.930847648523179,5.118816438043051e-56,0.9911020655318576,8.518903004460226e-54,53.06961632656933,6.117420579710145,5.527193770491804,0.5902268092183407,4.553212375156711e-11,0.8353528153955808,4.623244017272066e-09,8.335053183663804,0.913227436241646
FXYD3,8.98826235955056,4.146476646706586,4.841785712843975,2.6674106961306083e-53,0.9786382291596583,6.657843459310914e-52,51.1766664202873,7.3814139130434775,6.0573654098360645,1.324048503207413,8.643997647164245e-12,0.8477072938940367,1.452990629716188e-09,8.837737186442292,0.913172760200016
CCNB1,4.223028651685394,0.4947245508982036,3.72830410078719,8.969510777451023e-57,0.9945165848079124,5.0742701558312363e-54,53.29462641451605,5.021711304347827,4.103856229508196,0.9178550748396308,7.50431559035527e-11,0.831551437396056,6.701286819369485e-09,8.173841793584199,0.9130340049834813
BROX,4.210832584269663,1.9409365269461074,2.2698960573235554,3.951199052691979e-55,0.9870651954517932,2.71672760218015e-53,52.56595390475498,7.1038989855072465,6.554262786885245,0.5496361986220011,2.8361816018831294e-11,0.8389166072701353,3.279314484535736e-09,8.484216932720882,0.91299089836698
TBC1D2,3.719968539325843,-0.07278502994011972,3.7927535692659626,7.26622780328469e-56,0.9904124335598465,9.830551753908093e-54,53.00742210607906,4.814107101449276,4.158946885245901,0.6551602162033747,4.553212375156711e-11,0.8353528153955809,4.623244017272066e-09,8.335053183663804,0.9128826202572347
PRKCI,3.969905056179775,1.615873652694611,2.354031403485164,1.2201240191468501e-52,0.9755601157236091,2.5132238103249515e-51,50.59976883442333,6.721244637681159,5.995562950819672,0.7256816868614866,6.660003136252803e-12,0.8496079828937991,1.2222022269216957e-09,8.912856929306322,0.9125840481933418
IGFL2,3.377745505617978,-7.491762874251495,10.869508379869472,2.349839837161582e-54,0.9835161138397361,9.288526821913808e-53,52.03205316047861,4.4092208695652175,3.3338390163934424,1.0753818531717751,1.998241546530729e-11,0.8415300546448088,2.498176603453386e-09,8.60237686332208,0.9125230819626287
SLC6A6,4.419338202247191,0.3164766467065869,4.1028615555406045,8.929177753545788e-54,0.9808416874116934,2.714479304517207e-52,51.56631346510362,6.644728260869564,5.447375081967213,1.1973531789023513,1.4042383051519844e-11,0.844143502019482,2.035433247677909e-09,8.69134313580018,0.91249259285827
ITGB1,8.318126966292136,5.058947305389221,3.259179660902914,2.7113080799883534e-54,0.9832301688757317,1.0401515300183217e-52,51.98290338776176,9.110487971014493,8.494881639344262,0.6156063316702305,1.998241546530729e-11,0.8415300546448088,2.498176603453386e-09,8.60237686332208,0.9123801094809836
CD82,6.504257303370785,3.250029940119761,3.254227363251024,9.449548132863028e-55,0.9853327053757652,4.796914897497825e-53,52.31903798632354,6.663295507246375,6.100325901639343,0.5629696056070319,2.6617385906208098e-11,0.8393917795200762,3.1504589957507728e-09,8.501626168496104,0.9123622395735609
CLIC1,9.110446629213483,5.613838323353293,3.49660830586019,1.5027156698182598e-56,0.9935073672878961,5.240668882738977e-54,53.28061327913391,7.412352946859903,6.757894316939891,0.6544586299200121,7.984884166331087e-11,0.8310762651461154,7.005334999084242e-09,8.15457109167371,0.9122918098260959
TRIM29,5.812416853932585,-0.5146904191616767,6.327107273094262,7.013491703864742e-47,0.9478234542151651,6.224168421513414e-46,45.20591866416357,5.226771304347826,3.9464185245901637,1.2803527797576626,1.397223061774814e-13,0.8766928011404134,1.0351352927659854e-10,9.985002883963816,0.9122581275833582
GAPDH,11.277774157303371,7.69265389221557,3.5851202650878014,2.2932128252042934e-57,0.9971741909439548,3.98091527233166e-54,53.400017065608665,9.983575217391303,9.06787819672131,0.9156970206699935,1.348693221227046e-10,0.8270373010216204,1.014207161812203e-08,7.993873327011831,0.9121057367321458
SDR16C5,3.463606741573033,-3.9437215568862287,7.407328298459262,1.3365070293408415e-49,0.961128305187378,1.5509888725399334e-48,47.80939131799029,4.153142173913042,2.9560662295081963,1.1970759444048458,1.0687513458565962e-12,0.8626752197671655,3.50462838871631e-10,9.45535802542514,0.9119017621576841
LPCAT2,3.279992134831461,0.3315736526946108,2.94841848213685,9.672623937034876e-51,0.9665949000874656,1.3162183109301742e-49,48.88067207168781,6.3702331884057966,5.4327180327868865,0.9375151556189101,2.393657864128466e-12,0.8569731527678783,6.558950446049548e-10,9.183165650251881,0.9117840258296374
PLEC,6.008003370786516,3.17471377245509,2.833289598331426,5.618761659244763e-52,0.9724483617035592,9.790383008929728e-51,50.009200317858664,6.763299565217392,5.980905901639344,0.7823936635780475,5.47210996895126e-12,0.8510334996436207,1.0424630067517338e-09,8.981939347623891,0.9117409297231338
COL11A1,4.287275842696629,-3.0272718562874252,7.314547698984054,1.0515021011575761e-48,0.9567886698513086,1.1037098116450808e-47,46.957145096685984,6.134407101449276,4.279971147540984,1.8544359539082924,6.416456727589117e-13,0.8662390116417202,2.516634978862061e-10,9.599179771405172,0.9115138405171197
FAM83D,1.998820224719101,-3.5394095808383237,5.538229805557425,7.649286302073391e-55,0.9857532126757721,4.203591377690068e-53,52.37637950744862,4.105422173913044,3.231359016393443,0.874063157519601,3.539423152442005e-11,0.8372535043953433,3.86880225783046e-09,8.412423467365274,0.9115033550091314
ENO2,5.044933146067416,1.657852095808383,3.387081050259033,3.2354898124995577e-52,0.9735753212675772,5.96219656200178e-51,50.22459371022463,5.527333623188405,4.53116,0.9961736231884055,6.881164068312654e-12,0.8493703967688286,1.2513084078041637e-09,8.902635637308808,0.9114728578776692
CENPF,3.173991573033707,-2.8564197604790422,6.030411333512749,3.753153545350108e-53,0.9779485971876472,8.985021979573137e-52,51.04648085616262,4.311201449275362,3.1947462295081963,1.116455219767166,1.2748598036745224e-11,0.8448562603943929,1.903061242753841e-09,8.720547235379781,0.9114024270565654
BCAS1,3.9399314606741576,-2.0782377245508985,6.018169185225056,5.699809132701365e-51,0.967688219067483,8.088675358594444e-50,49.0921225947729,5.076504927536233,3.866463442622951,1.2100414849132815,3.12322024243495e-12,0.8550724637681159,7.809221813678289e-10,9.107392241265305,0.9113803407060823
HK1,5.37116797752809,2.0515712574850298,3.3195967200430605,8.83175028011156e-55,0.9854672677117674,4.598869005859692e-53,52.33734896068961,5.4175910144927535,4.850936721311476,0.5666542931812772,3.539423152442005e-11,0.8372535043953434,3.86880225783046e-09,8.412423467365274,0.9113603825276823
CENPI,-0.14422808988764046,-4.684558682634731,4.5403305927470905,4.659447721551465e-53,0.9775112695956403,1.0818672492120744e-51,50.965826026171854,3.817245217391304,2.967837540983606,0.8494076764076977,1.450157173664172e-11,0.8439059158945118,2.0719638532003166e-09,8.68361782541936,0.9107085908581207
MISP,5.490058426966292,-2.2770347305389222,7.767093157505214,3.4731548661469727e-57,0.9963668169279419,3.98091527233166e-54,53.400017065608665,5.584601304347826,4.918622131147541,0.6659791732002853,1.8305130682571104e-10,0.8246614397719174,1.2412119628592197e-08,7.906154047317077,0.9105141170485193
EDNRA,3.2196382022471903,-1.521234131736527,4.7408723339837175,2.601536187210228e-53,0.978688690035659,6.512845785596683e-52,51.18622920514502,6.313127826086956,4.989362459016394,1.3237653670705622,1.81541286696868e-11,0.8422428130197196,2.389059445919375e-09,8.621773043756377,0.9104657493525325
RAC1,8.0901702247191,5.242085628742515,2.8480845959765855,7.022236840259933e-56,0.9904797147278476,9.702114536303471e-54,53.01313360270615,7.945289371980678,7.404489180327869,0.5408001916528091,8.762650809201251e-11,0.8303635067712045,7.620839310280549e-09,8.117997195622285,0.9104216038113492
DLGAP5,1.5546769662921347,-5.402683233532934,6.957360199825069,7.846519977866856e-56,0.9902610509318442,1.0376004217232918e-53,52.983969860408884,3.9573152173913044,2.998954426229508,0.9583607911617964,9.038005998977124e-11,0.8301259206462344,7.759108755259202e-09,8.110188160816804,0.9101934787267489
SFN,6.403380898876406,-1.0241113772455088,7.427492276121915,1.755932267033003e-49,0.960556415259369,2.0133933868674955e-48,47.69607136219313,5.216350579710144,4.3548755737704905,0.8614750059396536,1.7131730218647835e-12,0.8593490140175815,5.192212114600192e-10,9.284647573850464,0.9099527141660084
SLPI,8.439449999999999,3.1465407185628744,5.292909281437124,1.309275915575055e-51,0.9707158716275314,2.0876073056696325e-50,49.6803511919821,7.722285072463767,5.994647049180328,1.727638023283439,7.10951736418654e-12,0.8491328106438584,1.2811862687912014e-09,8.892387724566573,0.9099243399699123
LRRC8A,5.456673033707865,2.579207784431138,2.877465249276727,2.6660611182880653e-54,0.9832638094597321,1.027503462963376e-52,51.98821670576007,6.185930144927536,5.6067231147540975,0.5792070301734382,3.890643807071852e-11,0.8365407460204324,4.117700956235886e-09,8.385345196759376,0.9099022739933768
UNC5B,3.795929213483146,0.3705502994011976,3.425378914081948,1.335906749277121e-54,0.9846430734037542,6.099669000732895e-53,52.21469373139177,5.259966231884057,4.733881311475409,0.526084920408648,4.69839381072741e-11,0.8351152292706105,4.675719969949273e-09,8.33015150673764,0.9098791470828423
SAMD9,3.0452910112359555,-1.0592155688622753,4.1045065800982306,8.324275187629876e-55,0.9855850097557693,4.437164374581854e-53,52.35289448256323,5.243022463768117,4.3337013114754095,0.9093211522927076,5.4950047962859083e-11,0.8339272986457591,5.160402861037889e-09,8.287316392656477,0.9097561495060559
DDX60,3.8721264044943817,0.27275269461077845,3.5993737098836034,2.314913563611847e-53,0.9789241741236628,5.908930347274318e-52,51.22849112932524,5.880263333333333,4.745597049180329,1.1346662841530035,2.270291916620124e-11,0.8405797101449276,2.7522817701910508e-09,8.560307106419474,0.9097519396304016
PDLIM7,6.798552247191011,3.020694610778443,3.7778576364125676,1.487283161651941e-53,0.9798156495996772,4.1000722302462285e-52,51.387208492323914,6.170369565217391,5.372882295081967,0.7974872701354245,2.5785003169409656e-11,0.8396293656450463,3.088487535315577e-09,8.510254147071823,0.9097225048126951
ANOS1,1.1496724719101123,-3.958762275449102,5.108434747359214,5.720471932733522e-56,0.9908834017358542,8.818709639249012e-54,53.05459495654059,4.116812028985508,3.4535704918032786,0.6632415371822291,1.1216913486547887e-10,0.828462817771442,8.903647637754659e-09,8.050432035556412,0.9096731016542393
B3GNT3,5.353324719101123,0.001243113772455111,5.352081605328668,1.7795422164708388e-54,0.9840711834757452,7.559634705081813e-53,52.12149918986919,4.675725362318841,3.9756744262295083,0.7000509360893323,4.69839381072741e-11,0.8351152292706105,4.675719969949273e-09,8.33015150673764,0.9095932021201748
GJB2,4.84106797752809,-1.2174071856287423,6.0584751631568325,7.800750048063674e-48,0.9525331359752406,7.498781400814212e-47,46.12500930646182,4.789019565217391,3.9538816393442624,0.8351379258731284,6.200816566365479e-13,0.8664765977666905,2.516634978862061e-10,9.599179771405172,0.9095048666420764
RACGAP1,3.0482314606741574,-0.4892544910179641,3.5374859516921213,1.565055902236007e-55,0.9888986072798224,1.5780127333715582e-53,52.80188949668383,5.063495362318841,4.433880000000001,0.6296153623188401,9.614331746969927e-11,0.8296507483962936,8.080482266161322e-09,8.092562718522148,0.9092746704906801
PRR5L,3.4671966292134835,-0.8589760479041916,4.326172677117675,1.6775722963546412e-54,0.984188925519747,7.231336474816133e-53,52.14078143022989,5.131744202898552,4.532225245901641,0.5995189569969108,5.4950047962859083e-11,0.8339272986457591,5.160402861037889e-09,8.287316392656477,0.9090581073916469
MELK,1.8628601123595507,-3.330806586826348,5.193666699185899,3.608699323654259e-54,0.9826582789477225,1.3001304740405299e-52,51.88601306206817,4.44212608695652,3.4702744262295084,0.9718516607270118,4.848101067038248e-11,0.8348776431456403,4.777170721377639e-09,8.320829238091273,0.9087679567053417
ACSL5,5.341634831460674,0.639591616766467,4.702043214694207,1.2405011941795913e-52,0.9755264751396084,2.5516081620868902e-51,50.593186017297704,7.008451449275361,5.587100983606556,1.4213504656688052,1.8744572213147287e-11,0.8420052268947493,2.4190172772876463e-09,8.61636102977624,0.9087658488188586
FLNB,7.374506179775281,5.145705389221557,2.2288007905537244,1.4529300340939763e-47,0.9512043329072193,1.3648828468130086e-46,45.86490462420283,8.236960434782608,7.281084754098361,0.9558756806842466,6.416456727589117e-13,0.8662390116417202,2.516634978862061e-10,9.599179771405172,0.9087216720457777
TOP2A,3.5189061797752803,-2.644497005988024,6.163403185763304,1.0654226270757448e-56,0.994180178967907,5.0742701558312363e-54,53.29462641451605,5.173272318840581,4.008516229508197,1.1647560893323847,2.1964671475422565e-10,0.8232359230220955,1.435814782754502e-08,7.842901579603241,0.9087080379476367
SCEL,1.944952808988764,-3.9230736526946104,5.868026461683375,5.999757311583743e-47,0.9481598600551705,5.361070516624272e-46,45.27074848026221,4.065302608695651,2.519434590163935,1.5458680185317162,4.251337855638462e-13,0.8690900451413637,2.1467697037927702e-10,9.668214542306403,0.9086249524032062
ITGB5,7.202334269662921,3.3681730538922157,3.8341612157707052,1.3323722099172035e-56,0.9937428513758999,5.240668882738977e-54,53.28061327913391,6.9634795652173915,6.124936885245901,0.8385426799714901,2.1964671475422565e-10,0.8232359230220955,1.435814782754502e-08,7.842901579603241,0.9084893741547727
TMSB10,11.96941853932584,7.84444371257485,4.12497482675099,1.0472463883253935e-56,0.9942138195519074,5.0742701558312363e-54,53.29462641451605,10.015647391304347,9.102561967213116,0.9130854240912303,2.3336445004334947e-10,0.8227607507721549,1.515580874745818e-08,7.8194208837643995,0.9084872713931716
TSPAN5,2.7652320224719102,-1.1719011976047904,3.9371332200767006,2.4563020546130444e-55,0.9880071318038081,2.0323817890012255e-53,52.6919947052062,4.855421594202899,4.0326526229508195,0.8227689712520796,1.0546768698923461e-10,0.8289379900213827,8.541174667391336e-09,8.068482396701633,0.9084725531531727
MKI67,2.7943786516853932,-3.6902491017964074,6.484627753481801,1.2976878819224187e-55,0.9892686537038283,1.4077750705721705e-53,52.85146672972007,4.84465347826087,3.839771475409836,1.004882002851034,1.2684409223365514e-10,0.8275124732715609,9.684207545609937e-09,8.013935911614933,0.9083905546906518
ARNTL2,2.881093820224719,-1.4052976047904189,4.286391425015138,1.633097663461565e-55,0.9888145058198211,1.6051760775711737e-53,52.79447732131314,5.653350724637681,4.570949672131148,1.0824010525065333,1.2300843789395735e-10,0.8277500593965313,9.500145881053393e-09,8.022269725779566,0.908282273979362
CTNNB1,7.189576404494382,4.70931736526946,2.4802590392249213,3.787147460840795e-55,0.9871492969117943,2.6442775375865863e-53,52.57769296419521,8.875388695652173,8.226096229508197,0.6492924661439758,1.0226536400428432e-10,0.8291755761463531,8.418164922541971e-09,8.074782570124192,0.9081624288840126
RALB,5.552933146067415,2.7170275449101795,2.835905601157236,1.1226894360741235e-55,0.9895545986678329,1.2780583821576625e-53,52.89344930699938,6.7427156521739136,6.1542736065573775,0.588442045616536,1.4784552751211475e-10,0.8263245426467095,1.0754014861181204e-08,7.968429367698538,0.9079395608932755
FRMD5,0.8098292134831458,-4.0838197604790425,4.893648973962188,1.0486776794301563e-55,0.9896891610038351,1.2360681516840642e-53,52.90795758338608,4.106758550724639,3.577768032786885,0.5289905179377543,1.5243617059216603e-10,0.8260869565217392,1.1007872636661e-08,7.958296603955522,0.907888048768871
OCIAD2,7.6552915730337086,3.6883239520958084,3.9669676209379,2.588546670005761e-57,0.996938706855951,3.98091527233166e-54,53.400017065608665,6.335980000000001,5.3349047540983605,1.0010752459016405,4.010149687364007e-10,0.8184842005226894,2.272380288848222e-08,7.643518986549143,0.9077114330626641
KRT17,7.590242696629214,-0.5851724550898203,8.175415151719035,7.679598963302793e-52,0.9718091906075489,1.2934979495952873e-50,49.88823425537431,6.136692657004831,4.9591195081967205,1.1775731488081105,1.5464496750935238e-11,0.843430743644571,2.1187419760887503e-09,8.67392192917118,0.9076199652030474
ACTN4,8.14037808988764,5.4175580838323345,2.722820006055306,9.004254222982421e-54,0.9808248671196932,2.7316324010177793e-52,51.56357774457723,8.710394927536234,8.111905081967214,0.59848984556902,5.1616480308616126e-11,0.8344024708956997,5.0120604641419826e-09,8.299983698435106,0.9076136644586819
SYTL2,4.619748314606742,0.9646299401197607,3.6551183744869813,4.725631742306727e-51,0.9680750857834893,6.796764868550709e-50,49.16769775406733,5.978409130434782,4.913783606557376,1.0646255238774058,9.52854818968419e-12,0.8469945355191256,1.5622913888381382e-09,8.806237961007865,0.9075348092334736
EDIL3,3.870183707865169,-1.2352419161676647,5.105425624032834,4.3008355122179906e-55,0.9868969925317904,2.853309684498778e-53,52.544651089552175,6.9203469565217395,5.3102411475409825,1.610105808980757,1.1928622933172892e-10,0.8279876455215015,9.320634552041303e-09,8.030554519720168,0.9074423105687077
SQLE,4.8795882022471915,1.6141706586826348,3.2654175435645567,7.088546091589004e-55,0.9859045953037745,4.0121170878393763e-53,52.396626401209815,6.5176926086956515,5.539395081967213,0.9782975267284382,1.0876796974666125e-10,0.8287004038964124,8.70274279536986e-09,8.060343851615238,0.9073024917040732
YWHAZ,8.491105056179777,5.33084371257485,3.160261343604927,1.1917040693006763e-55,0.989436856623831,1.3196827236994881e-53,52.87953046872523,8.476490434782608,7.946091639344264,0.5303987954383445,1.887069657920906e-10,0.8244238536469469,1.2709445914946761e-08,7.895873382673881,0.9069303436088065
BCL2L1,6.8093219101123585,4.094404191616766,2.7149177184955926,2.0900049265478432e-55,0.9883267173518132,1.8494649335664533e-53,52.732953898629724,6.969422608695652,6.266691475409837,0.7027311332858153,1.6705983616079409e-10,0.8253741981468283,1.1766541911001282e-08,7.929351153948068,0.9068504470788269
HK2,4.042615168539326,-0.45360479041916163,4.496219958958488,4.9625078233190385e-51,0.9679741640314876,7.1147496524193e-50,49.14784037688478,6.177866666666667,5.013440163934427,1.1644265027322396,1.1951722294570009e-11,0.8453314326443335,1.8390023158329531e-09,8.73541772385989,0.906652796670574
SLC4A11,2.3882915730337078,-2.334792814371258,4.723084387404966,8.466229117458639e-55,0.9855513691717688,4.464087920160617e-53,52.35026726056138,4.819463768115942,4.204718360655737,0.6147454074602052,1.2300843789395735e-10,0.8277500593965312,9.500145881053393e-09,8.022269725779566,0.9066507056708359
ARPC2,8.03250393258427,5.201223353293413,2.8312805792908566,1.057656560122274e-55,0.9896723407118346,1.2391715789704589e-53,52.906868555899145,8.17140391304348,7.603159344262296,0.5682445687811848,2.1308645759266674e-10,0.8234735091470659,1.40672224792941e-08,7.851791643929438,0.9065729121764873
OAS2,4.021494382022472,-0.8804736526946108,4.901968034717083,5.972025919332386e-54,0.9816490614277064,1.9643304344773192e-52,51.7067854545331,5.506608840579711,4.467375901639344,1.0392329389403665,7.740953927572933e-11,0.8313138512710858,6.851429266072627e-09,8.164218821555743,0.9064814501387025
PML,5.595562359550562,2.7909952095808386,2.8045671499697233,2.2720173540590973e-54,0.9835833950077373,9.078925553760982e-53,52.04196554505634,4.975969130434783,4.458639836065574,0.5173292943692092,1.0226536400428432e-10,0.8291755761463531,8.418164922541971e-09,8.074782570124192,0.9063794779469931
CEACAM1,4.598489325842697,-0.25658023952095804,4.855069565363655,2.6514745378717483e-55,0.9878557491758057,2.1104080149872947e-53,52.67563357241458,5.396149565217392,4.297899672131147,1.098249893086245,1.7756137023443956e-10,0.8248990258968876,1.2375470692681165e-08,7.907438273982549,0.9063773763194998
TMEM159,4.871729775280898,2.089089820359281,2.7826399549216174,1.5679402677544553e-51,0.9703458252035255,2.457236726199137e-50,49.609553002278716,5.99333884057971,5.339973606557376,0.6533652340223339,1.81541286696868e-11,0.8422428130197197,2.389059445919375e-09,8.621773043756377,0.9062943169464317
CAPG,8.270393258426967,3.7539928143712573,4.51640044405571,6.234008226254453e-51,0.9675031958554801,8.772386161475188e-50,49.05688225887932,6.56520347826087,5.343447540983606,1.2217559372772646,1.2748598036745224e-11,0.844856260394393,1.903061242753841e-09,8.720547235379781,0.906179726400421
RHBDL2,2.9100438202247196,-2.5318323353293417,5.441876155554061,2.513537924028268e-54,0.9833815515037341,9.803299941910784e-53,52.00862770947835,3.997152318840579,3.102778360655738,0.8943739581848411,1.0546768698923461e-10,0.8289379900213827,8.541174667391336e-09,8.068482396701633,0.9061597630228895
CD109,1.9927494382022473,-2.7626203592814376,4.755369797483684,3.3402498266289143e-53,0.9781840812756509,8.132800294835761e-52,51.08975989189703,5.535994782608695,4.286191639344262,1.2498031432644332,5.4950047962859083e-11,0.8339272986457591,5.160402861037889e-09,8.287316392656477,0.9060556852850927
FXYD5,8.146684269662922,3.15588622754491,4.990798042118012,5.032023881254625e-56,0.9911357061158581,8.494638946006253e-54,53.07085507554591,6.755827826086957,6.011378852459016,0.7444489736279412,2.9710149037639893e-10,0.8208600617723925,1.839913656965668e-08,7.735202556981335,0.9059978672745465
SPATS2L,6.947544943820224,3.8902958083832333,3.057249135436991,3.262435992652742e-54,0.9828601224517257,1.2080705618558172e-52,51.91790769838902,7.668426376811596,6.949398688524589,0.7190276882870075,1.0546768698923461e-10,0.8289379900213828,8.541174667391336e-09,8.068482396701633,0.9058990484991123
XRCC4,3.08285786516854,-0.12970898203592815,3.212566847204468,1.9111955186004772e-56,0.9930363991118885,5.306149036736235e-54,53.27522055591359,4.570652463768115,3.9958296721311477,0.5748227916369677,3.892033746241687e-10,0.8187217866476597,2.2371365237377145e-08,7.650307511792178,0.9058790726140221
PSEN1,5.080819101123596,2.517423952095808,2.5633951490277878,3.03734806966104e-55,0.9875866245038014,2.298848672723687e-53,52.638489616274924,6.07352652173913,5.566205573770491,0.5073209479686396,2.1308645759266674e-10,0.8234735091470659,1.40672224792941e-08,7.851791643929438,0.9055300540871406
ADAM10,5.195353370786517,2.541547904191617,2.6538054665949,3.300284529117965e-51,0.968815178631501,4.873556037314331e-50,49.31215403594868,8.150607246376813,7.470404590163934,0.6802026562128791,1.81541286696868e-11,0.8422428130197196,2.389059445919375e-09,8.621773043756377,0.9055289936622477
APLP2,7.8676438202247185,5.058233532934133,2.8094102872905857,5.5927681623818815e-55,0.986375563479782,3.370678515642932e-53,52.4722826670994,9.066424637681157,8.416095573770493,0.6503290639106645,1.8305130682571104e-10,0.8246614397719173,1.2412119628592197e-08,7.906154047317077,0.9055184903864456
PLAT,6.9784039325842695,1.5168940119760477,5.461509920608222,9.52660379097815e-57,0.9943988427639103,5.0742701558312363e-54,53.29462641451605,7.855696956521739,6.441765901639345,1.4139310548823945,5.089789572406474e-10,0.816583511522927,2.707740979171455e-08,7.567392882341689,0.905491152625063
MST1R,5.288828651685393,1.6196736526946107,3.6691549989907823,5.3766675699347544e-45,0.9383704501110138,4.142714230097959e-44,43.38271502387574,5.195175652173913,4.248675081967213,0.9465005702067,2.619812946611998e-13,0.872416250890948,1.6904554313251544e-10,9.771996274874377,0.9053933503479282
BUB1,1.7171960674157303,-3.689464071856287,5.4066601392720175,5.528205654825156e-56,0.9909506829038552,8.808327550011181e-54,53.05510654388673,3.6326714492753616,2.9002673770491807,0.7324040722261809,3.777316444285924e-10,0.8189593727726301,2.196443628925911e-08,7.658279938294664,0.9049550079614156
CELSR1,3.176239325842697,-1.073459880239521,4.249699206082218,6.389622600755268e-53,0.97687209849963,1.4254016815492932e-51,50.84606273320067,4.667640724637681,4.0846947540983605,0.5829459705393205,6.626511597312654e-11,0.8325017818959373,6.05251650598379e-09,8.21806401750822,0.904686934722151
AFAP1,3.5556747191011238,0.16051257485029943,3.395162144250824,8.85472469116758e-54,0.9808585077036935,2.6960427605680248e-52,51.56927322395739,5.775541014492756,5.038658196721311,0.7368828177714448,1.1216913486547887e-10,0.8284628177714422,8.903647637754659e-09,8.050432035556412,0.9046606546827881
SLC9A2,-0.1828022471910112,-7.469137125748502,7.286334878557491,8.686671019883396e-52,0.9715568862275448,1.442795222613522e-50,49.84079530438807,3.884839565217391,3.0225714754098356,0.8622680898075554,3.322718312958844e-11,0.8377286766452839,3.7130913080511595e-09,8.430264370974434,0.9046427780773932
REEP3,4.0478370786516855,1.3091850299401198,2.7386520487115655,8.905065431904446e-53,0.9761992868196192,1.9052872098845668e-51,50.72003954793264,7.193916521739132,6.460562377049181,0.733354144689951,6.226103867545649e-11,0.8329769541458779,5.765775725116464e-09,8.239142254635752,0.9045881152670964
MMP12,2.329920786516854,-8.952801197604789,11.282721984121643,1.500060779449286e-57,0.9979983852519679,3.98091527233166e-54,53.400017065608665,4.557217246376813,3.150001967213115,1.4072152791636978,1.0024946573416926e-09,0.8111190306486101,4.631154880093736e-08,7.33431069461714,0.9045586660587742
NMU,2.768774157303371,-6.810741916167664,9.579516073471034,1.2583327091426285e-53,0.9801520554396823,3.585330176764802e-52,51.4454708435264,3.3977655072463775,2.563734590163934,0.8340309170824436,1.0546768698923461e-10,0.8289379900213827,8.541174667391336e-09,8.068482396701633,0.9045450150046555
NEK2,2.0559,-5.356553293413174,7.412453293413174,2.5366136842955565e-56,0.9924813294758796,6.016087702012874e-54,53.22068584126239,3.897272028985506,3.2083749180327867,0.6888971109527193,5.089789572406474e-10,0.816583511522927,2.707740979171455e-08,7.567392882341689,0.9045323960070083
AP3M2,3.387115168539326,1.1869425149700599,2.2001726535692665,5.21765006021399e-52,0.9725997443315616,9.173324074951853e-51,50.03747326347734,5.964605072463768,5.231216557377048,0.7333885150867197,4.143504609279684e-11,0.8360655737704917,4.294431227949301e-09,8.36709434776293,0.9043326551674322
KPNA7,0.2174196629213483,-5.793844311377247,6.011263974298595,1.3385155851765136e-50,0.9659220884074547,1.780462795077778e-49,48.74946709700306,3.806800434782609,3.220832459016394,0.5859679757662151,1.7027361726320907e-11,0.8427179852696602,2.285894742359712e-09,8.640943771256921,0.9043200347713771
PLA2R1,2.097781460674157,-1.779683832335329,3.877465293009486,5.392275332933976e-52,0.9725324631635605,9.435032296254638e-51,50.025256608900094,5.734096086956521,4.621093442622951,1.1130026443335703,4.275895797998812e-11,0.8358279876455215,4.4088012189366105e-09,8.355679481909693,0.9041802214181901
ADAM9,5.9935404494382025,2.3340868263473054,3.659453623090897,2.71224719629526e-53,0.9786045885756576,6.755363648221626e-52,51.17035126749093,8.632302173913045,7.434543278688525,1.1977588952245197,1.0226536400428432e-10,0.8291755761463531,8.418164922541971e-09,8.074782570124192,0.9038900747519095
AP2B1,5.93897191011236,3.4902694610778444,2.4487024490345157,3.599216905026677e-55,0.9872502186637959,2.5433742522722292e-53,52.59458972958533,7.589308115942028,7.043847213114755,0.5454609028272737,3.108151039724653e-10,0.820503682584937,1.9071271548347312e-08,7.7196203500572524,0.9038769333862837
LTBP1,4.804647191011236,0.33462754491017965,4.470019646101057,7.364482206201089e-54,0.9812285541276996,2.338312911227458e-52,51.631097372333166,7.6441062318840585,6.544945409836065,1.0991608220479936,1.4784552751211475e-10,0.8263245426467094,1.0754014861181204e-08,7.968429367698538,0.903776538667978
EPHA4,2.285900561797753,-1.3671508982035927,3.653051460001346,4.7215552593410516e-54,0.9821200296037139,1.6175054306868896e-52,51.79115425253661,5.375114057971014,4.358924754098361,1.016189303872653,1.6705983616079409e-10,0.8253741981468282,1.1766541911001282e-08,7.929351153948068,0.9037471032412927
CFL1,10.00767191011236,6.420431137724551,3.58724077238781,5.829952715986119e-57,0.9953575994079257,4.97901427779867e-54,53.30285662834188,7.375759130434783,6.770298852459015,0.6054602779757685,9.182510246786928e-10,0.8118317890235209,4.321829469799504e-08,7.3643323734514325,0.9035946551639016
CST1,6.009442696629214,-7.958907784431137,13.968350481060352,7.981615907905915e-56,0.9902274103478437,1.0460202270716698e-53,52.980459917361024,6.683989710144926,5.0328791803278685,1.6511105298170579,4.94071451911542e-10,0.8168210976478973,2.6566965732759608e-08,7.575658044414284,0.9035242299939726
IL1RAP,2.800844943820225,-0.42373473053892213,3.2245796743591475,3.3330523415815564e-49,0.9592107918993474,3.7141628157159813e-48,47.430139062250205,6.13753231884058,5.057426721311475,1.080105597529105,8.643997647164245e-12,0.8477072938940367,1.452990629716188e-09,8.837737186442292,0.9034590415839745
EZR,7.7344713483146075,4.6982946107784445,3.036176737536163,3.2232946992802486e-55,0.9874688824597995,2.3841392270017205e-53,52.62266838661929,8.647868405797102,7.879199508196721,0.7686688976003806,3.5576988949720977e-10,0.8194345450225707,2.1179955653609186e-08,7.67407495354926,0.9034516946061177
NET1,5.798067415730337,3.42837365269461,2.369693763035727,3.955485071129318e-48,0.9539796810872637,3.9088439769201512e-47,46.40795166426076,6.673361304347825,5.931507540983606,0.7418537633642188,4.347036397314051e-12,0.8526966025184131,9.451496636464451e-10,9.024499415882987,0.9033381409490486
OSBPL10,3.084309550561798,-0.9598760479041917,4.04418559846599,1.462014262471699e-55,0.9890331696158244,1.5131847616582086e-53,52.82010804086666,5.972277391304346,5.159057540983607,0.8132198503207393,4.518602353855647e-10,0.8175338560228083,2.503756312581011e-08,7.601407942734555,0.9032834902032985
XDH,1.5462533707865167,-3.042546107784432,4.588799478570948,5.211373034418975e-50,0.9630962793514096,6.3747639116579235e-49,48.19553589462151,4.42337608695652,3.448334426229508,0.9750416607270123,1.5464496750935238e-11,0.843430743644571,2.1187419760887503e-09,8.67392192917118,0.903263509584208
CDH11,4.948069662921349,-0.2753239520958084,5.223393615017158,1.186580658196053e-51,0.9709177151315347,1.908072509958358e-50,49.719405125398985,7.957243478260868,6.446261475409836,1.5109820028510326,4.553212375156711e-11,0.8353528153955809,4.623244017272066e-09,8.335053183663804,0.9031352610881431
PLEK2,5.258541573033709,1.2861401197604794,3.9724014532732292,2.2911374169746293e-47,0.9502287559712036,2.117323253254311e-46,45.67421283286979,6.268487101449276,5.177356229508196,1.09113087194108,2.734680370104605e-12,0.8560228082679971,7.197606768842424e-10,9.14281188410529,0.9031257814695659
CD9,7.852777528089888,4.880654491017964,2.972123037071924,2.284793424414539e-51,0.9695720917715132,3.4783129832543687e-50,49.4586313421767,8.680447101449273,7.8749378688524585,0.8055092325968145,3.890643807071852e-11,0.8365407460204325,4.117700956235886e-09,8.385345196759376,0.9030564151774566
CDCP1,4.348761797752809,1.3176880239520958,3.0310737738007134,1.45180241991109e-52,0.9752068895916033,2.9155995049986823e-51,50.535272132176594,6.47251304347826,5.466141475409836,1.006371568068424,8.236325530899887e-11,0.8308386790211452,7.1943764015104994e-09,8.143006844134597,0.9030227778096884
OSBPL3,3.500982584269663,0.4118502994011976,3.0891322848684655,4.974613405318191e-48,0.9534918926192558,4.871578533884068e-47,46.312330291870694,6.275637826086956,5.115624918032786,1.1600129080541697,4.492636926237988e-12,0.8524590163934427,9.459601730056681e-10,9.024127147961819,0.9029754536521705
HOXB6,3.1291696629213477,-1.198837724550898,4.328007387472246,1.0381143640466771e-53,0.9805389221556885,3.0760636095204043e-52,51.51200468805849,4.0142611594202915,3.355552459016393,0.6587087004038983,1.6705983616079409e-10,0.8253741981468282,1.1766541911001282e-08,7.929351153948068,0.9029565495265821
JUP,7.410546629213482,4.535346706586827,2.8751999226266554,8.686242966639475e-53,0.97624974769562,1.863232512737851e-51,50.7297329461246,6.5271991304347825,5.719709672131147,0.8074894583036354,9.614331746969927e-11,0.8296507483962937,8.080482266161322e-09,8.092562718522148,0.9029502407496833
ASPM,1.0220921348314604,-4.833904191616767,5.855996326448228,6.086939869275357e-55,0.9862073605597793,3.605450196987054e-53,52.44304049908325,4.0475578260869565,3.0180488524590166,1.02950897362794,3.5576988949720977e-10,0.8194345450225706,2.1179955653609186e-08,7.67407495354926,0.9028209336694673
FAM63B,2.1202837078651684,0.2097071856287425,1.910576522236426,3.297336678290088e-48,0.95436654780327,3.2884113032160647e-47,46.4830138676692,5.377652173913043,4.696671475409835,0.6809806985032081,5.295444507444106e-12,0.851271085768591,1.0384782008078868e-09,8.983602615516181,0.9028188158483729
KIF23,2.003934269662921,-1.5691784431137723,3.5731127127766933,4.979908017878711e-53,0.977376707259638,1.1471804624276553e-51,50.940368258060616,4.828605362318839,3.9301232786885243,0.8984820836303151,1.1567418981350687e-10,0.8282252316464719,9.073846348390502e-09,8.042208579115751,0.9028009612611777
SGIP1,1.8013432584269662,-1.4742994011976047,3.275642659624571,1.0185567509359721e-48,0.9568559510193098,1.071817370694812e-47,46.96987920872572,4.7360518840579715,3.8058065573770494,0.9302453266809221,7.588723238465787e-12,0.8486576383939177,1.3085968184399234e-09,8.883194139926136,0.902756793525269
FGD6,2.370638764044944,0.19161077844311378,2.17902798560183,2.352029286717431e-45,0.9401870416470429,1.8604405569159307e-44,43.73038420159828,6.2195408695652175,5.037766229508196,1.1817746400570215,7.610056665180775e-13,0.8650510810168687,2.809487304538935e-10,9.551372926046797,0.9026190610783661
KRT16,4.213358426966292,-2.9303461077844313,7.143704534750723,1.03565512397079e-46,0.9469824396151518,9.060590325169184e-46,45.0428435057877,5.046059565217392,4.241504426229508,0.804555138987884,2.025571878423289e-12,0.8581610833927298,5.872103519434935e-10,9.231206296838057,0.9025717609739413
BICD1,3.0528758426966296,-0.41894790419161676,3.4718237468882465,1.4413011412247716e-54,0.9844916907757518,6.455111785480761e-53,52.190096232499485,5.8324230434782605,5.146806065573771,0.6856169779044894,3.061766011736166e-10,0.8206224756474222,1.8844463240848778e-08,7.72481622833151,0.9025570662033833
ADAMTS6,-0.35678876404494386,-4.490008383233533,4.13321961918859,4.7268465673042805e-52,0.9728015878355648,8.385929701976137e-51,50.076448782544404,4.441051594202899,3.5779122950819673,0.8631392991209319,6.836052322973925e-11,0.832264195770967,6.215525209838519e-09,8.206522167730714,0.90253288619355
RUNX1,4.642594943820225,0.30612275449101795,4.336472189329207,3.3125502625007895e-53,0.9782009015676513,8.088891493437213e-52,51.09211099028745,6.822910289855072,5.973210163934426,0.8497001259206458,1.390659361543462e-10,0.8267997148966499,1.034102572823564e-08,7.985436381356302,0.9025002988993717
MMP14,7.5974634831460675,3.6738676646706585,3.923595818475409,4.285125978648673e-51,0.9682769292874924,6.215077121941518e-50,49.20655347789509,7.6468556521739135,6.459754918032788,1.1871007341411257,3.890643807071852e-11,0.8365407460204324,4.117700956235886e-09,8.385345196759376,0.9024088339381127
CERS6,3.535642696629213,0.5257263473053893,3.0099163493238237,1.7333333056109553e-55,0.9886967637758192,1.6645966946884487e-53,52.77869097206039,7.568873333333333,6.873619508196722,0.6952538251366116,5.401224713011013e-10,0.8161083392729865,2.835713856544863e-08,7.547337594643158,0.9024025259348487
PFKP,6.154548314606741,2.0951850299401196,4.059363284666621,4.122327088450894e-55,0.9869810939917917,2.77894180861383e-53,52.556120547307735,6.022754057971014,5.14469344262295,0.8780606153480637,4.518602353855647e-10,0.8175338560228083,2.503756312581011e-08,7.601407942734555,0.9022574524169715
LRCH1,3.2797719101123604,0.46446227544910174,2.8153096346632585,1.7946046874705387e-54,0.984054363183745,7.568735579316893e-53,52.12097666697171,5.818365797101449,5.161982950819674,0.6563828462817751,3.155222001393982e-10,0.8203848895224518,1.924204441886702e-08,7.715748787149376,0.9022196089925483
CSTB,7.004162921348314,3.5210041916167665,3.4831587297315476,7.779828538764271e-56,0.9902778712238443,1.0334470195676865e-53,52.98571178289657,9.007615072463766,8.49911262295082,0.508502449512946,7.048567683770298e-10,0.8139700641482538,3.507276103941723e-08,7.455030043728326,0.9021239360460708
TNFSF4,1.1597533707865169,-2.2982778443113774,3.4580312150978942,4.611450036841727e-51,0.96812554665949,6.652138749279124e-50,49.17703870091105,3.745418260869566,3.0976900000000005,0.6477282608695654,4.143504609279684e-11,0.8360655737704918,4.294431227949301e-09,8.36709434776293,0.9020955563410036
CST2,3.707400561797753,-5.584143113772456,9.29154367557021,1.3911067131678953e-53,0.9799502119356792,3.893570108174318e-52,51.40965200092953,5.3815852173913035,4.338041311475409,1.0435439059158949,1.9453322292269083e-10,0.8241862675219768,1.3014207552249446e-08,7.8855822713628925,0.9020682279891247
TMEM45B,4.350577528089888,-1.2521461077844311,5.602723635874319,1.0025317739725138e-54,0.9852149633317634,5.006761624133319e-53,52.30044308521143,5.219364782608696,4.098986557377049,1.1203782252316463,3.892033746241687e-10,0.8187217866476598,2.2371365237377145e-08,7.650307511792178,0.9019683548114477
SKAP2,4.231952808988764,0.6253323353293413,3.6066204736594223,1.3246807515576762e-54,0.9846598936957545,6.067327842611433e-53,52.2170025377096,6.655888405797101,5.789741147540985,0.8661472582561158,3.6659024146794977e-10,0.8191969588976005,2.150411906182815e-08,7.667478344061917,0.9019284069015012
ZDHHC7,5.288958988764045,3.405131736526947,1.883827252237098,2.1177194419472077e-46,0.945434972751127,1.8086911011621137e-45,44.74263559815723,6.6824484057971025,6.026948524590164,0.6554998812069384,1.9589210570267657e-12,0.8583986695177002,5.762396750545058e-10,9.239396843132926,0.9019168206146932
NRP2,4.287872471910112,-0.61948622754491,4.907358699455022,3.1159152193122248e-56,0.9920776424678732,6.68620620741866e-54,53.17482023358206,5.735144782608695,4.668834426229508,1.0663103563791871,9.455348401639877e-10,0.8115942028985508,4.4087490461072836e-08,7.355684621289952,0.9018358829235293
PLS3,6.00704831460674,3.0647580838323356,2.9422902307744043,2.413476130169026e-53,0.9788400726636614,6.133789378803979e-52,51.21227114084027,7.455450869565217,6.67422606557377,0.7812248039914467,1.8305130682571104e-10,0.8246614397719173,1.2412119628592197e-08,7.906154047317077,0.9017507450251511
VCAN,6.234729213483146,0.5635940119760477,5.671135201507098,1.5378261467672567e-53,0.979748368431676,4.215601006259834e-52,51.375140500494666,9.546948115942028,7.786603114754099,1.760345001187929,2.067177363904843e-10,0.823711095272036,1.378324960339619e-08,7.86064837905795,0.90172971942309
ECM1,5.490885393258427,0.5579425149700599,4.932942878288367,5.009612126502802e-55,0.9865942272757856,3.1555708385232326e-53,52.50092206602496,5.401988695652173,4.747601967213114,0.6543867284390599,5.243251093120589e-10,0.8163459253979567,2.7819828014772187e-08,7.55564555919179,0.9014700512581287
LOXL2,4.653401123595505,1.034936526946108,3.618464596649397,1.0208849563529662e-53,0.9805725627396891,3.0311435189109538e-52,51.51839350012348,5.879754347826085,4.8905562295081975,0.989198118317888,2.4791779489537443e-10,0.8222855785222143,1.5743173496165636e-08,7.80290771842217,0.9014290564395974
CACNB3,4.088465168539326,0.7662353293413174,3.3222298391980085,1.7946046874705387e-54,0.9840543631837448,7.568735579316893e-53,52.12097666697171,5.034363188405797,4.498555737704917,0.5358074507008794,4.010149687364007e-10,0.8184842005226896,2.272380288848222e-08,7.643518986549143,0.9012692613729517
F2R,4.8553191011235945,0.23770419161676645,4.617614909506828,5.884257203540997e-55,0.9862746417277803,3.510241051330297e-53,52.45466305912733,6.295277101449276,5.7086708196721325,0.5866062817771436,5.903527471046877e-10,0.8153955808980755,3.027904102650018e-08,7.518857883580629,0.9008350840365046
MGLL,5.767492696629213,1.3306,4.436892696629213,1.9692316894365074e-55,0.988444459395815,1.7857517275368427e-53,52.74817892106658,5.716164492753623,5.001949180327869,0.714215312425754,7.929436941739306e-10,0.8130197196483726,3.8404970253174656e-08,7.415612566938597,0.9007320549295048
HTATIP2,5.942644943820223,3.1498065868263474,2.792838356993876,4.967347557472972e-55,0.9866110475677856,3.1356916731069415e-53,52.50366664727949,5.751476956521739,5.17497,0.5765069565217393,6.644690002628461e-10,0.8144452363981943,3.3649046613310664e-08,7.473027236237744,0.9005281116810766
CRIP1,8.811973595505616,2.3746586826347302,6.437314912870886,6.034550685780468e-57,0.9952903182399246,4.97901427779867e-54,53.30285662834188,5.641785942028985,4.986117868852459,0.6556680731765265,2.0093551364411903e-09,0.8054169636493229,8.038626158846626e-08,7.094818167994631,0.9003535685685605
RRAS,6.659278089887642,3.407838323353294,3.251439766534348,8.491631538389664e-54,0.9809426091636951,2.615395726342823e-52,51.58246259025197,6.800242028985508,6.129334590163935,0.6709074388215734,3.452615658029458e-10,0.819672131147541,2.073954084311209e-08,7.683200862773888,0.9003073514836566
CEP55,2.2407117977528093,-4.604915568862276,6.845627366615085,5.032023881254625e-56,0.9911357061158581,8.494638946006253e-54,53.07085507554591,4.086038985507247,3.337721475409836,0.7483175100974107,1.229439406386465e-09,0.809455927773818,5.5140081717373225e-08,7.258532594607141,0.9002957673024532
GPRC5A,6.588124719101124,-0.051474850299401194,6.639599569400525,4.516148617083575e-49,0.9585716208033372,4.9543165194264586e-48,47.30501625082867,5.39173347826087,4.382306885245902,1.0094265930149682,1.8744572213147287e-11,0.8420052268947493,2.4190172772876463e-09,8.61636102977624,0.90028842167123
LEMD1,3.017978651685393,-6.2469910179640715,9.264969669649464,2.4641686467295365e-52,0.9741303909035861,4.6792046513472604e-51,50.329827959935585,3.4162036231884056,2.7144304918032787,0.701773131385127,1.4784552751211475e-10,0.8263245426467094,1.0754014861181204e-08,7.968429367698538,0.9002274570940881
THBS2,6.321792134831461,0.5741868263473054,5.747605308484156,2.5562067397948426e-54,0.9833479109197336,9.930049537395336e-53,52.00304858496244,8.37753652173913,6.845844262295081,1.531692259444048,4.795903704289913e-10,0.8170586837728677,2.6139635367005755e-08,7.582700474873371,0.9002032738153147
STRA6,3.546069662921348,-3.620350898203593,7.166420561124941,2.4563020546130444e-55,0.9880071318038081,2.0323817890012255e-53,52.6919947052062,4.612922753623189,4.060455573770492,0.5524671798526972,8.65967302032154e-10,0.8123069612734616,4.1440057278825784e-08,7.382579652976608,0.9001570092360752
KIF14,-0.7093651685393259,-6.19036886227545,5.481003693736124,1.247855370366442e-53,0.9801688757316827,3.558939408541214e-52,51.44867940585966,3.410724347826087,2.787712295081967,0.6230120527441203,3.6659024146794977e-10,0.8191969588976005,2.150411906182815e-08,7.667478344061917,0.899682897967753
VSIG1,2.7795539325842693,-5.1301874251497,7.909741357733969,9.672623937034876e-51,0.9665949000874655,1.3162183109301742e-49,48.88067207168781,4.753389130434783,3.1534085245901635,1.5999806058446198,6.423256873046464e-11,0.8327393680209076,5.893780148236166e-09,8.229606068382372,0.8996671287517464
P4HA1,4.8838426966292126,2.535214371257485,2.3486283253717275,5.877435693762869e-49,0.9580165511673282,6.354855304103408e-48,47.19689433359854,7.098079420289855,6.049609180327869,1.0484702399619854,2.0631001544692197e-11,0.8412924685198384,2.531790944162442e-09,8.596572157874668,0.8996545075658461
EPSTI1,4.1635185393258425,-0.688456886227545,4.851975425553388,9.466740349754349e-56,0.9898910045078383,1.152954504010311e-53,52.938187829779984,4.974129420289856,4.023890000000001,0.9502394202898552,1.2657004364514905e-09,0.8092183416488476,5.6639386645054056e-08,7.246881458321655,0.8995546221281181
FER1L4,3.222516292134831,-1.0958377245508983,4.3183540166857295,1.9118128147945924e-45,0.9406411895310504,1.5225109638863785e-44,43.81743957124799,4.7593163768115945,3.965338442622951,0.7939779341886433,1.9589210570267657e-12,0.8583986695177002,5.762396750545058e-10,9.239396843132926,0.8995199290060361
NDC80,2.0929297752808993,-3.2929161676646714,5.38584594294557,1.3789769847327333e-56,0.993675570207899,5.240668882738977e-54,53.28061327913391,3.6008688405797105,3.0134411475409837,0.5874276930387268,2.1280476544302768e-09,0.8049417913993823,8.33020298073754e-08,7.07934441607938,0.899308605889402
CAMK2N1,6.128537078651686,1.4642041916167665,4.664332887034919,2.514957302189592e-56,0.99249814976788,5.988972102421484e-54,53.22264770992341,7.153102898550725,6.461480163934426,0.6916227346162991,1.8971215357453022e-09,0.8058921358992635,7.728741767721645e-08,7.111891203082099,0.8991950733371011
COL8A1,4.444089325842697,-1.6506700598802393,6.094759385722936,1.8326115444030106e-53,0.9793951422996704,4.868762670415998e-52,51.31258139477857,5.617414927536233,4.245805573770492,1.3716093537657406,3.892033746241687e-10,0.8187217866476597,2.2371365237377145e-08,7.650307511792178,0.8990584443604998
CAPN2,7.172620786516855,4.619740718562874,2.552880067953981,4.093417327939193e-54,0.9824059745677184,1.4359070687904542e-52,51.84287366651259,7.727460289855072,7.097032622950819,0.6304276669042528,5.731228344288094e-10,0.8156331670230459,2.9699937971708482e-08,7.527244457705443,0.8990195440945566
PARP4,4.760665730337078,2.3827323353293415,2.377933395007737,2.3224712104160433e-51,0.9695384511875126,3.52833729194456e-50,49.452429905108104,7.212399275362319,6.513978524590163,0.698420750772156,1.2684409223365514e-10,0.827512473271561,9.684207545609937e-09,8.013935911614933,0.8985254535280297
GALE,5.870662921348315,2.7637916167664667,3.1068713045818486,1.049190452035517e-51,0.9711700195115388,1.703509586216536e-50,49.768655418169345,4.787969565217391,4.151821803278689,0.6361477619387017,1.5716600704611717e-10,0.8258493703967689,1.126807039047843e-08,7.948150448684767,0.8985096848296833
NUF2,1.7124219101123597,-3.520721556886228,5.2331434669985875,1.8786645249742837e-56,0.993070039695889,5.240668882738977e-54,53.28061327913391,3.8687765217391306,3.1705413114754095,0.698235210263721,2.4554525656923593e-09,0.8037538607745307,9.337721990787883e-08,7.029759060332828,0.8984118663439996
CENPK,1.8836702247191013,-2.127406586826347,4.011076811545449,3.124954011886316e-53,0.9783186436116531,7.669163425651959e-52,51.11525200755536,3.9997217391304347,3.111086885245901,0.8886348538845339,4.010149687364007e-10,0.8184842005226894,2.272380288848222e-08,7.643518986549143,0.8984014016520744
ADAMTS12,2.4679337078651686,-2.42361497005988,4.891548677925049,1.5511583541531223e-52,0.975072327255601,3.0939192218128723e-51,50.50949102934993,5.659757681159422,4.515879344262295,1.143878336897127,2.7142376191851673e-10,0.8215728201473034,1.696652971767528e-08,7.770406977870014,0.8983225584600355
FANCI,2.574874719101124,-0.19588682634730537,2.7707615454484293,4.127946272426852e-54,0.9823891542757182,1.4454227171849218e-52,51.84000512391542,4.45069463768116,3.7884516393442618,0.662242998336898,6.843722908837982e-10,0.8142076502732241,3.422374733637154e-08,7.46567243902619,0.8982983715313335
CCNB2,2.908009550561798,-2.1342011976047903,5.042210748166589,3.851937852053228e-55,0.9871156563277937,2.6735825984731065e-53,52.572906394130705,4.087239710144928,3.286824426229508,0.8004152839154202,1.229439406386465e-09,0.8094559277738179,5.5140081717373225e-08,7.258532594607141,0.8982857425192539
RSAD2,2.619999438202247,-0.6961173652694611,3.316116803471708,2.9560781891219406e-49,0.9594630962793516,3.314893116327573e-48,47.47953047019661,4.456873333333333,3.5364396721311473,0.920433661202186,3.652902467108271e-11,0.8370159182703731,3.928441292987459e-09,8.405779732609988,0.8982395037461812
RAD21,5.591337640449439,3.219832934131736,2.3715047063177024,9.004254222982421e-54,0.9808248671196932,2.7316324010177793e-52,51.56357774457723,6.999100000000001,6.4501800000000005,0.5489200000000007,5.731228344288094e-10,0.8156331670230459,2.9699937971708482e-08,7.527244457705443,0.8982289903940235
PRR11,1.5086539325842696,-3.2125646706586823,4.721218603242952,1.0118153593604829e-56,0.9942811007199085,5.0742701558312363e-54,53.29462641451605,3.8252314492753623,3.192524590163934,0.6327068591114284,2.997467497097658e-09,0.8020907578997385,1.1001530705402653e-07,6.9585468847817245,0.8981858304956227
NEK7,4.219968539325842,2.429616167664671,1.7903523716611716,1.0266954776599614e-48,0.9568391307273094,1.0792185138488821e-47,46.96689061300865,7.629918115942028,7.042032459016394,0.5878856569256348,2.6617385906208098e-11,0.839391779520076,3.1504589957507728e-09,8.501626168496104,0.8981154522942169
ENDOD1,3.9684196629213475,0.8779718562874251,3.0904478066339225,2.413476130169026e-53,0.9788400726636614,6.133789378803979e-52,51.21227114084027,6.338178260869565,5.837143442622951,0.5010348182466142,4.6552382123344196e-10,0.817296269897838,2.558206867069379e-08,7.592064339609454,0.898068148306308
RAB31,5.215023595505619,0.8668053892215568,4.348218206284062,9.547687004448152e-54,0.9807071250756914,2.8756455136636363e-52,51.54126465130319,7.326129275362319,6.428515573770491,0.897613701591828,5.903527471046877e-10,0.8153955808980755,3.027904102650018e-08,7.518857883580629,0.8980513257947497
AHR,4.832610112359551,0.9994610778443114,3.8331490345152393,8.982321654252724e-55,0.9854336271277669,4.640153305359602e-53,52.33346767061498,8.069180724637679,7.265894918032786,0.8032858066048929,1.0942577296130608e-09,0.8104062722736992,5.0087957358009276e-08,7.3002666789559925,0.8979199047257569
DHFR,2.954138764044944,-0.41265449101796403,3.366793255062908,2.1185066024380784e-56,0.9928345556078852,5.467146928520928e-54,53.26223925437103,4.746499130434783,4.218938688524589,0.527560441910194,2.7522361672602493e-09,0.8028035162746496,1.0328889315892452e-07,6.9859463764390295,0.897818943206533
ACVR1,4.571327528089888,1.7517556886227543,2.819571839467134,3.700837654275008e-54,0.9826078180717217,1.3243663446859146e-52,51.8779918642405,5.98267231884058,5.395200819672132,0.5874714991684478,7.929436941739306e-10,0.8130197196483725,3.8404970253174656e-08,7.415612566938597,0.8978137343795362
PPEF1,-0.36579775280898874,-4.590922155688623,4.225124402879634,8.562244060516941e-51,0.9668472044674696,1.1738469911283476e-49,48.93038850891407,3.2360639130434783,2.633996229508197,0.6020676835352812,1.0876796974666125e-10,0.8287004038964124,8.70274279536986e-09,8.060343851615238,0.8977737963688465
NCAPG2,2.346316853932584,-0.1231449101796407,2.469461764112225,8.196256861152816e-53,0.9763674897396217,1.7717524840708235e-51,50.751596949667054,4.6323571014492755,4.06704131147541,0.5653157899738659,3.777316444285924e-10,0.8189593727726301,2.196443628925911e-08,7.658279938294664,0.8976634115394547
RASA1,3.889770224719101,2.031748502994012,1.858021721725089,1.36910329452213e-49,0.9610778443113771,1.5875581966825196e-48,47.79927034538413,6.900718985507246,6.262683606557378,0.6380353789498683,5.325775561076361e-11,0.8341648847707295,5.121706180202426e-09,8.290585339568656,0.8976213599437005
PERP,6.333047191011236,3.279096407185629,3.053950783825607,2.3742169809746917e-55,0.9880744129718091,1.9983334046333103e-53,52.69933205178929,7.049400434782608,6.389953114754099,0.6594473200285087,1.6425924945443503e-09,0.8070800665241149,6.917216351235923e-08,7.160068640588705,0.8975771776606024
ETV1,2.999434831460674,-0.9154197604790419,3.914854591939716,1.4535112150833636e-54,0.9844748704837516,6.489949732530375e-53,52.18775866698534,5.097248695652173,4.0813136065573765,1.0159350890947962,1.229439406386465e-09,0.809455927773818,5.5140081717373225e-08,7.258532594607141,0.8969653496700394
INHBA,3.901142696629213,-3.407947904191617,7.309090600820831,2.514957302189592e-56,0.99249814976788,5.988972102421484e-54,53.22264770992341,5.848258405797102,4.473196229508196,1.375062176288906,3.3577661220567384e-09,0.8011404133998574,1.205841934281884e-07,6.9187096172109595,0.896819173441639
CAST,6.6926893258426965,4.221995209580839,2.470694116261858,9.359313455675033e-53,0.9760983650676176,1.9893974656999242e-51,50.70127843964313,7.672871014492753,7.041069180327869,0.6318018341648841,4.518602353855647e-10,0.8175338560228084,2.503756312581011e-08,7.601407942734555,0.896816088091123
VCL,5.6356792134831455,3.180026347305389,2.4556528661777564,8.067665443037785e-52,0.9717082688555474,1.3495485702986765e-50,49.8698114805531,6.741479420289855,6.023069508196722,0.7184099120931338,2.633563060441724e-10,0.8218104062722738,1.651384385517737e-08,7.782151826144094,0.896759322754967
YWHAB,6.938946629213483,4.185998203592814,2.7529484256206684,8.188615675283248e-56,0.9901769494718428,1.0612772010481593e-53,52.974171165427634,7.966935797101449,7.407523606557376,0.559412190544073,2.599722946317203e-09,0.8032786885245903,9.867601156581216e-08,7.005788412789569,0.8967277305126918
GOLM1,6.976437078651686,3.7004868263473054,3.2759502523043804,4.33745049955177e-55,0.9868801722397901,2.8646244387175e-53,52.54293230733843,7.438953768115941,6.751244918032787,0.6877088500831539,1.791004614282162e-09,0.8063673081492041,7.371494917589729e-08,7.13244442955964,0.8966236740999237
PTBP3,4.550379775280899,1.8913041916167666,2.6590755836641327,1.1379446115608902e-54,0.9849626589517593,5.473065130529434e-53,52.26176938363874,7.301498840579709,6.655648688524591,0.6458501520551181,1.4214573659134735e-09,0.8082679971489665,6.194643069796778e-08,7.207983712255384,0.8966152725082436
ARL6IP1,7.1064477528089895,4.028585029940119,3.07786272286887,4.449168665263925e-55,0.9868297113637893,2.912142453405877e-53,52.5357873844363,9.278991014492755,8.772174262295083,0.5068167521976719,1.791004614282162e-09,0.8063673081492041,7.371494917589729e-08,7.13244442955964,0.8965984436637832
FANCD2,2.2170533707865165,0.06238323353293413,2.1546701372535826,1.138580130983038e-48,0.9566204669313059,1.190843825265441e-47,46.92414519088732,4.227289420289855,3.577012459016393,0.650276961273462,4.143504609279684e-11,0.8360655737704917,4.294431227949301e-09,8.36709434776293,0.8963430165016154
TWSG1,3.9590292134831464,0.7035999999999999,3.2554292134831466,2.5628939652295422e-55,0.9879230303438068,2.0708536741670596e-53,52.6838505871263,6.342264057971015,5.778286393442624,0.5639776645283909,2.1899279997697513e-09,0.804704205274412,8.522398789765435e-08,7.069438147659339,0.8963135414216884
SPTLC2,3.8880893258426963,0.9733964071856287,2.9146929186570674,1.6192576192134441e-55,0.9888313261118212,1.60503774265893e-53,52.794514750651146,6.346107971014493,5.709151311475409,0.6369566595390834,2.4554525656923593e-09,0.8037538607745308,9.337721990787883e-08,7.029759060332828,0.8962925097498654
OAS3,3.678201123595506,-0.20309820359281433,3.8812993271883203,5.265886769687863e-54,0.9819013658077104,1.7637559339913363e-52,51.753561512092105,4.8381655072463765,4.234300327868853,0.6038651793775234,1.0627954078766918e-09,0.8106438583986696,4.887148630748843e-08,7.310944452759736,0.8962725683010153
HIST1H3H,0.6401769662921348,-4.9923778443113775,5.632554810603512,6.336358515234632e-51,0.9674695552714795,8.905715407412667e-50,49.0503311873729,4.04587,3.2797464754098358,0.7661235245901641,1.7756137023443956e-10,0.8248990258968876,1.2375470692681165e-08,7.907438273982549,0.8961842794934811
TMOD3,4.049801685393258,1.4952580838323353,2.5545436015609226,6.284370972989896e-53,0.9769057390836305,1.406206019743014e-51,50.85195104725148,7.078518695652174,6.563164426229507,0.5153542694226667,5.903527471046877e-10,0.8153955808980755,3.027904102650018e-08,7.518857883580629,0.8961506328562705
ARHGAP1,5.998537640449439,3.705669461077844,2.2928681793715953,1.292938906454604e-52,0.9754423736796071,2.6436877514491153e-51,50.57778984110421,6.845995507246377,6.269964098360654,0.576031408885723,4.94071451911542e-10,0.8168210976478973,2.6566965732759608e-08,7.575658044414284,0.8961317118562511
DGKH,1.273306179775281,-1.4790988023952099,2.752404982170491,2.3538481873288192e-53,0.9788905335396623,5.9978590979516986e-52,51.22200374092741,5.822436086956522,4.802932622950818,1.0195034640057035,7.929436941739306e-10,0.8130197196483725,3.8404970253174656e-08,7.415612566938597,0.8959550921848873
DPY19L1,3.539872471910112,0.9110838323353294,2.6287886395747826,6.333085936929245e-54,0.9815313193837045,2.063395479817865e-52,51.68541752518152,5.742144782608696,5.103900655737705,0.6382441268709904,1.1266274945227815e-09,0.810168686148729,5.133469196569293e-08,7.289589039622254,0.8958499567780328
CDC42BPA,3.9511483146067414,1.901326347305389,2.0498219673013525,4.845058989150047e-52,0.972751126959564,8.580060478941926e-51,50.0665096508951,7.135842173913042,6.579354098360657,0.5564880755523856,4.010149687364007e-10,0.8184842005226893,2.272380288848222e-08,7.643518986549143,0.8956176433892874
ARMC9,3.298820786516854,0.780685628742515,2.518135157774339,3.892201357750686e-54,0.9825068963197201,1.3810360250659778e-52,51.85979499246894,5.2213162318840585,4.622500327868853,0.5988159040152059,1.3808514323492616e-09,0.8085055832739368,6.083958414379356e-08,7.215813763137661,0.8955061853146012
PI3,5.145523595505618,-1.9927221556886225,7.1382457511942405,9.481385391464674e-49,0.9570073336473122,1.002217678847694e-47,46.99903794068925,4.475868695652174,3.743002950819672,0.7328657448325022,5.4950047962859083e-11,0.8339272986457591,5.160402861037889e-09,8.287316392656477,0.8954673115255635
TMEM133,2.0421337078651685,-1.4296802395209582,3.471813947386127,5.783453885903787e-53,0.9770739420036332,1.3111474926088613e-51,50.882348451236545,5.185210869565218,4.326972950819672,0.8582379187455453,7.476357879510321e-10,0.8134948918983131,3.6654310456824745e-08,7.435874946055939,0.8952843841349402
SLC16A4,2.971324157303371,-1.4261532934131735,4.397477450716544,3.024639042077593e-54,0.9830115050797281,1.1387299468120017e-52,51.94357925793602,5.496023913043477,4.620633606557377,0.8753903064861,1.5958390580894083e-09,0.8073176526490853,6.74874602092229e-08,7.17077691558175,0.8951645184520228
MET,4.412083146067417,1.0689988023952095,3.3430843436722073,1.647609773989468e-47,0.9509352082352149,1.5406006092590108e-46,45.81230993472499,7.521494057971015,6.16723737704918,1.3542566809218348,2.7476053280081292e-11,0.8391541933951057,3.1953691497759656e-09,8.495478962090948,0.8950446979551621
ZC2HC1A,2.364258426966292,0.28059281437125744,2.0836656125950346,2.579469238882694e-48,0.9548879768552782,2.5950178169841506e-47,46.585859656007685,5.596461449275363,4.909418852459017,0.6870425968163465,4.69839381072741e-11,0.8351152292706105,4.675719969949273e-09,8.33015150673764,0.8950015988781675
PRC1,4.034266292134832,1.585991616766467,2.4482746753683644,5.174880854605677e-52,0.9726165646235618,9.10359445476442e-51,50.04078709738803,5.1299118840579725,4.44680393442623,0.6831079496317427,4.94071451911542e-10,0.8168210976478973,2.6566965732759608e-08,7.575658044414284,0.894718807365765
SGPP2,3.8715696629213485,-0.16228862275449105,4.03385828567584,5.618761659244763e-52,0.9724483617035592,9.790383008929728e-51,50.009200317858664,5.942022318840579,5.074608852459017,0.8674134663815627,4.94071451911542e-10,0.8168210976478972,2.6566965732759608e-08,7.575658044414284,0.894634705907998
NT5E,4.010569662921348,-0.9361329341317366,4.9467025970530845,1.5126614581109333e-55,0.9889658884478234,1.5546179101332734e-53,52.80837633326809,5.691173768115942,4.452371803278688,1.2388019648372541,3.9784857964725175e-09,0.7997148966500357,1.3792313931861312e-07,6.860362866272594,0.8943402691986949
DTL,1.2796988764044945,-3.731730538922156,5.011429415326651,4.904575830498238e-56,0.9911861669918589,8.40102212650343e-54,53.07566787145063,3.611689275362319,2.987133278688524,0.624555996673795,5.269378638033483e-09,0.7973390354003326,1.7028009837897217e-07,6.768836107582096,0.894262448920972
FAT1,6.171085393258426,3.7161359281437134,2.454949465114713,5.296127648623211e-50,0.9630626387674092,6.471682390154283e-49,48.18898280468195,7.593407101449276,6.809982131147541,0.7834249703017351,1.8305130682571104e-10,0.8246614397719173,1.2412119628592197e-08,7.906154047317077,0.8938620281749406
LIPH,4.2293747191011235,0.41816287425149706,3.8112118448496264,1.9179028074435833e-49,0.960371392047366,2.1905374217752495e-48,47.65944932320634,6.321881884057969,4.847215409836067,1.4746664742219027,1.433900784806497e-10,0.8265621287716798,1.0583880958850316e-08,7.975355053477128,0.8934667509531771
KCNK1,4.833002247191011,0.7707706586826346,4.062231588508377,1.301125408336723e-53,0.9800847742716814,3.683964598635745e-52,51.43368455184409,5.501931884057972,4.757218032786885,0.7447138512710865,1.690679749911315e-09,0.8068424803991446,7.075034945078668e-08,7.150271410727014,0.8934635641225492
TNIK,3.0702314606741576,0.5197976047904191,2.5504338558837385,2.9369888182899584e-50,0.9642905200834287,3.7072127120069825e-49,48.43095249435874,5.714975797101449,4.980026721311474,0.7349490757899746,2.405336390890445e-10,0.8225231646471847,1.5421135841981272e-08,7.811883637197012,0.8934068285879585
RAI14,4.099557303370787,1.3769035928143714,2.7226537105564157,7.871251306222728e-52,0.9717587297315481,1.321598660847904e-50,49.87890041008624,6.066159710144928,5.120580491803279,0.9455792183416483,6.263421372370067e-10,0.8149204086481351,3.1798786221197576e-08,7.497589456980869,0.8933395407827276
ITPR3,4.646405056179775,2.0607437125748507,2.5856613436049245,1.724564646378419e-44,0.9357969454349728,1.2843468287502435e-43,42.8913176822852,6.0691430434782605,5.275796885245903,0.7933461582323575,5.842944808166073e-12,0.8505583273936802,1.0923030373621119e-09,8.961656858704014,0.8931776354387059
KYNU,3.3208387640449444,-2.4922736526946108,5.813112416739555,1.0196149229358346e-54,0.9851813227477628,5.066163002587289e-53,52.29532084099921,5.307293478260871,4.132355409836065,1.1749380684248063,3.3577661220567384e-09,0.8011404133998574,1.205841934281884e-07,6.9187096172109595,0.8931607603727273
DCBLD2,3.721301685393259,1.035652095808383,2.6856495895848758,4.493343434517588e-47,0.9487822108591806,4.055223412994528e-46,45.39198521436086,7.518888695652174,6.421745245901639,1.0971434497505346,3.429395999977449e-11,0.8374910905203137,3.78995625345574e-09,8.421365802958688,0.8931366473047984
PLEKHB2,5.17781797752809,2.751341916167665,2.426476061360425,3.599216905026677e-55,0.987250218663796,2.5433742522722292e-53,52.59458972958533,7.191721449275362,6.6589622950819685,0.5327591541933936,4.452921508245749e-09,0.7987645521501544,1.509691337787114e-07,6.8211118368117605,0.8930072505904239
CYP2C18,2.449579775280899,-5.011135329341317,7.460715104622216,7.311023124809789e-50,0.9623898270873982,8.783573537212515e-49,48.05632875838254,4.520595217391305,3.2614124590163938,1.2591827583749113,2.1308645759266674e-10,0.8234735091470657,1.40672224792941e-08,7.851791643929438,0.8929316555561635
PTPN12,5.198327528089888,3.005437724550898,2.19288980353899,1.975386189641232e-50,0.9651147143914418,2.559046845983481e-49,48.59192176383306,6.834488985507248,6.138840983606557,0.6956480019006905,3.155222001393982e-10,0.8203848895224519,1.924204441886702e-08,7.715748787149376,0.8927497847786156
DEPDC1B,0.9316016853932585,-4.367908982035929,5.299510667429187,7.649286302073391e-55,0.985753212675772,4.203591377690068e-53,52.37637950744862,3.840201739130434,3.2200765573770487,0.6201251817533855,3.9784857964725175e-09,0.7997148966500357,1.3792313931861312e-07,6.860362866272594,0.8927339315342204
ACTN1,7.176885393258427,4.316535928143712,2.860349465114715,8.563044046787735e-54,0.9809257888716948,2.6304755286044693e-52,51.579965734103084,8.028485362318841,7.140967049180328,0.8875183131385134,2.253559866333171e-09,0.8044666191494416,8.736038373306671e-08,7.058685466983805,0.8926961260242853
TRIM31,3.5217398876404493,-3.1358544910179638,6.657594378658413,1.2442229927314443e-50,0.966073471035457,1.662966624166113e-49,48.779116467007746,4.63007342995169,3.3590201092896175,1.2710533206620722,3.6659024146794977e-10,0.8191969588976004,2.150411906182815e-08,7.667478344061917,0.8926351957711948
FHL2,6.603528089887639,1.5479149700598802,5.055613119827759,3.5430786110035117e-56,0.9918253380878692,7.083859662498181e-54,53.1497300511531,5.867669130434782,5.253346065573771,0.6143230648610114,8.455039850068278e-09,0.7933000712758375,2.5018663035638424e-07,6.601735902146943,0.8925624813745979
IL2RG,5.676843820224718,-0.49318383233532925,6.170027652560048,3.629880836348908e-55,0.9872333983717957,2.561952400893438e-53,52.59142894337406,6.07995768115942,5.091868196721312,0.9880894844381078,4.982241912476827e-09,0.7978142076502731,1.6337669668077703e-07,6.786809889203149,0.8925236571934437
KDM5B,4.032747191011236,2.0682844311377244,1.9644627598735114,8.424120402539771e-51,0.9668808450514701,1.1568059008466535e-49,48.93673950471534,7.217344347826086,6.694328196721312,0.5230161511047742,4.2569724032821234e-10,0.8180090282727488,2.3852162180070674e-08,7.622472246380201,0.8924449153753681
CALU,6.225492134831461,3.75701616766467,2.468475967166791,7.117868600173985e-53,0.9766534347036264,1.564035485621876e-51,50.80575339767327,7.29284115942029,6.457113770491803,0.8357273889284871,1.5503834330690936e-09,0.8075552387740556,6.584356647915303e-08,7.181486653186638,0.8921042779995099
MAP4K4,5.28306797752809,2.1522550898203594,3.130812887707731,2.0547646488013847e-55,0.9883603579358137,1.834911095906005e-53,52.73638497309734,7.104915217391304,6.251029672131148,0.8538855452601561,6.406786683319019e-09,0.7956759325255406,2.0181882523847296e-07,6.695038326127495,0.892017965204623
KCND2,0.030864606741573052,-4.216968263473055,4.247832870214628,1.646921919551413e-51,0.9702449034515239,2.569329772816014e-50,49.590180150571,4.512488840579709,3.833524918032787,0.6789639225469224,7.259389448856501e-10,0.8137324780232834,3.585421410999422e-08,7.4454597923766945,0.8919886587558502
ZNFX1,3.947304494382023,1.1561766467065868,2.791127847675436,3.884745839067163e-55,0.9870988360357936,2.6804746289563423e-53,52.57178829907341,6.185795072463768,5.5776368852459,0.6081581872178683,5.572590698401976e-09,0.796863863150392,1.7806474718871363e-07,6.7494220525571995,0.8919811907626594
TRAK1,4.936422471910112,2.0245928143712573,2.911829657538855,1.0636018111276692e-54,0.9850972212877616,5.209603486427256e-53,52.28319533048356,5.954614057971013,5.291667049180328,0.6629470087906855,4.452921508245749e-09,0.7987645521501545,1.509691337787114e-07,6.8211118368117605,0.8919307520649247
CCL20,4.063232584269663,-1.707805389221557,5.77103797349122,2.049591220611105e-48,0.9553757653232862,2.0801646447439213e-47,46.681902289328626,4.579222753623189,3.316039672131147,1.2631830814920422,1.1567418981350687e-10,0.8282252316464719,9.073846348390502e-09,8.042208579115751,0.8918004903928184
ADAM19,2.7629073033707865,-2.03504251497006,4.797949818340847,7.744179529448175e-54,0.981127632375698,2.4338078380611776e-52,51.61371371458754,5.35786768115942,4.60199262295082,0.7558750582086002,2.9134491456500506e-09,0.8023283440247089,1.0752347465025454e-07,6.968496709719476,0.8917278923185116
GPD2,3.3783016853932586,1.1876275449101799,2.190674140483079,1.6999489072688844e-53,0.9795465249276727,4.582821304036747e-52,51.33886707668142,5.680008405797101,5.0765872131147525,0.6034211926823483,2.4554525656923593e-09,0.8037538607745308,9.337721990787883e-08,7.029759060332828,0.8916501095912857
MATN3,3.501811797752809,-2.7171101796407187,6.218921977393528,2.252966190079426e-54,0.9836002152997375,9.052195636559867e-53,52.043246068619176,5.056217971014491,3.8247383606557377,1.2314796103587535,4.092262124943342e-09,0.7994773105250653,1.4137740809195454e-07,6.84961998463313,0.8915386368689618
ANTXR2,5.284344382022471,1.8658401197604795,3.418504262261992,3.9424951542854124e-49,0.9588575657673417,4.3568252901941853e-48,47.360829855034616,7.019257391304347,5.990906885245902,1.0283505060584446,1.9453322292269083e-10,0.8241862675219768,1.3014207552249446e-08,7.8855822713628925,0.891521905042208
ZNF860,-0.09296573033707867,-4.768331137724552,4.675365407387473,3.859636495291999e-54,0.9825237166117203,1.3719743054047365e-52,51.86265402210261,3.6537300000000004,3.0462768852459012,0.6074531147540991,3.655321744075308e-09,0.8004276550249466,1.2850158321043654e-07,6.8910915215519815,0.8914755712622964
CYB5B,5.998055056179775,3.2732940119760476,2.7247610442037278,1.1037125740388485e-55,0.9895882392518334,1.2727674468458617e-53,52.89525094102647,6.518742028985509,6.015094918032787,0.5036471109527216,8.691856474741914e-09,0.7930624851508671,2.5643540569950225e-07,6.5910220125449275,0.8913251336339693
DCBLD1,3.5799876404494375,1.5665179640718563,2.0134696763775812,5.513944584642266e-49,0.9581511135033304,5.986145065102457e-48,47.22285276290342,6.424811884057971,5.70979918032787,0.7150127037301006,1.887069657920906e-10,0.824423853646947,1.2709445914946761e-08,7.895873382673881,0.8912874722473687
CTTNBP2NL,3.2403921348314606,0.2065640718562874,3.0338280629751733,1.4749080662954433e-53,0.9798324698916773,4.071705439757463e-52,51.3902236477919,6.148707536231885,5.582373114754099,0.5663344214777855,2.791705432342116e-09,0.8026847232121644,1.045739396313471e-07,6.980576530424975,0.8912585033494982
SLC22A3,2.3479932584269663,-2.219744910179641,4.567738168606607,1.6934782123479984e-50,0.965434299939447,2.214411766909779e-49,48.654741619469355,5.043988695652174,3.9170022950819674,1.1269864005702064,4.795903704289913e-10,0.8170586837728676,2.6139635367005755e-08,7.582700474873371,0.891246468559299
RHOF,4.101193258426966,0.37169760479041913,3.729495653636547,2.972602524994428e-53,0.9784195653636546,7.353801879928149e-52,51.13348807471369,4.6293178260869565,4.1190308196721315,0.510287006414825,2.4554525656923593e-09,0.8037538607745308,9.337721990787883e-08,7.029759060332828,0.8910866298618927
SLC25A24,3.9976022471910113,1.277962874251497,2.7196393729395143,3.4847493350721545e-52,0.9734239386395747,6.381372328785929e-51,50.19508591520839,5.819075217391305,5.249224754098361,0.5698504632929433,1.341376959711503e-09,0.8087431693989071,5.949348852574101e-08,7.225530564558655,0.8910835010055717
C1GALT1,3.988058988764045,0.9030586826347305,3.0850003061293143,4.018784357736103e-55,0.9870315548677925,2.7343136638854665e-53,52.56315166728062,4.513419710144928,3.9005527868852456,0.612866923259682,6.9643340010279995e-09,0.7949631741506296,2.1464957322428823e-07,6.668269970667053,0.890997173257007
ATP2C1,5.641515168539326,3.4355065868263472,2.2060085817129784,3.3402498266289143e-53,0.9781840812756509,8.132800294835761e-52,51.08975989189703,7.01006768115942,6.504463442622951,0.5056042385364687,2.4554525656923593e-09,0.8037538607745308,9.337721990787883e-08,7.029759060332828,0.8909688878288853
BGN,8.956372471910113,4.337467065868263,4.61890540604185,2.036391122231703e-54,0.9838020588037408,8.395061810799113e-53,52.075976101909475,8.690335217391304,7.462421147540985,1.2279140698503195,4.982241912476827e-09,0.7978142076502732,1.6337669668077703e-07,6.786809889203149,0.8908079876897168
COL12A1,5.749748314606741,0.872597005988024,4.877151308618717,2.4238076807452776e-52,0.9741640314875866,4.616029835687227e-51,50.335731392782904,7.9828884057971,6.333060163934427,1.6498282418626733,1.6425924945443503e-09,0.807080066524115,6.917216351235923e-08,7.160068640588705,0.8906219873995967
PSMD1,5.651990449438203,3.0886149700598806,2.563375479378322,5.07523536829721e-56,0.9911188858238579,8.494638946006253e-54,53.07085507554591,6.768398550724638,6.2529865573770484,0.5154119933475894,1.2423222763042753e-08,0.7899738655262533,3.3994764012194827e-07,6.468587969302558,0.8905460729359167
WDHD1,1.2490432584269664,-1.5087467065868263,2.7577899650137927,3.5407130517446584e-53,0.9780663392316491,8.539255301945403e-52,51.06858000195243,4.112787246376812,3.5068296721311465,0.6059575742456658,2.7522361672602493e-09,0.8028035162746496,1.0328889315892452e-07,6.9859463764390295,0.8904348357811113
VSIG2,5.655786516853933,-1.0401023952095807,6.695888912063514,2.9848773094780216e-50,0.9642568794994282,3.764415450302088e-49,48.424302452774775,5.2610488405797105,4.666080655737705,0.5949681848420054,5.089789572406474e-10,0.8165835115229271,2.707740979171455e-08,7.567392882341689,0.8904201714009052
GAN,0.3362820224719102,-1.2570508982035928,1.5933329206755031,4.374046681686521e-45,0.9388245979950213,3.39160858583558e-44,43.469594273992065,5.935786376811593,5.335732295081968,0.6000540817296249,1.935380637089864e-11,0.8417676407697791,2.4658228588349393e-09,8.60803812571018,0.8902961171870877
ADGRF1,2.801379213483146,-4.001255688622755,6.8026349021059005,5.514065789536833e-50,0.9629785373074076,6.728170964733539e-49,48.172102981523906,4.6870984057971015,3.3079877049180326,1.3791107008790688,4.518602353855647e-10,0.8175338560228083,2.503756312581011e-08,7.601407942734555,0.8902561743752622
AEBP1,7.931139325842697,3.540310778443114,4.3908285473995825,5.806750692783186e-52,0.972381080535558,1.0093924698336256e-50,49.99593993946949,7.682440869565218,6.607629672131148,1.0748111974340695,1.46322628253587e-09,0.8080304110239962,6.307955889992457e-08,7.200111352248628,0.8902056896259914
RAD51AP1,1.63703595505618,-1.9570814371257483,3.5941173921819285,7.94127630562047e-54,0.9810771714996972,2.4745101449976214e-52,51.606510761328494,3.938642753623189,3.371657049180328,0.5669857044428608,4.209202884320353e-09,0.799239724400095,1.444197003345798e-07,6.840373560485029,0.8901583193934798
CHEK1,2.1698505617977526,-0.37562215568862284,2.5454727174863754,2.275442482709973e-55,0.9881585144318106,1.931850667820767e-53,52.71402644761409,4.237221739130434,3.657697704918033,0.5795240342124011,9.705278873091382e-09,0.792112140650986,2.785289717337833e-07,6.555129624153785,0.8901350796129208
TGM2,6.985415168539326,3.0596215568862277,3.9257936116530985,8.30854383321316e-48,0.9523985736392383,7.966003376325043e-47,46.0987595138545,7.508536376811595,6.246216721311476,1.2623196555001188,1.2300843789395735e-10,0.8277500593965312,9.500145881053393e-09,8.022269725779566,0.890074308062049
CCNA2,2.244072471910112,-1.386288622754491,3.630361094664603,3.4893924521156635e-54,0.9827255601157235,1.269640367934085e-52,51.89631927773689,4.576463623188405,3.97602737704918,0.6004362461392252,5.572590698401976e-09,0.796863863150392,1.7806474718871363e-07,6.7494220525571995,0.8897945531919874
LDHA,8.93639775280899,5.967574850299401,2.968822902509589,4.1476966448413256e-48,0.9538787593352619,4.091197460034513e-47,46.3881495589436,9.974155507246374,9.140545901639344,0.8336096056070303,1.6203915131277146e-10,0.8256117842717986,1.1575961227533456e-08,7.936442936510345,0.8897452615038736
RARRES3,6.749092696629212,1.9155760479041917,4.833516648725021,7.26622780328469e-56,0.9904124335598465,9.830551753908093e-54,53.00742210607906,4.774261884057973,4.167365901639344,0.6068959824186289,1.385642120834662e-08,0.789023521026372,3.7054811955956876e-07,6.431155386329141,0.8897176476097858
ACTB,11.86006460674157,8.112276047904192,3.747788558837378,1.3554751004273252e-56,0.9937092107918993,5.240668882738977e-54,53.28061327913391,9.931140579710146,9.271870655737706,0.65926992397244,2.0251190596413304e-08,0.7856973152767878,4.880536933735607e-07,6.311532396331108,0.8897028288113801
GBP4,3.444198876404494,-0.4732053892215569,3.917404265626051,4.1928273596212e-55,0.986947453407791,2.803881501757643e-53,52.55224034456423,4.895284492753622,4.0623878688524595,0.8328966239011626,9.705278873091382e-09,0.792112140650986,2.785289717337833e-07,6.555129624153785,0.8895295492695687
ENO1,9.292100000000001,6.152058682634731,3.14004131736527,2.9345274564671783e-56,0.9921953845118752,6.561356981958159e-54,53.18300633305858,9.90779797101449,9.056092622950818,0.8517053480636729,1.86761852639641e-08,0.7864100736516988,4.5725793615064125e-07,6.339838748188296,0.8893023224410564
MR1,3.531871348314607,0.18360898203592813,3.348262366278679,1.1226894360741235e-55,0.9895545986678328,1.2780583821576625e-53,52.89344930699938,5.6134384057971,4.9774170491803265,0.6360213566167738,1.423909118406137e-08,0.7887859349014018,3.787560385036962e-07,6.421640434481906,0.8891699300060095
NPR3,1.841893820224719,-2.4204443113772456,4.262338131601965,2.6470330729368134e-51,0.9692693265155083,3.981151333651129e-50,49.39999131346829,4.931036376811593,3.721610819672131,1.209425557139462,1.341376959711503e-09,0.8087431693989071,5.949348852574101e-08,7.225530564558655,0.8890061950671246
ADSS,4.743928651685393,2.674711377245509,2.0692172744398842,1.1046739689153352e-52,0.9757619592276121,2.3037702304389195e-51,50.637560838021635,6.415166231884059,5.891160983606559,0.5240052482774997,2.997467497097658e-09,0.8020907578997386,1.1001530705402653e-07,6.9585468847817245,0.8889262607681689
MSLN,6.652861235955056,-3.4439107784431138,10.09677201439817,7.310122612967947e-52,0.9719101123595505,1.2383871971957064e-50,49.90714354649968,4.820860579710145,4.002676885245902,0.8181836944642438,1.9524527847741815e-09,0.8056545497742932,7.858131399162566e-08,7.1046807134404615,0.8887822612252384
FOXQ1,3.0305848314606743,-0.8535017964071857,3.88408662786786,2.91050255311539e-46,0.944745340779116,2.4589003470443128e-45,44.609259071751616,6.022957246376811,5.023211803278689,0.9997454430981225,6.423256873046464e-11,0.8327393680209075,5.893780148236166e-09,8.229606068382372,0.8887423491619597
DDX60L,3.199561797752809,1.0999610778443116,2.099600719908497,7.924129363061207e-50,0.9622216241673955,9.473539228928338e-49,48.023487742175114,6.685129855072463,5.722025409836067,0.9631044452363966,6.263421372370067e-10,0.8149204086481349,3.1798786221197576e-08,7.497589456980869,0.8885709881522853
TES,5.38415393258427,2.9981161676646706,2.386037764919599,1.6662408018947915e-50,0.9654679405234474,2.1831816688838913e-49,48.66091012388268,7.910485942028986,7.250615901639343,0.6598700403896425,9.455348401639877e-10,0.8115942028985508,4.4087490461072836e-08,7.355684621289952,0.888531032537894
CDK1,3.3791539325842694,-1.7782670658682633,5.157420998452533,1.201763739569999e-56,0.9939446948799031,5.1387242064051177e-54,53.28914469012773,3.3278373913043477,2.6607193442622954,0.6671180470420524,2.7206407944241876e-08,0.7830838679021146,6.23378898177171e-07,6.205247902990077,0.8885137275099552
IL1RN,4.679267415730337,-1.3658161676646705,6.045083583395007,1.620164140734549e-51,0.9702785440355245,2.530955614089883e-50,49.596715471090214,4.480769565217391,3.6526686885245905,0.8281008766928002,1.7401378000325726e-09,0.8066048942741745,7.221571870135176e-08,7.141368262232824,0.8884416549953922
BHLHE41,4.118321348314606,1.1313095808383233,2.9870117674762833,2.1591267535701075e-52,0.9743995155755903,4.1633905316290476e-51,50.38055284979623,6.103458985507246,5.4164036065573775,0.6870553789498688,2.9134491456500506e-09,0.802328344024709,1.0752347465025454e-07,6.968496709719476,0.8883638342801732
SFXN1,3.7166634831460676,1.6637526946107781,2.0529107885352893,1.1418947879898666e-52,0.9756946780596111,2.371263331273817e-51,50.625020214487094,5.912705507246376,5.393393442622951,0.519312064623425,3.454231053455413e-09,0.800902827274887,1.229448109648908e-07,6.910289796464678,0.8882986434555268
BZW1,6.283430898876404,3.5425377245508973,2.7408931743255063,6.715879524204922e-54,0.9814135773397026,2.162852877446116e-52,51.66497302133132,8.262628405797102,7.700256885245903,0.5623715205511992,6.8682399658376155e-09,0.7950819672131146,2.1333137272771713e-07,6.670945272067555,0.888247582785292
PLA2G16,6.8162505617977525,3.73244371257485,3.0838068492229023,2.3897408870814305e-54,0.9834824732557357,9.408159335088527e-53,52.026495336063455,5.832518550724638,5.31386262295082,0.5186559277738176,8.935116631815525e-09,0.7928248990258969,2.6206618473050725e-07,6.58158901389652,0.8881534533857683
VDR,3.5468235955056175,-0.5680239520958084,4.114847547601426,4.525234935740186e-55,0.9867960707797888,2.952035498558974e-53,52.52987842437759,4.760157536231884,4.187275245901639,0.5728822903302451,1.3120823107782982e-08,0.7894986932763127,3.5563119867883875e-07,6.449000146409034,0.8881470661751326
SIM2,0.8959471910112361,-3.0533958083832338,3.94934299939447,2.986210663876367e-55,0.9876202650878019,2.2778021731841334e-53,52.6424839970371,4.245889130434783,3.689637213114754,0.5562519173200289,1.4632019251638395e-08,0.7885483487764314,3.856182886568153e-07,6.413842377065925,0.8880839644705661
BPNT1,4.317207865168539,1.3232892215568863,2.9939186436116527,3.960168137193557e-56,0.9916066742918658,7.381220363915687e-54,53.13187182875976,5.3326736231884055,4.812725245901639,0.5199483772867666,2.3167042814496938e-08,0.7845093846519362,5.484146241637659e-07,6.260890972721066,0.8880575424478905
MAST2,4.087628651685393,1.830959880239521,2.256668771445872,7.043651423013619e-51,0.9672508914754759,9.81270259242713e-50,49.00821136373816,5.599503768115942,5.089889016393443,0.5096147517224985,1.341376959711503e-09,0.8087431693989071,5.949348852574101e-08,7.225530564558655,0.8879969776071504
KIAA1524,1.0655134831460675,-2.144580239520958,3.2100937226670254,3.880198111290754e-53,0.9778813160196461,9.251358793550007e-52,51.033794475563454,4.140610144927536,3.50451131147541,0.6360988334521265,4.844441223370649e-09,0.7980517937752436,1.6043602283291902e-07,6.794698112603666,0.8879664124356225
NPC1,4.58021011235955,2.567238323353293,2.012971789006257,4.649202074041708e-51,0.9681087263674897,6.703295759277315e-50,49.17371161847164,6.54625347826087,5.751355901639344,0.7948975766215263,1.5061905558189045e-09,0.8077928248990259,6.451462459966926e-08,7.190341825473332,0.8879507183474469
PATL1,3.9021325842696633,2.0008329341317364,1.901299650137927,1.0855080299515536e-48,0.9567213886833076,1.1369595190880022e-47,46.94425499788893,6.49596768115942,5.994425737704918,0.5015419434545016,3.892033746241687e-10,0.8187217866476597,2.2371365237377145e-08,7.650307511792178,0.8877215678059398
SUGCT,3.704976404494382,-0.9834473053892216,4.688423709883604,7.669891738623939e-53,0.9765020520756243,1.6715399104922955e-51,50.776883249523316,4.4652513043478255,3.8592136065573768,0.6060376977904487,4.452921508245749e-09,0.7987645521501544,1.509691337787114e-07,6.8211118368117605,0.8876331681076587
NCAPG,1.3783977528089888,-3.4378329341317366,4.816230686940726,1.633097663461565e-55,0.988814505819821,1.6051760775711737e-53,52.79447732131314,4.293425217391304,3.518371639344262,0.775053578047042,1.86761852639641e-08,0.7864100736516988,4.5725793615064125e-07,6.339838748188296,0.8876118838679962
TPI1,8.912451123595504,6.402063473053893,2.5103876505416114,1.0943442946318685e-55,0.9896050595438336,1.2694610519570198e-53,52.89638061907512,7.330963550724638,6.75971106557377,0.5712524851508682,2.0804293024237315e-08,0.7854597291518175,4.989787450405504e-07,6.301917953591446,0.8875319514880252
ARHGAP42,1.6068314606741574,-1.945550898203593,3.5523823588777503,1.0665511643762005e-51,0.9711363789275382,1.7288221848456614e-50,49.76224967307169,5.2612189130434786,4.716409754098361,0.5448091589451174,2.4554525656923593e-09,0.8037538607745307,9.337721990787883e-08,7.029759060332828,0.8874450369838763
FAM72A,1.2632612359550561,-2.5012089820359282,3.7644702179909846,2.8620876553148288e-55,0.9877043665478034,2.229573895425505e-53,52.651778129125674,3.9634630797101447,3.349482827868852,0.6139802518412925,1.7220390718840255e-08,0.7871228320266097,4.327380346092483e-07,6.363774931713734,0.8874132152695897
ARL4C,4.87516797752809,0.6799059880239522,4.195261989504138,6.716025876351976e-53,0.9767711767476283,1.4868915792236398e-51,50.827720698096456,6.638604347826087,5.795135737704919,0.8434686101211684,4.844441223370649e-09,0.7980517937752435,1.6043602283291902e-07,6.794698112603666,0.8874113428886666
KIF26B,2.0504623595505618,-3.377873053892216,5.4283354134427775,1.591927020696514e-55,0.9888649666958218,1.5941312273405553e-53,52.79747593076671,4.80931231884058,4.131223114754099,0.678089204086481,1.9712375475875404e-08,0.785934901401758,4.779474504774978e-07,6.320619850714706,0.8873995099182539
KIF18A,-0.08551348314606741,-4.153246107784431,4.067732624638364,9.872758142120322e-54,0.9806398439076903,2.9553195949082807e-52,51.52939554666094,3.205329275362319,2.609611147540984,0.595718127821335,7.781615077149117e-09,0.7940128296507484,2.333667861892261e-07,6.631960954636743,0.8873261297067238
TFAP2A,2.2022353932584267,-2.981705389221557,5.183940782479984,6.772413484507745e-54,0.9813967570477024,2.178664219307788e-52,51.66180969905105,4.231287101449275,3.6305044262295083,0.6007826752197665,8.935116631815525e-09,0.7928248990258969,2.6206618473050725e-07,6.58158901389652,0.8871105955550495
YEATS2,3.0790955056179774,1.475711377245509,1.6033841283724684,3.8126482176135017e-47,0.9491354369911862,3.46008900443093e-46,45.46091272963611,5.886292608695653,5.315579016393443,0.5707135923022104,1.8305130682571104e-10,0.8246614397719172,1.2412119628592197e-08,7.906154047317077,0.8868984273732622
KIF11,1.6885219101123599,-2.545337125748503,4.233859035860863,1.8308993166266148e-56,0.99312050057189,5.240668882738977e-54,53.28061327913391,3.715742028985507,3.1208385245901638,0.5949035043953432,3.6456878140107926e-08,0.7804704205274412,7.849805526766188e-07,6.10514110245201,0.8867947644324748
MCM4,3.93009606741573,1.6193269461077844,2.3107691213079455,1.428285549258119e-50,0.9657875260714526,1.889575333357946e-49,48.7236357890026,4.982482173913044,4.456257704918033,0.5262244689950109,1.5503834330690936e-09,0.8075552387740556,6.584356647915303e-08,7.181486653186638,0.886671324041148
CIT,1.17431404494382,-1.5408526946107786,2.715166739554599,9.459074427595835e-50,0.9618515777433896,1.1194384627131143e-48,47.95099977527716,4.369389420289854,3.858956557377049,0.5104328629128054,1.0024946573416926e-09,0.8111190306486102,4.631154880093736e-08,7.33431069461714,0.8864852631414925
FAM26E,-0.12337977528089886,-4.156774850299402,4.033395075018503,2.75731974489825e-54,0.9831965282917311,1.0529761928023754e-52,51.977581447856714,4.746741449275363,3.9599775409836067,0.7867639082917561,1.2767394510265476e-08,0.789736279401283,3.4746420733175557e-07,6.459089925919665,0.8864660958311608
GABRP,4.273884269662922,-3.082594610778443,7.356478880441365,3.441419903414012e-49,0.9591435107313463,3.829094384841334e-48,47.41690392842626,6.4731952173913045,4.611297704918034,1.8618975124732708,7.259389448856501e-10,0.8137324780232833,3.585421410999422e-08,7.4454597923766945,0.8864379625947771
ARPC1B,8.157404494382023,4.493877844311377,3.6635266500706463,2.7400727031852694e-56,0.9923299468478772,6.270164024425635e-54,53.20272109808935,7.345511304347826,6.69086081967213,0.6546504846756962,3.6456878140107926e-08,0.7804704205274412,7.849805526766188e-07,6.10514110245201,0.8863994878807531
HDAC1,6.496812359550562,4.401240119760479,2.0955722397900827,1.2374649102842922e-53,0.980185696023683,3.541374299431564e-52,51.450828168811825,7.399900289855072,6.83566049180328,0.5642397980517924,9.184990204857748e-09,0.7925873129009267,2.670455800403627e-07,6.5734146057868355,0.8863862677567066
MAL2,6.615333707865169,3.3924574850299405,3.2228762228352283,8.85472469116758e-54,0.9808585077036936,2.6960427605680248e-52,51.56927322395739,8.464101884057971,7.555552459016393,0.9085494250415778,1.0539814118472674e-08,0.7913993822760751,2.9820070977625026e-07,6.52549132717564,0.886128680745604
PADI1,2.1114095505617976,-5.905023353293413,8.016432903855211,4.524547244699659e-48,0.9536937361232591,4.446443585669363e-47,46.35198721343219,4.747408260869564,3.6035078688524593,1.143900392017105,4.010149687364007e-10,0.8184842005226896,2.272380288848222e-08,7.643518986549143,0.8860889481876634
WDR1,7.155261797752808,4.376405389221556,2.7788564085312517,4.721114972617136e-55,0.9867119693197874,3.0259041160928274e-53,52.519144837883076,7.600109710144928,7.067532131147541,0.5325775789973877,2.0804293024237315e-08,0.7854597291518176,4.989787450405504e-07,6.301917953591446,0.8860854070977976
ATAD2,2.1364629213483144,-0.28846586826347304,2.4249287896117875,5.548112746897252e-53,0.9771580434636344,1.2631713673765562e-51,50.89853772715057,5.291531304347826,4.701289180327868,0.5902421240199578,6.9643340010279995e-09,0.7949631741506297,2.1464957322428823e-07,6.668269970667053,0.8860604186146006
FOXL1,2.5792421348314605,-4.970560479041917,7.549802613873378,1.8626064539399595e-56,0.9930868599878893,5.240668882738977e-54,53.28061327913391,4.705842028985507,4.195427540983607,0.5104144880019001,4.6232791355521146e-08,0.7783321454027085,9.573442292800098e-07,6.018931876228869,0.8857086547664176
SHCBP1,1.230452808988764,-3.3184514970059884,4.5489043059947525,4.127946272426852e-54,0.9823891542757182,1.4454227171849218e-52,51.84000512391542,4.595275797101449,3.8585003278688523,0.7367754692325965,1.385642120834662e-08,0.7890235210263721,3.7054811955956876e-07,6.431155386329141,0.8857060094542273
DHRS9,3.676783146067416,-3.823210179640719,7.499993325708135,6.659815556864899e-54,0.9814303976317029,2.1471582561183415e-52,51.66813594474586,4.420443478260869,3.167208360655737,1.253235117605132,1.2767394510265476e-08,0.789736279401283,3.4746420733175557e-07,6.459089925919665,0.8855830308079803
PON2,5.963618539325843,3.8446023952095807,2.1190161441162623,1.1659755937251288e-50,0.9662080333714593,1.5669652731363104e-49,48.804940628197905,6.8448120289855074,6.259565409836066,0.5852466191494416,2.1899279997697513e-09,0.8047042052744119,8.522398789765435e-08,7.069438147659339,0.885456043860834
GPX8,4.439387640449438,0.9762532934131735,3.4631343470362648,1.0665511643762005e-51,0.9711363789275381,1.7288221848456614e-50,49.76224967307169,6.0818084057971005,4.998415409836067,1.0833929959610336,4.3293934702773905e-09,0.7990021382751248,1.4828913970198397e-07,6.828890654367507,0.8850691273551725
PGM2,3.721720224719101,1.3793137724550897,2.3424064522640116,5.562200609346549e-51,0.9677386799434838,7.904882918392289e-50,49.10210455815084,6.418345797101448,5.796480983606557,0.6218648134948914,2.9134491456500506e-09,0.802328344024709,1.0752347465025454e-07,6.968496709719476,0.885033416822218
UBE2C,4.6162359550561805,-2.6122233532934134,7.228459308349594,1.038274432523565e-56,0.9942306398439077,5.0742701558312363e-54,53.29462641451605,4.767622173913043,4.151631475409836,0.6159906985032073,6.166477817085752e-08,0.7757186980280352,1.2010521497095063e-06,5.920438135112191,0.8849736060352429
AK4,2.893687640449438,-1.7135083832335327,4.60719602368297,2.201915976086001e-53,0.9790250958756644,5.679896071998856e-52,51.24565961072742,5.505788260869565,4.91967631147541,0.5861119493941551,1.1761714966821941e-08,0.7904490377761939,3.2540744741540704e-07,6.487572511834305,0.8847367789258985
MCM6,3.538709550561798,0.5826053892215568,2.956104161340241,1.5419500086224981e-56,0.9934569064118952,5.240668882738977e-54,53.28061327913391,5.3837763768115945,4.8257034426229515,0.558072934188643,6.166477817085752e-08,0.7757186980280352,1.2010521497095063e-06,5.920438135112191,0.8845867397838837
TAP1,5.734598314606741,2.621523353293413,3.1130749613133277,4.897792237719076e-53,0.9774103478436386,1.131378419076582e-51,50.946392109637806,6.457871739130434,5.896264098360657,0.5616076407697772,1.025417001010136e-08,0.7916369684010455,2.917697904865683e-07,6.534959676473297,0.8845234000450597
SULF2,6.568767977528089,1.7977946107784426,4.770973366749646,2.514957302189592e-56,0.9924981497678799,5.988972102421484e-54,53.22264770992341,6.844307536231884,5.753766557377048,1.0905409788548361,5.702072292747111e-08,0.776431456402946,1.1237295770622704e-06,5.949338188161726,0.8844638091861539
CTSB,9.252482584269663,5.672558083832335,3.5799245004373272,7.950812505886316e-57,0.9947520688959162,5.0742701558312363e-54,53.29462641451605,8.815039710144928,7.975102459016395,0.839937251128533,7.397067344723993e-08,0.7740555951532431,1.3841303844388591e-06,5.858822997613941,0.8844026078943636
ADAM28,4.661379775280899,0.7529970059880239,3.908382769292875,8.825679528128313e-49,0.9571587162753146,9.359470174462069e-48,47.02874873532388,6.84643652173913,5.61836524590164,1.2280712758374897,9.455348401639877e-10,0.8115942028985507,4.4087490461072836e-08,7.355684621289952,0.8843764205969938
PGM2L1,2.29261797752809,-0.2311502994011976,2.5237682769292875,1.1476732331446744e-48,0.9566036466393055,1.199497692611029e-47,46.921000583116964,6.12319347826087,5.293155409836065,0.8300380684248045,8.917355372169119e-10,0.8120693751484913,4.2268687087558976e-08,7.3739812416312045,0.8843364735141551
COL5A2,6.022250561797752,0.678388622754491,5.343861939043261,4.721114972617136e-55,0.9867119693197874,3.0259041160928274e-53,52.519144837883076,7.3898833333333345,6.025074262295083,1.3648090710382519,3.1087482970975474e-08,0.781895937277263,6.940211181567214e-07,6.158627314329882,0.8843033395729069
ANXA8L1,2.4569932584269667,-3.6410461077844314,6.098039366211398,2.679542076797035e-45,0.9399010966830385,2.111802157955699e-44,43.67534677067078,5.167172995169082,3.8381686885245907,1.3290043066444914,1.0876796974666125e-10,0.8287004038964125,8.70274279536986e-09,8.060343851615238,0.8843007425938836
SIPA1L1,4.865552808988765,3.121369461077844,1.744183347910921,1.0238768371215277e-50,0.9664771580434637,1.3868145432466177e-49,48.85798161263243,6.503988405797103,5.960488688524589,0.543499717272514,3.454231053455413e-09,0.8009028272748873,1.229448109648908e-07,6.910289796464678,0.8836898840140763
MMP9,4.334939325842696,-3.420788023952096,7.7557273497947925,2.121336352589029e-57,0.9973255735719573,3.98091527233166e-54,53.400017065608665,4.941372318840579,4.152761147540984,0.7886111712995953,1.1754257230969619e-07,0.7697790449037777,2.0010247437539174e-06,5.698747541044275,0.8835505412278342
SEC23A,4.166582022471911,1.533625748502994,2.6329562739689165,2.250177086190743e-52,0.974315414115589,4.3176424463196827e-51,50.36475332541537,7.245532318840579,6.511569344262295,0.7339629745782839,9.184990204857748e-09,0.7925873129009267,2.670455800403627e-07,6.5734146057868355,0.8834511275864759
GCNT3,5.635107303370787,-1.711040119760479,7.346147423131265,4.359528207148556e-53,0.9776458319316423,1.0231791742907434e-51,50.99004830803552,6.599078985507246,5.259931639344262,1.3391473461629841,1.385642120834662e-08,0.7890235210263721,3.7054811955956876e-07,6.431155386329141,0.883334349161004
EIF2AK2,3.210355056179775,1.0262215568862274,2.1841334992935475,5.951840490385669e-52,0.9723306196595572,1.030942542185934e-50,49.98676553869995,7.377638405797102,6.809699999999999,0.5679384057971024,7.568956705072213e-09,0.7942504157757186,2.293967287447871e-07,6.639412779539448,0.8832903150936827
DAPP1,2.4215477528089893,-3.240677844311377,5.662225597120367,6.885400938064729e-53,0.9767207158716275,1.5186508748221757e-51,50.818542055344146,4.15756695652174,3.544428360655738,0.6131385958660021,1.2767394510265476e-08,0.789736279401283,3.4746420733175557e-07,6.459089925919665,0.8832281907461654
AGMO,0.3485157303370786,-6.608939520958082,6.957455251295161,4.62086218373979e-53,0.9775280898876405,1.0750386321908682e-51,50.968575928822,3.58956,2.927958032786885,0.661601967213115,1.4434256472981137e-08,0.7886671418389166,3.834374930000554e-07,6.41630542352128,0.8830972772505428
ACSL3,5.203748876404494,2.6109886227544914,2.5927602536500025,2.3944784746021083e-55,0.9880575926798089,2.0038706217238014e-53,52.6981303217695,6.707029275362317,6.145727540983607,0.5613017343787101,4.872769545253459e-08,0.7778569731527678,9.97645948963203e-07,6.00102355660087,0.882956402037532
ENTPD1,3.8241674157303374,0.03776826347305389,3.7863991522572835,8.767128517918364e-56,0.9900423871358407,1.1044885068993025e-53,52.956838798956134,5.932397246376813,5.084965573770491,0.847431672606322,6.166477817085752e-08,0.7757186980280353,1.2010521497095063e-06,5.920438135112191,0.8828794821963643
IFI6,8.293314606741573,3.4480059880239526,4.84530861871762,7.649286302073391e-55,0.985753212675772,4.203591377690068e-53,52.37637950744862,6.95636420289855,6.176120655737705,0.7802435471608451,3.946865958032179e-08,0.7797576621525303,8.38992133459274e-07,6.076242111175167,0.8827546967892833
CHML,1.2437044943820226,-0.698185628742515,1.9418901231245376,1.4814096835563816e-46,0.9462087061831393,1.2777158520673791e-45,44.893565717069556,5.1323226086956515,4.497708524590164,0.6346140841054879,3.6659024146794977e-10,0.8191969588976004,2.150411906182815e-08,7.667478344061917,0.882702813558623
TSC22D1,6.691561797752809,3.8867095808383234,2.8048522169144854,6.958349535059725e-52,0.9720110341115522,1.1856517571650198e-50,49.926042850727306,7.179123043478262,6.477588852459016,0.7015341910192454,8.455039850068278e-09,0.7933000712758376,2.5018663035638424e-07,6.601735902146943,0.8826553318650765
C11orf80,3.843891573033708,1.5677209580838323,2.276170614949876,2.017326681613913e-48,0.9554094059072866,2.0499048453707657e-47,46.68826629801231,5.267736376811595,4.733761803278689,0.5339745735329053,1.229439406386465e-09,0.809455927773818,5.5140081717373225e-08,7.258532594607141,0.882432618183143
IGFBP5,7.277640449438203,3.1210670658682638,4.156573383569939,8.917497360723808e-51,0.9667631030074681,1.2191269845707386e-49,48.913951055804006,8.861380289855072,7.37296393442623,1.4884163554288419,4.844441223370649e-09,0.7980517937752435,1.6043602283291902e-07,6.794698112603666,0.8824073068214142
ZNF532,3.730471348314607,1.4212293413173653,2.3092420069972417,7.523641718193488e-47,0.9476720715871627,6.653720644527366e-46,45.17693543687373,5.7170257971014475,5.045610983606557,0.6714148134948905,4.795903704289913e-10,0.8170586837728676,2.6139635367005755e-08,7.582700474873371,0.8823653546153059
LAMP5,3.677456741573034,-3.665143113772455,7.3425998553454885,2.2153398314882403e-54,0.9836338558837381,8.962487753343412e-53,52.0475714247589,5.660021594202899,4.498037540983605,1.1619840532192942,3.457415686780472e-08,0.7809455927773818,7.533625924038102e-07,6.122995948130546,0.882289059646486
TRIP13,1.5651640449438202,-1.8357856287425152,3.4009496736863354,2.882583045127571e-52,0.973810805355581,5.376141272417008e-51,50.26952932756118,4.376023043478262,3.865946393442623,0.5100766500356388,1.2088072708803464e-08,0.7902114516512235,3.3259658651196106e-07,6.478082212322232,0.8820108351495116
SMURF1,4.123248876404494,2.3299000000000003,1.7933488764044938,7.996032881201122e-45,0.9374957949269999,6.095193262376615e-44,43.21501251950367,6.314170000000001,5.797517540983606,0.5166524590163943,1.5243617059216603e-10,0.826086956521739,1.1007872636661e-08,7.958296603955522,0.8817913660177222
CDHR2,3.4428207865168545,-3.5063868263473053,6.94920761286416,1.4027815325176253e-53,0.979933391643679,3.9150235805819445e-52,51.407265617798686,4.402470724637681,3.7154775409836067,0.6869931836540739,2.5789392638193298e-08,0.7835590401520551,5.956873221036726e-07,6.224981642806993,0.8817456906528249
TUBB,8.0317,5.449267065868264,2.582432934131737,1.591927020696514e-55,0.9888649666958219,1.5941312273405553e-53,52.79747593076671,8.471125652173912,7.93784393442623,0.5332817177476823,7.023080444906278e-08,0.7745307674031836,1.3215679975490148e-06,5.8789104865613355,0.8816967018258182
TBL1XR1,4.551413483146067,2.745408982035928,1.8060045011101393,1.416744490518806e-50,0.9658043463634528,1.8760015596537562e-49,48.72676680489686,7.571013913043478,7.047393278688523,0.5236206343549545,5.123853640186458e-09,0.797576621525303,1.6692580515415264e-07,6.777476520302434,0.8816903367674839
B4GALT4,5.14892808988764,2.670269461077844,2.478658628809796,1.7933378723653813e-55,0.9886294826078181,1.678203289153936e-53,52.77515543205903,5.318858260869564,4.777310983606556,0.5415472772630077,7.023080444906278e-08,0.7745307674031837,1.3215679975490148e-06,5.8789104865613355,0.8815789599374203
MSMO1,5.458356741573034,2.774822155688623,2.6835345858844115,8.614498640317064e-53,0.9762665679876202,1.8491973061502893e-51,50.733016747899384,5.419010579710145,4.654565081967212,0.7644454977429325,1.769296387320691e-08,0.7868852459016393,4.4073767914789265e-07,6.355819819591032,0.8815755184009106
MPZL2,5.249601685393259,2.562674850299401,2.6869268350938578,6.893709210250567e-42,0.9223238915427571,4.496608164410293e-41,40.347114955315895,7.248956811594202,6.350716557377051,0.8982402542171508,2.1990604638003986e-11,0.8408172962698979,2.6821833205731326e-09,8.57151154252002,0.8815705915417934
PMEPA1,6.6419825842696625,3.1582838323353286,3.483698751934334,6.854730074236291e-50,0.9625243894234004,8.25908972601473e-49,48.08306781572483,6.199225507246377,5.414719836065573,0.7845056711808036,3.760095670754594e-09,0.8001900688999762,1.3172188038897398e-07,6.880342078167189,0.8813571130676567
ABLIM3,3.846123033707865,0.13951317365269464,3.7066098600551705,1.756054697508109e-52,0.9748200228755971,3.456701620790408e-51,50.46133810672802,5.3188769565217395,4.666373114754097,0.6525038417676425,1.6311737478638158e-08,0.7875980042765502,4.15648006095795e-07,6.381274298510267,0.8812086473033043
BMPR2,3.571416292134831,0.7705508982035928,2.8008653939312382,3.763561010498303e-54,0.9825741774877211,1.3435293574405917e-52,51.871752839364675,7.376804347826086,6.735678688524591,0.6411256593014949,4.052518143095804e-08,0.77952007602756,8.578044488502155e-07,6.066611705700013,0.8810463709914956
MUC13,5.609044382022472,-0.18029281437125744,5.7893371963937295,7.492593461968946e-52,0.9718596514835499,1.2656390357427995e-50,49.897690138819335,6.226779420289853,4.721068032786884,1.505711387502969,1.2088072708803464e-08,0.7902114516512238,3.3259658651196106e-07,6.478082212322232,0.8810352585379698
LBH,5.726866292134831,1.8544035928143714,3.87246269932046,1.4749080662954433e-53,0.9798324698916773,4.071705439757463e-52,51.3902236477919,6.132484927536232,5.459930491803279,0.6725544357329527,3.027060308792468e-08,0.7821335234022333,6.788148806813424e-07,6.168248645837334,0.8809823986225876
DPYSL3,5.499215168539325,0.473685628742515,5.0255295397968105,7.022236840259933e-56,0.9904797147278477,9.702114536303471e-54,53.01313360270615,6.690356376811595,5.586193278688525,1.1041630981230695,9.824919631878869e-08,0.7714421477785698,1.7315230607618768e-06,5.76157172005738,0.8809594058490406
ALDOC,4.004246629213482,0.6487407185628742,3.355505910650608,2.2720173540590973e-54,0.9835833950077373,9.078925553760982e-53,52.04196554505634,4.984523623188406,4.3974204918032775,0.5871031313851285,4.746435530145518e-08,0.7780945592777382,9.79803404638811e-07,6.008861055782648,0.880838114093709
MX2,3.9220078651685384,0.8496347305389222,3.072373134629616,1.552392689110531e-48,0.9559644755432954,1.5960111639309236e-47,46.796964075130255,5.550796376811595,4.732045573770493,0.8187508030411026,1.9524527847741815e-09,0.8056545497742932,7.858131399162566e-08,7.1046807134404615,0.8808094434436253
MOCOS,1.3946601123595506,-1.2608161676646705,2.655476280024221,9.49388828058279e-46,0.9421718361030748,7.716962250101574e-45,44.11255362423012,4.409806231884057,3.8943383606557385,0.5154678712283189,3.5576988949720977e-10,0.8194345450225706,2.1179955653609186e-08,7.67407495354926,0.88080317190745
ATP2C2,2.931789325842697,-1.1350071856287425,4.0667965114714395,3.639569295372867e-49,0.9590257686873445,4.041122230709589e-48,47.39349801337327,4.572173768115941,3.7853893442622955,0.7867844238536454,2.8317256867434178e-09,0.8025659301496793,1.0508907033752984e-07,6.978442449898764,0.8807957568564949
HPGD,4.151896629213483,-1.6540688622754494,5.805965491488932,2.0536180784958294e-54,0.9837852385117406,8.448244428115462e-53,52.07323352944022,5.802779420289855,4.7418314754098345,1.06094794488002,5.002360347882327e-08,0.7776193870277976,1.0189634830823849e-06,5.991841379663826,0.8807014153662729
XAF1,4.317608426966292,1.6926574850299403,2.624950941936352,2.23876986067935e-38,0.903434703626455,1.2719365455189312e-37,36.89553455426809,6.050437536231884,5.095235409836065,0.955202126395819,2.165615074631388e-12,0.8576859111427892,6.188399762550235e-10,9.2084216392096,0.8805603068396962
DIO2,2.0589022471910114,-2.364363473053892,4.4232657202449035,3.399608006896975e-52,0.9734743995155756,6.239111423935831e-51,50.20487725825994,4.28103579710145,3.6725780327868853,0.6084577643145646,1.6311737478638158e-08,0.7875980042765504,4.15648006095795e-07,6.381274298510267,0.8805358359029464
TMC5,5.4267617977528095,-0.36375029940119763,5.790512097154007,4.925226410852332e-50,0.9632140213954115,6.04240185076734e-49,48.21879039528793,6.656100579710145,5.102914754098362,1.5531858256117834,4.982241912476827e-09,0.7978142076502732,1.6337669668077703e-07,6.786809889203149,0.8805139706673549
MB21D1,1.6879707865168538,-1.3560904191616765,3.0440612056785303,8.201311687885613e-52,0.9716746282715468,1.3707304992525737e-50,49.86304792390681,4.545208550724638,4.030765901639344,0.5144426490852938,1.3483749629363987e-08,0.7892611071513423,3.639884532201995e-07,6.438912393225369,0.8804675472313073
SMC4,3.7924219101123597,2.0258023952095807,1.766619514902779,2.898667343186334e-47,0.9497241472111955,2.660298161228241e-46,45.575069685730064,5.935193333333332,5.300318360655737,0.6348749726775953,1.0024946573416926e-09,0.81111903064861,4.631154880093736e-08,7.33431069461714,0.8804215481562153
MCU,4.773287078651685,1.7999191616766468,2.973367916975038,9.1354494846353e-55,0.9853999865437664,4.690304699907279e-53,52.3287989429587,5.859579275362319,5.3468168852459,0.5127623901164187,6.58129104118613e-08,0.7751247327156092,1.2633931352864314e-06,5.898461487197328,0.8802612475122653
ITGB6,5.192241011235955,2.536238323353294,2.6560026878826615,2.90710916649343e-42,0.9242918657067886,1.9295418318870564e-41,40.714545801616666,7.2375276811594205,5.213321475409835,2.0242062057495858,4.143504609279684e-11,0.8360655737704917,4.294431227949301e-09,8.36709434776293,0.8801787159587732
ANXA2P1,-1.492176404494382,-4.886733532934133,3.394557128439751,8.34714007323104e-41,0.9165881719706654,5.211935756021611e-40,39.28300094617842,5.510083623188407,4.905253606557377,0.6048300166310305,1.4975456406305776e-11,0.8436683297695414,2.1095355950375665e-09,8.675813142195835,0.8801282490134416
TMEM154,1.036852808988764,-3.7176479041916175,4.754500713180382,1.4882955891277844e-52,0.9751564287156025,2.981732007752898e-51,50.525531392668505,4.823620434782609,4.092700491803279,0.7309199429793303,2.2553034563218453e-08,0.7847469707769067,5.376976762432165e-07,6.26946184040019,0.8799512265982704
ACTA2,8.890900561797753,4.618168862275449,4.272731699522304,2.972602524994428e-53,0.9784195653636547,7.353801879928149e-52,51.13348807471369,9.760334492753627,8.533119672131148,1.2272148206224784,3.2785888712340915e-08,0.7814207650273224,7.214698920934603e-07,6.141781787883725,0.8799195303595819
TGFBI,7.332597191011235,2.777485628742515,4.555111562268721,2.6969016882692953e-55,0.9878221085918052,2.1320809419771064e-53,52.671196311846806,7.527748260869567,6.512102131147541,1.0156461297220254,9.332520762661549e-08,0.7719173200285104,1.6623189030767495e-06,5.779285656508122,0.8798682516860995
HTRA3,6.273828651685394,0.9061946107784431,5.3676340409069505,1.4145539215176804e-53,0.9799165713516786,3.940370103491547e-52,51.40446298468323,6.212877681159421,5.5010732786885255,0.7118044024708956,3.946865958032179e-08,0.7797576621525304,8.38992133459274e-07,6.076242111175167,0.8798363785756849
TNFRSF10A,2.916891011235955,-0.3049239520958084,3.2218149633317634,9.331604345473757e-49,0.9570409742313127,9.874543247149534e-48,47.005482983785576,5.164395797101449,4.5841567213114764,0.5802390757899722,2.8317256867434178e-09,0.8025659301496793,1.0508907033752984e-07,6.978442449898764,0.8798033597327691
CD58,4.478976404494382,1.1970473053892217,3.2819290991051604,9.708867809330893e-54,0.9806734844916908,2.9151982836412766e-52,51.53533190040322,5.1225794202898545,4.600640655737705,0.5219387645521492,4.3861917715922136e-08,0.7788073176526491,9.158350105131424e-07,6.0381827582946315,0.8797395953751105
EPS8L3,5.2641033707865175,-1.821635329341317,7.085738700127834,1.2774661563878208e-51,0.9707663325035322,2.040775699682436e-50,49.6902047256824,4.783759999999999,4.186300327868853,0.597459672131146,1.4632019251638395e-08,0.7885483487764314,3.856182886568153e-07,6.413842377065925,0.8796570014280235
PSMB9,6.272757303370787,1.9318886227544907,4.340868680616296,7.26622780328469e-56,0.9904124335598465,9.830551753908093e-54,53.00742210607906,5.946616376811593,5.345843278688524,0.600773098123069,1.3016324816837112e-07,0.7688287004038964,2.1751507544794717e-06,5.662510637757777,0.8796186536745315
KIF4A,1.2469561797752808,-5.171707784431138,6.418663964206419,3.355149974140888e-57,0.996434098095943,3.98091527233166e-54,53.400017065608665,3.9154650724637676,3.364224754098361,0.5512403183654064,2.5050661558765376e-07,0.7626514611546685,3.714517295478012e-06,5.430097615155324,0.8795395125484387
FRMD6,3.677273033707865,0.5266395209580838,3.1506335127497813,8.755669102276712e-49,0.9571755365673148,9.288588404209926e-48,47.03205028114551,6.121290434782609,5.226389180327869,0.8949012544547399,3.08384330454876e-09,0.8018531717747683,1.1195302653518846e-07,6.950964161220595,0.8795142557067477
DNAJC13,3.382619662921349,1.6925550898203592,1.6900645731009898,9.926816216902087e-50,0.961750655991388,1.172425041940204e-48,47.93091491399657,6.960302753623187,6.455896557377049,0.5044061962461388,5.418921789912717e-09,0.7971014492753624,1.7398827056761492e-07,6.759480028725814,0.8794258996235572
TSPAN15,6.285357303370787,2.7220455089820357,3.563311794388751,1.268897649958014e-53,0.9801352351476822,3.611919010310516e-52,51.44226199638997,6.857384057971015,6.2324931147540985,0.6248909432169167,4.872769545253459e-08,0.7778569731527678,9.97645948963203e-07,6.00102355660087,0.8789952272233226
FAM177A1,5.77597584269663,4.088050898203592,1.6879249444930373,5.005347659186379e-50,0.9631803808114108,6.131707888389738e-49,48.212418542904786,5.727769420289855,5.183702295081969,0.5440671252078859,7.160460359461008e-09,0.7947255880256592,2.20016418694775e-07,6.657544908802902,0.8789527910344472
ACTR3,6.543891573033708,3.7268886227544917,2.817002950279216,3.0733253559188336e-53,0.9783522841956537,7.567821465955494e-52,51.12102912201654,8.991159855072466,8.415984098360656,0.5751757567118094,4.052518143095804e-08,0.77952007602756,8.578044488502155e-07,6.066611705700013,0.8789354261562414
CXCL5,4.035033146067416,-4.004094011976048,8.039127158043463,2.898667343186334e-47,0.9497241472111956,2.660298161228241e-46,45.575069685730064,6.162768985507245,4.937272786885246,1.2254961986219994,1.46322628253587e-09,0.8080304110239962,6.307955889992457e-08,7.200111352248628,0.8788772236784047
WISP1,2.7482365168539324,-2.5753526946107788,5.323589211464711,3.6614536346933234e-52,0.9733230168875732,6.655029952651864e-51,50.176849985532336,5.720453043478261,4.9233927868852465,0.7970602565930145,2.379726362303421e-08,0.784271798526966,5.613404059570204e-07,6.250773695616442,0.878796914402776
PLAUR,6.4622814606741565,0.8738664670658682,5.588414993608288,2.0900049265478432e-55,0.9883267173518131,1.8494649335664533e-53,52.732953898629724,6.251225652173913,5.557554098360654,0.6936715538132585,1.2689042040153637e-07,0.7690662865288667,2.1365227940167777e-06,5.670292469445006,0.8786946245852345
SGCB,3.9222421348314613,1.0136550898203591,2.908587045011102,2.036391122231703e-54,0.9838020588037407,8.395061810799113e-53,52.075976101909475,6.911310724637682,6.4096393442622945,0.5016713803753872,7.790310864830249e-08,0.7735804229033024,1.4442037834031461e-06,5.840371521611817,0.8786899718443071
ASPH,6.189465168539326,3.4615934131736528,2.727871755365673,1.1389013468520222e-51,0.971001816591536,1.8369487830379491e-50,49.735902952324615,6.632081884057973,6.070948032786886,0.5611338512710873,1.9187490027636755e-08,0.7861724875267285,4.6805775978392443e-07,6.329700550328435,0.878586740829598
FNDC1,3.403889325842697,-1.7324275449101794,5.136316870752877,4.11387839699203e-51,0.9683610307474938,5.991922187324468e-50,49.2224338351342,5.968006376811593,4.657512295081967,1.310494081729626,1.423909118406137e-08,0.7887859349014018,3.787560385036962e-07,6.421640434481906,0.8785731500594359
GREM1,4.494242134831461,-0.946320359281437,5.440562494112898,2.2911374169746293e-47,0.9502287559712037,2.117323253254311e-46,45.67421283286979,7.291406956521739,6.264700163934427,1.0267067925873121,1.7401378000325726e-09,0.8066048942741744,7.221571870135176e-08,7.141368262232824,0.8784167616871866
COL1A2,9.933766853932585,4.123021556886227,5.810745297046358,6.404072977468373e-55,0.9861064388077775,3.7329054636126838e-53,52.42795300850692,10.503128840579711,8.977172295081967,1.5259565454977437,1.0610974345380225e-07,0.7707293894036589,1.8440601201619519e-06,5.734224924156053,0.878416294250274
PPARG,4.263930898876405,-0.17355868263473054,4.4374895815111355,1.8173763058674481e-53,0.9794119625916705,4.841460726422054e-52,51.31502358676174,5.214355942028986,4.371445409836066,0.8429105321929198,5.271638513638779e-08,0.777144214777857,1.062989770043513e-06,5.973470915001662,0.8782771550841402
BUB1B,1.5352668539325844,-2.6212550898203593,4.156521943752944,1.2915633540936127e-54,0.9847103545717554,5.962259483542784e-53,52.224589126958456,3.9225059420289856,3.4167980327868857,0.5057079092421,9.575656816036833e-08,0.7716797339035399,1.702594340366087e-06,5.768888814589755,0.8781935490277355
DKK1,2.928398876404494,-3.696748502994013,6.625147379398507,1.0855080299515536e-48,0.9567213886833076,1.1369595190880022e-47,46.94425499788893,4.352674492753623,3.378148852459016,0.974525640294607,4.092262124943342e-09,0.7994773105250653,1.4137740809195454e-07,6.84961998463313,0.8780992254607763
COL5A1,6.598229775280898,1.2566880239520957,5.341541751328802,3.795318564046856e-54,0.9825573571957209,1.3540411498199079e-52,51.86836813707764,6.50715811594203,5.772461803278689,0.734696312663341,7.790310864830249e-08,0.7735804229033025,1.4442037834031461e-06,5.840371521611817,0.8780676219390986
GPI,7.468737078651685,4.953744311377245,2.51499276727444,3.984849000951725e-55,0.9870483751597928,2.7207044210344173e-53,52.56531863767135,7.349318985507247,6.817732131147541,0.5315868543597055,1.2689042040153637e-07,0.7690662865288667,2.1365227940167777e-06,5.670292469445006,0.8780554548548279
HOXB3,3.203465730337079,0.7910874251497005,2.4123783051873784,1.6602929937211094e-44,0.9358810468949741,1.2383705610539383e-43,42.90714938072755,4.802995507246377,4.1452083606557375,0.6577871465906391,3.251461398538493e-10,0.8201473033974817,1.9768687645886163e-08,7.704022160583529,0.8780141577890398
LOXL1,6.1348814606741575,1.9029323353293413,4.2319491253448165,2.3144513619180708e-55,0.98812487384781,1.9564628460681458e-53,52.708528395093126,6.043764057971015,5.464678524590165,0.5790855333808498,1.477911915493636e-07,0.7676407697790448,2.4231698398048527e-06,5.615616145125778,0.8778806945542507
TGIF1,5.952087078651686,3.5250622754491023,2.4270248032025834,2.0367370516342164e-47,0.9504810603512076,1.890573494244716e-46,45.723406435188764,7.566521913043476,7.063635901639345,0.5028860114041311,2.0678719278572146e-09,0.8051793775243526,8.190820232262944e-08,7.086672605625546,0.8778301470362849
SLC16A1,3.5370528089887636,-0.5713904191616765,4.10844322815044,5.207099945056713e-56,0.991068424947857,8.568458479813687e-54,53.067097303389325,4.6870839130434785,4.083632295081967,0.6034516179615119,2.1031872497542186e-07,0.7643145640294607,3.238649311534537e-06,5.489636075858589,0.8776886519537046
CKAP2,2.48836404494382,-0.8267167664670659,3.315080811410886,6.962525092693285e-56,0.9904965350198478,9.702114536303471e-54,53.01313360270615,4.609681594202898,4.024068032786887,0.585613561416011,2.000313158155595e-07,0.7647897362794012,3.104132203458989e-06,5.508059790632255,0.8776404113293039
ADGRG6,2.7748477528089888,-0.4048011976047904,3.179648950413779,1.841502883440332e-46,0.9457377380071319,1.5776115884003814e-45,44.80199991226604,5.887154202898551,5.108510327868854,0.7786438750296973,1.229439406386465e-09,0.8094559277738179,5.5140081717373225e-08,7.258532594607141,0.8775967844997138
FCGR3A,4.998884269662922,0.8238844311377247,4.174999838525197,2.825867359581735e-51,0.9691347641795062,4.2262480416557987e-50,49.374045017468006,5.046868550724638,4.20557868852459,0.841289862200048,2.0251190596413304e-08,0.7856973152767878,4.880536933735607e-07,6.311532396331108,0.8774156115020082
MX1,5.4173471910112365,1.9651952095808385,3.452151981430398,1.186580658196053e-51,0.9709177151315347,1.908072509958358e-50,49.719405125398985,6.174080869565216,5.3974749180327874,0.7766059515324288,2.5789392638193298e-08,0.783559040152055,5.956873221036726e-07,6.224981642806993,0.8772378550820149
ST6GALNAC1,4.275089325842696,-1.3995904191616768,5.674679745004373,3.803897618133283e-50,0.96375227073942,4.726110845553889e-49,48.32549609670114,4.647070144927537,3.8824058196721314,0.7646643252554055,1.1443925796256198e-08,0.7906866239011641,3.18376700559823e-07,6.4970587223054395,0.8772191680340589
GRN,8.483725842696629,4.951488622754491,3.5322372199421377,2.8716532843437015e-57,0.9967368633519478,3.98091527233166e-54,53.400017065608665,7.931639130434786,7.424291803278688,0.507347327156098,4.310929784603355e-07,0.7574245664053219,5.733479287328518e-06,5.241581752078176,0.8770756861545227
CORIN,1.1899432584269665,-2.8228,4.012743258426966,8.917497360723808e-51,0.9667631030074683,1.2191269845707386e-49,48.913951055804006,4.291215362318841,3.4087359016393446,0.8824794606794963,1.769296387320691e-08,0.7868852459016394,4.4073767914789265e-07,6.355819819591032,0.8768237880051022
EPHA2,5.26596404494382,1.867888622754491,3.3980754221893283,5.092004416669581e-47,0.9485130861871763,4.5750722505049195e-46,45.33960204307341,5.457299420289854,4.72993737704918,0.7273620432406744,2.1280476544302768e-09,0.8049417913993823,8.33020298073754e-08,7.07934441607938,0.876727365760104
STAT1,5.7312747191011235,2.9036299401197607,2.827644778981363,1.9232396150601633e-52,0.974634999663594,3.7442771648334805e-51,50.42663201070784,8.148149130434783,7.471243934426229,0.6769051960085539,4.3861917715922136e-08,0.7788073176526491,9.158350105131424e-07,6.0381827582946315,0.8767203557261901
SLC5A3,1.0900601123595508,-0.7726215568862276,1.8626816692457784,8.318953082295554e-44,0.9322983246989167,5.967094288159127e-43,42.224237099661565,6.8097657971014485,5.999632786885247,0.8101330102162017,2.8828923084051676e-10,0.8210976478973627,1.7964640138638184e-08,7.74558147800673,0.8766979705485759
RIOK3,5.4983393258426965,3.861551497005988,1.6367878288367086,6.589008956471037e-47,0.9479580165511673,5.862556708369226e-46,45.231912943336525,7.372103768115943,6.859754426229509,0.5123493418864342,2.0093551364411903e-09,0.8054169636493229,8.038626158846626e-08,7.094818167994631,0.8766874196266152
NT5C2,5.098284831460674,3.526377844311377,1.5719069871492972,7.822844603445133e-47,0.9475879701271614,6.911024878817966e-46,45.160457543622854,6.9120520289855065,6.4037855737704925,0.508266455215014,1.9524527847741815e-09,0.8056545497742932,7.858131399162566e-08,7.1046807134404615,0.8766211910646767
LYZ,9.41110561797753,3.518215568862275,5.8928900491152545,2.5051987882803517e-52,0.9740967503195855,4.74788256927374e-51,50.32350003111321,8.592509130434781,7.5456022950819674,1.0469068353528135,4.2721115757595654e-08,0.7790449037776194,8.957552185526057e-07,6.0478106530117,0.8765700418557096
GRAMD3,3.687317415730337,1.6811844311377244,2.006132984592613,1.2748950287655977e-50,0.9660230101594564,1.7012443207316056e-49,48.7692333115926,5.625798260869565,5.092819999999999,0.5329782608695659,1.769296387320691e-08,0.7868852459016394,4.4073767914789265e-07,6.355819819591032,0.8764537417441897
SAMD9L,2.9037033707865167,0.029109580838323375,2.8745937899481935,6.692669850793329e-47,0.9479243759671667,5.950270033834026e-46,45.225463324768434,5.378211884057971,4.510490327868853,0.8677215561891183,2.1280476544302768e-09,0.8049417913993824,8.33020298073754e-08,7.07934441607938,0.8764330106746197
CTTN,7.083067415730337,5.842041317365269,1.2410260983650678,7.994540739307201e-40,0.9113234205745812,4.801888557873015e-39,38.31858792325909,7.633376231884057,6.907104262295084,0.7262719695889732,2.0631001544692197e-11,0.8412924685198384,2.531790944162442e-09,8.596572157874668,0.8763079423285811
S100A14,7.02872191011236,2.3778532934131738,4.650868616699186,1.3080742209496358e-46,0.9464778308551436,1.1340579537879326e-45,44.94536475111579,5.613444782608696,4.530548688524591,1.0828960940841057,1.9524527847741815e-09,0.8056545497742931,7.858131399162566e-08,7.1046807134404615,0.8760661214722859
SLC44A4,6.503857303370786,1.618071856287425,4.885785447083361,1.9914543334919845e-50,0.9650978940994416,2.5792922023058576e-49,48.588499454814155,6.884178405797101,5.808415901639345,1.0757625041577565,1.817812064322365e-08,0.786647659776669,4.500209742901023e-07,6.3467672444331535,0.8758723827769348
TAP2,5.01088595505618,2.3108742514970064,2.7000117035591735,8.402786928472597e-53,0.9763170288636212,1.8110509972658322e-51,50.74206932024403,5.271636135265701,4.7510355737704915,0.5206005614952094,6.49622266689683e-08,0.7752435257780945,1.2482607301242776e-06,5.903694692035332,0.8757791841187295
SLC25A12,3.1498393258426964,0.7553053892215569,2.39453393662114,9.35295083198817e-52,0.9714055035995425,1.5377637179026073e-50,49.813110390083544,5.5608149275362315,4.849071967213115,0.7117429603231162,3.946865958032179e-08,0.7797576621525303,8.38992133459274e-07,6.076242111175167,0.8755808482699762
TRIP10,5.967893258426965,4.386600598802395,1.5812926596245704,1.321783061119091e-34,0.8821233936621139,6.656754943553771e-34,33.17673743052336,6.418706666666667,5.858146557377048,0.5605601092896189,4.713499119393085e-13,0.8683772867664528,2.1684366707884275e-10,9.66385325690408,0.8752503400244908
LINC01559,1.7110016853932586,-7.915083233532933,9.62608491892619,6.183452035870867e-51,0.9675200161474804,8.715899993102773e-50,49.059687761525,3.2788159420289853,2.5911480327868848,0.6876679092421005,2.7942963377773682e-08,0.7828462817771442,6.344416531732202e-07,6.197608311898768,0.8751825937096684
TFF1,8.12181235955056,-2.240116766467066,10.361929126017627,3.5371219820456055e-50,0.9639036533674223,4.405871631516343e-49,48.35596816050714,6.797873623188406,5.2859644262295085,1.5119091969588974,1.86761852639641e-08,0.7864100736516988,4.5725793615064125e-07,6.339838748188296,0.8751564633371394
IQGAP1,6.546869101123597,4.1832958083832334,2.363573292740363,4.469676020132526e-53,0.9775953710556415,1.0435954202287105e-51,50.98146783544932,8.81582884057971,8.297938360655738,0.5178904799239721,8.638435392266037e-08,0.7726300784034212,1.5651686879664632e-06,5.805438848976958,0.8751113550304962
FRRS1,1.197635393258427,-1.3272443113772454,2.5248797046356724,2.5589084038998415e-38,0.9031151180784498,1.4514273161198354e-37,36.838204707678294,5.392036811594203,4.444964262295081,0.9470725492991212,9.52854818968419e-12,0.8469945355191257,1.5622913888381382e-09,8.806237961007865,0.8750548254316971
SKIL,4.086893820224719,1.0434994011976049,3.0433944190271145,2.81209781936339e-52,0.9738612662315816,5.263115091250056e-51,50.278757132937635,7.893606231884058,7.246466885245902,0.6471393466381556,5.8529756758375653e-08,0.7761938702779757,1.150069473907454e-06,5.939275923800041,0.8750265619122837
SLC35F2,3.2099584269662924,0.8288323353293414,2.381126091636951,4.783361760760747e-47,0.9486476485231783,4.305025584684673e-46,45.36602426319886,5.720656666666667,5.203847213114753,0.5168094535519137,3.2639258404043768e-09,0.8013779995248278,1.1784893246499775e-07,6.928674347180053,0.8750127209046759
BHLHE40,6.996994382022473,4.193646107784431,2.803348274238042,4.1227676940439305e-44,0.9338626118549417,3.0028080851024178e-43,42.52247242346016,7.767753333333334,7.080064590163935,0.6876887431693994,5.401224713011013e-10,0.8161083392729863,2.835713856544863e-08,7.547337594643158,0.8749854507518796
STIL,0.8032432584269664,-2.0592532934131738,2.86249655184014,7.742961142717232e-52,0.9717923703155487,1.3030462703289807e-50,49.88504016249788,3.7074307246376805,3.058372295081967,0.6490584295557134,4.872769545253459e-08,0.7778569731527679,9.97645948963203e-07,6.00102355660087,0.8748237989688685
STK38,4.559169662921348,2.064562874251497,2.494606788669851,2.3644972114148457e-52,0.9742144923635874,4.508939164775165e-51,50.34592562421454,6.583887826086957,5.992214426229508,0.5916733998574486,7.023080444906278e-08,0.7745307674031836,1.3215679975490148e-06,5.8789104865613355,0.8743714743404999
KLK6,3.9085011235955065,-6.882934730538922,10.791435854134429,2.9678420217659234e-51,0.9690338424275045,4.413789121022329e-50,49.35518842010144,4.313651884057971,3.6314306557377054,0.6822212283202655,4.052518143095804e-08,0.77952007602756,8.578044488502155e-07,6.066611705700013,0.8742762092688671
LIMS1,4.613903370786517,1.965825748502994,2.6480776222835227,3.885520019069618e-51,0.9684787727914957,5.68759740722432e-50,49.24507115243456,7.482319565217392,6.975542786885246,0.5067767783321466,3.946865958032179e-08,0.7797576621525303,8.38992133459274e-07,6.076242111175167,0.8741174840937048
GPX2,7.998679213483146,2.358897005988024,5.639782207495122,1.5511583541531223e-52,0.9750723272556011,3.0939192218128723e-51,50.50949102934993,5.596510289855072,4.526054590163935,1.070455699691137,8.203766535931472e-08,0.7731052506533618,1.5041241248234392e-06,5.822716322985365,0.8740874742164468
PAK1,5.205403932584269,3.1482125748502994,2.0571913577339696,4.224979254026263e-50,0.9635336069434167,5.2226948655858296e-49,48.282105346949415,6.650401014492755,6.1370529508196725,0.5133480636730825,2.3167042814496938e-08,0.7845093846519363,5.484146241637659e-07,6.260890972721066,0.8740210164715064
KLF7,2.8005016853932587,0.438759880239521,2.3617418051537378,1.0277836472206388e-47,0.9519444257552311,9.777296823292017e-47,46.00978120012039,6.102881304347826,5.516133606557377,0.5867476977904493,6.230774953002733e-09,0.7959135186505109,1.9751852834376175e-07,6.7043921588728255,0.8739287995857065
SESTD1,4.302785393258427,1.749202994011976,2.5535823992464506,9.276475757221629e-52,0.9714223238915428,1.5273334073462626e-50,49.81606614882084,6.724726376811594,6.183334098360655,0.5413922784509388,5.702072292747111e-08,0.7764314564029462,1.1237295770622704e-06,5.949338188161726,0.8739259080897499
BST2,7.378891011235954,3.0917425149700595,4.287148496265894,6.2435013456632834e-55,0.9861568996837785,3.664835193690389e-53,52.435945550649095,5.660182028985508,4.896493606557377,0.7636884224281308,2.8365353383981144e-07,0.761463530529817,4.123489562062317e-06,5.384735100444727,0.8738066119594965
TNFRSF21,6.037037078651685,2.008506586826347,4.028530491825338,8.324275187629876e-55,0.9855850097557693,4.437164374581854e-53,52.35289448256323,7.145271594202899,6.572208032786884,0.5730635614160144,2.7670226403317155e-07,0.7617011166547875,4.048921278314214e-06,5.392660666977227,0.8736395258932901
LRRC15,1.5114640449438204,-6.990326347305388,8.501790392249209,2.2153398314882403e-54,0.9836338558837381,8.962487753343412e-53,52.0475714247589,5.5735147826086955,4.867012786885246,0.7065019957234497,2.2671442510168642e-07,0.7636018056545498,3.443408234858795e-06,5.463011486259461,0.8736148225463114
HIST1H4H,1.565720224719101,-3.4951185628742514,5.060838787593353,2.3791248735892873e-46,0.9451826683711229,2.0233959671854537e-45,44.693919119930065,4.173366231884057,3.5722478688524593,0.6011183630315982,3.08384330454876e-09,0.8018531717747683,1.1195302653518846e-07,6.950964161220595,0.8735178222799708
TANC2,2.57832191011236,0.24343832335329343,2.3348835867590667,3.818424529141851e-49,0.9589248469353427,4.2292896075186005e-48,47.37373257481034,5.788927826086957,5.044666229508196,0.7442615965787613,1.5449721145029378e-08,0.7880731765264908,4.003118809119464e-07,6.397601520217333,0.8734986620588844
FAP,4.865111235955056,0.624591616766467,4.240519619188589,1.7843331970263495e-49,0.9605227746753684,2.044757883705019e-48,47.68935810868155,7.226697971014493,5.614009016393442,1.612688954621051,1.86761852639641e-08,0.7864100736516988,4.5725793615064125e-07,6.339838748188296,0.8734660247640792
KLF5,5.759593258426966,1.6218892215568863,4.13770403687008,3.91110628486476e-49,0.9588743860593419,4.328670267781268e-48,47.363645494883784,6.591283478260869,6.012361639344262,0.5789218389166066,1.5875047537244292e-08,0.7878355904015205,4.0659228666773055e-07,6.390840864481591,0.8733546331310296
SPOCK1,3.2854056179775277,0.628220359281437,2.6571852586960905,3.041933067830187e-39,0.9081780259705307,1.7846718181928912e-38,37.74844163425863,4.99246652173913,4.179698360655737,0.812768161083393,3.021799313920493e-11,0.8384414350201947,3.4540029529343785e-09,8.461677295476562,0.8733097274789483
RASAL2,2.493831460674157,0.6813682634730539,1.8124631972011032,3.1071920107996556e-42,0.9241404830787864,2.0590770948490343e-41,40.68632739245885,6.25097231884058,5.507459672131147,0.7435126467094326,2.4791779489537443e-10,0.8222855785222144,1.5743173496165636e-08,7.80290771842217,0.8732130170533561
ADGRF4,0.6763191011235954,-6.587753892215569,7.264072993339164,3.177446283470371e-53,0.9782850030276525,7.788200030626686e-52,51.10856290267309,3.125924927536232,2.621439016393443,0.5044859111427891,1.4047918747202453e-07,0.7681159420289856,2.3223183363660383e-06,5.634078248744231,0.8731984446788504
CAPZB,8.091535393258427,5.036380838323354,3.055154554935073,1.2542122333863382e-55,0.9893359348718294,1.373327230729067e-53,52.862225968540834,7.36573536231884,6.785619999999999,0.5801153623188409,4.7529040680058373e-07,0.7564742219054407,6.1495692155446805e-06,5.211155305991173,0.8728997103984368
BRIP1,-0.7005404494382022,-3.3591550898203595,2.658614640382157,8.021102565152772e-49,0.9573605597793178,8.54645706382711e-48,47.06821388486425,3.4903849275362315,2.8513373770491803,0.6390475504870512,1.5449721145029378e-08,0.7880731765264909,4.003118809119464e-07,6.397601520217333,0.8727165187939733
RAB23,2.618102808988764,-0.713037125748503,3.331139934737267,5.234572040935946e-53,0.9772757855076364,1.1969026726388316e-51,50.92194116325642,4.929585797101449,4.20103786885246,0.7285479282489895,1.4047918747202453e-07,0.7681159420289855,2.3223183363660383e-06,5.634078248744231,0.8726938370907044
HLA-C,9.447870786516853,6.31655868263473,3.1313121038821237,7.648134706787673e-56,0.990311511807845,1.0182622255871106e-53,52.99214036693001,9.429050434782608,8.864491377049179,0.5645590577334296,5.498785948957536e-07,0.7550487051556188,6.930826423251266e-06,5.159214977558635,0.872674060087377
ANGPT2,1.637629213483146,-2.3694880239520963,4.007117237435242,3.5113582534745473e-53,0.9780831595236492,8.489429543821397e-52,51.0711214916517,5.100274057971014,4.292904426229508,0.8073696317415067,1.5547066097481995e-07,0.7671655975291043,2.5222057027407328e-06,5.598219496699433,0.8726221775881929
NUAK1,2.425227528089888,0.09658742514970059,2.328640102940187,4.2138110254052894e-48,0.9538451187512614,4.153613725042356e-47,46.381573894147294,5.621934782608696,4.832007540983608,0.7899272416250875,1.0833185606859698e-08,0.7911617961511047,3.043486119297957e-07,6.516628674632527,0.8725031919059668
ASPN,5.106705056179775,0.291051497005988,4.8156535591737875,1.513130375650557e-52,0.975122788131602,3.026312411607555e-51,50.519086241007535,7.437312753623188,6.277998196721311,1.1593145569018768,1.205819334278468e-07,0.7695414587788074,2.0458018781655808e-06,5.689136427019579,0.8723303388365082
PARP9,4.908696067415731,2.8702826347305392,2.0384134326851915,3.7534382573708245e-47,0.9491690775751868,3.4089948303107018e-46,45.467373657371645,5.959049855072464,5.239666721311476,0.7193831337609877,6.77343592371338e-09,0.7952007602755998,2.1071390168279742e-07,6.676306811212182,0.872184735143906
ABCA12,-2.0602179775280898,-8.597035329341315,6.536817351813225,7.289568590289971e-49,0.957562403283321,7.796790534741225e-48,47.10808413319346,3.318270434782609,2.7984822950819668,0.5197881397006423,1.86761852639641e-08,0.7864100736516988,4.5725793615064125e-07,6.339838748188296,0.8719858397448821
TPM2,7.8996724719101135,4.845443113772456,3.0542293581376576,2.7574367983570354e-51,0.9691852250555071,4.134461353584681e-50,49.383581063234466,6.6247444927536225,5.815756065573773,0.80898842717985,6.84302157694079e-08,0.774768353528154,1.2962212178366157e-06,5.8873208738611575,0.8719756590170148
KRT7,8.63878370786517,4.764868263473054,3.8739154443921153,4.560016215891647e-46,0.9437697638431003,3.800402759185497e-45,44.420170375271915,7.3661666666666665,5.875850983606558,1.4903156830601088,3.867790678177649e-09,0.799952482775006,1.3502167004465536e-07,6.869596524648984,0.8718610055889082
TEP1,4.150394382022472,2.154608383233533,1.9957859987889388,8.588401608552143e-50,0.9620534212473928,1.0211429970176437e-48,47.99091343669158,5.365769275362319,4.862519672131149,0.5032496032311702,3.192573142734672e-08,0.7816583511522928,7.072097516514025e-07,6.150451759506303,0.871855269614858
ITGAV,5.113003370786517,2.6158353293413175,2.4971680414451995,1.9963615781396574e-49,0.9602872905873646,2.2783724451392805e-48,47.642375280411706,8.782211014492754,8.03969,0.7425210144927537,2.6488706835284807e-08,0.7833214540270848,6.104304180025369e-07,6.214363833438648,0.8718038401313173
SEMA3A,0.4704353932584269,-4.4036491017964075,4.874084495054834,2.9993066703114703e-54,0.9830283253717285,1.130645972030349e-52,51.946673360116655,5.328324927536232,4.3426450819672135,0.9856798455690186,3.131832926729789e-07,0.7605131860299359,4.484327418280312e-06,5.348302685381001,0.87176684639533
ALOX5AP,5.706663483146068,1.9833898203592812,3.7232736627867866,1.5742993720482405e-50,0.9655856825674494,2.0724501463810784e-49,48.683515907779864,6.328181739130434,5.606095245901639,0.7220864932287947,4.872769545253459e-08,0.7778569731527679,9.97645948963203e-07,6.00102355660087,0.8717204581908572
KDELR3,4.887684831460674,2.1893862275449103,2.6982986039157635,3.949445750576343e-51,0.9684451322074951,5.773957612041746e-50,49.23852640869983,5.024365362318841,4.489286393442623,0.5350789688762179,6.754677213816601e-08,0.7748871465906391,1.2892538960684493e-06,5.889661547500482,0.8716650156001007
B3GNT5,3.42274606741573,0.49774131736526955,2.9250047500504603,6.201721593487719e-52,0.9722465181995559,1.0701120844421327e-50,49.97057073156211,6.218017826086957,5.479099508196721,0.7389183178902359,1.034242432618411e-07,0.7709669755286291,1.8068079807568626e-06,5.743087999807006,0.8716051720380661
FAM83A,2.3409224719101127,-6.068751497005987,8.409673968916099,5.694826180068661e-50,0.9629112561394065,6.93428834867184e-49,48.158998103026704,4.396117536231885,3.61207262295082,0.7840449132810647,3.743515468853925e-08,0.7802328344024709,8.025888523417478e-07,6.095506876747816,0.8715713457569312
P3H2,3.1818421348314603,0.22767425149700599,2.9541678833344545,2.0013845080338895e-48,0.9554262261992869,2.0344109988744278e-47,46.69156130484888,4.695285362318842,3.9713488524590166,0.7239365098598252,1.67600848141849e-08,0.7873604181515799,4.254466707336809e-07,6.371154870497381,0.8713929514440455
ADTRP,1.8495258426966292,-3.9180598802395212,5.7675857229361505,7.297333436773194e-53,0.9766029738276256,1.5992708195271623e-51,50.79607798686839,3.958943043478261,3.450549180327869,0.5083938631503919,1.7639561040534532e-07,0.7659776669042528,2.7959123573202234e-06,5.553476446420194,0.8712878843145657
CLDN18,4.565092696629213,-2.7938467065868267,7.35893940321604,1.0378213063515975e-40,0.9160835632106574,6.450568694682539e-40,39.19040199543062,5.551968550724638,3.8351311475409835,1.7168374031836544,1.4784552751211475e-10,0.8263245426467094,1.0754014861181204e-08,7.968429367698538,0.871204043559742
AFAP1-AS1,1.2931567415730336,-6.054558083832335,7.347714825405369,1.2942440905052347e-49,0.9611955863553792,1.5049248325900586e-48,47.8224851915031,4.1187313043478255,3.175155245901639,0.9435760584461867,3.3668508235528844e-08,0.7811831789023521,7.384552305211441e-07,6.131675829027714,0.8711887392945094
FER1L6,-0.2534264044943819,-7.869877245508981,7.616450841014599,5.094426864307092e-44,0.9333916436789343,3.688501052255269e-43,42.43315008831009,4.443620434782609,3.373773278688525,1.069847156094084,1.4214573659134735e-09,0.8082679971489665,6.194643069796778e-08,7.207983712255384,0.8708297664691513
SPRY4,3.6296848314606747,0.6131431137724551,3.0165417176882197,3.3177580465449694e-54,0.9828264818677251,1.2216064369871204e-52,51.91306868752611,4.770858550724637,4.266847704918033,0.5040108458066044,3.81399381752799e-07,0.7586124970301734,5.243389576083325e-06,5.280387873650419,0.8707149239274546
C15orf48,6.466384831460675,1.2880035928143714,5.1783812386463035,1.0865191321697553e-52,0.9757955998116128,2.2699492611139955e-51,50.64398385023617,5.036447681159421,4.431199999999999,0.6052476811594225,1.90231045279606e-07,0.765264908529342,2.977458214967104e-06,5.5261543246013725,0.8705276622030207
WFDC2,7.658725842696629,3.089336526946108,4.569389315750522,1.6300927028037545e-52,0.9749714055035995,3.233744010258948e-51,50.49029436270181,5.198763043478261,4.528516885245901,0.6702461582323593,1.7639561040534532e-07,0.7659776669042527,2.7959123573202234e-06,5.553476446420194,0.8704721024334137
CDH2,1.5933713483146066,-2.684882634730539,4.278253983045145,7.578836260251976e-51,0.9670995088474735,1.0490921714598795e-49,48.97918635375316,5.136288405797101,4.35337475409836,0.7829136516987409,7.994450707170437e-08,0.7733428367783322,1.4697885799221532e-06,5.832745131358371,0.8702198937717609
E2F7,-1.0206516853932583,-4.161825748502994,3.1411740631097356,8.761972209656014e-45,0.9372939514229968,6.658257802748203e-44,43.176639393297194,3.6764685507246377,3.1509050819672138,0.525563468757424,2.674921204350884e-09,0.8030411023996198,1.0133797130801276e-07,6.994227794130155,0.8701674387302963
CALD1,6.760945505617977,3.60982994011976,3.151115565498217,1.5567906350174448e-49,0.9608087196393731,1.7945366428562953e-48,47.74604766932973,7.591888840579708,6.63115344262295,0.9607353979567579,4.160910466800842e-08,0.7792824899025896,8.761125480780762e-07,6.057440099460287,0.8700448425131097
EPS8,5.0545011235955055,2.443495808383233,2.6110053152122723,1.4000500794781913e-48,0.956183139339299,1.447261932343602e-47,46.83945286108773,7.46492536231884,6.718772295081968,0.7461530672368717,2.7206407944241876e-08,0.7830838679021144,6.23378898177171e-07,6.205247902990077,0.8696329615095314
PRDM1,2.4790073033707865,-1.3555616766467065,3.834568980017493,1.1007295174596828e-53,0.9804211801116868,3.2273191122275115e-52,51.491158090119,5.788593623188407,4.908897868852459,0.8796957543359483,3.7214684530251316e-07,0.7588500831551437,5.1480313600180985e-06,5.288358816188527,0.8696311547219119
RCN1,6.198504494382022,2.951062275449102,3.24744221893292,2.0121934982826426e-56,0.992935477359887,5.446101474399499e-54,53.26391427093561,7.0630598550724635,6.483080819672132,0.5799790354003314,1.3286021858135341e-06,0.7462580185317178,1.4061391281919642e-05,4.851971706615811,0.8695845202056721
KLK7,3.1849443820224717,-4.983370059880241,8.168314441902712,5.953088372360775e-47,0.948176680347171,5.320181082246629e-46,45.27407358543388,4.7036869565217385,3.96674131147541,0.7369456450463283,1.1134486962548472e-08,0.7909242100261344,3.119371746664665e-07,6.505932865735127,0.8695501739415437
SCIN,2.7186713483146066,-1.848929341317365,4.567600689631972,9.79047146767944e-54,0.9806566641996906,2.9366902665034785e-52,51.53214185621532,4.329054492753624,3.737096885245902,0.5919576075077218,4.005749795026053e-07,0.7581373247802329,5.447111702916801e-06,5.263833718638569,0.8693922587874187
IL1A,-1.091723595505618,-7.298954491017962,6.207230895512343,1.2317442379803006e-47,0.9515575590392249,1.1634441987282164e-46,45.934254441569834,2.9678036231884057,2.4269611475409834,0.5408424756474224,1.7220390718840255e-08,0.7871228320266097,4.327380346092483e-07,6.363774931713734,0.8693398193363496
GPR87,0.8718241573033709,-7.171110778443112,8.042934935746484,8.391558675649501e-47,0.947436587499159,7.401172821111464e-46,45.130699454677405,3.2646436231884053,2.495725409836066,0.7689182133523391,1.0833185606859698e-08,0.7911617961511048,3.043486119297957e-07,6.516628674632527,0.8692989272551295
MXD1,3.3872415730337084,0.5997257485029941,2.7875158245307143,1.5173927117676037e-51,0.9704131063715268,2.3882424085990867e-50,49.62192159405275,6.265313768115942,5.54698868852459,0.7183250795913523,1.477911915493636e-07,0.7676407697790448,2.4231698398048527e-06,5.615616145125778,0.8690248322754195
GBP3,4.388535393258427,0.8215167664670658,3.567018626791361,1.2930725759336486e-48,0.9563513422593016,1.3433141438334646e-47,46.871822412514106,5.223080869565217,4.408465409836065,0.8146154597291515,3.192573142734672e-08,0.7816583511522927,7.072097516514025e-07,6.150451759506303,0.8690042321370953
FAM91A1,3.849411797752809,2.1961958083832336,1.6532159893695755,3.485177716207511e-48,0.9542488057592681,3.4645375155803867e-47,46.46035473156788,6.6925524637681155,6.1658457377049185,0.526706726063197,2.5789392638193298e-08,0.7835590401520551,5.956873221036726e-07,6.224981642806993,0.8689034053606106
MFAP2,6.023219662921348,3.015590419161677,3.0076292437596712,2.870912731905306e-45,0.939749714055036,2.258371676483748e-44,43.646204581559665,6.57019420289855,5.883865737704918,0.6863284651936326,4.844441223370649e-09,0.7980517937752435,1.6043602283291902e-07,6.794698112603666,0.8689006145121586
SLC7A7,4.724470786516854,1.1764365269461077,3.5480342595707457,3.9782837071209274e-53,0.9778308551436453,9.454435612448318e-52,51.024364391484745,4.882071884057971,4.31585213114754,0.5662197529104303,3.3725644270905425e-07,0.7598004276550249,4.750803255992402e-06,5.323232954553658,0.868811513827157
FBXL2,2.4142275280898873,0.6465820359281437,1.7676454921617437,1.6766808911551495e-41,0.9202886362107247,1.0762836213539316e-40,39.96807326867147,5.44097536231884,4.826547213114752,0.6144281492040875,4.6552382123344196e-10,0.8172962698978379,2.558206867069379e-08,7.592064339609454,0.868792430828773
TIMP2,7.70831179775281,4.663038922155688,3.0452728755971217,2.4641686467295365e-52,0.9741303909035861,4.6792046513472604e-51,50.329827959935585,8.62974463768116,7.923904754098361,0.705839883582799,2.3244911883236556e-07,0.7633642195295794,3.50390333383859e-06,5.455447883713882,0.8687442612100038
MYO1D,5.433170786516854,3.37967125748503,2.053499529031824,1.185065642723292e-50,0.9661743927874588,1.5904313955641045e-49,48.79848505976664,7.144823333333335,6.594600491803279,0.5502228415300561,1.0080458036406986e-07,0.7712045616535994,1.7672164951993772e-06,5.752710243412858,0.8686879420581557
KIF13B,4.0956028089887635,1.832154491017964,2.2634483179707994,2.4998237555127524e-51,0.9693870685595102,3.7791529141081947e-50,49.42260553507165,6.626816376811593,6.035920983606557,0.5908953932050363,1.477911915493636e-07,0.7676407697790449,2.4231698398048527e-06,5.615616145125778,0.8685118146125432
CORO1C,5.144778651685393,2.251832335329341,2.8929463163560523,1.4749080662954433e-53,0.9798324698916773,4.071705439757463e-52,51.3902236477919,7.600330869565217,6.934960983606557,0.6653698859586594,4.4175522540869276e-07,0.7571869802803517,5.8287795342019e-06,5.234422370978426,0.8685046627343036
L3MBTL3,1.9444224719101126,-0.2340149700598802,2.178437441969993,2.866586557261935e-50,0.9643409809594296,3.625377960081205e-49,48.44064670980446,5.508934492753624,4.912980655737705,0.5959538370159185,8.638435392266037e-08,0.7726300784034212,1.5651686879664632e-06,5.805438848976958,0.8684841703550683
CEP170,3.7101808988764042,0.8307227544910181,2.879458144385386,6.569197875296501e-52,0.972128776155554,1.1255635587386497e-50,49.94862997606985,5.709636014492753,4.92640213114754,0.783233883345213,2.000313158155595e-07,0.7647897362794014,3.104132203458989e-06,5.508059790632255,0.8684565604051331
COMP,5.580738764044944,-0.5620718562874252,6.142810620332369,5.556286481665615e-48,0.953256408531252,5.414052201970283e-47,46.266477561103684,6.418698985507246,5.214152622950819,1.2045463625564263,2.7206407944241876e-08,0.7830838679021145,6.23378898177171e-07,6.205247902990077,0.8681695970177391
DOCK5,2.8011179775280897,1.1101413173652694,1.6909766601628202,4.393649638909255e-38,0.9018199555944291,2.4734229242450803e-37,36.60670161838918,5.990352608695653,5.204896721311476,0.7854558873841766,5.1616480308616126e-11,0.8344024708956997,5.0120604641419826e-09,8.299983698435106,0.8681112088940385
COL1A1,9.961499438202248,3.578129341317365,6.3833700968848825,1.2699445020773134e-54,0.984743995155756,5.899652567501276e-53,52.229173563351054,10.394638695652173,8.869423278688524,1.5252154169636487,8.476479374132321e-07,0.7507721549061535,9.8923580467193e-06,5.004700173052718,0.8677494908573785
OXR1,3.8136511235955055,2.154207784431138,1.6594433391643677,1.2120818951072126e-43,0.9314573100989032,8.611882291967935e-43,42.06490191478656,5.816448405797101,5.30337737704918,0.5130710287479214,2.386272056426828e-09,0.8039914468995012,9.179346143212661e-08,7.0371882530589,0.8677242988477779
CHST11,3.2998134831460675,0.18359880239520954,3.1162146807508577,3.2600889059991414e-47,0.9494718428311916,2.9756819601485775e-46,45.52641348788876,6.402966811594202,5.793187049180327,0.6097797624138748,1.9712375475875404e-08,0.7859349014017581,4.779474504774978e-07,6.320619850714706,0.8677029573998604
MVP,7.489870786516853,5.2738712574850295,2.2159995290318237,3.3499527143770894e-48,0.9543329072192693,3.3363410397981005e-47,46.47672956231122,6.368469420289855,5.859645081967213,0.5088243383226416,3.457415686780472e-08,0.7809455927773818,7.533625924038102e-07,6.122995948130546,0.867638596351371
TXN,8.024611235955057,5.307973652694612,2.716637583260445,4.426139910831664e-56,0.9913880104958621,7.953610494369009e-54,53.09943568117607,6.876955797101451,6.296991803278687,0.5799639938227639,1.7577968337420743e-06,0.7434069850320741,1.7580605032671358e-05,4.75496618285559,0.8673822483911536
LGR5,0.032188202247191,-5.705449700598804,5.737637902845995,8.491631538389664e-54,0.9809426091636951,2.615395726342823e-52,51.58246259025197,3.751539420289855,3.022544262295082,0.7289951579947731,6.356900451082277e-07,0.753623188405797,7.796264851195511e-06,5.108113415647419,0.8672761372175662
SLFN13,2.587601123595505,0.15399161676646705,2.433609506829038,3.1663739544787765e-43,0.9293043127228688,2.2058431754943655e-42,41.656425366981246,4.751967391304348,4.1886055737704915,0.5633618175338562,2.1280476544302768e-09,0.8049417913993823,8.33020298073754e-08,7.07934441607938,0.8671229798280151
PSMB8,6.749470786516854,3.401216167664671,3.348254618852183,1.9692316894365074e-55,0.9884444593958152,1.7857517275368427e-53,52.74817892106658,5.331143913043479,4.799239180327868,0.5319047327156108,1.4590342748227351e-06,0.7453076740318365,1.5098325193626059e-05,4.821071224859593,0.8668629783370679
GREB1L,-0.8547280898876405,-4.9341281437125755,4.079400053824935,2.827243582934241e-45,0.9397833546390366,2.2261123162885858e-44,43.65245292755126,3.5059060869565224,2.861597049180328,0.6443090377761944,8.000078678235724e-09,0.793775243525778,2.3813329434635295e-07,6.62317987994149,0.8667790926733974
LGALS1,9.737147191011235,5.522610778443114,4.214536412568122,1.1970777711087885e-54,0.9848617371997577,5.646216820396453e-53,52.24824244852461,7.24873391304348,6.620765081967213,0.6279688310762666,1.0497352797723749e-06,0.7486338797814208,1.1776699271613469e-05,4.928976414896291,0.8667376010623044
IL2RA,1.2311230337078651,-4.732746706586827,5.963869740294692,5.0920580304356325e-54,0.9819686469757115,1.716328259384061e-52,51.765399646787216,4.392762028985506,3.848935081967214,0.5438269470182919,7.890351282593124e-07,0.7514849132810644,9.35015975744729e-06,5.029180968679881,0.8667186760945277
PARP14,3.959283707865169,1.6770035928143716,2.2822801150507974,3.818424529141851e-49,0.9589248469353429,4.2292896075186005e-48,47.37373257481034,7.23511768115942,6.4637601639344275,0.7713575172249927,7.591223349413395e-08,0.7738180090282728,1.4125324712401501e-06,5.850001559849531,0.8663702042040337
NMI,4.393915168539325,1.4111532934131736,2.982761875126152,2.3897408870814305e-54,0.9834824732557357,9.408159335088527e-53,52.026495336063455,5.2045647826086965,4.597179508196721,0.6073852744119757,1.0251751436345872e-06,0.7488714659063911,1.1553001914435295e-05,4.9373051546911375,0.8661669626368755
DYNLT1,7.021679213483147,4.26962754491018,2.7520516685729675,4.580215674527111e-56,0.9913207293278612,8.1307155887719e-54,53.08987123022651,6.094072028985508,5.561998032786885,0.5320739961986227,2.265988376011638e-06,0.7407935376574009,2.1718526825759843e-05,4.6631696364101485,0.8660383240075447
GPSM2,2.2752252808988764,0.07781077844311379,2.1974145024557625,3.568906468363835e-48,0.9541983448832673,3.5465667484855266e-47,46.45019186205931,4.538795942028986,3.81704868852459,0.7217472535043958,5.002360347882327e-08,0.7776193870277976,1.0189634830823849e-06,5.991841379663826,0.8659079836260185
RHPN2,4.41296011235955,1.6479305389221555,2.7650295734373946,3.532409339291289e-46,0.9443248334791092,2.9676189804248244e-45,44.52759185990291,6.191773188405797,5.504072950819673,0.6877002375861245,1.7220390718840255e-08,0.7871228320266095,4.327380346092483e-07,6.363774931713734,0.8657234581212294
KIAA1551,4.836011797752809,2.3867838323353294,2.4492279654174793,2.3257620226424952e-52,0.9742481329475879,4.446653559021541e-51,50.351966705330966,6.148980869565218,5.576926393442624,0.5720544761225943,4.4175522540869276e-07,0.7571869802803516,5.8287795342019e-06,5.234422370978426,0.8657125105371933
COLGALT1,5.6108792134831456,3.384718562874252,2.2261606506088936,1.468467893551596e-51,0.9704803875395277,2.3193399210608264e-50,49.634635596759814,6.177181884057971,5.628410163934426,0.5487717201235451,3.131832926729789e-07,0.7605131860299358,4.484327418280312e-06,5.348302685381001,0.8654929056137604
PTK7,5.701552808988764,2.595628143712575,3.105924665276189,4.181923148582628e-53,0.9777299333916436,9.874294234869767e-52,51.00549393578811,6.052258260869565,5.447657049180327,0.6046012116892383,6.670603775186096e-07,0.7531480161558565,8.131144869899297e-06,5.089848301186455,0.8654319377640702
MIR31HG,-0.921491573033708,-8.430251497005987,7.508759923972279,1.5952959210680816e-42,0.9256543093588104,1.0707382029341117e-41,40.97031670182875,3.2551366666666666,2.423993770491803,0.8311428961748635,2.0678719278572146e-09,0.8051793775243525,8.190820232262944e-08,7.086672605625546,0.8654167725568435
IFI44L,3.0635061797752807,-0.9371706586826347,4.000676838457915,4.441460534567785e-45,0.9387909574110206,3.441603168988299e-44,43.463239207063104,6.417080144927536,4.995538688524589,1.421541456402947,9.97605579603961e-09,0.7918745545260156,2.8548074976849833e-07,6.544423171310184,0.8653325089326741
CNN2,6.774583707865169,4.565325748502994,2.2092579593621746,5.628833898922397e-45,0.9382695283590122,4.328468346452782e-44,43.363665754076266,7.061194057971014,6.487107868852459,0.5740861891185549,9.441651404220283e-09,0.7923497267759563,2.729210304026276e-07,6.563962997727282,0.8653093914062892
SEMA3C,3.9463084269662922,-1.581822155688623,5.528130582654915,1.4279700524330049e-52,0.9752405301756039,2.8716757171842726e-51,50.54186460418913,7.119206376811594,5.860508196721312,1.2586981800902812,5.367083867429179e-07,0.7552862912805892,6.803408022825467e-06,5.167273482185428,0.8652575239880661
DSG2,5.22003595505618,2.5073856287425147,2.7126503263136654,1.6300927028037545e-52,0.9749714055035995,3.233744010258948e-51,50.49029436270181,6.9930868115942015,6.0892644262295095,0.9038223853646921,5.238425901997765e-07,0.7555238774055594,6.691202638420261e-06,5.174495817614943,0.8652418519072781
ANKLE2,4.961564606741573,3.5698359281437124,1.3917286785978602,1.504124046135307e-44,0.9360997106909776,1.1246086885341726e-43,42.948998565528846,6.716941884057971,6.188578524590165,0.5283633594678063,7.568956705072213e-09,0.7942504157757188,2.293967287447871e-07,6.639412779539448,0.8651748647650188
TIMP1,10.295556741573034,5.5280131736526945,4.767543567920339,9.54782879210306e-56,0.989874184215838,1.1556226414673333e-53,52.93718395785588,8.351130289855075,7.594201311475409,0.7569289783796656,2.372420849164548e-06,0.7403183654074602,2.250143871305759e-05,4.647789712770137,0.8650768089008405
MUC16,1.6822140449438199,-6.001182035928144,7.6833960808719635,8.50913390237888e-44,0.9322478638229159,6.101267725033748e-43,42.21457991764754,4.776519710144928,3.5910032786885244,1.1855164314564037,4.982241912476827e-09,0.7978142076502732,1.6337669668077703e-07,6.786809889203149,0.8650308944106814
IFI44,4.916652247191011,2.0871880239520957,2.829464223238915,4.314112102380607e-44,0.9337616901029402,3.1382714649144213e-43,42.50330949203807,5.9562230434782615,4.87115868852459,1.0850643549536718,6.406786683319019e-09,0.7956759325255406,2.0181882523847296e-07,6.695038326127495,0.8647186367977057
TYMS,4.080464606741573,1.5086610778443115,2.571803528897261,8.905065431904446e-53,0.9761992868196192,1.9052872098845668e-51,50.72003954793264,4.931271449275362,4.289216229508197,0.6420552197671654,6.670603775186096e-07,0.7531480161558565,8.131144869899297e-06,5.089848301186455,0.8646666207010124
PDGFC,4.38433988764045,2.0514580838323355,2.3328818038081143,6.390043195014015e-43,0.9277232052748434,4.381263113379167e-42,41.3584006648183,6.795302318840579,5.979970983606559,0.8153313352340206,3.3577661220567384e-09,0.8011404133998573,1.205841934281884e-07,6.9187096172109595,0.8644317051005379
OLFML2B,4.879183146067415,-1.0661592814371255,5.94534242750454,1.8308993166266148e-56,0.9931205005718899,5.240668882738977e-54,53.28061327913391,5.96214579710145,5.03589049180328,0.9262553052981701,3.737045333972979e-06,0.7355666429080542,3.2742933778125934e-05,4.4848824102457465,0.8643152705956412
FAR2,2.5768516853932586,-1.126462874251497,3.7033145596447556,2.02953589561999e-56,0.9929186570678867,5.446101474399499e-54,53.26391427093561,3.987974202898551,3.4759695081967212,0.51200469470183,3.737045333972979e-06,0.7355666429080542,3.2742933778125934e-05,4.4848824102457465,0.8642143521481137
TINAGL1,6.533401685393257,3.814416167664671,2.718985517728586,2.2533638414687252e-46,0.9453004104151247,1.9200626501393366e-45,44.71668460037671,6.146095507246377,5.585597049180327,0.5604984580660499,2.7206407944241876e-08,0.7830838679021145,6.23378898177171e-07,6.205247902990077,0.8641916004394761
UBA6,3.0049960674157306,1.3663455089820358,1.6386505584336948,7.365920404311832e-42,0.9221725089147547,4.79981071418233e-41,40.31877588916755,6.7114368115942025,6.125892950819673,0.5855438607745294,1.8433191813624073e-09,0.8061297220242337,7.540268626746877e-08,7.1226131818443195,0.8641510503101787
ADAM22,0.959226404494382,-2.1343778443113774,3.0936042488057596,6.818034079900908e-51,0.9673181726434771,9.525572488306107e-50,49.021108913705795,4.921068405797102,4.240173606557376,0.6808947992397254,2.9806549419927576e-07,0.7609883582798765,4.301734545792289e-06,5.366356392845484,0.8641495481037219
NCEH1,3.4120028089887646,0.46285628742514967,2.949146521563615,4.966214771514508e-52,0.9727006660835631,8.76282613042444e-51,50.057355805372445,6.904333333333334,6.30157,0.6027633333333338,5.238425901997765e-07,0.7555238774055595,6.691202638420261e-06,5.174495817614943,0.8641064897942488
RNF149,5.515938764044944,3.9269508982035926,1.5889878658413514,5.092004416669581e-47,0.9485130861871761,4.5750722505049195e-46,45.33960204307341,7.6714223188405795,7.108803114754099,0.5626192040864808,4.052518143095804e-08,0.7795200760275599,8.578044488502155e-07,6.066611705700013,0.8640158399501009
CAPN9,1.8419567415730336,-5.6231359281437125,7.465092669716746,5.0853420108063495e-51,0.9679237031554868,7.269507572841551e-50,49.13849500669815,3.753052608695653,3.137201967213115,0.6158506414825378,3.2904011783029673e-07,0.7600380137799954,4.664627552770677e-06,5.331183026780045,0.8639768283188236
CLDN4,7.813027528089886,5.163059880239521,2.6499676478503655,1.2030678356425937e-42,0.9262934804548207,8.11665517445339e-42,41.090622904077634,5.5164734782608695,4.715842131147541,0.8006313471133284,3.2639258404043768e-09,0.8013779995248278,1.1784893246499775e-07,6.928674347180053,0.8638356381877044
TMEM173,5.747346629213483,2.2924353293413176,3.454911299872166,2.2912289497700264e-54,0.983566574715737,9.118375211037902e-53,52.04008254102958,6.113453043478261,5.551780655737705,0.5616723877405558,1.6394508109412262e-06,0.7441197434069851,1.662978426534348e-05,4.779113384753939,0.8638287935359868
CALM2,9.047006741573034,6.1439191616766475,2.903087579896386,1.0943442946318685e-55,0.9896050595438337,1.2694610519570198e-53,52.89638061907512,8.262785072463767,7.749736065573772,0.5130490068899958,2.980680126920126e-06,0.7379425041577572,2.708884351603057e-05,4.567209535584306,0.8637503832179857
UACA,5.025630898876405,3.022873652694611,2.002757246181794,7.117310760504335e-49,0.9576128641593218,7.627866477517462e-48,47.117596917695366,7.195741304347826,6.577722622950818,0.6180186813970083,1.205819334278468e-07,0.7695414587788073,2.0458018781655808e-06,5.689136427019579,0.8635753947612858
CSGALNACT2,3.5050848314606737,1.2312257485029938,2.2738590829576797,5.2142995124527566e-49,0.9582688555473323,5.675564469323577e-48,47.24599093876543,6.616388550724637,5.9903491803278675,0.6260393703967697,1.3016324816837112e-07,0.7688287004038964,2.1751507544794717e-06,5.662510637757777,0.8635468996268384
GBP2,6.033676966292133,1.8038161676646707,4.229860798627462,2.019308089196244e-54,0.9838188790957411,8.354031580028613e-53,52.07810388734164,5.531872318840581,4.838037704918032,0.6938346139225491,1.7990388203987362e-06,0.7431693989071039,1.7948216221663802e-05,4.745978707173852,0.8634786408219095
DPCR1,3.5632044943820227,-5.115005389221557,8.67820988360358,3.272231819165946e-42,0.9240227410347843,2.1655062381220095e-41,40.66444056087062,5.653233478260871,3.8726686885245902,1.7805647897362809,2.7522361672602493e-09,0.8028035162746497,1.0328889315892452e-07,6.9859463764390295,0.8634130394737307
TSPAN8,8.025680898876404,3.5621137724550893,4.463567126421315,9.424923021079338e-48,0.952129448967234,8.99806739729219e-47,46.045850758207294,7.212175652173913,5.82218344262295,1.3899922095509636,7.023080444906278e-08,0.7745307674031836,1.3215679975490148e-06,5.8789104865613355,0.8633289672357664
IL18,5.134296629213483,1.9041137724550896,3.2301828567583932,3.8934057185370065e-48,0.9540133216712642,3.8500945374344426e-47,46.414528606444215,5.254803043478261,4.459473934426229,0.795329109052032,8.638435392266037e-08,0.7726300784034213,1.5651686879664632e-06,5.805438848976958,0.8633203487932503
MAML2,2.453867415730337,-0.21315149700598798,2.667018912736325,2.3035556192728972e-51,0.969555271479513,3.501416495397654e-50,49.45575622659729,5.529747826086956,4.993060655737706,0.53668717034925,4.870047602224173e-07,0.7562366357804705,6.268697695449815e-06,5.202822673272163,0.8628905443961159
WNT2,1.954985393258427,-5.865850299401198,7.8208356926596245,1.593839247797859e-51,0.970312184619525,2.493822034595256e-50,49.60313454209684,4.076886376811594,3.521089672131147,0.5557967046804473,5.367083867429179e-07,0.7552862912805891,6.803408022825467e-06,5.167273482185428,0.8627933679747996
RAB25,7.027928651685391,4.5590934131736525,2.4688352385117387,1.1754820362975544e-50,0.9661912130794591,1.5782927611356186e-49,48.80181243537703,5.9263681159420285,5.138404754098361,0.7879633618436674,3.7214684530251316e-07,0.7588500831551437,5.1480313600180985e-06,5.288358816188527,0.8625162078339562
PLS1,4.665986516853932,1.2792413173652695,3.386745199488663,1.295760093084119e-50,0.9659893695754559,1.7279062602540584e-49,48.76247982190265,6.420400289855072,5.48321,0.9371902898550726,3.7214684530251316e-07,0.7588500831551437,5.1480313600180985e-06,5.288358816188527,0.8624152866015029
CKMT1A,4.0906640449438205,0.5455317365269461,3.5451323084168744,9.906142724014266e-52,0.9712877615555406,1.6200774620755995e-50,49.79046421968717,5.2921123913043475,4.624933770491804,0.6671786208125434,6.511931864436816e-07,0.753385602280827,7.971736418869622e-06,5.098447069445071,0.8623298075974513
HCP5,4.132227528089889,0.5428239520958084,3.5894035759940803,6.829421361169379e-54,0.9813799367557021,2.193389982229514e-52,51.65888414439508,4.559342463768116,4.053992295081967,0.5053501686861495,1.7990388203987362e-06,0.7431693989071039,1.7948216221663802e-05,4.745978707173852,0.8622591915392224
ERN2,4.386428651685393,-2.2199718562874255,6.606400507972818,4.560016215891647e-46,0.9437697638431003,3.800402759185497e-45,44.420170375271915,4.680979710144927,3.9717572131147545,0.7092224970301721,3.5503415255272854e-08,0.7807080066524115,7.710910047244549e-07,6.11289436317173,0.8622382203831075
PLEKHG1,2.3351056179775282,-1.2033407185628744,3.5384463365404026,1.1007295174596828e-53,0.9804211801116868,3.2273191122275115e-52,51.491158090119,5.133307536231885,4.463656229508197,0.6696513067236882,1.6780218299833383e-06,0.7438821572820147,1.692661153058836e-05,4.77142997283341,0.8621370753904741
PLEKHA2,3.5478528089887638,0.8040161676646707,2.7438366413240933,4.9625078233190385e-51,0.9679741640314875,7.1147496524193e-50,49.14784037688478,5.828947681159421,5.2486160655737715,0.5803316155856493,4.870047602224173e-07,0.7562366357804704,6.268697695449815e-06,5.202822673272163,0.8620999956278452
SPDL1,2.292847752808989,0.25512694610778447,2.0377208067012047,3.822624548746073e-51,0.9685124133754962,5.602531115589034e-50,49.251615722782,4.297385797101448,3.726373114754098,0.5710126823473503,5.238425901997765e-07,0.7555238774055596,6.691202638420261e-06,5.174495817614943,0.8620123774524391
KDELC1,2.4664988764044944,-0.5123095808383233,2.9788084572428177,3.460184701763511e-54,0.982742380407724,1.261363285712559e-52,51.89915981409464,4.630413913043477,4.0125237704918035,0.6178901425516736,2.164149063599581e-06,0.7412687099073414,2.091278923632001e-05,4.679588039436885,0.8619875182172463
HLA-F,7.130299438202247,3.5150670658682635,3.6152323723339834,1.4658243015264477e-54,0.9844580501917513,6.520079985400214e-53,52.185747076506594,6.426932850241546,5.793694426229508,0.6332384240120383,2.599863225972825e-06,0.739368020907579,2.421092370071435e-05,4.615988640939492,0.8618921678389247
LMNB1,3.6670617977528086,0.10655389221556885,3.5605079055372397,5.009612126502802e-55,0.9865942272757855,3.1555708385232326e-53,52.50092206602496,4.924618260869566,4.416826721311474,0.5077915395580916,3.190618379705524e-06,0.7372297457828463,2.8671131828054627e-05,4.542555162408372,0.861887274537126
CLDN12,4.530694382022472,2.698540718562874,1.8321536634595978,2.659240189589945e-47,0.9499091704231984,2.4459247848385707e-46,45.611556902177824,5.99517608695652,5.489157704918034,0.5060183820384863,7.591223349413395e-08,0.7738180090282727,1.4125324712401501e-06,5.850001559849531,0.8618623723154294
CLIP4,3.1365735955056175,1.3823467065868265,1.754226888918791,5.1338686585188385e-42,0.922996703222768,3.365944710516979e-41,40.47289302208408,6.278057536231885,5.536503442622952,0.7415540936089329,3.655321744075308e-09,0.8004276550249466,1.2850158321043654e-07,6.8910915215519815,0.861712068392478
SERPINH1,7.439348314606742,3.4543155688622758,3.9850327457444665,1.9196238639762185e-55,0.9884949202718158,1.757085712118607e-53,52.75520705273794,6.535121594202898,5.898073278688523,0.6370483155143747,3.997742091431015e-06,0.7348538845331433,3.4587731425127414e-05,4.461077921994264,0.8616445990396734
ELK3,4.4116123595505625,0.9875035928143714,3.4241087667361914,3.128117180956292e-54,0.9829442239117271,1.167186194761787e-52,51.932859857830024,6.252845217391305,5.74868868852459,0.5041565288667149,2.372420849164548e-06,0.7403183654074601,2.250143871305759e-05,4.647789712770137,0.8616119067158236
SPARC,10.872824157303368,5.454061077844311,5.418763079459057,8.188615675283248e-56,0.990176949471843,1.0612772010481593e-53,52.974171165427634,9.415446231884058,8.381265737704918,1.0341804941791395,4.780920686941407e-06,0.7329531955333808,3.9996970514800904e-05,4.397972902135306,0.8615306125098103
MMP13,-0.8855775280898877,-9.533519161676645,8.647941633586758,1.3453671256021986e-53,0.9800174931036804,3.798214534212164e-52,51.42042050868979,3.2619428985507244,2.630129836065574,0.6318130624851506,1.8412097811403505e-06,0.7429318127821335,1.8295936041803492e-05,4.737645366587817,0.861458891457755
CDC6,1.5784893258426964,-0.9390263473053891,2.5175156731480857,4.374046681686521e-45,0.9388245979950212,3.39160858583558e-44,43.469594273992065,3.9320786956521743,3.2152280327868854,0.7168506628652889,2.4444110994810265e-08,0.7840342124019958,5.712097572770908e-07,6.243204382647487,0.8614289131416271
PXDN,4.049884831460674,0.40311497005988023,3.6467698614007937,4.432655570500343e-53,0.9776121913476418,1.037018354534667e-51,50.984213556819654,6.2383542028985515,5.276736229508198,0.9616179733903536,1.5648495798654995e-06,0.7445949156569257,1.6002907027632713e-05,4.795801117882722,0.8610897733421758
VSNL1,1.1254516853932583,-2.1855862275449107,3.3110379129381693,8.424120402539771e-51,0.9668808450514701,1.1568059008466535e-49,48.93673950471534,3.9043118840579716,3.3850424590163932,0.5192694250415784,5.367083867429179e-07,0.7552862912805893,6.803408022825467e-06,5.167273482185428,0.8610777098631737
MXRA5,4.786344382022472,0.7613497005988024,4.02499468142367,8.793374781594396e-47,0.9473356657471574,7.74274294424442e-46,45.111105158888265,7.38307811594203,6.438625573770492,0.944452542171538,6.84302157694079e-08,0.774768353528154,1.2962212178366157e-06,5.8873208738611575,0.8610508935237712
CTSK,6.591050561797752,1.7756886227544908,4.815361939043262,1.4749080662954433e-53,0.9798324698916773,4.071705439757463e-52,51.3902236477919,7.5504747826086955,6.361519672131147,1.1889551104775489,1.9734984221229344e-06,0.7422190544072226,1.9388943486112504e-05,4.712445855214865,0.8610090677696075
MMP1,5.590909550561798,-3.06374251497006,8.654652065531858,6.02873400100373e-53,0.9769898405436319,1.3604363116825868e-51,50.86632178474217,5.304893768115943,4.113339672131148,1.1915540959847952,1.528783612742561e-06,0.744832501781896,1.572249799778378e-05,4.803478451905601,0.8608976354885991
IFITM10,1.839808988764045,-1.7144497005988024,3.5542586893628476,6.49302914602215e-51,0.9674190943954788,9.106251865049642e-50,49.04066034193816,4.61199768115942,4.057288360655737,0.554709320503683,5.91285531441664e-07,0.754335946780708,7.387560578030985e-06,5.131498944879322,0.8608711608032598
IDO1,2.3794747191011236,-3.3687964071856284,5.7482711262867525,1.6470555221882654e-55,0.9887976855278207,1.6081026590885128e-53,52.79368622993301,3.9833943478260863,3.207317704918033,0.7760766429080532,4.780920686941407e-06,0.7329531955333808,3.9996970514800904e-05,4.397972902135306,0.8608410081209888
MMP3,0.47758539325842697,-4.3587736526946115,4.836359045953039,5.636367746489408e-47,0.9482944223911727,5.046371067661562e-46,45.29702081828282,3.553086376811595,2.931157704918033,0.6219286718935617,7.994450707170437e-08,0.7733428367783323,1.4697885799221532e-06,5.832745131358371,0.8608173643633612
IL1R2,3.5724853932584266,-0.5980299401197604,4.170515333378187,6.254792065264284e-48,0.953004104151248,6.062408570073578e-47,46.21735479813186,5.180666956521738,4.4288829508196725,0.7517840057020653,1.3351767144796e-07,0.7685911142789261,2.2237751723343416e-06,5.652909122823015,0.8607956949947353
APBB2,3.6306174157303372,1.6666227544910182,1.963994661239319,1.552392689110531e-48,0.9559644755432954,1.5960111639309236e-47,46.796964075130255,6.656912173913044,6.058998032786885,0.597914141126159,1.855065937607508e-07,0.7655024946543123,2.9241043301783283e-06,5.534007136087495,0.860730968224293
SRPX2,3.7870393258426964,0.08584431137724552,3.701195014465451,1.0104822473780264e-48,0.95687277131131,1.0644679110529071e-47,46.972867426064745,6.864641014492753,5.792073114754096,1.0725678997386572,2.1565233864586594e-07,0.7640769779044904,3.3055124367304644e-06,5.480761204501125,0.8604720302975006
COL4A2,7.17086011235955,3.5456964071856287,3.6251637051739216,7.615495841740785e-54,0.9811612729596986,2.4023875169898597e-52,51.619356937434326,6.986803478260869,6.3138685245901645,0.6729349536707048,2.599863225972825e-06,0.739368020907579,2.421092370071435e-05,4.615988640939492,0.8602438191319094
CAMSAP2,2.881576966292135,0.34959999999999997,2.531976966292135,1.9715246344076753e-52,0.9745845387875933,3.829372831838065e-51,50.41687234821815,6.598406376811595,6.0510240983606565,0.5473822784509386,1.3923501850355013e-06,0.7457828462817772,1.4536106863917083e-05,4.837551892920791,0.860171188812608
RNF145,5.414400561797752,2.6212550898203593,2.7931454719773927,1.657888865299885e-53,0.9795969858036735,4.498415359802342e-52,51.346940446601174,6.963846086956521,6.403094918032787,0.5607511689237343,2.4274209225631987e-06,0.7400807792824899,2.2957778115381404e-05,4.639070145843858,0.8598191425528013
SULT1B1,1.2803140449438204,-4.519610179640719,5.79992422458454,1.2136683430059542e-49,0.9613301486913813,1.4162929323034225e-48,47.84884691209422,4.235277246376811,3.3694824590163934,0.8657947873604179,4.005749795026053e-07,0.7581373247802329,5.447111702916801e-06,5.263833718638569,0.8597290536701083
ANKRD50,2.2811893258426967,-0.31604311377245503,2.597232439615152,9.01327794444525e-50,0.9619524994953912,1.0690561556257284e-48,47.97099948147238,6.983724057971013,6.290119836065574,0.6936042219054395,4.310929784603355e-07,0.757424566405322,5.733479287328518e-06,5.241581752078176,0.8596836039439593
FLNA,8.850715730337079,5.918317964071856,2.9323977662652227,4.0826148524998484e-48,0.9539123999192626,4.028358778411548e-47,46.39487185675163,8.095441739130433,7.1673444262295085,0.928097312900924,1.90231045279606e-07,0.7652649085293418,2.977458214967104e-06,5.5261543246013725,0.8595860948350021
COL3A1,9.75968202247191,3.6200173652694607,6.13966465720245,1.8251115950674242e-54,0.9840207225997443,7.669789264752136e-53,52.11521656856896,10.160123913043476,8.738773606557377,1.421350306486099,3.997742091431015e-06,0.7348538845331433,3.4587731425127414e-05,4.461077921994264,0.8594075775798112
HIST1H2BD,4.377370786516853,1.3885341317365272,2.988836654780326,9.227287737368297e-40,0.9109870147345759,5.529859262841659e-39,38.257285921525146,4.5325075362318845,3.872281475409836,0.6602260608220485,1.5061905558189045e-09,0.8077928248990259,6.451462459966926e-08,7.190341825473332,0.8593898643735828
DNAJA4,4.1194387640449435,2.0993365269461077,2.0201022370988357,2.418138424251965e-43,0.9299098432348786,1.6918304912349737e-42,41.77164315217707,5.681643333333334,5.118619016393443,0.5630243169398907,1.5035471615273887e-08,0.788310762651461,3.9417370736608593e-07,6.404312347907028,0.8591099643044767
SH3PXD2B,3.8299191011235956,1.619179640718563,2.2107394604050326,1.855861130790272e-46,0.9457209177151316,1.588982766776161e-45,44.798880812883624,6.14877927536232,5.534766557377051,0.6140127179852692,8.864050537726131e-08,0.772392492278451,1.5988061578551471e-06,5.796204187709055,0.8590553315316413
LRRC32,5.724013483146068,2.4625047904191617,3.2615086927269066,7.809331106105535e-54,0.9811108120836979,2.4477176325669786e-52,51.611238683622496,6.0729028985507245,5.5700886885245895,0.502814210026135,3.2636968766681242e-06,0.736992159657876,2.9183606894945233e-05,4.534861033286776,0.8590264156499208
GSDMB,4.882273595505618,2.7204898203592816,2.1617837751463362,4.915341176279124e-37,0.8959833142703357,2.6696235995513382e-36,35.57354996716027,5.149984347826086,4.437340655737705,0.7126436920883812,2.5552319767693847e-10,0.8220479923972439,1.6073051959533965e-08,7.7939016513425585,0.8590156395267865
MUC17,0.02641853932584282,-8.791069461077843,8.817488000403685,1.612699059363786e-43,0.9308181390028931,1.1391959917591939e-42,41.94340155176193,4.369705507246376,3.0661977049180322,1.303507802328344,1.769296387320691e-08,0.7868852459016393,4.4073767914789265e-07,6.355819819591032,0.8588513139239645
ID1,6.530398314606741,3.6402011976047897,2.890197117001951,9.071832591820826e-47,0.9472683845791564,7.977139373483276e-46,45.09815282005784,4.850602173913043,4.119389999999999,0.7312121739130442,1.1457740103765544e-07,0.770016631028748,1.9639175260978766e-06,5.706876754182808,0.8586408215008824
TUBA1C,7.531332584269664,4.261217964071856,3.2701146201978073,1.715757033015587e-51,0.9701608019915225,2.670317820167006e-50,49.5734370460023,6.233510144927536,5.656786885245902,0.5767232596816338,1.238215540562734e-06,0.7469707769066286,1.3287567305727666e-05,4.876554522624275,0.8585543811983619
DFNA5,2.9023601123595504,0.023471856287425184,2.878888256072125,6.165619314194877e-49,0.9579156294153268,6.655392390728765e-48,47.17682633416308,4.6830211594202895,4.040239344262295,0.6427818151579947,3.7214684530251316e-07,0.7588500831551437,5.1480313600180985e-06,5.288358816188527,0.8583784373033723
UBASH3B,1.5851196629213482,-2.1533419161676646,3.7384615790890128,2.9678420217659234e-51,0.9690338424275046,4.413789121022329e-50,49.35518842010144,4.71372,4.1479629508196725,0.5657570491803279,1.1812762593075619e-06,0.7474459491565693,1.2890926903943895e-05,4.889715854190788,0.8582288322842743
CD80,-0.5468061797752809,-3.440253892215569,2.893447712440288,2.0376031962109762e-42,0.9250992397228017,1.3626122470004018e-41,40.86562771199078,4.452882898550723,3.9055980327868847,0.5472848657638387,1.0833185606859698e-08,0.7911617961511048,3.043486119297957e-07,6.516628674632527,0.8581302567661212
S100A2,5.100166292134832,-1.0933383233532934,6.193504615488125,8.83052533825182e-52,0.9715232456435443,1.4646121314839465e-50,49.83427737289293,3.7643108695652168,3.190616557377049,0.5736943121881679,1.5648495798654995e-06,0.7445949156569256,1.6002907027632713e-05,4.795801117882722,0.8580453492105431
PDCD1LG2,0.0451601123595506,-3.810520359281437,3.8556804716409876,2.849051214619437e-51,0.9691179438875059,4.2533198064123657e-50,49.371271961528045,4.487516376811594,3.9528250819672133,0.5346912948443805,1.238215540562734e-06,0.7469707769066287,1.3287567305727666e-05,4.876554522624275,0.8580329590748773
STK38L,4.243298314606742,1.886095808383234,2.3572025062235076,2.3035556192728972e-51,0.9695552714795129,3.501416495397654e-50,49.45575622659729,7.712883188405799,7.1436570491803275,0.5692261392254716,1.2977902821422492e-06,0.7464956046566881,1.3801009576656785e-05,4.860089142762985,0.8580135964508127
SP140L,3.632768539325843,1.5225401197604789,2.110228419565364,2.198726535521847e-44,0.9352586960909642,1.6256922778922795e-43,42.78896165718037,5.205093913043478,4.615136065573771,0.5899578474697069,3.5503415255272854e-08,0.7807080066524116,7.710910047244549e-07,6.11289436317173,0.8579826897884435
LUM,9.731391573033708,4.66264371257485,5.068747860458858,9.282034145092093e-53,0.9761151853596178,1.975121112436033e-51,50.70440626872107,8.575648115942027,7.649502131147542,0.9261459847944851,2.483643961158775e-06,0.7398431931575196,2.337897889649834e-05,4.631174461065555,0.8579591305812093
PIAS3,4.585124157303371,3.3542191616766472,1.2309049956267235,1.2408752608566657e-35,0.8880441364462087,6.444300856050029e-35,34.190824192481195,5.61515652173913,5.046912786885247,0.5682437348538834,1.348693221227046e-10,0.8270373010216202,1.014207161812203e-08,7.993873327011831,0.8575407100366751
KPNA2,4.8755651685393255,1.4553904191616767,3.420174749377649,1.1315496053658937e-56,0.994062436923905,5.1387242064051177e-54,53.28914469012773,6.2742084057971,5.707777950819672,0.5664304549774277,1.4803588988127505e-05,0.7205987170349252,0.00010048055328453155,3.9979179822080195,0.8572444319286925
TNFAIP6,2.63731797752809,-3.7811275449101798,6.41844552243827,2.9741856017048976e-54,0.9830451456637288,1.1218980472213433e-52,51.950046607911396,5.417122753623188,4.266397868852458,1.1507248847707299,6.236852163014457e-06,0.7301021620337372,4.956525777384909e-05,4.30482263084611,0.8565311975547776
WNT5A,2.450876966292135,0.5417143712574851,1.9091625950346498,9.985925056154885e-35,0.8828298459261253,5.047764912543009e-34,33.296900879509316,4.918671594202899,4.167309836065574,0.7513617581373255,9.321815247100885e-11,0.829888334521264,7.934649803734425e-09,8.100472236100297,0.8563590834287851
NDNF,1.1178853932584272,-3.786363473053893,4.9042488663123205,9.992204116857139e-51,0.9665276189194645,1.3565545987708182e-49,48.86756272201466,4.427173188405796,3.778115901639344,0.6490572867664515,1.360117041497288e-06,0.7460204324067475,1.4289086754763787e-05,4.844995526985151,0.8562617902892675
PDPN,4.259863483146067,0.6525443113772457,3.6073191717688218,3.169367706615078e-48,0.9544506492632713,3.164559904912526e-47,46.49968667874541,5.8895404347826075,5.21003918032787,0.6795012544547374,4.1050836531854446e-07,0.7578997386552625,5.529561502671276e-06,5.25730930712584,0.8561704596858748
SEPT7,6.377052808988765,3.6711173652694615,2.7059354437193033,4.162765267475455e-54,0.9823723339837179,1.454138056851399e-52,51.837394359307474,7.054322318840579,6.52909262295082,0.5252296958897587,6.3756949122029e-06,0.7298645759087667,5.050812884308697e-05,4.2966387203447995,0.856075214005015
RAPH1,2.767393820224719,0.42178023952095806,2.345613580703761,3.2023579979493173e-49,0.9592948933593487,3.577370974024961e-48,47.44643602109844,5.974682463768115,5.393994918032788,0.5806875457353273,6.999198659594629e-07,0.7526728439059158,8.454406448542958e-06,5.072916877146198,0.8559766317970934
MFGE8,6.701040449438202,4.138934730538922,2.5621057188992804,5.512582109389395e-48,0.9532732288232523,5.373254118970718e-47,46.26976261972221,6.51683304347826,5.914915409836066,0.6019176336421941,3.81399381752799e-07,0.7586124970301735,5.243389576083325e-06,5.280387873650419,0.8559383748848277
PLBD1,5.439731460674158,2.7637011976047905,2.676030263069367,1.451718540116278e-43,0.9310536230908969,1.0269668373209961e-42,41.98844358035699,7.273377246376811,6.751250491803278,0.5221267545735335,3.6456878140107926e-08,0.7804704205274412,7.849805526766188e-07,6.10514110245201,0.8557613500526242
MYEOV,4.3612247191011235,-0.3098149700598802,4.671039689161003,6.942156100497781e-44,0.9327020117069234,4.994209093985761e-43,42.30153327887229,5.151499710144927,4.550113606557377,0.6013861035875498,4.503223049145658e-08,0.7785697315276787,9.363614412896111e-07,6.028556478550741,0.8556350704328631
EPPK1,0.8941758426966292,-2.006886826347305,2.901062669043934,4.4660961975007764e-43,0.9285305792908564,3.085604214480398e-42,41.51065978095938,6.3161630434782605,5.803355737704919,0.5128073057733413,2.8698851996282866e-08,0.7826086956521738,6.493926883276541e-07,6.18749260551111,0.8555690818708482
LPP,3.2497359550561797,1.1041035928143712,2.1456323622418085,9.730863939556053e-47,0.9471170019511539,8.532311636628247e-46,45.06893329063514,7.6748708695652175,7.12157,0.5533008695652173,2.2671442510168642e-07,0.7636018056545496,3.443408234858795e-06,5.463011486259461,0.855356458451237
PLXNA1,3.634876404494382,1.871253892215569,1.7636225122788132,7.530366389302262e-42,0.922122048038754,4.905876261696127e-41,40.309283409969886,5.2592150724637685,4.714984262295082,0.5442308101686866,1.5449721145029378e-08,0.7880731765264908,4.003118809119464e-07,6.397601520217333,0.8550972699768888
TRANK1,2.3745044943820224,-0.09471676646706587,2.469221260849088,1.7141724847887697e-49,0.9606068761353697,1.9670507018885588e-48,47.70618444574074,5.839856811594202,5.156737868852458,0.6831189427417437,9.547685474061325e-07,0.749584224281302,1.0932017889962718e-05,4.96129966626718,0.8550862022884833
SLC9B2,3.652490449438202,-0.08135928143712579,3.7338497308753276,9.744845230026558e-52,0.9713214021395411,1.597265748237789e-50,49.796622821249315,5.429050724637682,4.8102970491803285,0.618753675457353,2.721292499925734e-06,0.7388928486576384,2.5096364165981768e-05,4.600389192344704,0.8550856653187698
F5,3.8306342696629216,-0.8795676646706585,4.71020193433358,6.854730074236291e-50,0.9625243894234004,8.25908972601473e-49,48.08306781572483,5.079930869565218,4.27561524590164,0.8043156236635784,1.1812762593075619e-06,0.7474459491565693,1.2890926903943895e-05,4.889715854190788,0.8549741477386635
GLRX,5.142156179775281,2.0307017964071856,3.111454383368095,1.5681428375184322e-54,0.9843234878557492,6.886310012343874e-53,52.16201342984226,5.547811304347826,4.946123606557378,0.6016876977904486,9.648975842088974e-06,0.7253504395343312,7.0958994032833e-05,4.148992550012384,0.8547763053240343
MRVI1,2.9736893258426966,-0.003570658682634695,2.977259984525331,3.3115509600695745e-47,0.9494382022471909,3.020771827963808e-46,45.51988207763922,5.121660579710143,4.487551967213115,0.6341086124970285,3.2904011783029673e-07,0.7600380137799951,4.664627552770677e-06,5.331183026780045,0.8547341209786639
HIST2H2BE,3.68726797752809,1.477265868263473,2.210002109264617,2.1311056766639143e-35,0.8866985130861872,1.099254218936768e-34,33.9589018588832,6.098867101449275,5.345354262295081,0.7535128391541939,2.405336390890445e-10,0.8225231646471847,1.5421135841981272e-08,7.811883637197012,0.8546108256876161
C1orf116,4.57073820224719,1.8150143712574849,2.755723830989705,5.854718351196002e-52,0.9723642602435579,1.0162229799449273e-50,49.9930109885731,4.45897231884058,3.912236229508197,0.5467360893323829,3.492690093936618e-06,0.7362794012829652,3.096820919725805e-05,4.509083907921731,0.8542953739460848
RECQL,3.6513320224719106,1.6060413173652692,2.045290705106641,4.22083068289526e-47,0.9489167731951826,3.8181050375955404e-46,45.418152128163236,5.994581449275364,5.426491967213115,0.5680894820622484,3.5428731444415144e-07,0.7593252554050843,4.945435555356846e-06,5.305795453114737,0.8541167902997007
IRF6,4.800308426966292,2.589911976047904,2.2103964509183878,2.3798078661307164e-50,0.9647278476754355,3.043919751218417e-49,48.51656680133065,5.885391449275361,5.25474131147541,0.6306501377999512,1.8412097811403505e-06,0.7429318127821335,1.8295936041803492e-05,4.737645366587817,0.8538142086128201
SLFN5,2.748153932584269,-0.08627365269461079,2.83442758527888,1.5808369500867357e-51,0.9703290049115253,2.475461357204787e-50,49.60634384876442,6.819348550724637,6.308747704918032,0.5106008458066054,3.2636968766681242e-06,0.736992159657876,2.9183606894945233e-05,4.534861033286776,0.8536356693898455
LCN2,9.443660674157304,3.6245353293413167,5.819125344815987,1.1549344047225255e-46,0.946746955527148,1.0050090963019945e-45,44.99783000744162,7.406516086956522,6.285096229508196,1.121419857448326,3.131832926729789e-07,0.7605131860299359,4.484327418280312e-06,5.348302685381001,0.8536262428218105
ITGBL1,4.979387078651685,0.2637712574850299,4.715615821166655,3.133257097912909e-50,0.9641559577474266,3.9396723342527606e-49,48.40453989729715,7.375274492753622,6.510330983606557,0.8649435091470652,1.8412097811403505e-06,0.7429318127821336,1.8295936041803492e-05,4.737645366587817,0.8535282688804464
TRIM16L,2.31265,1.2589419161676645,1.0537080838323356,8.015669815777278e-30,0.8532765928816525,3.5656918025518165e-29,28.447856197401677,5.551691884057971,4.8522808196721305,0.6994110643858402,3.809503109100822e-12,0.8536469470182941,8.466832299038193e-10,9.072279042132633,0.8534617692273615
CKS2,5.190383146067416,0.37222934131736524,4.81815380475005,8.372465360420714e-57,0.9946511471439143,5.0742701558312363e-54,53.29462641451605,4.760468695652174,4.258496885245901,0.5019718104062729,3.006469990326488e-05,0.7125207887859348,0.000179089991710842,3.7469286836440103,0.8534330992609973
SERPINB9,2.7772162921348316,-0.5275784431137724,3.304794735248604,9.918506378231736e-53,0.9759806230236157,2.096089545971116e-51,50.67859016801921,6.0353937681159415,5.3067747540983605,0.728619014017581,6.236852163014457e-06,0.7301021620337372,4.956525777384909e-05,4.30482263084611,0.8529991113121639
ZNF217,3.516087640449438,1.5028437125748502,2.013243927874588,5.628833898922397e-45,0.9382695283590123,4.328468346452782e-44,43.363665754076266,6.017359130434782,5.424238032786885,0.5931210976478969,1.5158390164729607e-07,0.7674031836540747,2.4711758636111355e-06,5.607096346512889,0.8528342484979249
MIR4435-2HG,6.167514606741572,2.380993413173652,3.7865211935679204,1.9692316894365074e-55,0.988444459395815,1.7857517275368427e-53,52.74817892106658,7.271811884057971,6.60382131147541,0.6679905725825614,2.072361665738848e-05,0.7167973390354002,0.0001324391386574255,3.8779836524257347,0.8525079788381142
HIST2H4B,2.278013483146067,-0.34865868263473054,2.6266721657807977,5.371369759949942e-39,0.9068324026105093,3.1241085376055155e-38,37.505273886297836,5.167039420289855,4.639900054644808,0.5271393656450476,4.844441223370649e-09,0.7980517937752436,1.6043602283291902e-07,6.794698112603666,0.8524419614304565
SHROOM3,4.09229213483146,0.7995389221556884,3.292753212675772,3.9250398391075576e-54,0.9824900760277199,1.3884828430842986e-52,51.8574594822802,4.875278985507247,4.302585901639344,0.572693083867903,1.2486708388674385e-05,0.7224994060346877,8.760842788448044e-05,4.057454112922508,0.8524200553071622
CTSC,7.060943820224719,3.688652095808384,3.372291724416335,5.226367890119109e-55,0.9865101258157842,3.246721711252041e-53,52.48855493479473,6.843043623188407,6.312435901639344,0.530607721549063,1.7899162914825916e-05,0.7184604419101924,0.00011738916583123371,3.9303719834702897,0.8523852113266323
FAM83B,0.5901112359550562,-1.9573880239520962,2.5474992599071524,1.5128682288288645e-40,0.9152089080266433,9.341765965323464e-40,39.029571017078396,5.450160869565216,4.6565375409836065,0.7936233285816092,1.3120823107782982e-08,0.7894986932763126,3.5563119867883875e-07,6.449000146409034,0.852353497527874
IGFBP7,9.564676404494383,6.407818562874252,3.1568578416201314,7.310122612967947e-52,0.9719101123595506,1.2383871971957064e-50,49.90714354649968,8.647791014492755,8.07472393442623,0.5730670800665258,4.888579741027454e-06,0.7327156094084105,4.086346032585548e-05,4.388664860004254,0.8522780324312046
TNFRSF11B,3.006420224719101,-1.2770179640718562,4.283438188790957,8.941039409837709e-50,0.9619693197873915,1.0611325560528825e-48,47.97423036089936,3.8311176811594208,3.316003770491802,0.5151139106676186,1.9284189794619044e-06,0.7424566405321928,1.898334884162228e-05,4.721627171511133,0.8521968023035025
HSPG2,6.801211235955057,3.9843790419161675,2.816832194038889,3.822624548746073e-51,0.9685124133754962,5.602531115589034e-50,49.251615722782,7.034996231884057,6.444862786885246,0.5901334449988109,3.6538274141424093e-06,0.7358042290330244,3.211226263844052e-05,4.4933290928523855,0.8521309564724402
HLA-DQB2,2.9533325842696625,-3.6515580838323345,6.604890668101997,1.3657313820340075e-55,0.9891677319518267,1.4493824291835904e-53,52.838817007923815,6.497170833333331,5.884155450819671,0.6130153825136597,2.4982018901870563e-05,0.7146590639106676,0.0001541855365918287,3.8119563634638047,0.8517820452068574
XPO1,5.436575842696628,4.295162874251497,1.141412968445131,1.4696492330212406e-35,0.887623629146202,7.614852442916796e-35,34.11833850780369,7.55045623188406,6.9489567213114745,0.6014995105725855,5.563839558391034e-10,0.8158707531480163,2.9058350570886644e-08,7.536729041045996,0.8517471663967405
BRCA2,-0.14726629213483144,-2.6961041916167665,2.548837899481935,3.4898063689895543e-43,0.9290856489268653,2.426544176875692e-42,41.61501179765234,3.643449855072464,3.096676885245902,0.546772969826562,7.591223349413395e-08,0.7738180090282727,1.4125324712401501e-06,5.850001559849531,0.8514506262742129
ANXA3,6.1295595505617975,3.5890443113772457,2.540515239184552,6.437865024980422e-43,0.9277063849828433,4.413018617228857e-42,41.35526424038813,6.596198985507247,5.6744039344262305,0.9217950510810162,6.84302157694079e-08,0.774768353528154,1.2962212178366157e-06,5.8873208738611575,0.8512362658635593
XKR9,0.8264483146067415,-3.3640622754491027,4.190510590055844,3.1694436119017806e-46,0.9445603175671129,2.671498938544147e-45,44.57324499403751,3.345483913043478,2.7644063934426235,0.5810775196008544,4.1050836531854446e-07,0.7578997386552625,5.529561502671276e-06,5.25730930712584,0.8512253211823944
SMC6,2.9097028089887647,1.597934131736527,1.3117686772522377,1.6803378751630432e-42,0.9255365673148086,1.1261397215985154e-41,40.94840772266874,5.942473188405796,5.330190983606558,0.6122822047992384,5.702072292747111e-08,0.776431456402946,1.1237295770622704e-06,5.949338188161726,0.8509830555829736
TCN1,6.115239325842697,-0.45430538922155694,6.569544715064254,9.574578278716741e-48,0.9520958083832335,9.130528571471682e-47,46.03950408018435,6.555188405797102,4.964826393442624,1.5903620123544782,1.0748612059276767e-06,0.7483962936564504,1.1991326660441336e-05,4.921132766072456,0.8502358554417024
PELI1,3.95926797752809,1.6119059880239524,2.3473619895041375,7.957927187355237e-51,0.9669985870954719,1.0981939518550227e-49,48.95932095243435,7.099008405797102,6.537033606557377,0.5619747992397253,4.572375887632146e-06,0.7334283677833214,3.873834598911725e-05,4.411858926289453,0.850180541575543
IGF2BP2,3.3279213483146073,1.1564455089820358,2.1714758393325715,7.762188941183252e-41,0.916756374890668,4.852900644220449e-40,39.31399860011445,5.018110289855071,4.341889672131147,0.6762206177239234,2.5789392638193298e-08,0.7835590401520551,5.956873221036726e-07,6.224981642806993,0.8501572010931934
LTBP2,4.635176966292135,1.2635946107784433,3.3715823555136915,2.6013858672565644e-50,0.9645428244634328,3.3085494027302823e-49,48.48036237615626,6.349796231884058,5.771405081967215,0.5783911499168433,3.6538274141424093e-06,0.7358042290330244,3.211226263844052e-05,4.4933290928523855,0.8501462257526494
LRRN1,2.1541067415730337,-0.6450838323353294,2.799190573908363,3.7476267896545624e-41,0.9184384040906951,2.3757139375041004e-40,39.624205854449606,4.724961594202898,3.7236150819672136,1.0013465122356844,3.192573142734672e-08,0.7816583511522928,7.072097516514025e-07,6.150451759506303,0.850047776458992
ADAM17,2.951285393258427,0.6713550898203593,2.279930303438068,3.280149295226584e-49,0.9592444324833479,3.6586905153021424e-48,47.436674325463116,6.635372028985507,6.129380327868853,0.5059917011166535,2.372420849164548e-06,0.7403183654074602,2.250143871305759e-05,4.647789712770137,0.8497622776413362
B3GALT5,2.4413859550561794,-0.12160359281437123,2.5629895478705507,1.2958599221036245e-42,0.926125277534818,8.732632013890767e-42,41.0588548402771,4.325856521739131,3.6750040983606556,0.6508524233784754,7.994450707170437e-08,0.7733428367783322,1.4697885799221532e-06,5.832745131358371,0.8497328082271618
GSDMC,-0.9498269662921348,-6.236265269461077,5.286438303168942,1.1380878480950313e-49,0.9614647110273835,1.3318083146075714e-48,47.87555827809273,3.1836366666666662,2.625167213114755,0.5584694535519112,3.0491419378106386e-06,0.7377049180327869,2.757323064286899e-05,4.559512346401555,0.8495613887320436
HTRA1,7.352051685393259,3.9993437125748503,3.3527079728184086,3.700837654275008e-54,0.9826078180717217,1.3243663446859146e-52,51.8779918642405,8.110382608695653,7.604081311475411,0.5063012972202428,2.116019881714009e-05,0.7165597529104301,0.0001345842470395082,3.8710057709009775,0.8494694448970087
FUT3,4.879460674157303,1.4487245508982036,3.4307361232590994,4.4755541417470144e-45,0.9387741371190204,3.4675629834371365e-44,43.45997564183052,4.998867971014493,4.133617377049181,0.8652505939653121,3.2904011783029673e-07,0.7600380137799952,4.664627552770677e-06,5.331183026780045,0.8494021132865248
ARHGAP26,3.5410185393258424,0.5720017964071857,2.9690167429186567,1.5075951734214548e-49,0.960876000807374,1.7415979659673092e-48,47.75905209118429,6.59216231884058,5.94964131147541,0.6425210073651701,3.0491419378106386e-06,0.7377049180327869,2.757323064286899e-05,4.559512346401555,0.8492670417383602
CD68,6.999366292134831,1.868280239520958,5.131086052613873,5.623520431034263e-56,0.9909170423198548,8.808327550011181e-54,53.05510654388673,7.117914637681159,6.553873934426229,0.5640407032549302,4.420267326312105e-05,0.7080066524114992,0.0002448590621108309,3.611083818327815,0.8492538489344321
CCL18,4.413163483146067,-5.470628143712575,9.883791626858642,1.0293790420603396e-56,0.9942474601359079,5.0742701558312363e-54,53.29462641451605,5.790969855072464,4.830084918032788,0.9608849370396761,6.200951832993763e-05,0.7039676882870041,0.00032276252801294363,3.491116891613684,0.8488335141042486
MYLK,4.758684831460674,1.5645814371257485,3.1941033943349257,3.2857196595039097e-47,0.9494550225391912,2.9981424201463945e-46,45.52314774079575,5.799873768115942,5.210305081967214,0.5895686861487279,1.1812762593075619e-06,0.7474459491565691,1.2890926903943895e-05,4.889715854190788,0.8484395485346855
LAMA4,4.585406179775281,0.43811736526946105,4.14728881450582,1.1517657471572206e-55,0.989504137791832,1.2900877482641899e-53,52.889380749165184,6.827590000000001,6.029887377049181,0.79770262295082,4.601284693610065e-05,0.7075314801615586,0.0002533429609861881,3.5962911578715335,0.8483028429625197
MSL3P1,0.9858724719101123,-2.6237185628742514,3.609591034784364,3.075878601054015e-45,0.9395983314270336,2.41474195025925e-44,43.617129273014484,4.308136956521739,3.724641967213115,0.5834949893086243,4.5267164728529545e-07,0.7569493941553813,5.941463884939478e-06,5.226106538381677,0.8482688228026871
ZEB1,3.3486466292134827,0.6036041916167665,2.745042437596716,7.67870464765193e-48,0.952566776559241,7.387521710693015e-47,46.13150122978983,6.125839855072464,5.4711531147541,0.6546867403183647,1.7174642348118221e-06,0.7436445711570444,1.7228905260251192e-05,4.763742317127516,0.8480910619258372
EMB,3.8988134831460672,-0.8520443113772456,4.750857794523313,1.6055343990066466e-55,0.9888481464038215,1.596838890122383e-53,52.79673889892752,5.627289710144928,5.096805573770491,0.5304841363744366,4.7893169899843994e-05,0.7070563079116179,0.00026125090741930173,3.5829421924157754,0.8477306988689265
SLCO4A1,3.6978247191011238,1.123880239520958,2.573944479580166,1.552087361180966e-38,0.9043093588104689,8.865330509491242e-38,37.05230506877456,4.739118840579711,4.172779180327868,0.5663396602518427,1.1134486962548472e-08,0.7909242100261344,3.119371746664665e-07,6.505932865735127,0.8476165200151168
PLXNC1,2.4637471910112363,-0.9265353293413174,3.390282520352554,2.4641686467295365e-52,0.9741303909035861,4.6792046513472604e-51,50.329827959935585,6.1759695652173905,5.405151639344262,0.7708179258731285,1.4493019000906403e-05,0.7208363031598954,9.880840459275077e-05,4.005206112972965,0.8473996085543016
ANXA1,7.756014044943821,3.374698802395209,4.381315242548611,7.863213222707313e-53,0.9764515911996232,1.7079528876507866e-51,50.76752411310573,8.895453043478259,7.953175901639344,0.9422771418389146,1.9464742318469848e-05,0.7175100974103111,0.0001257194835635623,3.9005974116661966,0.8468743623106328
PLXDC2,3.87245,-0.2588,4.1312500000000005,9.282034145092093e-53,0.9761151853596177,1.975121112436033e-51,50.70440626872107,7.5786289855072475,6.750656393442624,0.8279725920646239,1.90615519006279e-05,0.7177476835352816,0.00012379487748969474,3.907297325622734,0.8468265886742801
MYH9,7.808094943820225,5.826875449101796,1.9812194947184292,3.1104299260963283e-47,0.9495727645831931,2.845730056233781e-46,45.54580629913871,8.104647826086957,7.589277540983607,0.5153702851033497,1.7174642348118221e-06,0.7436445711570445,1.7228905260251192e-05,4.763742317127516,0.8465940817295876
HMCN1,2.2116303370786516,-1.6889017964071857,3.9005321334858376,5.1317037264413776e-49,0.9583024961313329,5.589816586066611e-48,47.25260244201805,5.699987971014492,4.821679672131148,0.8783082988833444,3.997742091431015e-06,0.7348538845331432,3.4587731425127414e-05,4.461077921994264,0.8465489091131604
NCF2,3.8840387640449436,0.1142616766467066,3.769777087398237,2.326897482110282e-48,0.9551066406512817,2.352640341724239e-47,46.628444460220166,6.152622608695652,5.426523606557376,0.7260990021382758,3.0491419378106386e-06,0.7377049180327868,2.757323064286899e-05,4.559512346401555,0.8463824412002631
PPFIA2,-0.027597752808988733,-3.4050892215568855,3.377491468747897,7.528566542078412e-43,0.9273531588508377,5.14141940547325e-42,41.28891696760674,4.165654927536232,3.570149508196721,0.5955054193395108,1.90231045279606e-07,0.7652649085293418,2.977458214967104e-06,5.5261543246013725,0.8463065138403051
RND3,4.411924157303371,0.8095047904191617,3.6024193668842095,1.5681428375184322e-54,0.9843234878557491,6.886310012343874e-53,52.16201342984226,6.85821,6.195561639344263,0.6626483606557363,4.33231188062217e-05,0.7082442385364695,0.00024072009596690352,3.6184876521295233,0.8460801456633454
SRGAP2C,1.9533831460674158,-0.41005389221556876,2.3634370382829846,1.1753885407476996e-48,0.956553185763305,1.2269322185591767e-47,46.91117942905689,8.055148115942028,7.530550983606558,0.5245971323354706,3.90896459756529e-06,0.7350914706581136,3.3981320662798125e-05,4.468759746555258,0.8457935860509507
ADAM12,2.038111797752809,-4.403965868263472,6.4420776660162815,1.4626355143460638e-53,0.9798492901836775,4.049274625042853e-52,51.39262276803372,5.592937101449276,4.690665245901639,0.902271855547637,3.132063924891432e-05,0.7120456165359944,0.00018502857262139193,3.732761201469181,0.845790928910028
FBN1,5.5595297752808985,1.2952203592814373,4.2643094159994615,2.632415638074786e-52,0.9739958285675839,4.952136817407162e-51,50.30520736515431,8.604235652173912,7.412186885245903,1.1920487669280089,1.90615519006279e-05,0.7177476835352816,0.00012379487748969474,3.907297325622734,0.8457670414610204
LAD1,6.985075842696629,4.224332335329342,2.7607435073672875,4.34072255218515e-45,0.9388414182870215,3.3688906707678627e-44,43.47251308277153,6.139428695652174,5.484395737704919,0.6550329579472551,7.70380018090425e-07,0.7517224994060346,9.161659632498675e-06,5.038025846861775,0.8452742146609277
S100A4,8.436721348314606,3.994151497005988,4.442569851308618,1.644100435861839e-53,0.9796138060956738,4.4692829528177445e-52,51.34976214904128,5.585650579710145,5.053736393442623,0.5319141862675218,3.686074993474905e-05,0.7101449275362319,0.00021048403680981595,3.6767808356396863,0.8447015331962081
CRABP2,5.5520960674157305,-0.18854311377245508,5.740639181188185,3.991546835036657e-54,0.9824564354437194,1.4069121849776317e-52,51.851733009011475,4.812795507246376,4.256305081967214,0.5564904252791623,4.6944082454977175e-05,0.7072938940365883,0.00025726643324572833,3.589616874524728,0.8446578067199831
THY1,7.236802808988765,2.1850215568862277,5.051781252102537,8.982321654252724e-55,0.9854336271277669,4.640153305359602e-53,52.33346767061498,6.637191449275363,5.9251154098360646,0.7120760394392986,6.0797098133786424e-05,0.7042052744119743,0.0003175259409843681,3.4982207882738883,0.844551198678803
MSN,6.854093258426967,3.490394011976048,3.363699246450919,2.5410313009476745e-51,0.9693534279755096,3.8364988309488594e-50,49.416064929800676,8.203421739130436,7.424501311475411,0.7789204276550246,1.5773828709707847e-05,0.7198859586600143,0.00010570314763158663,3.975912080065557,0.8445304143576265
LIF,3.9695348314606744,-0.6341999999999999,4.603734831460674,1.5693371769570778e-49,0.9607918993473726,1.8072211748245053e-48,47.7429886935222,4.703005217391304,3.968305573770492,0.7346996436208122,7.765642521864765e-06,0.7277263007840342,5.933389891705916e-05,4.226697112600872,0.8442090068816003
TRIO,4.6279876404494384,3.1336664670658685,1.49432117338357,7.270684425704219e-41,0.9169077575186706,4.5504697045104575e-40,39.34194377267286,7.083147101449274,6.444797868852459,0.6383492325968154,9.824919631878869e-08,0.7714421477785697,1.7315230607618768e-06,5.76157172005738,0.8441734909402224
GLT8D2,3.694602247191011,0.015329940119760492,3.6792723070712503,1.347583448279551e-52,0.9753582722196057,2.7372671977692225e-51,50.56268280695494,5.21871,4.588210655737705,0.6304993442622946,2.8270172982041528e-05,0.7132335471608459,0.00017063617083879802,3.7679289032351355,0.8441518422691414
BAIAP2L1,5.1430365168539325,3.402372455089821,1.7406640617641114,2.3732804029562736e-36,0.8921314674022741,1.2574994508464314e-35,34.90049219592962,7.085067826086957,6.104941147540985,0.9801266785459717,6.406786683319019e-09,0.7956759325255406,2.0181882523847296e-07,6.695038326127495,0.843903529648254
FAS,3.3792730337078654,0.8244137724550898,2.5548592612527754,5.0853420108063495e-51,0.9679237031554867,7.269507572841551e-50,49.13849500669815,5.378868115942029,4.875498852459016,0.5033692634830134,1.6454014927290678e-05,0.7194107864100735,0.00010941810524953305,3.960910810000855,0.8435749323113948
INSIG2,4.271924719101124,2.8821281437125745,1.3897965753885493,9.001703994596097e-43,0.9269494718428312,6.120343798832799e-42,41.21322418149132,7.50435304347826,6.919832295081967,0.5845207483962929,3.3725644270905425e-07,0.759800427655025,4.750803255992402e-06,5.323232954553658,0.8433709430404707
SLC20A1,5.10198202247191,3.183007784431138,1.918974238040772,1.1315743937523352e-36,0.8939480589383032,6.064845339469858e-36,35.21718026966488,7.666921739130435,6.90059213114754,0.766329607982895,9.97605579603961e-09,0.7918745545260157,2.8548074976849833e-07,6.544423171310184,0.8429110660972076
TGFBR1,4.017824719101124,1.255708383233533,2.7621163358675904,4.885113643460244e-52,0.9727343066675637,8.640544756870306e-51,50.06345887587242,7.105710434782609,6.578909508196721,0.5268009265858886,3.068656409650143e-05,0.7122832026609646,0.00018208939235310533,3.7397153533632124,0.8423553427570751
CDCA7,2.790678651685393,-0.8976293413173653,3.6883079930027582,1.301798466750501e-44,0.9364192962389827,9.779514744897551e-44,43.00968269417372,4.161659710144926,3.63656393442623,0.5250957757186963,1.1812762593075619e-06,0.7474459491565693,1.2890926903943895e-05,4.889715854190788,0.8419217694058787
COL6A3,7.140733146067415,3.7678820359281424,3.3728511101392726,1.6997283723351885e-43,0.9307003969588912,1.1992266383206996e-42,41.921098733105744,9.290207826086956,8.02438475409836,1.2658230719885957,7.169290851063794e-07,0.7524352577809456,8.597561444474165e-06,5.06562471170825,0.8415605919388128
ATP2B4,4.961012921348315,2.3847353293413174,2.576277592006998,4.493343434517588e-47,0.9487822108591805,4.055223412994528e-46,45.39198521436086,7.294134347826087,6.724193770491804,0.5699405773342825,4.181128810976349e-06,0.7343787122832026,3.5910313270055784e-05,4.444780806211629,0.8415502401531745
KRT6B,2.3912039325842698,-2.7407035928143713,5.131907525398641,7.472688286282146e-43,0.9273699791428379,5.1050443440080975e-42,41.292000481143305,4.792884927536233,3.9764145901639347,0.8164703373722979,5.238425901997765e-07,0.7555238774055595,6.691202638420261e-06,5.174495817614943,0.8414412979822922
SDC4,7.404820786516853,4.646735928143712,2.7580848583731417,5.834256862769471e-50,0.9628607952634057,7.093744318760863e-49,48.14912446894448,7.602223188405797,7.027658196721311,0.5745649916844862,1.5443870362743338e-05,0.7201235447849845,0.00010397971688520868,3.983051369392909,0.8414046719065948
OLR1,3.2031921348314603,-1.1966281437125745,4.399820278544035,1.4480300226486852e-44,0.9361838121509789,1.084328860498308e-43,42.96483898289023,5.822258260869565,4.577989344262296,1.2442689166072691,1.2977902821422492e-06,0.7464956046566881,1.3801009576656785e-05,4.860089142762985,0.8413280970664605
FAM177B,1.6082758426966293,-4.757423353293413,6.365699195990043,3.981800203802607e-51,0.9684283119154948,5.81835464552159e-50,49.235199810779065,3.6336482608695655,3.094788196721311,0.5388600641482544,2.5503530013135525e-05,0.7144214777856974,0.00015687180530527363,3.8044551054930924,0.8412928990083121
TMEM45A,4.606038202247191,2.6180592814371257,1.9879789208100656,9.307741552999077e-41,0.9163358675906614,5.798137047173956e-40,39.236711523695064,6.0940820289855075,5.337738032786885,0.7563439961986225,1.7639561040534532e-07,0.7659776669042527,2.7959123573202234e-06,5.553476446420194,0.8411544154468572
TMPRSS3,4.437405617977528,1.2827245508982035,3.1546810670793244,5.013033906998014e-47,0.9485467267711767,4.5055007564567454e-46,45.34625693305784,4.783998695652173,4.063976065573771,0.7200226300784021,4.4713995225574585e-06,0.7336659539082918,3.801164668496254e-05,4.420083316119017,0.8410743685027009
SFTA2,5.167004494382023,0.42037784431137726,4.746626650070645,7.318454521829764e-44,0.9325842696629214,5.2623344095165014e-43,42.27882155693579,4.376904782608696,3.7841834426229504,0.5927213399857454,9.777036206383164e-07,0.7493466381563316,1.1124576520835177e-05,4.953716512316917,0.8409560985250831
PDGFRB,5.792010112359551,2.9355287425149705,2.856481369844581,3.6258349242868034e-48,0.9541647042992666,3.599475270287159e-47,46.443760805851774,7.463161014492754,6.607449016393443,0.8557119980993111,7.765642521864765e-06,0.7277263007840342,5.933389891705916e-05,4.226697112600872,0.8408956059662077
PRRX1,3.872275842696628,-0.03877005988023952,3.9110459025768676,1.1475314335821202e-47,0.9517089416672274,1.086880176405403e-46,45.96381833226545,6.238902318840581,5.6395260655737705,0.5993762532668105,6.236852163014457e-06,0.7301021620337372,4.956525777384909e-05,4.30482263084611,0.8408638721500413
RASGRF2,1.5841483146067417,-1.1512299401197605,2.735378254726502,4.20280295574532e-49,0.9587230034313395,4.628772324694803e-48,47.33453418032335,4.777151739130434,4.13808213114754,0.6390696079828944,1.2222703940109843e-05,0.7227369921596579,8.62705528983829e-05,4.064137418608146,0.8406574675537507
CXCL10,2.5557629213483146,-3.341564670658682,5.897327592006997,2.7127355926796504e-51,0.9692188656395075,4.073692995507988e-50,49.390011703706186,4.139398260869564,3.3260101639344257,0.8133880969351384,3.262632912956355e-05,0.7115704442860536,0.00019110525961307752,3.718727360095678,0.8402340511240665
TUFT1,4.063999438202247,2.5087826347305393,1.5552168034717075,6.004999764857634e-37,0.8954955258023279,3.2499897563296845e-36,35.488118007875435,5.501064637681159,4.861948032786884,0.6391166048942747,2.4444110994810265e-08,0.7840342124019958,5.712097572770908e-07,6.243204382647487,0.8397643894202748
ST14,6.7647943820224725,4.2558550898203595,2.508939292202113,8.519553477624043e-50,0.9620702415393931,1.0137801386810766e-48,47.99405622144336,6.704309710144929,6.202300163934426,0.5020095462105028,2.1605528149048232e-05,0.7163221667854598,0.00013693769948206963,3.8634769724423745,0.8390812865648144
DSC2,3.3957882022471915,1.2590179640718562,2.1367702381753353,3.2540120766337293e-49,0.9592612527753481,3.630919646881533e-48,47.43998336202131,6.737988695652173,6.159018032786885,0.578970662865288,1.7162099623848653e-05,0.7189356141601331,0.00011326079801248584,3.945920382748355,0.839003396509555
ITGA6,5.767726966292136,3.9709556886227544,1.7967712776693814,2.0408693931491497e-39,0.909119962322546,1.2062977491683011e-38,37.91854548252701,8.216017971014493,7.629787704918033,0.58623026609646,1.3016324816837112e-07,0.7688287004038964,2.1751507544794717e-06,5.662510637757777,0.8389725064675713
CLEC2B,3.2728893258426965,-0.0609508982035928,3.3338402240462894,2.5051987882803517e-52,0.9740967503195854,4.74788256927374e-51,50.32350003111321,4.2721568115942015,3.7330965573770487,0.5390602542171528,6.0797098133786424e-05,0.7042052744119743,0.0003175259409843681,3.4982207882738883,0.8388845601509506
RASA2,2.32389606741573,0.8778095808383234,1.4460864865774066,1.397663721920237e-39,0.9100114377985601,8.317405373202906e-39,38.080012131382446,5.633719130434783,5.082252950819673,0.5514661796151099,1.677179472691578e-07,0.7664528391541934,2.683889679379971e-06,5.571235339703196,0.8382298887537913
IFIH1,3.333979213483146,1.5136173652694607,1.8203618482136854,7.028105839196148e-46,0.9428278274910851,5.775192427632901e-45,44.238433540636365,4.983867971014494,4.463801147540983,0.5200668234735106,4.572375887632146e-06,0.7334283677833215,3.873834598911725e-05,4.411858926289453,0.8380956299409739
MOXD1,3.798280898876404,-0.6748574850299399,4.473138383906344,4.177501923161081e-52,0.9730538922155688,7.509120594068711e-51,50.124410920986,7.0060694202898555,6.073132950819672,0.9329364694701834,6.578559596128586e-05,0.7032549299120932,0.0003390644875067254,3.469717694408025,0.8378702226679922
NDRG1,7.130906741573033,4.829731137724551,2.301175603848482,8.413823191643373e-49,0.9572596380273162,8.945375252080951e-48,47.0484014363722,7.532672898550724,6.995757049180326,0.5369158493703985,1.90615519006279e-05,0.7177476835352815,0.00012379487748969474,3.907297325622734,0.8373999821182153
NRG3,0.4031410112359551,-5.701871856287425,6.10501286752338,2.1932403922364562e-51,0.9696561932315144,3.3520014458023437e-50,49.47469580271961,3.759227246376812,3.225826065573771,0.533401180803041,6.0797098133786424e-05,0.7042052744119742,0.0003175259409843681,3.4982207882738883,0.8366649866029489
POF1B,3.2253398876404495,0.44367425149700607,2.7816656361434435,1.3349398781681171e-42,0.9260579963668168,8.988748621030629e-42,41.046300764864,5.01924695652174,4.20502081967213,0.8142261368496095,1.238215540562734e-06,0.7469707769066287,1.3287567305727666e-05,4.876554522624275,0.8365032713955083
SFRP2,8.061407303370787,2.583346107784431,5.478061195586356,6.019811104424775e-49,0.9579660902913274,6.502794658091605e-48,47.186899959703574,8.414402318840581,7.562949180327868,0.8514531385127135,2.5503530013135525e-05,0.7144214777856974,0.00015687180530527363,3.8044551054930924,0.8360626088100251
ASAP1,3.5179719101123594,1.4933880239520958,2.0245838861602636,9.060892943657325e-48,0.9522135504272355,8.664645274769666e-47,46.0622492123342,6.602772608695653,6.07809786885246,0.524674739843193,1.6110500524955263e-05,0.719648372535044,0.0001075269743078679,3.968482574599112,0.8358410763541214
PYGL,4.003502247191012,1.3617964071856288,2.641705840005383,5.1317037264413776e-49,0.958302496131333,5.589816586066611e-48,47.25260244201805,6.362863043478259,5.734935901639344,0.6279271418389154,2.8856720618121547e-05,0.7129959610358755,0.00017328759607453776,3.761232522970888,0.8355044209376215
MUC4,2.9711949438202243,-1.356388622754491,4.327583566574715,2.945139877481054e-38,0.9027787122384444,1.668399953222296e-37,36.77769983100272,4.495454492753623,3.6965842622950817,0.7988702304585416,1.5945371501889266e-07,0.7669280114041339,2.5742959334325344e-06,5.589341529355017,0.8348512126616748
GDA,3.1080943820224722,-1.2573586826347305,4.365453064657203,3.184331006932932e-50,0.964122317163426,3.9970279562275145e-49,48.398262814163495,5.266634637681159,4.594448688524589,0.67218594915657,5.506429899631538e-05,0.7053932050368259,0.00029309504332711457,3.5329915260647544,0.8345130977379688
IFITM1,7.699142134831461,4.715146107784431,2.98399602704703,3.323541057789824e-48,0.9543497275112697,3.3134165879235137e-47,46.47972395788125,6.722265507246377,6.141680000000001,0.5805855072463757,2.447066230373628e-05,0.714896650035638,0.0001515907891178807,3.8193271862818383,0.8344966675856517
RNF213,5.547874719101124,4.027618562874252,1.5202561562268722,6.173927996649215e-40,0.9119289510865909,3.726685996617287e-39,38.428677198521015,7.211856231884059,6.655570819672132,0.5562854122119267,4.5267164728529545e-07,0.7569493941553814,5.941463884939478e-06,5.226106538381677,0.8344342148307778
RBMS1,4.532556741573034,2.025862275449102,2.506694466123932,1.1475314335821202e-47,0.9517089416672274,1.086880176405403e-46,45.96381833226545,6.501883333333334,5.971522868852459,0.530360464480875,1.987604669016186e-05,0.717272511285341,0.000128045269546959,3.8926364613002042,0.8343838738862781
DST,5.987850000000001,4.349158083832335,1.6386919161676659,1.0277836472206388e-47,0.9519444257552311,9.777296823292017e-47,46.00978120012039,7.418157391304348,6.905159672131148,0.5129977191731996,2.0295619172430983e-05,0.7170349251603707,0.00013020310144520108,3.8853786707256264,0.8343810223139323
MARCO,3.1587702247191016,-2.3971467065868266,5.555916931305928,7.429648114273326e-44,0.9325506290789208,5.339011484080541e-43,42.272539144984485,4.816591739130436,4.2489095081967205,0.5676822309337153,3.572387755685187e-06,0.7360418151579948,3.149337694004883e-05,4.5017807687760545,0.8342699473130549
GBP1P1,-0.8780477528089888,-4.121581437125749,3.24353368431676,5.3028703007249766e-43,0.9281437125748503,3.6486662565981896e-42,41.43786585972292,6.87954768115942,6.008488360655738,0.8710593205036821,2.372420849164548e-06,0.7403183654074602,2.250143871305759e-05,4.647789712770137,0.8342122675925588
TM4SF1,8.322859550561798,5.1053976047904195,3.2174619457713787,2.915253002783019e-45,0.9397160734710354,2.291712777187762e-44,43.63983981388569,8.707313623188407,8.195600163934426,0.5117134592539809,8.111679620782383e-06,0.7272511285340935,6.146133615701137e-05,4.211398002502854,0.8334323739867817
BNC2,0.4882707865168539,-2.7035556886227545,3.1918264751396084,4.1460168690463824e-45,0.938942340039023,3.224184444518865e-44,43.491580121660526,4.8737153623188405,4.315846393442622,0.5578689688762184,7.597961275718414e-06,0.7279638869090045,5.8297667586572856e-05,4.234348820447575,0.8334045251014555
DGKA,5.3706679775280906,3.863464071856287,1.5072039056718034,6.044860246133526e-35,0.8840913678261454,3.07577484651045e-34,33.51204545901916,6.121683043478262,5.589500983606557,0.5321820598717046,3.192573142734672e-08,0.7816583511522928,7.072097516514025e-07,6.150451759506303,0.8328742704719965
AGR3,5.45884213483146,0.6080952095808384,4.850746925250622,1.790925453530757e-48,0.9556617102872905,1.829367114093902e-47,46.73769913234397,3.178291594202898,2.5532393442622947,0.6250522499406035,3.6120528017100156e-05,0.7103825136612022,0.00020726302981240806,3.6834781575315954,0.8328494572874178
TRIM22,4.6842938202247195,2.3903497005988026,2.293944119625917,6.332386376032326e-41,0.9172273430666756,3.97213327223846e-40,39.40097618856871,5.858271884057972,5.2815919672131155,0.5766799168448564,1.1537597842874661e-06,0.7476835352815395,1.2673617224108833e-05,4.897099413824927,0.8324448889525153
ROBO1,2.90127191011236,-0.49515449101796394,3.396426401130324,4.768794300291766e-50,0.9632813025634125,5.8639953590552465e-49,48.23180638208069,5.944303333333333,5.439971967213114,0.5043313661202191,7.256681576475175e-05,0.7020669992872416,0.0003672031408404577,3.43509361275444,0.8323683903618105
MMP2,7.758592696629214,3.931725149700599,3.826867546928615,1.748776704826813e-48,0.9557121711632913,1.7878723934635172e-47,46.74766348150896,7.720158985507246,6.816715409836066,0.9034435756711803,4.1613571796887e-05,0.7087194107864101,0.00023264289453692863,3.633310207306633,0.832022181884359
LOX,3.5812477528089888,0.15179640718562876,3.42945134562336,1.3389608193560174e-46,0.9464273699791429,1.1598057631035762e-45,44.935614737562396,6.335026956521739,5.461432950819672,0.873594005702067,2.447066230373628e-05,0.7148966500356378,0.0001515907891178807,3.8193271862818383,0.8305360892978031
EHF,4.4940039325842704,2.503201197604791,1.9908027349794795,6.367763993923326e-38,0.9009284801184149,3.5628460604395642e-37,36.44820294176516,6.017307826086956,5.3424870491803285,0.6748207769066275,3.2904011783029673e-07,0.7600380137799952,4.664627552770677e-06,5.331183026780045,0.8304793730541692
ITGA5,5.770105617977528,3.008762874251497,2.761342743726031,2.049591220611105e-48,0.9553757653232859,2.0801646447439213e-47,46.681902289328626,6.574819565217392,5.986990655737705,0.5878289094796871,5.3980949839345775e-05,0.7056307911617961,0.000287864819951062,3.5408114071423555,0.830264205565881
SLC39A10,3.0167112359550563,1.7110532934131737,1.3056579425418826,8.024229055086099e-34,0.8775482742380407,3.960129421027791e-33,32.40229062066041,6.017828985507246,5.285997377049181,0.7318316084580649,2.8698851996282866e-08,0.782608695652174,6.493926883276541e-07,6.18749260551111,0.8300779458982085
POC1B-GALNT4,-0.7134814606741573,-4.388819161676647,3.6753377010024897,5.855022055199802e-38,0.901130323622418,3.281916056029658e-37,36.48387253140887,5.915980144927536,5.209641639344262,0.7063385055832736,3.7214684530251316e-07,0.7588500831551437,5.1480313600180985e-06,5.288358816188527,0.8299859305731853
FUT2,4.464029775280898,1.7442676646706585,2.7197621106102394,1.372978540253792e-44,0.9363015541949808,1.0298393836953572e-43,42.987230503658026,4.250158985507246,3.6800167213114756,0.5701422641957707,1.1462275717298974e-05,0.7234497505345687,8.165238645766787e-05,4.088031117599077,0.8298078910372961
SAMD12,1.7413483146067414,-0.4809724550898204,2.222320769696562,5.426197237764937e-48,0.9533068694072528,5.292575097993803e-47,46.27633297092538,4.807437391304349,4.264622622950819,0.54281476835353,5.3980949839345775e-05,0.7056307911617961,0.000287864819951062,3.5408114071423555,0.8292300553890396
CTSV,1.9125056179775284,-0.7806940119760479,2.6931996299535763,5.937535218512479e-38,0.9010966830384176,3.326893836783162e-37,36.477961057512566,3.801415652173913,3.2684880327868853,0.5329276193870278,4.4175522540869276e-07,0.7571869802803517,5.8287795342019e-06,5.234422370978426,0.8291369987744452
BIRC3,4.655371348314607,1.2952850299401197,3.3600863183744876,1.1412978838760857e-43,0.9315918724349056,8.122751954239457e-43,42.09029680868242,7.004857246376813,6.15925475409836,0.8456024922784522,8.658502431640386e-06,0.7265383701591828,6.481887130991865e-05,4.188298535601585,0.8290113822316392
HKDC1,3.609223595505618,1.1860377245508982,2.42318587095472,2.1877669474258385e-40,0.9143510731346296,1.3428497018771276e-39,38.87197259291441,4.6152365217391305,3.9270383606557377,0.6881981610833927,1.7174642348118221e-06,0.7436445711570444,1.7228905260251192e-05,4.763742317127516,0.8289835394208983
EFNA1,6.592875842696629,4.592785628742515,2.000090213954114,1.143932503150439e-39,0.9104824059745678,6.82827694793722e-39,38.16568887265957,5.503174057971014,4.993965081967214,0.5092089760038006,1.2094235662058863e-06,0.747208363031599,1.3083882960960704e-05,4.883263349416842,0.8288345399870799
TRPS1,1.064308988764045,-1.4475982035928143,2.511907192356859,3.0001562970693573e-44,0.9345690641189531,2.2043416033942058e-43,42.65672110266362,5.510785507246377,4.894215409836066,0.6165700974103103,1.1964031486870143e-05,0.7229745782846282,8.474381084697714e-05,4.071892010094287,0.8287015879193395
HIST2H2AA4,3.438038202247191,-0.5435640718562873,3.9816022741034782,2.6649766390820855e-24,0.8167765592410685,1.0503733868940837e-23,22.97865629041388,6.066530000000001,5.264214180327867,0.8023158196721338,2.5785003169409656e-11,0.8396293656450463,3.088487535315577e-09,8.510254147071823,0.8282029598851628
FIBIN,2.9801325842696627,0.2936359281437126,2.68649665612595,6.129734657024979e-40,0.911945771378591,3.7003914462405224e-39,38.43175233162219,4.2371556521739135,3.7291780327868853,0.5079776193870282,1.6780218299833383e-06,0.7438821572820147,1.692661153058836e-05,4.77142997283341,0.8278999505522479
ITGB8,2.893443258426966,0.9044419161676648,1.9890013422593014,6.835786412047857e-39,0.9062605126825002,3.9616858310662393e-38,37.40211996777885,7.235424057971016,6.568692295081967,0.6667317628890483,9.777036206383164e-07,0.7493466381563316,1.1124576520835177e-05,4.953716512316917,0.827794366455197
KITLG,3.1450966292134828,0.43366706586826353,2.7114295633452192,1.2623359726552698e-45,0.9415494852990648,1.0162004069550414e-44,43.99302063550495,5.266482898550725,4.703398852459016,0.563084046091709,2.657777938254102e-05,0.7139463055357568,0.00016213337023146326,3.790127589618723,0.8276136898614248
ENC1,4.865745505617977,2.7350257485029936,2.1307197571149836,3.915304447339422e-41,0.9183374823386935,2.4798621454167013e-40,39.60557246076607,6.16667,5.643844262295082,0.5228257377049177,3.492690093936618e-06,0.736279401282965,3.096820919725805e-05,4.509083907921731,0.8272828215499326
IRAK3,1.7568865168539325,-0.5807329341317365,2.337619450985669,4.060720287311625e-41,0.9182533808786921,2.5702977325878154e-40,39.59001656689023,6.0358539130434785,5.211699180327869,0.8241547327156091,3.822078493445407e-06,0.7353290567830838,3.331286976226078e-05,4.477387953071957,0.8267636760426944
LGALS4,8.241470786516855,3.9564167664670657,4.285054020049789,2.473114082421887e-43,0.9298593823588778,1.7290547328124663e-42,41.76219125902092,7.50170536231884,6.600096229508194,0.9016091328106457,1.1710588856594099e-05,0.7232121644095985,8.330259918152624e-05,4.079341447661835,0.8264669208059987
MFAP5,4.3531196629213476,-0.0849700598802395,4.438089722801587,1.0684249259315897e-46,0.9469151584471507,9.333343362063594e-46,45.02996275672531,6.829183333333333,5.772907377049179,1.0562759562841544,5.0850782355866665e-05,0.706343549536707,0.0002741693260011862,3.5619811355917315,0.826402717579092
DUOX2,4.345656179775282,-2.725129341317365,7.070785521092647,1.7002067289798788e-47,0.9508679270672139,1.5875009625497334e-46,45.79928600271006,5.715634927536231,4.684541967213114,1.0310929603231163,7.400013270628336e-05,0.7018294131622713,0.00037304048753119607,3.4282440299683996,0.8260404086039723
AIM1,2.6421488764044945,0.33842335329341316,2.303725523111081,2.1129021447825593e-43,0.9302126084908835,1.4834122788052147e-42,41.82873813047774,6.089935652173913,5.551250491803279,0.5386851603706342,1.4493019000906403e-05,0.7208363031598954,9.880840459275077e-05,4.005206112972965,0.825442887070957
MACC1,2.465530337078652,0.1434185628742515,2.3221117742044,1.9843266713059755e-41,0.9199017694947185,1.2705633482541845e-40,39.8960036768463,7.178239565217392,6.339864918032788,0.8383746471846036,5.709870531571174e-06,0.7310525065336184,4.625943306724107e-05,4.334799694031408,0.8254389519097539
BTN3A3,3.5353859550561793,1.2630095808383233,2.272376374217856,6.238620423727798e-47,0.9480757585951692,5.563474243300322e-46,45.25465391822386,4.726671304347827,4.22660475409836,0.5000665502494668,6.578559596128586e-05,0.7032549299120932,0.0003390644875067254,3.469717694408025,0.8253853904568298
TFPI,5.221713483146067,2.4502664670658687,2.7714470160801987,1.3834583892865045e-44,0.9362847339029805,1.0373016242517948e-43,42.98409494206681,6.253885072463769,5.661199672131147,0.5926854003326216,3.132063924891432e-05,0.7120456165359943,0.00018502857262139193,3.732761201469181,0.8240126811135123
GLI3,0.7138348314606742,-1.8005640718562876,2.5143989033169616,7.0402635309407034e-43,0.9275045414788401,4.816931533590719e-42,41.317229526572234,4.595370144927537,4.062888524590164,0.5324816203373723,1.5773828709707847e-05,0.7198859586600144,0.00010570314763158663,3.975912080065557,0.8236081828888057
ARHGAP11A,1.5013926966292133,-0.3270946107784431,1.8284873074076564,1.8442146446915581e-41,0.9200699724147211,1.181495386052889e-40,39.927567970024576,3.8488331884057976,3.343564754098361,0.5052684343074367,9.859654092375127e-06,0.7251128534093609,7.2163432422166e-05,4.141682817947353,0.8225320518922044
TFRC,4.502177528089888,2.6496820359281434,1.8524954921617445,5.042138189911335e-46,0.9435511000470967,4.187319213257668e-45,44.378063930135276,7.277514057971014,6.71574868852459,0.561765369446424,7.256681576475175e-05,0.7020669992872417,0.0003672031408404577,3.43509361275444,0.8225069115998194
ISM1,2.590951685393259,-0.021491017964071806,2.6124427033573308,2.1408992575878243e-37,0.898001749310368,1.1758486724990843e-36,35.92964856680362,4.958514782608695,4.381896229508197,0.5766185531004986,1.3923501850355013e-06,0.7457828462817772,1.4536106863917083e-05,4.837551892920791,0.8218803506818011
DENND3,3.9028134831460672,2.278530538922156,1.624282944223911,2.320453844125376e-39,0.9088171970665411,1.3674128019586425e-38,37.86410035847579,5.803954782608696,5.240987213114754,0.5629675694939422,4.4713995225574585e-06,0.7336659539082917,3.801164668496254e-05,4.420083316119017,0.821210358742806
TFF2,6.43162808988764,-1.0895508982035926,7.521178988091233,5.983450525603823e-45,0.9381349660230102,4.598143975343008e-44,43.33741743438947,5.478503043478263,4.5517024590163935,0.9268005844618692,5.843927221582187e-05,0.7046804466619149,0.00030770222746330213,3.5118693598737005,0.8211549573615654
ANXA10,5.114955056179776,2.302891616766467,2.8120634394133086,5.173538398990102e-24,0.8147581242010361,2.0279093539728285e-23,22.692951461542467,5.464094347826087,3.527790491803279,1.9363038560228083,1.3079656393967244e-10,0.8272748871465907,9.91031692608056e-09,8.003912456811685,0.8210164975372797
PDLIM3,5.102857865168539,2.4582724550898205,2.6445854100787183,6.632738873874633e-43,0.9276391038148422,4.542879410387582e-42,41.342668791272175,6.125937101449276,5.4698388524590165,0.6560982489902596,2.7130907786193532e-05,0.7137087194107864,0.0001649041472036552,3.78276842206916,0.8205385790812876
MUC1,9.23211011235955,6.4400113772455105,2.792098735114039,2.8940394814139697e-39,0.9082957680145327,1.6997766879959068e-38,37.76960813129322,8.175709999999999,7.28334868852459,0.8923613114754083,5.584942947238443e-06,0.7312900926585887,4.543131914339592e-05,4.342644652831416,0.8197556860623112
KNTC1,2.754567415730337,1.601629341317365,1.152938074412972,4.532811777052695e-28,0.8421079189934737,1.9348342080408327e-27,26.71335624285065,4.676428695652173,4.118270819672132,0.558157875980041,5.269378638033483e-09,0.7973390354003327,1.7028009837897217e-07,6.768836107582096,0.8197233376143088
CP,4.313079775280899,0.5600395209580838,3.753040254322815,3.0762699427999795e-34,0.8799872165780799,1.5322759078238723e-33,32.81466302683353,5.999462463768117,4.3312440983606555,1.6682183654074612,3.5428731444415144e-07,0.7593252554050843,4.945435555356846e-06,5.305795453114737,0.8196521824344895
HILPDA,3.6089938202247196,1.746583832335329,1.8624099878893905,3.676417519505566e-37,0.8966897665343471,2.0056641340115064e-36,35.69774179163362,5.149654927536232,4.3886731147540985,0.7609818127821333,2.3186183099360654e-06,0.7405559515324305,2.211698715004822e-05,4.655274034384812,0.8186047535621348
BTN3A2,4.241798314606742,2.1751329341317365,2.0666653804750053,1.8890959047911767e-44,0.9355951019309695,1.404023435658106e-43,42.85262564299535,5.316067971014492,4.7544355737704915,0.5616323972440007,7.846243308949375e-05,0.7011166547873604,0.00039256729592024596,3.406085883526074,0.818034618604897
MRC1,3.0518544943820225,-0.24222155688622754,3.29407605126825,2.760395146417612e-42,0.9244096077507905,1.8348656311391144e-41,40.736395734023056,7.183684492753623,6.236253606557377,0.9474308861962459,3.468221615205747e-05,0.7108576859111428,0.00020067930855933053,3.6974974040035877,0.8174695646760657
HMGCS1,4.690029775280899,3.3185227544910174,1.3715070207898816,1.4696588620609204e-33,0.876000807374016,7.196696965509553e-33,32.142866783956634,6.872772173913044,6.2975736065573775,0.5751985673556668,4.2067921494513364e-07,0.7576621525302922,5.628659756887965e-06,5.249595002924816,0.8168268822856748
FCGR3B,0.5430612359550561,-2.9329281437125747,3.475989379667631,4.292797950008109e-35,0.8849492027181594,2.1940010182291485e-34,33.65876317520652,6.108842028985508,5.193754918032787,0.9150871109527214,1.6780218299833383e-06,0.7438821572820148,1.692661153058836e-05,4.77142997283341,0.8144018947022472
GXYLT2,1.555614606741573,-0.7003862275449101,2.2560008342864832,2.9286920330653846e-42,0.9242750454147884,1.9434266876869426e-41,40.71143183771012,6.277655942028986,5.612083770491802,0.6655721715371836,5.7293090862074126e-05,0.7049180327868854,0.00030302318786728415,3.518524137248527,0.814349697460733
DSG3,-0.7808073033707865,-5.35496886227545,4.574161558904663,2.3432026062365547e-34,0.8806768485500908,1.1714213336400719e-33,32.93128687097069,4.155285217391304,3.1124104918032782,1.042874725588026,1.2977902821422492e-06,0.7464956046566881,1.3801009576656785e-05,4.860089142762985,0.8135749982920846
GALNT3,5.176656741573034,3.280719161676647,1.8959375798963864,6.05975363626668e-39,0.9065464576465047,3.518897975477184e-38,37.45359332461965,5.594712028985507,5.032775245901638,0.5619367830838691,1.5773828709707847e-05,0.7198859586600143,0.00010570314763158663,3.975912080065557,0.8131302486403527
IGF2BP3,0.7687258426966294,-2.5442850299401196,3.313010872636749,1.225723245425085e-27,0.8392989302294288,5.170970289517997e-27,26.286427957516164,3.689572463768116,2.689195081967213,1.0003773818009032,2.3167042814496938e-08,0.7845093846519362,5.484146241637659e-07,6.260890972721066,0.8119037121805691
SCNN1A,6.0207151685393265,4.261526946107784,1.7591882224315425,9.47933703699618e-29,0.8464811949135436,4.11218189398899e-28,27.38592768345622,6.170943623188404,5.302311967213113,0.8686316559752916,5.411493872223648e-08,0.7769066286528866,1.0857182740831457e-06,5.964282852356644,0.8116930305123021
ARRDC3,4.52979775280899,2.6512808383233533,1.8785169144856364,5.043502079425663e-35,0.8845455157101528,2.5720675138402956e-34,33.58971763586311,8.681065652173912,8.14385081967213,0.5372148325017818,3.2636968766681242e-06,0.7369921596578761,2.9183606894945233e-05,4.534861033286776,0.8107451765249729
SRGAP2D,-0.7270837078651686,-5.389419760479043,4.662336052613874,2.0923577529373704e-29,0.8506526273296103,9.211122681658082e-29,28.03568743334992,7.591747391304346,6.878766229508196,0.7129811617961499,1.5158390164729607e-07,0.7674031836540746,2.4711758636111355e-06,5.607096346512889,0.8090259062416094
DUSP10,3.3840567415730334,1.7740047904191618,1.6100519511538716,4.634044729544403e-36,0.8904830787862477,2.4353366313935646e-35,34.61344099869907,5.149441884057972,4.591391967213116,0.5580499168448565,8.658502431640386e-06,0.7265383701591827,6.481887130991865e-05,4.188298535601585,0.8084583177201129
PLOD2,4.505383707865168,2.71838622754491,1.7869974803202582,6.335240102232553e-35,0.8839736257821436,3.221288954334565e-34,33.49197031658221,7.506287971014494,6.890494426229508,0.615793544784986,5.584942947238443e-06,0.7312900926585887,4.543131914339592e-05,4.342644652831416,0.8075951674396196
LY75-CD302,-4.613747752808989,-9.001175449101794,4.3874276962928045,2.992826961025366e-30,0.8559510193096952,1.3439846393547488e-29,28.87160569488457,6.193958623188406,5.6518756557377055,0.5420829674507006,6.205429305767179e-07,0.7538607745307674,7.643300640594882e-06,5.116719057596301,0.8048997447824737
OSMR,4.344225280898876,2.295154491017964,2.049070789880912,2.2713434816744794e-39,0.908867657942542,1.3388767609174147e-38,37.873259396488145,7.747187246376812,7.0760360655737715,0.6711511808030401,8.317829740419679e-05,0.7004038964124496,0.00041244806221520786,3.384630732480082,0.80430390671041
ERV3-1,2.841579775280899,1.4692395209580837,1.3723402543228151,3.215051240584318e-32,0.8680111686738883,1.51582226740177e-31,30.8193517174452,6.580903333333333,5.9914168852459015,0.5894864480874311,2.372420849164548e-06,0.7403183654074601,2.250143871305759e-05,4.647789712770137,0.8041466721764534
GRHL1,1.671338202247191,-0.2401497005988024,1.9114879028459935,8.417897688173675e-37,0.8946713314943147,4.5353523817796564e-36,35.34338896405769,4.393084782608695,3.853101475409836,0.5399833071988591,2.8856720618121547e-05,0.7129959610358755,0.00017328759607453776,3.761232522970888,0.8036943518648899
PTPN22,1.0954286516853933,-0.8473586826347305,1.9427873343201236,2.4768213413633703e-37,0.8976485231783624,1.3575474457186339e-36,35.86724498306235,4.063445217391305,3.5532081967213114,0.5102370206699933,3.761535906888985e-05,0.7099073414112615,0.00021393802316036498,3.6697120215004873,0.8036059736329169
SERPINB3,0.09786011235955067,-4.902318562874252,5.000178675233803,4.183287402001729e-32,0.8673215367018773,1.9670987260929787e-31,30.706173842865905,3.5268707246376807,2.424037049180328,1.1028336754573527,2.5411159076313224e-06,0.7396056070325493,2.377452829763767e-05,4.623888090994767,0.8034444698997878
LAMB1,6.6929365168539325,5.175789221556887,1.517147295297046,1.8566393267403047e-34,0.8812655587701003,9.303206603350764e-34,33.031367334229635,8.112101884057973,7.553094754098361,0.5590071299596113,9.442601990284907e-06,0.7255880256593015,6.964615324914049e-05,4.157102865870416,0.8033708366292059
KRT6A,2.6678668539325843,-0.7551646706586826,3.423031524591267,8.381525923191276e-26,0.8271042185292337,3.4026207214585456e-25,24.468186457532937,4.6930882608695645,3.6745244262295085,1.018563834640056,4.160910466800842e-08,0.7792824899025897,8.761125480780762e-07,6.057440099460287,0.8031926505281356
ALOX5,5.391631460674157,3.641209580838324,1.7504218798358329,7.0793595521829694e-34,0.8778678597860459,3.497646638495661e-33,32.456224068700465,6.584114927536232,6.0736263934426225,0.5104885340936098,1.0294265757860095e-05,0.7246376811594203,7.463435953406144e-05,4.127061189676815,0.8011929694853839
SERPINB2,1.4222870786516852,-2.3753119760479042,3.7975990546995897,2.277808717750845e-36,0.8922323891542756,1.2082244883607593e-35,34.91785236621277,4.538844927536231,3.9016803278688523,0.6371645996673787,5.9607146418015625e-05,0.7044428605369446,0.00031253518998678023,3.5051010760586,0.7980881162443554
ANKRD22,3.5158325842696634,1.5526904191616768,1.9631421651079866,4.433302191785868e-24,0.8152290923770437,1.7401988454637357e-23,22.75940112381303,5.632756231884057,4.493281803278687,1.1394744286053706,1.1457740103765544e-07,0.7700166310287481,1.9639175260978766e-06,5.706876754182808,0.7926213050569663
USP41,1.5222887640449438,-2.3858694610778444,3.908158225122788,4.845273264894217e-25,0.8219067483011504,1.9384071100919764e-24,23.712555005872176,4.930018985507246,4.3635406557377046,0.5664783297695415,2.5682146213529234e-07,0.7624138750296983,3.802516437522023e-06,5.419928899902267,0.7921572994628181
CLEC7A,2.4681252808988767,0.3863413173652695,2.0817839635336073,4.352394908392404e-33,0.8732086389019713,2.1066483196607077e-32,31.676407958733865,4.9095817391304335,4.297184754098361,0.6123969850320723,4.1613571796887e-05,0.7087194107864101,0.00023264289453692863,3.633310207306633,0.7907800126839764
HLA-J,1.3153196629213484,-0.24371197604790423,1.5590316389692527,6.602244752378579e-25,0.8209816322411356,2.635184982210871e-24,23.579188893190082,8.404855507246376,7.8471312295081965,0.5577242777381795,6.205429305767179e-07,0.7538607745307674,7.643300640594882e-06,5.116719057596301,0.7874151848889632
CYP2C19,-4.352610674157303,-8.392400598802393,4.03978992464509,1.967914613495711e-23,0.8106539729529705,7.627524545004118e-23,22.117616386144725,3.6234298550724637,2.9413516393442625,0.6820782157282013,2.211165467559747e-07,0.76383939177952,3.3763315150837875e-06,5.471554917466107,0.7872440243604614
NALCN,0.6592544943820225,-1.247388622754491,1.9066431171365137,8.243695897360893e-32,0.8655385857498484,3.8495332751159703e-31,30.41459192200548,4.892328115942029,4.350063606557377,0.5422645093846521,7.400013270628336e-05,0.7018294131622713,0.00037304048753119607,3.4282440299683996,0.7833916535948323
SPRR1B,1.525864606741573,-2.1706598802395214,3.6965244869810947,7.558109886802129e-23,0.8064657202449035,2.89178783409807e-22,21.538833573708263,4.8596643478260875,4.321025409836066,0.5386389379900214,1.1268605884952739e-06,0.7479211214065099,1.247404114646982e-05,4.903992827732753,0.7771837260829966
SLCO1B3,-1.8340837078651686,-6.764732934131736,4.930649226266567,6.722438686529641e-28,0.8409977797214558,2.8540888584982818e-27,26.544532509793648,3.332268550724638,2.4062250819672135,0.9260434687574244,5.843927221582187e-05,0.7046804466619149,0.00030770222746330213,3.5118693598737005,0.7726013088750855
SLC26A9,2.112170224719101,-0.1867760479041916,2.2989462726232928,4.888307521545571e-23,0.8078281638969252,1.8785223230101095e-22,21.726183639726226,4.03527652173913,3.2529072131147547,0.782369308624375,4.088450173815325e-06,0.7346162984081729,3.5205023171256105e-05,4.4533953655015175,0.7711950802560312
MIR4697HG,0.47459999999999997,-0.8401784431137724,1.3147784431137723,1.3330197289241525e-22,0.8046827692928749,5.072731501890722e-22,21.294758124146856,3.9872837681159417,3.460488196721312,0.5267955713946297,8.111679620782383e-06,0.7272511285340936,6.146133615701137e-05,4.211398002502854,0.7659198715613518
