gene,log2fc,fdr,auc,log2fc_val,fdr_val,auc_val,direction_consistent,protein_coding_status,stability_score
LAMA3,5.364946686402476,3.0947962866942056e-108,0.9883435376438136,1.241862988833451,6.416636212373792e-15,0.8990258968876218,True,Protein Coding,0.9436847172657116
LAMC2,6.839174476888919,1.1335697484422298e-111,0.9764515911996231,2.6461097885483476,1.3656481400847419e-16,0.9092421002613447,True,Protein Coding,0.9428468457304838
TSPAN1,6.496544748704836,7.203732051150843e-119,0.9894536769158312,2.384041183178903,1.1549040333408336e-15,0.8952245188880968,True,Protein Coding,0.942339097901963
SLC2A1,5.565663129919935,1.8005882379539923e-106,0.9911861669918589,1.6672475837491083,5.992149568768375e-15,0.8933238298883345,True,Protein Coding,0.9422549984400911
COL17A1,9.130366931305929,4.657672523833081e-104,0.9823218731077172,1.6478311119030646,2.2655318368867455e-14,0.9018769303872654,True,Protein Coding,0.94209940174747
CDH3,6.450252213550427,8.827422870528618e-117,0.9933223440758931,1.4296757115704457,3.1938188681561375e-14,0.8878593490140175,True,Protein Coding,0.9405908465449252
DNTTIP1,3.143899512211531,6.853033385400062e-68,0.9930700396958891,0.6557010430030887,1.9358207723675661e-13,0.8878593490140176,True,Protein Coding,0.9404646943547713
STYK1,6.933683290721928,6.288901613838479e-100,0.9845253313597524,1.0283764670943238,6.356675740640562e-14,0.8954621050130672,True,Protein Coding,0.9399937181863499
LAMB3,6.872732981228554,4.124166962358242e-108,0.9734912198075758,2.0845779876455213,6.061578064689642e-16,0.9059158945117605,True,Protein Coding,0.9397035571596676
MBOAT2,4.335037845657001,1.3512625593996918e-97,0.9850804009957613,1.5494434663815628,2.6134570231900938e-15,0.8928486576383939,True,Protein Coding,0.9389645293170751
PYGB,3.091929405234475,1.1717774640692183e-61,0.989941465383839,0.9098170943216912,2.2042435809202656e-14,0.8866714183891661,True,Protein Coding,0.9383064418864818
AMIGO2,3.922537186301554,2.7500715759085384e-82,0.9803875395276862,0.6817696436208136,5.783232209639961e-13,0.8928486576383939,True,Protein Coding,0.9366180985824984
ITGB4,4.689003999865436,7.766276185201295e-82,0.9655352216914485,1.2334420194820614,1.814126539553207e-14,0.9059158945117605,True,Protein Coding,0.9357255581015874
KCNN4,7.158587674090022,3.692937632077978e-113,0.9786886900356591,0.8382715799477318,1.814126539553207e-14,0.8923734853884533,True,Protein Coding,0.9355310877120393
GALNT5,9.04132768956469,3.890259217805788e-108,0.9794960640516719,2.4606336208125446,2.163789681812875e-15,0.8909479686386315,True,Protein Coding,0.9352220163451497
PTPRR,5.759684976115185,1.2289171105078495e-104,0.9914889322478637,1.0063764172012348,5.037470759801865e-11,0.8776431456402947,True,Protein Coding,0.9345660388970007
S100A6,6.411394479580163,3.199173044372192e-104,0.9968377851039494,0.8570632573057742,2.6749207080692863e-12,0.8695652173913043,True,Protein Coding,0.9332015012451306
NHS,3.5348118751261524,1.8869760918574333e-82,0.9734239386395748,0.5649131052506533,6.085508921695541e-15,0.8911855547636018,True,Protein Coding,0.9323047467015827
AHNAK2,5.840582214223239,5.943602127119336e-96,0.9695552714795129,1.5068726657163212,3.6791304886101085e-15,0.8945117605131859,True,Protein Coding,0.932033515996346
TMPRSS4,10.579058924846935,2.6340349780583356e-103,0.9745004373275921,2.0594419672131137,4.6130932168403e-15,0.8890472796388692,True,Protein Coding,0.9317738584832264
ITGA2,5.274842595707461,8.463324499282589e-119,0.9911525264078583,2.138572019482061,4.641120227815402e-13,0.8712283202660964,True,Protein Coding,0.9311904233365453
TMC7,4.302616726098364,1.8846957031856977e-87,0.9722296979075558,1.1375053599429785,1.814126539553207e-14,0.8890472796388691,True,Protein Coding,0.9306384887731955
APOL1,5.538457172172508,1.2990455209796853e-109,0.9944493036399111,1.427977479211215,4.269427877592066e-12,0.8660014255167499,True,Protein Coding,0.9302253645743589
TRIM16,3.1837846498015208,8.374653808898659e-71,0.9863587431877818,0.9164832287954372,1.2947753404812569e-12,0.872416250890948,True,Protein Coding,0.9293874970381616
RTKN2,5.509207555675167,2.6124149927441378e-110,0.9918926192558702,0.8437513043478266,2.637696563272587e-10,0.864575908766928,True,Protein Coding,0.9282342637665592
FN1,5.713524386059341,3.6218292447359913e-90,0.9833815515037341,2.188027540983608,3.047665382962139e-11,0.8709907341411262,True,Protein Coding,0.9271861427941727
LEF1,5.724171200296037,2.487549871440817e-103,0.9882594361838122,1.2323188073176512,3.7431031985564845e-12,0.864575908766928,True,Protein Coding,0.9264176724719024
FBXO32,3.5568255601157244,1.738767268171218e-68,0.9771075825876337,1.4525453456878106,1.4818630403766411e-13,0.8753860774530767,True,Protein Coding,0.9262468300202179
ANTXR1,5.168165858171299,3.95495497154679e-102,0.9841048240597456,1.5510739605607045,1.216464137787519e-11,0.8681397006414825,True,Protein Coding,0.9261222623393481
ZNF185,3.3814714963331762,6.183955196846815e-76,0.9741135706115859,0.6304616773580443,2.4839954500376813e-12,0.8781183178902353,True,Protein Coding,0.9261159442486101
SLC6A14,9.35250386866716,6.418805633633724e-97,0.9661407522034582,2.660688793062485,1.1555281003996822e-13,0.8854834877643145,True,Protein Coding,0.9258121199837793
PKM,4.02694682432887,3.360294625140634e-69,0.9953239588239252,0.9593364409598468,1.553036872701053e-11,0.8553100498930862,True,Protein Coding,0.9253170043441352
NOX4,5.282063981026711,2.1273190407501305e-92,0.9806062033236896,1.4120317058683765,7.735425790650778e-13,0.8693276312663342,True,Protein Coding,0.9249669172942965
ASAP2,2.7446439144183548,2.6877325396742885e-57,0.9541142434232659,1.0285743098123072,6.085508921695541e-15,0.8949869327631266,True,Protein Coding,0.9245505880931906
MLPH,3.403390220682231,2.4369239583890524e-58,0.9692525062235081,1.2436016274649564,9.881920057653648e-15,0.8797814207650273,True,Protein Coding,0.9245169634942586
IGFBP3,5.8119553488528535,8.884909390728252e-108,0.9907151988158514,0.9375906937514866,8.400481775828821e-12,0.8572107388928486,True,Protein Coding,0.9239629688465882
VILL,4.902783129247124,1.1722843594752681e-93,0.9795465249276727,0.8264157543359465,1.7552618122872593e-11,0.8681397006414826,True,Protein Coding,0.9238431127683617
RUNX2,4.49473860257014,9.29572632735242e-96,0.9800847742716814,1.032596129722024,1.8988986717774978e-12,0.8674269422665716,True,Protein Coding,0.9237558582673724
COL10A1,9.674559843234878,2.4121095176422037e-113,0.9776458319316422,1.4233047636018057,1.3577189472190447e-13,0.869327631266334,True,Protein Coding,0.9234867315988627
KRT19,6.2655638935611915,7.159349962216139e-99,0.9768552782076296,1.825134516512235,2.3991326546981554e-13,0.869327631266334,True,Protein Coding,0.9230914547367604
ECT2,3.858148496265895,4.9367327994947335e-92,0.9863755634797818,1.1909450487051547,4.595862903708805e-12,0.8595866001425517,True,Protein Coding,0.9229810818069248
CORO2A,6.426852216914485,2.65470420614036e-136,0.9971405503599542,0.7989425207887861,1.6744129227491558e-10,0.8486576383939177,True,Protein Coding,0.9228990942224046
S100A11,4.405438838054228,6.1055211092357575e-68,0.9760815447756173,0.577888301259204,3.1975865673560974e-12,0.8688524590163934,True,Protein Coding,0.9224670018930556
NQO1,6.048870369373612,5.422842389127072e-117,0.9942138195519074,1.3107429508196722,1.209092651392579e-11,0.8500831551437397,True,Protein Coding,0.9221484873366739
INPP4B,3.9145344311377244,1.180200882553888e-87,0.9779149566036466,1.1802286695177004,1.2728138492204198e-11,0.8662390116417201,True,Protein Coding,0.922076984110947
ANO1,4.975728224449978,1.3347364892602651e-105,0.9918421583798694,1.2046539866951784,7.204661822326555e-12,0.8515086718935614,True,Protein Coding,0.9216754151300751
SERPINB5,8.11379491017964,1.0183245652128346e-90,0.962692592343403,1.9741270491803276,1.4702848190655854e-13,0.880256593014968,True,Protein Coding,0.92147459267905
PLAU,5.273675967166788,1.0848544255142606e-98,0.9865437663997847,1.2945164124495125,1.6287220231928064e-11,0.8560228082679971,True,Protein Coding,0.9212832873188859
SDC1,4.570934521967301,5.335592136331134e-88,0.9802361568996837,0.7746903254929913,4.824543170982332e-12,0.862200047517225,True,Protein Coding,0.9212181022040099
TRIM59,3.099943756307609,2.986069642456991e-82,0.9862410011437798,0.8159134948918982,5.2540233233043066e-11,0.8557852221430269,True,Protein Coding,0.9210131115950131
SULF1,6.5344602469218875,7.67813452406582e-120,0.9883098970598129,1.980705744832501,4.4104315871853844e-11,0.8534093608933239,True,Protein Coding,0.9208596289359545
HSD17B6,4.950228042790823,7.136822684458964e-75,0.9813462961717017,0.7389667854597288,1.1641651673223897e-11,0.8602993585174625,True,Protein Coding,0.9208228273338621
MTMR11,3.7229446006862688,5.488943624649005e-65,0.968562874251497,0.9570635091470665,1.6990464903527384e-12,0.8728914231408885,True,Protein Coding,0.9207271486946284
MICAL2,2.6516088239251827,1.8889888625099366e-53,0.9743322344075893,1.1337778878593472,1.0007562520130712e-12,0.8664765977666904,True,Protein Coding,0.9204044160862187
IFI27,6.051113907017427,9.883210091114811e-107,0.9963331763439413,1.229922606319792,1.1641651673223897e-11,0.8434307436445712,True,Protein Coding,0.9198819599835473
CTSE,8.106601345623359,1.0581872992448256e-83,0.9547029536432753,2.5513469802803517,2.083167270213249e-14,0.8847707293894037,True,Protein Coding,0.9197368415163203
EFNA5,4.962883008141022,1.146800319490428e-106,0.984945838659759,1.0036847540983596,4.664904972351231e-12,0.8538845331432644,True,Protein Coding,0.9194151858972227
POSTN,7.306667409002221,1.8898774022119505e-121,0.9873006795397967,2.499748146828227,1.8143754354740497e-11,0.8515086718935614,True,Protein Coding,0.9194046756999976
CEMIP,4.825729166386328,8.796979000228859e-91,0.9843066675637488,1.3872536231884056,1.553036872701053e-11,0.8541221192682348,True,Protein Coding,0.9192143934017161
SLC16A3,5.53551100047097,5.954071051600299e-106,0.9916571351678665,0.8064416821097655,1.4481915000985978e-11,0.8467569493941554,True,Protein Coding,0.9192070422676991
SEC14L2,3.7454586321738548,2.9548254026360887e-87,0.9941969992599071,0.6001732074126869,3.1637795978238725e-10,0.8439059158945118,True,Protein Coding,0.9190514572864419
NTM,6.183792565430936,1.575574583896831e-96,0.982944223911727,0.8669481848420029,7.1833898702278085e-12,0.8548348776431457,True,Protein Coding,0.9188895507708357
S100P,10.190372000941935,8.027990248819427e-99,0.9730370719235686,0.9755156094084105,1.3575691954423093e-12,0.864575908766928,True,Protein Coding,0.918806490344001
ABHD17C,3.813831773531588,2.0636550303569997e-87,0.9939615151719032,0.830016557377049,2.662728224760691e-11,0.843430743644571,True,Protein Coding,0.9186961293837749
CAP1,3.155024063109737,4.582025836608298e-57,0.9849121980757586,0.7728116535994323,4.46394134741996e-10,0.8524590163934427,True,Protein Coding,0.9186856068245047
OAS1,5.021170345825203,5.251000354487479e-100,0.991808517795869,1.0038301354240904,7.375851239442592e-11,0.8453314326443335,True,Protein Coding,0.918569975152349
TPM4,3.788808723003431,1.4096387369562534e-65,0.9852822444997645,0.7787695141363766,6.907707043686182e-10,0.8517462580185317,True,Protein Coding,0.9185142506246654
LGALS3BP,4.172795868936285,2.0851558249015792e-72,0.997746080871964,0.6449422713233552,1.1829744299861455e-10,0.8391541933951057,True,Protein Coding,0.9184501370248845
PGK1,2.925468387943213,2.6581435106933622e-49,0.9882426158918117,0.9298134925160371,6.750109913264904e-11,0.8486576383939178,True,Protein Coding,0.9184501270808684
FERMT1,4.294759580838323,1.3669910929182587e-76,0.9720783152795532,1.3403960655737706,1.195508539306908e-12,0.8645759087669279,True,Protein Coding,0.9183271120221427
CEACAM6,7.722300884747359,2.6710174917988526e-84,0.9680414451994886,2.4213085293418866,2.1873517145344557e-12,0.868377286766453,True,Protein Coding,0.9182093659809624
HN1,4.846324271681356,2.5270509718852726e-97,0.9944829442239116,0.7909248443810881,1.1829744299861455e-10,0.8417676407697791,True,Protein Coding,0.9181252923882334
LGALS3,3.856489682432886,2.2005576840539175e-66,0.9663257754154614,0.8723374221905464,1.057654751828938e-12,0.8695652173913042,True,Protein Coding,0.917945496402412
SLC44A1,2.5379702482675093,7.116030973037532e-53,0.9809594294556954,0.7494909384651942,1.5835189670515272e-11,0.854359705393205,True,Protein Coding,0.9176595674099188
PTTG1IP,2.8698436688420914,7.898934130616999e-51,0.9904965350198478,0.6899011119030654,1.3240390067330579e-09,0.8446186742694227,True,Protein Coding,0.9175576034297531
CTHRC1,6.700609399179171,3.150396543744789e-116,0.9911020655318576,0.9325141886433839,8.892917444899363e-11,0.8436683297695414,True,Protein Coding,0.9173851975691172
S100A16,4.610167886698512,2.371092697026115e-86,0.9810939917916974,1.003682416250892,1.209092651392579e-11,0.8536469470182941,True,Protein Coding,0.917370469393904
PALLD,4.025539117271075,2.3697407275331425e-77,0.9799502119356792,0.9990563934426238,4.180492361422119e-11,0.8545972915181753,True,Protein Coding,0.9172737516885807
ANLN,5.4294164401534015,4.2307752106420654e-103,0.9854672677117675,1.4650795414587785,8.560074689526431e-11,0.8488952245188881,True,Protein Coding,0.9171812460368164
CTNNA1,2.3181202348112757,6.808861330044456e-38,0.977006660835632,0.5959443810881462,4.2451159533688456e-11,0.8569731527678783,True,Protein Coding,0.9169899067628279
ESM1,5.733758171297854,6.201093397791113e-86,0.987687546255803,0.7855014350201945,2.662728224760691e-11,0.8455690187693039,True,Protein Coding,0.9166282824881462
HOXB5,4.148390102940187,1.7302572273855178e-94,0.9780663392316491,0.8431782181040615,1.614845300028682e-11,0.8545972915181753,True,Protein Coding,0.916331815360115
PCDH7,5.858164986880173,1.2118027609641797e-114,0.9875025230438,0.940491952957947,2.8100751397918335e-11,0.8450938465193631,True,Protein Coding,0.916298184755833
TPX2,6.654686059341989,1.269376310839221e-109,0.9954080602839265,0.9746665645046342,2.314199703769534e-09,0.8371347113328582,True,Protein Coding,0.9162713836879575
LY6E,4.299814566372873,1.476963976444302e-73,0.9802193366076835,0.8835633951057247,1.7151151739529216e-11,0.8522214302684723,True,Protein Coding,0.9162203834223637
HEPH,4.833707538854874,1.4689689992706904e-105,0.9864764852317837,1.0680199215965782,6.717375358471917e-10,0.8450938465193633,True,Protein Coding,0.9157851652604062
LMO7,2.8534591805153746,1.6813332656483751e-53,0.9778308551436453,1.1695831907816565,2.4496310315711606e-11,0.853646947018294,True,Protein Coding,0.9157389010585375
MYOF,4.0181080367355175,5.95619478674221e-84,0.9699084976115185,1.3879785174625798,2.4496310315711606e-11,0.8614872891423141,True,Protein Coding,0.9156978933544851
CEACAM5,10.462945828567584,4.286127726076446e-87,0.9664771580434636,2.794674587788072,1.0007562520130712e-12,0.8648134948918983,True,Protein Coding,0.9156453264667646
MMP11,8.61005157437933,2.4505236000310744e-129,0.9939278745879029,1.2317834426229517,9.75877758249489e-11,0.837015918270373,True,Protein Coding,0.9154718963397991
MALL,5.500075048778847,1.5208902427190515e-109,0.9932046020318912,0.9815872677595623,2.8016823478176093e-10,0.8377286766452839,True,Protein Coding,0.9154666390821029
ITGA3,3.74167134158649,1.1720336295334624e-70,0.9861737199757789,1.4295748538845352,1.553036872701053e-11,0.8446186742694226,True,Protein Coding,0.9153961971083844
ANXA2P2,4.624608635537913,7.738199889457736e-104,0.9851981430397632,0.7397769137562378,3.0467280065663624e-10,0.8455690187693039,True,Protein Coding,0.9153835806256411
LPCAT4,2.9989557222633385,2.4261983329700575e-54,0.9763506694476215,0.5654173152767861,6.572548919853481e-11,0.8543597053932049,True,Protein Coding,0.915355187360251
TNS4,8.196787764919598,1.1360651932515689e-89,0.961498351611384,1.3065741862675218,1.4538517974842924e-11,0.8688524590163934,True,Protein Coding,0.9151754053005835
ITGA11,4.820473090896859,9.15350525966886e-87,0.9742817735315885,1.0946880304110245,4.269427877592066e-12,0.8557852221430268,True,Protein Coding,0.9150334978334008
SEMA7A,5.637596400457513,9.090090131139021e-107,0.9829778644957275,0.8801817486338788,1.3314306945266632e-11,0.8469945355191257,True,Protein Coding,0.9149861999952442
AP1S3,3.698219444257552,1.0673332206135164e-82,0.9732052748435712,0.8418990639106658,1.1182030235387351e-12,0.8567355666429081,True,Protein Coding,0.9149704207422165
EGLN3,4.154983832335329,3.1283136400803915e-72,0.9774608087196395,1.3873387835590405,7.204661822326555e-12,0.8524590163934427,True,Protein Coding,0.9149599125499491
MYO1E,3.597931147816727,3.3209849227387206e-74,0.9857027517997712,0.9547910168686142,4.46394134741996e-10,0.8427179852696601,True,Protein Coding,0.9142103681266175
EFNB2,4.075987859113234,1.870995431917323e-95,0.989941465383839,0.9566288976003801,9.760776042219929e-11,0.8384414350201949,True,Protein Coding,0.9141914501127848
AGR2,6.326527390163492,8.146560962759643e-88,0.976317028863621,1.859313894036588,2.0181575607785498e-11,0.851983844143502,True,Protein Coding,0.9141504364851126
CARD11,5.2412184821368495,3.970485565479887e-110,0.9866446881517862,0.6847894511760519,9.688407975671237e-11,0.8415300546448088,True,Protein Coding,0.914087371309737
CD55,4.359248977326246,4.877984396650723e-85,0.9848280966157572,0.8803673984319325,1.4394584775703967e-10,0.843193157519601,True,Protein Coding,0.914010626936111
PLAC8,6.732672865504945,9.755137195673971e-123,0.9931205005718899,1.7647905725825588,7.769471772824334e-11,0.83464005702067,True,Protein Coding,0.9138802787252763
UBE2T,5.646122027854405,2.38298479163578e-87,0.9959463096279351,0.6953946566880504,9.239067277865018e-09,0.8315514373960561,True,Protein Coding,0.9137488650698083
ANXA2,3.898516773195184,6.602828422366605e-61,0.9787727914956603,0.7341835804229024,7.323207870064716e-11,0.8486576383939178,True,Protein Coding,0.9137152148778759
S100A10,4.560234767543565,8.793010397228116e-77,0.9933728049518938,0.7450815253029184,1.1238974414380407e-09,0.8332145402708483,True,Protein Coding,0.9132936715849227
RALA,2.930847648523179,9.131432207261196e-65,0.9911020655318576,0.5902268092183407,1.4875612583857085e-10,0.8353528153955808,True,Protein Coding,0.9132274403278711
FXYD3,4.841785712843975,2.0238718471231657e-81,0.9786382291596583,1.324048503207413,7.204661822326555e-12,0.8477072938940367,True,Protein Coding,0.9131727615202684
CCNB1,3.72830410078719,6.618211021342516e-89,0.9945165848079124,0.9178550748396308,6.081004176385053e-09,0.831551437396056,True,Protein Coding,0.9130340055498205
BROX,2.2698960573235554,1.6035626586706672e-48,0.9870651954517932,0.5496361986220011,1.8515054114680462e-09,0.8389166072701353,True,Protein Coding,0.9129908996705567
TBC1D2,3.7927535692659626,2.7832449469390285e-90,0.9904124335598465,0.6551602162033747,7.295246006378031e-10,0.8353528153955809,True,Protein Coding,0.9128826238117435
PRKCI,2.354031403485164,4.683714586947351e-50,0.9755601157236091,0.7256816868614866,1.3609636297033462e-10,0.8496079828937991,True,Protein Coding,0.9125840491845048
IGFL2,10.869508379869472,6.122801627275189e-106,0.9835161138397361,1.0753818531717751,4.46394134741996e-10,0.8415300546448088,True,Protein Coding,0.9125230838349275
SLC6A6,4.1028615555406045,2.7354414065491547e-89,0.9808416874116934,1.1973531789023513,4.4104315871853844e-11,0.844143502019482,True,Protein Coding,0.9124925946753429
ITGB1,3.259179660902914,3.6357138574353917e-57,0.9832301688757317,0.6156063316702305,1.9082323383239867e-09,0.8415300546448088,True,Protein Coding,0.912380110019237
CD82,3.254227363251024,4.0166091555838334e-66,0.9853327053757652,0.5629696056070319,4.835993058510513e-11,0.8393917795200762,True,Protein Coding,0.9123622424037989
CLIC1,3.49660830586019,8.471852740535464e-58,0.9935073672878961,0.6544586299200121,1.1238974414380407e-09,0.8310762651461154,True,Protein Coding,0.9122918151916833
TRIM29,6.327107273094262,3.613830677666428e-66,0.9478234542151651,1.2803527797576626,5.01776445243608e-13,0.8766928011404134,True,Protein Coding,0.9122581276773315
GAPDH,3.5851202650878014,1.1558470869202954e-52,0.9971741909439548,0.9156970206699935,8.261050765288836e-10,0.8270373010216204,True,Protein Coding,0.9121057452292924
SDR16C5,7.407328298459262,1.1744151173023625e-92,0.961128305187378,1.1970759444048458,2.231368181425322e-12,0.8626752197671655,True,Protein Coding,0.9119017624752371
LPCAT2,2.94841848213685,2.445670967831215e-67,0.9665949000874656,0.9375151556189101,7.204661822326555e-12,0.8569731527678783,True,Protein Coding,0.9117840264211029
PLEC,2.833289598331426,6.289523553684507e-54,0.9724483617035592,0.7823936635780475,9.470944252958744e-12,0.8510334996436207,True,Protein Coding,0.9117409306649549
COL11A1,7.314547698984054,3.1239134522887763e-76,0.9567886698513086,1.8544359539082924,9.487127890011188e-13,0.8662390116417202,True,Protein Coding,0.9115138407456497
FAM83D,5.538229805557425,1.9504504948409347e-102,0.9857532126757721,0.874063157519601,2.1908687178310217e-08,0.8372535043953433,True,Protein Coding,0.9115033385657156
ENO2,3.387081050259033,1.1482872480956284e-64,0.9735753212675772,0.9961736231884055,5.242635372746624e-11,0.8493703967688286,True,Protein Coding,0.9114728589704176
CENPF,6.030411333512749,2.177815896762495e-91,0.9779485971876472,1.116455219767166,1.0249155597724208e-09,0.8448562603943929,True,Protein Coding,0.9114024278569095
BCAS1,6.018169185225056,3.8162778616760005e-85,0.967688219067483,1.2100414849132815,5.801396017430916e-11,0.8550724637681159,True,Protein Coding,0.9113803413649267
HK1,3.3195967200430605,2.923074437472033e-68,0.9854672677117674,0.5666542931812772,2.3367585895099983e-09,0.8372535043953434,True,Protein Coding,0.9113603839239263
CENPI,4.5403305927470905,9.736177636058421e-81,0.9775112695956403,0.8494076764076977,1.6057775679795542e-09,0.8439059158945118,True,Protein Coding,0.9107085912826806
MISP,7.767093157505214,2.3654712691266488e-144,0.9963668169279419,0.6659791732002853,1.8792124697133752e-08,0.8246614397719174,True,Protein Coding,0.9105141112394345
EDNRA,4.7408723339837175,1.2416862344647456e-102,0.978688690035659,1.3237653670705622,2.613706220406588e-10,0.8422428130197196,True,Protein Coding,0.9104657512897203
RAC1,2.8480845959765855,9.429064320980688e-49,0.9904797147278476,0.5408001916528091,5.361587296773624e-10,0.8303635067712045,True,Protein Coding,0.9104216102613955
DLGAP5,6.957360199825069,2.2556056765268226e-86,0.9902610509318442,0.9583607911617964,1.6200373073602438e-08,0.8301259206462344,True,Protein Coding,0.9101934710435652
SFN,7.427492276121915,1.6468802275399703e-96,0.960556415259369,0.8614750059396536,1.735679261092628e-11,0.8593490140175815,True,Protein Coding,0.9099527146226813
SLPI,5.292909281437124,4.379112337644855e-80,0.9707158716275314,1.727638023283439,2.9308683166606314e-11,0.8491328106438584,True,Protein Coding,0.9099243411090262
LRRC8A,2.877465249276727,1.4200589249911893e-58,0.9832638094597321,0.5792070301734382,2.1993419040652113e-10,0.8365407460204324,True,Protein Coding,0.9099022775399637
UNC5B,3.425378914081948,1.36807496565957e-79,0.9846430734037542,0.526084920408648,2.9752312889257164e-10,0.8351152292706105,True,Protein Coding,0.9098791510664723
SAMD9,4.1045065800982306,1.0744183544021644e-97,0.9855850097557693,0.9093211522927076,2.1966843710648463e-09,0.8339272986457591,True,Protein Coding,0.909756152202317
DDX60,3.5993737098836034,8.892776412576047e-78,0.9789241741236628,1.1346662841530035,1.567592536023303e-10,0.8405797101449276,True,Protein Coding,0.9097519419916832
PDLIM7,3.7778576364125676,5.602363440936519e-71,0.9798156495996772,0.7974872701354245,1.1960653055069341e-10,0.8396293656450463,True,Protein Coding,0.909722507513553
ANOS1,5.108434747359214,3.505258701830479e-110,0.9908834017358542,0.6632415371822291,4.518307130236371e-10,0.828462817771442,True,Protein Coding,0.9096731093426299
B3GNT3,5.352081605328668,2.140425906936262e-98,0.9840711834757452,0.7000509360893323,1.2575198741213227e-10,0.8351152292706105,True,Protein Coding,0.9095932062587947
GJB2,6.0584751631568325,4.516959263606199e-86,0.9525331359752406,0.8351379258731284,1.127353345260549e-12,0.8664765977666905,True,Protein Coding,0.9095048668699403
RACGAP1,3.5374859516921213,1.995814492106021e-88,0.9888986072798224,0.6296153623188401,4.145965832449244e-09,0.8296507483962936,True,Protein Coding,0.9092746740682364
PRR5L,4.326172677117675,7.332382331582668e-89,0.984188925519747,0.5995189569969108,1.498924248576478e-09,0.8339272986457591,True,Protein Coding,0.9090581107201438
MELK,5.193666699185899,8.648186357322363e-99,0.9826582789477225,0.9718516607270118,1.8545943967671743e-09,0.8348776431456403,True,Protein Coding,0.9087679593612855
ACSL5,4.702043214694207,1.8540632490394583e-95,0.9755264751396084,1.4213504656688052,1.6073033948328753e-09,0.8420052268947493,True,Protein Coding,0.9087658495565164
FLNB,2.2288007905537244,4.955207885403701e-33,0.9512043329072193,0.9558756806842466,3.861205367816021e-12,0.8662390116417202,True,Protein Coding,0.908721672270961
TOP2A,6.163403185763304,7.663298766402091e-98,0.994180178967907,1.1647560893323847,3.833807697440375e-09,0.8232359230220955,True,Protein Coding,0.9087080475111893
SCEL,5.868026461683375,9.065680781802074e-68,0.9481598600551705,1.5458680185317162,6.827596305412346e-12,0.8690900451413637,True,Protein Coding,0.9086249525920632
ITGB5,3.8341612157707052,1.4512774813786713e-73,0.9937428513758999,0.8385426799714901,7.295246006378031e-10,0.8232359230220955,True,Protein Coding,0.9084893865362323
TMSB10,4.12497482675099,3.0510111525572e-60,0.9942138195519074,0.9130854240912303,1.0241797825499892e-08,0.8227607507721549,True,Protein Coding,0.908487275857488
TSPAN5,3.9371332200767006,1.2194339317987897e-94,0.9880071318038081,0.8227689712520796,5.297272532789955e-10,0.8289379900213827,True,Protein Coding,0.9084725604313527
MKI67,6.484627753481801,1.2414186700936533e-105,0.9892686537038283,1.004882002851034,7.701944062215939e-09,0.8275124732715609,True,Protein Coding,0.9083905564913212
ARNTL2,4.286391425015138,6.89928532850333e-93,0.9888145058198211,1.0824010525065333,4.689527436974079e-10,0.8277500593965313,True,Protein Coding,0.9082822821822347
CTNNB1,2.4802590392249213,1.1975267695413427e-42,0.9871492969117943,0.6492924661439758,4.046574467217891e-08,0.8291755761463531,True,Protein Coding,0.9081623997796044
RALB,2.835905601157236,2.2395658510703e-58,0.9895545986678329,0.588442045616536,1.2771093835685211e-08,0.8263245426467095,True,Protein Coding,0.9079395590618898
FRMD5,4.893648973962188,1.043674979049696e-99,0.9896891610038351,0.5289905179377543,1.8385454006239682e-09,0.8260869565217392,True,Protein Coding,0.9078880570935937
OCIAD2,3.9669676209379,5.963286320637507e-80,0.996938706855951,1.0010752459016405,2.482679800489164e-09,0.8184842005226894,True,Protein Coding,0.9077114514357634
KRT17,8.175415151719035,1.3087619019139649e-97,0.9718091906075489,1.1775731488081105,3.326773149137595e-10,0.843430743644571,True,Protein Coding,0.9076199668241154
ACTN4,2.722820006055306,2.700252873352486e-44,0.9808248671196932,0.59848984556902,1.5471548342672614e-08,0.8344024708956997,True,Protein Coding,0.9076136549655077
SYTL2,3.6551183744869813,1.0736835934426303e-76,0.9680750857834893,1.0646255238774058,7.733110257207364e-11,0.8469945355191256,True,Protein Coding,0.9075348105811267
EDIL3,5.105425624032834,8.586348328560614e-107,0.9868969925317904,1.610105808980757,3.139714720104871e-10,0.8279876455215015,True,Protein Coding,0.9074423187417349
SQLE,3.2654175435645567,7.795809786592074e-65,0.9859045953037745,0.9782975267284382,1.3643249799768817e-09,0.8287004038964124,True,Protein Coding,0.907302498362238
YWHAZ,3.160261343604927,5.564014944246559e-54,0.989436856623831,0.5303987954383445,9.563127619373952e-09,0.8244238536469469,True,Protein Coding,0.9069303464622982
BCL2L1,2.7149177184955926,2.52540562891213e-48,0.9883267173518132,0.7027311332858153,1.530471958696275e-09,0.8253741981468283,True,Protein Coding,0.9068504563614116
HK2,4.496219958958488,5.617383150327112e-89,0.9679741640314876,1.1644265027322396,6.155991614736354e-11,0.8453314326443335,True,Protein Coding,0.9066527982820971
SLC4A11,4.723084387404966,2.0687561481207186e-99,0.9855513691717688,0.6147454074602052,2.630167281118386e-10,0.8277500593965312,True,Protein Coding,0.9066507140456858
ARPC2,2.8312805792908566,1.099133228521073e-48,0.9896723407118346,0.5682445687811848,1.1112757408775644e-08,0.8234735091470659,True,Protein Coding,0.9065729148549253
OAS2,4.901968034717083,1.950193848169816e-98,0.9816490614277064,1.0392329389403665,1.3296527787832926e-10,0.8313138512710858,True,Protein Coding,0.9064814562288656
PML,2.8045671499697233,1.0647782735927872e-55,0.9835833950077373,0.5173292943692092,2.613706220406588e-10,0.8291755761463531,True,Protein Coding,0.9063794853401442
CEACAM1,4.855069565363655,1.1617521454956152e-101,0.9878557491758057,1.098249893086245,4.3794991918866287e-10,0.8248990258968876,True,Protein Coding,0.9063773871393986
TMEM159,2.7826399549216174,1.4034470438149993e-57,0.9703458252035255,0.6533652340223339,7.803942081712217e-11,0.8422428130197197,True,Protein Coding,0.9062943190408959
CAPG,4.51640044405571,2.073189177129739e-82,0.9675031958554801,1.2217559372772646,2.0138882899814714e-11,0.844856260394393,True,Protein Coding,0.9061797281066871
RHBDL2,5.441876155554061,1.3244234928431465e-104,0.9833815515037341,0.8943739581848411,1.1834909143337888e-10,0.8289379900213827,True,Protein Coding,0.9061597706553152
CD109,4.755369797483684,1.3134715501528072e-100,0.9781840812756509,1.2498031432644332,4.318843408767523e-10,0.8339272986457591,True,Protein Coding,0.9060556895693939
FXYD5,4.990798042118012,1.1036123272707569e-91,0.9911357061158581,0.7444489736279412,1.3686616099862705e-09,0.8208600617723925,True,Protein Coding,0.9059978827041207
SPATS2L,3.057249135436991,1.4173399055571322e-57,0.9828601224517257,0.7190276882870075,1.7871037107776936e-09,0.8289379900213828,True,Protein Coding,0.9058990546176188
XRCC4,3.212566847204468,1.9554810633299807e-78,0.9930363991118885,0.5748227916369677,3.009001920265769e-08,0.8187217866476597,True,Protein Coding,0.9058790656218547
PSEN1,2.5633951490277878,2.6895017206991417e-53,0.9875866245038014,0.5073209479686396,1.1800080183042588e-08,0.8234735091470659,True,Protein Coding,0.9055300561401062
ADAM10,2.6538054665949,8.020418420210975e-52,0.968815178631501,0.6802026562128791,1.0052375851281584e-09,0.8422428130197196,True,Protein Coding,0.9055289949153386
APLP2,2.8094102872905857,6.295052116977155e-48,0.986375563479782,0.6503290639106645,4.896632936260884e-09,0.8246614397719173,True,Protein Coding,0.9055184971918578
PLAT,5.461509920608222,8.303661275900443e-102,0.9943988427639103,1.4139310548823945,3.8742430216057005e-09,0.816583511522927,True,Protein Coding,0.9054911736353257
MST1R,3.6691549989907823,2.0082541963733195e-59,0.9383704501110138,0.9465005702067,3.5179594297435577e-13,0.872416250890948,True,Protein Coding,0.9053933505006624
BUB1,5.4066601392720175,1.9328321141725126e-109,0.9909506829038552,0.7324040722261809,2.6168233329046576e-08,0.8189593727726301,True,Protein Coding,0.9049550041571683
CELSR1,4.249699206082218,5.943602127119336e-96,0.97687209849963,0.5829459705393205,3.556158819287372e-09,0.8325017818959373,True,Protein Coding,0.9046869369805732
AFAP1,3.395162144250824,7.597833310238186e-83,0.9808585077036935,0.7368828177714448,2.045091978442453e-09,0.8284628177714422,True,Protein Coding,0.9046606608874536
SLC9A2,7.286334878557491,3.433341320587648e-88,0.9715568862275448,0.8622680898075554,2.5321820564691983e-08,0.8377286766452839,True,Protein Coding,0.9046427585292123
REEP3,2.7386520487115655,1.6107750881571882e-62,0.9761992868196192,0.733354144689951,1.995578528693529e-09,0.8329769541458779,True,Protein Coding,0.904588118677572
MMP12,11.282721984121643,5.012787684253381e-159,0.9979983852519679,1.4072152791636978,1.2201436398976195e-08,0.8111190306486101,True,Protein Coding,0.9045586969133734
NMU,9.579516073471034,1.048665091645695e-92,0.9801520554396823,0.8340309170824436,3.2350822096907173e-09,0.8289379900213827,True,Protein Coding,0.904545019804255
NEK2,7.412453293413174,3.254103438319553e-79,0.9924813294758796,0.6888971109527193,8.86752608040676e-08,0.816583511522927,True,Protein Coding,0.904532340289755
AP3M2,2.2001726535692665,3.83902377673141e-48,0.9725997443315616,0.7333885150867197,5.893244572349221e-10,0.8360655737704917,True,Protein Coding,0.9043326585180813
KPNA7,6.011263974298595,8.689588841532231e-69,0.9659220884074547,0.5859679757662151,7.295246006378031e-10,0.8427179852696602,True,Protein Coding,0.9043200361788338
PLA2R1,3.877465293009486,7.524028329828294e-87,0.9725324631635605,1.1130026443335703,1.516937041345423e-10,0.8358279876455215,True,Protein Coding,0.9041802252673826
ADAM9,3.659453623090897,2.829909103152408e-72,0.9786045885756576,1.1977588952245197,2.1857143467167196e-09,0.8291755761463531,True,Protein Coding,0.9038900803853598
AP2B1,2.4487024490345157,3.892976235405854e-46,0.9872502186637959,0.5454609028272737,9.133403278953736e-08,0.820503682584937,True,Protein Coding,0.9038768680696394
LTBP1,4.470019646101057,7.296287469442504e-93,0.9812285541276996,1.0991608220479936,2.3367585895099983e-09,0.8263245426467094,True,Protein Coding,0.9037765462752969
EPHA4,3.653051460001346,2.6870523686230762e-87,0.9821200296037139,1.016189303872653,7.295246006378031e-10,0.8253741981468282,True,Protein Coding,0.9037471132159653
CFL1,3.58724077238781,3.5771124811981376e-57,0.9953575994079257,0.6054602779757685,1.763679027715164e-08,0.8118317890235209,True,Protein Coding,0.9035946782792132
CST1,13.968350481060352,2.1728687919874577e-130,0.9902274103478437,1.6511105298170579,2.314199703769534e-09,0.8168210976478973,True,Protein Coding,0.903524251906935
IL1RAP,3.2245796743591475,1.9851311934921356e-69,0.9592107918993474,1.080105597529105,4.4104315871853844e-11,0.8477072938940367,True,Protein Coding,0.9034590428568455
EZR,3.036176737536163,2.0012775385787314e-53,0.9874688824597995,0.7686688976003806,3.2896117032941913e-09,0.8194345450225707,True,Protein Coding,0.9034517107691797
NET1,2.369693763035727,4.908346815773432e-41,0.9539796810872637,0.7418537633642188,2.8404606459836268e-11,0.8526966025184131,True,Protein Coding,0.9033381417771794
OSBPL10,4.04418559846599,6.044606899044337e-98,0.9890331696158244,0.8132198503207393,1.1321997149889234e-09,0.8175338560228083,True,Protein Coding,0.9032835117966191
XDH,4.588799478570948,8.91253771575782e-72,0.9630962793514096,0.9750416607270123,8.344618048842993e-10,0.843430743644571,True,Protein Coding,0.9032635107442514
CDH11,5.223393615017158,2.3359892261872214e-94,0.9709177151315347,1.5109820028510326,4.46394134741996e-10,0.8353528153955809,True,Protein Coding,0.9031352648604035
PLEK2,3.9724014532732292,3.314521872540436e-70,0.9502287559712036,1.09113087194108,4.756271192038523e-12,0.8560228082679971,True,Protein Coding,0.9031257821153048
CD9,2.972123037071924,2.535197564987943e-50,0.9695720917715132,0.8055092325968145,8.674516403017924e-10,0.8365407460204325,True,Protein Coding,0.9030564181126151
CDCP1,3.0310737738007134,2.2573846790415553e-66,0.9752068895916033,1.006371568068424,1.1834909143337888e-10,0.8308386790211452,True,Protein Coding,0.9030227841995023
OSBPL3,3.0891322848684655,6.772401412047357e-67,0.9534918926192558,1.1600129080541697,2.1658362456611466e-11,0.8524590163934427,True,Protein Coding,0.9029754544867924
HOXB6,4.328007387472246,7.897201580433829e-91,0.9805389221556885,0.6587087004038983,1.2277079238389784e-09,0.8253741981468282,True,Protein Coding,0.9029565590426915
JUP,2.8751999226266554,5.156666766626245e-99,0.97624974769562,0.8074894583036354,3.120551284957692e-10,0.8296507483962937,True,Protein Coding,0.9029502477641865
ASPM,5.855996326448228,1.7324351464697533e-105,0.9862073605597793,1.02950897362794,2.6168233329046576e-08,0.8194345450225706,True,Protein Coding,0.9028209291659457
FAM63B,1.910576522236426,1.2286022834076714e-41,0.95436654780327,0.6809806985032081,9.719130840030578e-11,0.851271085768591,True,Protein Coding,0.9028188166981844
KIF23,3.5731127127766933,1.3280723333528165e-82,0.977376707259638,0.8984820836303151,6.026267522157066e-09,0.8282252316464719,True,Protein Coding,0.9028009640125348
SGIP1,3.275642659624571,2.14848741050434e-65,0.9568559510193098,0.9302453266809221,1.735679261092628e-11,0.8486576383939177,True,Protein Coding,0.9027567946909448
FGD6,2.17902798560183,1.2119209270225374e-44,0.9401870416470429,1.1817746400570215,1.0614533293335491e-12,0.8650510810168687,True,Protein Coding,0.9026190613309977
KRT16,7.143704534750723,2.1565729476942549e-66,0.9469824396151518,0.804555138987884,7.323207870064716e-11,0.8581610833927298,True,Protein Coding,0.9025717614378436
BICD1,3.4718237468882465,1.1106888629619228e-84,0.9844916907757518,0.6856169779044894,3.071279225495193e-09,0.8206224756474222,True,Protein Coding,0.9025570804395822
ADAMTS6,4.13321961918859,1.2986873388934664e-70,0.9728015878355648,0.8631392991209319,1.749860289924664e-10,0.832264195770967,True,Protein Coding,0.9025328916453352
RUNX1,4.336472189329207,4.5667630869319406e-83,0.9782009015676513,0.8497001259206458,3.959567504540659e-09,0.8267997148966499,True,Protein Coding,0.9025003046586397
MMP14,3.923595818475409,5.217733306173999e-72,0.9682769292874924,1.1871007341411257,9.901606581698381e-11,0.8365407460204324,True,Protein Coding,0.9024088375646094
CERS6,3.0099163493238237,3.7679559717913095e-70,0.9886967637758192,0.6952538251366116,1.0286462263403801e-08,0.8161083392729865,True,Protein Coding,0.9024025422418731
PFKP,4.059363284666621,1.7753482262260113e-80,0.9869810939917917,0.8780606153480637,3.6502494338982715e-09,0.8175338560228083,True,Protein Coding,0.9022574717138352
LRCH1,2.8153096346632585,1.3886928141247525e-68,0.984054363183745,0.6563828462817751,3.226444750079366e-09,0.8203848895224518,True,Protein Coding,0.9022196234421366
CSTB,3.4831587297315476,2.4805996197861294e-66,0.9902778712238443,0.508502449512946,3.8722082855936836e-09,0.8139700641482538,True,Protein Coding,0.9021239641928371
TNFSF4,3.4580312150978942,4.1700303344518023e-79,0.96812554665949,0.6477282608695654,1.5891219856171766e-10,0.8360655737704918,True,Protein Coding,0.9020955600716369
CST2,9.29154367557021,7.938524232141214e-85,0.9799502119356792,1.0435439059158949,5.289026202588424e-10,0.8241862675219768,True,Protein Coding,0.9020682392517217
TMEM45B,5.602723635874319,2.5189843316737276e-105,0.9852149633317634,1.1203782252316463,1.0811419459438899e-07,0.8187217866476598,True,Protein Coding,0.9019682774741272
SKAP2,3.6066204736594223,1.857158683425509e-86,0.9846598936957545,0.8661472582561158,1.299559812944589e-08,0.8191969588976005,True,Protein Coding,0.901928414575578
ZDHHC7,1.883827252237098,1.8657357715109832e-31,0.945434972751127,0.6554998812069384,4.835993058510513e-11,0.8583986695177002,True,Protein Coding,0.9019168210907968
NRP2,4.907358699455022,8.782656002802196e-108,0.9920776424678732,1.0663103563791871,7.97188039954468e-09,0.8115942028985508,True,Protein Coding,0.9018359154938839
PLS3,2.9422902307744043,3.7000566254388304e-58,0.9788400726636614,0.7812248039914467,2.5124509251167427e-09,0.8246614397719173,True,Protein Coding,0.9017507539521848
VCAN,5.671135201507098,2.448909080289271e-95,0.979748368431676,1.760345001187929,1.4516937072701159e-08,0.823711095272036,True,Protein Coding,0.9017297187615022
ECM1,4.932942878288367,1.3514738855900554e-99,0.9865942272757856,0.6543867284390599,1.8900305697957623e-09,0.8163459253979567,True,Protein Coding,0.9014700746330652
LOXL2,3.618464596649397,3.906817251065785e-75,0.9805725627396891,0.989198118317888,1.2543153364649105e-09,0.8222855785222143,True,Protein Coding,0.9014290695002753
CACNB3,3.3222298391980085,2.6034670706526552e-73,0.9840543631837448,0.5358074507008794,9.080005127800416e-10,0.8184842005226896,True,Protein Coding,0.9012692810348641
F2R,4.617614909506828,7.053139959029986e-98,0.9862746417277803,0.5866062817771436,2.001472490029934e-09,0.8153955808980755,True,Protein Coding,0.9008351095099312
MGLL,4.436892696629213,1.6577154488974387e-93,0.988444459395815,0.714215312425754,2.4194840258130487e-09,0.8130197196483726,True,Protein Coding,0.9007320873427869
HTATIP2,2.792838356993876,7.243895838967119e-53,0.9866110475677856,0.5765069565217393,1.7712794603614116e-08,0.8144452363981943,True,Protein Coding,0.9005281260321201
CRIP1,6.437314912870886,3.753860639360743e-120,0.9952903182399246,0.6556680731765265,1.8792124697133752e-08,0.8054169636493229,True,Protein Coding,0.9003536240250658
RRAS,3.251439766534348,2.7175377712776702e-61,0.9809426091636951,0.6709074388215734,9.793350429870421e-10,0.819672131147541,True,Protein Coding,0.9003073692739155
CEP55,6.845627366615085,1.2587988823671866e-93,0.9911357061158581,0.7483175100974107,1.0105369097077052e-07,0.809455927773818,True,Protein Coding,0.9002957259666228
GPRC5A,6.639599569400525,1.0226508692742528e-89,0.9585716208033372,1.0094265930149682,4.4104315871853844e-11,0.8420052268947493,True,Protein Coding,0.9002884238093367
LEMD1,9.264969669649464,2.342753041752475e-84,0.9741303909035861,0.701773131385127,3.2907717405110794e-09,0.8263245426467094,True,Protein Coding,0.9002274638127046
THBS2,5.747605308484156,1.6011133554383098e-99,0.9833479109197336,1.531692259444048,2.7151895559113406e-09,0.8170586837728677,True,Protein Coding,0.9002032949020781
STRA6,7.166420561124941,1.3203839397498086e-97,0.9880071318038081,0.5524671798526972,6.00405032036394e-09,0.8123069612734616,True,Protein Coding,0.9001570411340466
KIF14,5.481003693736124,8.332903054652929e-92,0.9801688757316827,0.6230120527441203,5.238016588481259e-07,0.8191969588976005,True,Protein Coding,0.8996824460592371
VSIG1,7.909741357733969,1.2006612867427867e-76,0.9665949000874655,1.5999806058446198,3.735792554655806e-08,0.8327393680209076,True,Protein Coding,0.8996671004444888
P4HA1,2.3486283253717275,8.941616161596928e-43,0.9580165511673282,1.0484702399619854,9.736058039780877e-11,0.8412924685198384,True,Protein Coding,0.8996545097559925
EPSTI1,4.851975425553388,9.40029129856805e-104,0.9898910045078383,0.9502394202898552,3.126668791677539e-09,0.8092183416488476,True,Protein Coding,0.8995546702657334
FER1L4,4.3183540166857295,7.609768423741853e-61,0.9406411895310504,0.7939779341886433,2.6578684989273193e-11,0.8583986695177002,True,Protein Coding,0.8995199295004671
NDC80,5.38584594294557,9.090090131139021e-107,0.993675570207899,0.5874276930387268,1.7976922470075056e-07,0.8049417913993823,True,Protein Coding,0.8993085191356163
CAMK2N1,4.664332887034919,7.627959060803022e-98,0.99249814976788,0.6916227346162991,8.369192716588115e-09,0.8058921358992635,True,Protein Coding,0.8991951353080343
COL8A1,6.094759385722936,2.6550708267926254e-103,0.9793951422996704,1.3716093537657406,1.1200486224728282e-09,0.8187217866476597,True,Protein Coding,0.8990584634666758
CAPN2,2.552880067953981,1.9252543996369186e-44,0.9824059745677184,0.6304276669042528,6.296610540630622e-09,0.8156331670230459,True,Protein Coding,0.8990195651346059
PARP4,2.377933395007737,2.523761473252148e-46,0.9695384511875126,0.698420750772156,9.711602134593838e-09,0.827512473271561,True,Protein Coding,0.898525453503415
GALE,3.1068713045818486,5.3434814618549196e-58,0.9711700195115388,0.6361477619387017,2.785364799485052e-10,0.8258493703967689,True,Protein Coding,0.898509694703886
NUF2,5.2331434669985875,3.2252996776384284e-86,0.993070039695889,0.698235210263721,4.7187652958572114e-07,0.8037538607745307,True,Protein Coding,0.8984115262956966
CENPK,4.011076811545449,3.253009416085109e-76,0.9783186436116531,0.8886348538845339,1.0049427530076489e-08,0.8184842005226894,True,Protein Coding,0.8984014130387512
ADAMTS12,4.891548677925049,7.4023645522587924e-96,0.975072327255601,1.143878336897127,4.92391210266962e-10,0.8215728201473034,True,Protein Coding,0.898322573259126
FANCI,2.7707615454484293,3.349169687231018e-66,0.9823891542757182,0.662242998336898,1.8251593165544036e-08,0.8142076502732241,True,Protein Coding,0.8982983858790942
CCNB2,5.042210748166589,3.692937632077978e-113,0.9871156563277937,0.8004152839154202,5.6678208069827874e-08,0.8094559277738179,True,Protein Coding,0.8982857411375769
RSAD2,3.316116803471708,2.5786951720717417e-66,0.9594630962793516,0.920433661202186,3.2353466939818246e-10,0.8370159182703731,True,Protein Coding,0.8982395069842507
RAD21,2.3715047063177024,1.2354511092931964e-45,0.9808248671196932,0.5489200000000007,1.7609571721299895e-08,0.8156331670230459,True,Protein Coding,0.8982290012539413
PRR11,4.721218603242952,1.0265348897449434e-114,0.9942811007199085,0.6327068591114284,5.448577879777387e-08,0.8020907578997385,True,Protein Coding,0.8981858803714637
NEK7,1.7903523716611716,8.1492492472288e-40,0.9568391307273094,0.5878856569256348,6.422115135677092e-09,0.839391779520076,True,Protein Coding,0.8981154493558918
ENDOD1,3.0904478066339225,5.538333481974895e-72,0.9788400726636614,0.5010348182466142,6.544684874462991e-09,0.817296269897838,True,Protein Coding,0.8980681654031765
RAB31,4.348218206284062,3.444880914961024e-88,0.9807071250756914,0.897613701591828,6.885302050712054e-09,0.8153955808980755,True,Protein Coding,0.8980513468035287
AHR,3.8331490345152393,2.0058660823066156e-83,0.9854336271277669,0.8032858066048929,7.225475985106053e-08,0.8104062722736992,True,Protein Coding,0.8979198848217428
DHFR,3.366793255062908,8.367088091181356e-84,0.9928345556078852,0.527560441910194,1.5312065601900519e-06,0.8028035162746496,True,Protein Coding,0.8978176611948697
ACVR1,2.819571839467134,2.5919337099001953e-61,0.9826078180717217,0.5874714991684478,6.00405032036394e-09,0.8130197196483725,True,Protein Coding,0.897813763469528
PPEF1,4.225124402879634,1.4022979943161429e-55,0.9668472044674696,0.6020676835352812,1.0052375851281584e-09,0.8287004038964124,True,Protein Coding,0.897773803279465
NCAPG2,2.469461764112225,3.043547879267821e-59,0.9763674897396217,0.5653157899738659,2.097875741845212e-08,0.8189593727726301,True,Protein Coding,0.8976634124242625
RASA1,1.858021721725089,6.549499250084181e-35,0.9610778443113771,0.6380353789498683,1.0249155597724208e-09,0.8341648847707295,True,Protein Coding,0.8976213636210673
PERP,3.053950783825607,7.470188985500249e-60,0.9880744129718091,0.6594473200285087,7.774214192812852e-08,0.8070800665241149,True,Protein Coding,0.8975771699683848
ETV1,3.914854591939716,4.9367327994947335e-92,0.9844748704837516,1.0159350890947962,3.25259259738676e-09,0.809455927773818,True,Protein Coding,0.8969653962113218
INHBA,7.309090600820831,3.4772406601036394e-126,0.99249814976788,1.375062176288906,1.5931912386394125e-08,0.8011404133998574,True,Protein Coding,0.8968192672958225
CAST,2.470694116261858,4.4935283545222115e-43,0.9760983650676176,0.6318018341648841,1.0273457971234542e-08,0.8175338560228084,True,Protein Coding,0.8968161013318104
VCL,2.4556528661777564,4.546737741725883e-47,0.9717082688555474,0.7184099120931338,2.033035718969189e-08,0.8218104062722738,True,Protein Coding,0.896759319332473
YWHAB,2.7529484256206684,3.0154468162555243e-50,0.9901769494718428,0.559412190544073,9.872080800284363e-08,0.8032786885245903,True,Protein Coding,0.8967277304725217
GOLM1,3.2759502523043804,4.941032956718019e-60,0.9868801722397901,0.6877088500831539,7.958027919028403e-09,0.8063673081492041,True,Protein Coding,0.8966237330591403
PTBP3,2.6590755836641327,1.2664304994841758e-56,0.9849626589517593,0.6458501520551181,2.7924034760219703e-08,0.8082679971489665,True,Protein Coding,0.8966153030132452
ARL6IP1,3.07786272286887,3.877000995512845e-58,0.9868297113637893,0.5068167521976719,7.701944062215939e-09,0.8063673081492041,True,Protein Coding,0.8965985028509451
FANCD2,2.1546701372535826,2.507701676772084e-45,0.9566204669313059,0.650276961273462,2.2127727356744485e-10,0.8360655737704917,True,Protein Coding,0.8963430201525585
TWSG1,3.2554292134831466,8.589238667974224e-79,0.9879230303438068,0.5639776645283909,1.3174180414821913e-08,0.804704205274412,True,Protein Coding,0.896313606000912
SPTLC2,2.9146929186570674,3.3169713268146043e-69,0.9888313261118212,0.6369566595390834,3.0579379756037206e-07,0.8037538607745308,True,Protein Coding,0.8962923193624602
OAS3,3.8812993271883203,1.5516259530352867e-83,0.9819013658077104,0.6038651793775234,4.42796236773892e-09,0.8106438583986696,True,Protein Coding,0.8962726081345286
HIST1H3H,5.632554810603512,1.1556466797395842e-61,0.9674695552714795,0.7661235245901641,2.0115268811155912e-07,0.8248990258968876,True,Protein Coding,0.8961841103143044
TMOD3,2.5545436015609226,4.722390983124361e-55,0.9769057390836305,0.5153542694226667,1.0599333841861733e-08,0.8153955808980755,True,Protein Coding,0.8961506504922531
ARHGAP1,2.2928681793715953,2.9245316739839277e-41,0.9754423736796071,0.576031408885723,3.846792937139509e-08,0.8168210976478973,True,Protein Coding,0.8961317011914198
DGKH,2.752404982170491,1.1343361042478957e-70,0.9788905335396623,1.0195034640057035,9.298878578290859e-09,0.8130197196483725,True,Protein Coding,0.8959551182626394
DPY19L1,2.6287886395747826,2.302452705061479e-61,0.9815313193837045,0.6382441268709904,1.478480173867565e-08,0.810168686148729,True,Protein Coding,0.895849989521252
CDC42BPA,2.0498219673013525,6.701787162010206e-43,0.972751126959564,0.5564880755523856,6.822088344257811e-08,0.8184842005226893,True,Protein Coding,0.8956176026412983
ARMC9,2.518135157774339,4.155198283883317e-57,0.9825068963197201,0.5988159040152059,6.348619299349814e-09,0.8085055832739368,True,Protein Coding,0.8955062341116004
PI3,7.1382457511942405,1.9489777955733096e-74,0.9570073336473122,0.7328657448325022,6.00405032036394e-09,0.8339272986457591,True,Protein Coding,0.8954673107701048
TMEM133,3.471813947386127,5.708804568077784e-86,0.9770739420036332,0.8582379187455453,3.080589549764267e-08,0.8134948918983131,True,Protein Coding,0.895284389370935
SLC16A4,4.397477450716544,1.908291665082921e-94,0.9830115050797281,0.8753903064861,6.017005214196201e-09,0.8073176526490853,True,Protein Coding,0.8951645734781968
MET,3.3430843436722073,7.029805187955654e-65,0.9509352082352149,1.3542566809218348,4.023547880365161e-11,0.8391541933951057,True,Protein Coding,0.8950447007791478
ZC2HC1A,2.0836656125950346,6.033522777726044e-44,0.9548879768552782,0.6870425968163465,4.46394134741996e-10,0.8351152292706105,True,Protein Coding,0.8950016026634209
PRC1,2.4482746753683644,1.849219167107599e-50,0.9726165646235618,0.6831079496317427,1.5931912386394125e-08,0.8168210976478973,True,Protein Coding,0.8947188168811476
SGPP2,4.03385828567584,1.6801483809826076e-86,0.9724483617035592,0.8674134663815627,1.9869568193278713e-09,0.8168210976478972,True,Protein Coding,0.8946347278981276
NT5E,4.9467025970530845,4.206214022358745e-109,0.9889658884478234,1.2388019648372541,1.0689746986926876e-08,0.7997148966500357,True,Protein Coding,0.894340382988657
DTL,5.011429415326651,5.063014185477847e-74,0.9911861669918589,0.624555996673795,3.3267232106411497e-07,0.7973390354003326,True,Protein Coding,0.8942623036996805
FAT1,2.454949465114713,1.0417099512095752e-43,0.9630626387674092,0.7834249703017351,2.5696135011738248e-09,0.8246614397719173,True,Protein Coding,0.8938620369727832
LIPH,3.8112118448496264,1.4020497282634203e-64,0.960371392047366,1.4746664742219027,1.6073033948328753e-09,0.8265621287716798,True,Protein Coding,0.8934667589734507
KCNK1,4.062231588508377,1.4791695777072835e-85,0.9800847742716814,0.7447138512710865,4.438391079950305e-09,0.8068424803991446,True,Protein Coding,0.8934636233698721
TNIK,2.5504338558837385,8.123408620762615e-55,0.9642905200834287,0.7349490757899746,1.8055760898077342e-08,0.8225231646471847,True,Protein Coding,0.8934068262341665
RAI14,2.7226537105564157,1.35801310655238e-59,0.9717587297315481,0.9455792183416483,1.0860155336394004e-09,0.8149204086481351,True,Protein Coding,0.893339568219661
ITPR3,2.5856613436049245,1.2400706151204178e-46,0.9357969454349728,0.7933461582323575,1.1239110658999378e-10,0.8505583273936802,True,Protein Coding,0.8931776363139412
KYNU,5.813112416739555,1.095210925738695e-105,0.9851813227477628,1.1749380684248063,1.8457101124493303e-08,0.8011404133998574,True,Protein Coding,0.8931608515886497
DCBLD2,2.6856495895848758,7.014875782816232e-50,0.9487822108591806,1.0971434497505346,2.0684044166515984e-10,0.8374910905203137,True,Protein Coding,0.8931366505050103
PLEKHB2,2.426476061360425,4.869482965111232e-49,0.987250218663796,0.5327591541933936,1.1200079033439359e-07,0.7987645521501544,True,Protein Coding,0.8930072853894423
CYP2C18,7.460715104622216,3.1803613059397766e-78,0.9623898270873982,1.2591827583749113,1.33127043646895e-07,0.8234735091470657,True,Protein Coding,0.8929315492438787
PTPN12,2.19288980353899,2.190083905247219e-39,0.9651147143914418,0.6956480019006905,1.603247841171511e-08,0.8203848895224519,True,Protein Coding,0.8927497876439549
DEPDC1B,5.299510667429187,7.638591383982377e-90,0.985753212675772,0.6201251817533855,4.870185276240336e-07,0.7997148966500357,True,Protein Coding,0.8927336198848791
ACTN1,2.860349465114715,2.16982039810277e-49,0.9809257888716948,0.8875183131385134,2.567462059642543e-08,0.8044666191494416,True,Protein Coding,0.8926961810909317
TRIM31,6.657594378658413,3.082709976329074e-85,0.966073471035457,1.2710533206620722,1.0689746986926876e-08,0.8191969588976004,True,Protein Coding,0.892635205424484
FHL2,5.055613119827759,4.5156415844753735e-102,0.9918253380878692,0.6143230648610114,7.167826225111213e-08,0.7933000712758375,True,Protein Coding,0.8925626407045099
IL2RG,6.170027652560048,2.0755909378586235e-119,0.9872333983717957,0.9880894844381078,2.0397031550637478e-08,0.7978142076502731,True,Protein Coding,0.8925237848061983
KDM5B,1.9644627598735114,3.599582213729824e-39,0.9668808450514701,0.5230161511047742,2.2906648244480525e-09,0.8180090282727488,True,Protein Coding,0.8924449346178173
CALU,2.468475967166791,3.49280940977247e-45,0.9766534347036264,0.8357273889284871,9.529530447863705e-09,0.8075552387740556,True,Protein Coding,0.8921043282375055
MAP4K4,3.130812887707731,3.192830040206857e-66,0.9883603579358137,0.8538855452601561,2.1229703373105778e-07,0.7956759325255406,True,Protein Coding,0.8920179558578709
KCND2,4.247832870214628,1.2077798984411321e-77,0.9702449034515239,0.6789639225469224,1.353392878372699e-08,0.8137324780232834,True,Protein Coding,0.8919886786652923
ZNFX1,2.791127847675436,6.419520389054184e-64,0.9870988360357936,0.6081581872178683,4.82990376844403e-07,0.796863863150392,True,Protein Coding,0.8919809187746847
TRAK1,2.911829657538855,1.4131886053908972e-63,0.9850972212877616,0.6629470087906855,1.6324022924586498e-08,0.7987645521501545,True,Protein Coding,0.8919308721590578
CCL20,5.77103797349122,3.646642958130561e-65,0.9553757653232862,1.2631830814920422,3.9011900670832896e-08,0.8282252316464719,True,Protein Coding,0.8918004636940465
ADAM19,4.797949818340847,2.0295854383952727e-103,0.981127632375698,0.7558750582086002,9.629666700817548e-09,0.8023283440247089,True,Protein Coding,0.8917279796131601
GPD2,2.190674140483079,7.230339619514301e-49,0.9795465249276727,0.6034211926823483,1.2058465271672193e-07,0.8037538607745308,True,Protein Coding,0.8916500853317729
MATN3,6.218921977393528,8.541992743839585e-102,0.9836002152997375,1.2314796103587535,1.4747146797436241e-08,0.7994773105250653,True,Protein Coding,0.8915387497647483
ANTXR2,3.418504262261992,4.6002101434943414e-83,0.9588575657673417,1.0283505060584446,3.251561564713071e-09,0.8241862675219768,True,Protein Coding,0.8915219137458209
ZNF860,4.675365407387473,5.639105644157484e-76,0.9825237166117203,0.6074531147540991,1.160978648033616e-07,0.8004276550249466,True,Protein Coding,0.8914755823199099
CYB5B,2.7247610442037278,4.29136550781023e-54,0.9895882392518334,0.5036471109527216,1.5867455273572871e-07,0.7930624851508671,True,Protein Coding,0.891325220770697
DCBLD1,2.0134696763775812,3.0942547738266387e-41,0.9581511135033304,0.7150127037301006,1.0052375851281584e-09,0.824423853646947,True,Protein Coding,0.8912874826791831
CTTNBP2NL,3.0338280629751733,1.0053270118321263e-71,0.9798324698916773,0.5663344214777855,1.4781059876022052e-08,0.8026847232121644,True,Protein Coding,0.8912585833781742
SLC22A3,4.567738168606607,1.3625750979764727e-84,0.965434299939447,1.1269864005702064,2.3367585895099983e-09,0.8170586837728676,True,Protein Coding,0.8912464897735295
RHOF,3.729495653636547,3.2082927932940186e-84,0.9784195653636546,0.510287006414825,1.3422735325671349e-08,0.8037538607745308,True,Protein Coding,0.8910867011082716
SLC25A24,2.7196393729395143,1.2876974607108568e-58,0.9734239386395747,0.5698504632929433,5.182320386013644e-08,0.8087431693989071,True,Protein Coding,0.8910835078404362
C1GALT1,3.0850003061293143,6.668100571442847e-70,0.9870315548677925,0.612866923259682,3.089933534220878e-07,0.7949631741506296,True,Protein Coding,0.8909970891969475
ATP2C1,2.2060085817129784,1.0101063654336225e-40,0.9781840812756509,0.5056042385364687,5.448577879777387e-08,0.8037538607745308,True,Protein Coding,0.8909689224799526
BGN,4.61890540604185,1.7632481290720077e-76,0.9838020588037408,1.2279140698503195,4.3167581697355544e-08,0.7978142076502732,True,Protein Coding,0.8908080947729742
COL12A1,4.877151308618717,1.2021036961832552e-89,0.9741640314875866,1.6498282418626733,4.503014951907768e-09,0.807080066524115,True,Protein Coding,0.8906220449953663
PSMD1,2.563375479378322,1.4861176131017313e-50,0.9911188858238579,0.5154119933475894,7.183897188914245e-07,0.7899738655262533,True,Protein Coding,0.8905457359156951
WDHD1,2.7577899650137927,1.2058428144432643e-47,0.9780663392316491,0.6059575742456658,6.896921080883583e-08,0.8028035162746496,True,Protein Coding,0.8904348663405551
VSIG2,6.695888912063514,3.5961267299480144e-94,0.9642568794994282,0.5949681848420054,9.905972022329973e-09,0.8165835115229271,True,Protein Coding,0.8904201866907001
GAN,1.5933329206755031,9.524069330024905e-40,0.9388245979950213,0.6000540817296249,3.36993823202165e-10,0.8417676407697791,True,Protein Coding,0.8902961190823758
ADGRF1,6.8026349021059005,2.0802753922911004e-73,0.9629785373074076,1.3791107008790688,3.464960461198153e-10,0.8175338560228083,True,Protein Coding,0.8902561963566377
AEBP1,4.3908285473995825,1.4330663229805038e-76,0.972381080535558,1.0748111974340695,8.749040307795885e-09,0.8080304110239962,True,Protein Coding,0.8902057379913313
RAD51AP1,3.5941173921819285,1.1443005854534294e-73,0.9810771714996972,0.5669857044428608,1.9462858201163334e-07,0.799239724400095,True,Protein Coding,0.8901582746996196
CHEK1,2.5454727174863754,7.194132700835666e-66,0.9881585144318106,0.5795240342124011,1.8636566275715376e-07,0.792112140650986,True,Protein Coding,0.890135161650738
TGM2,3.9257936116530985,6.160458723404161e-59,0.9523985736392383,1.2623196555001188,3.2713735075756326e-09,0.8277500593965312,True,Protein Coding,0.8900743136061193
CCNA2,3.630361094664603,5.242258495595601e-86,0.9827255601157235,0.6004362461392252,5.587740850058443e-07,0.796863863150392,True,Protein Coding,0.889794214438832
LDHA,2.968822902509589,6.935436285369025e-42,0.9538787593352619,0.8336096056070303,8.0774181978361e-09,0.8256117842717986,True,Protein Coding,0.8897452646166856
RARRES3,4.833516648725021,4.293116453366286e-85,0.9904124335598465,0.6068959824186289,1.0761051225257621e-07,0.789023521026372,True,Protein Coding,0.8897178815501019
ACTB,3.747788558837378,5.272258544773504e-53,0.9937092107918993,0.65926992397244,7.977362662167811e-07,0.7856973152767878,True,Protein Coding,0.8897025532857844
GBP4,3.917404265626051,8.105062373177823e-91,0.986947453407791,0.8328966239011626,1.4464359485390995e-07,0.792112140650986,True,Protein Coding,0.8895296683646009
ENO1,3.14004131736527,3.752860048090626e-49,0.9921953845118752,0.8517053480636729,3.1792373031225696e-07,0.7864100736516988,True,Protein Coding,0.8893024463513459
MR1,3.348262366278679,2.421912244194093e-78,0.9895545986678328,0.6360213566167738,1.3495939408226194e-07,0.7887859349014018,True,Protein Coding,0.8891701467827369
NPR3,4.262338131601965,2.4517894977248732e-82,0.9692693265155083,1.209425557139462,5.756705125180184e-09,0.8087431693989071,True,Protein Coding,0.889006242839461
ADSS,2.0692172744398842,4.404592338346106e-40,0.9757619592276121,0.5240052482774997,3.3267232106411497e-07,0.8020907578997386,True,Protein Coding,0.8889260628424803
MSLN,10.09677201439817,6.886833615156377e-100,0.9719101123595505,0.8181836944642438,4.1714986448297885e-09,0.8056545497742932,True,Protein Coding,0.8887823273593676
FOXQ1,3.88408662786786,3.144091788607033e-59,0.944745340779116,0.9997454430981225,5.70734631933294e-10,0.8327393680209075,True,Protein Coding,0.8887423538927757
DDX60L,2.099600719908497,6.178208902464958e-43,0.9622216241673955,0.9631044452363966,1.4608146111457513e-08,0.8149204086481349,True,Protein Coding,0.8885710034273899
TES,2.386037764919599,2.729621012986462e-45,0.9654679405234474,0.6598700403896425,1.593351106418016e-08,0.8115942028985508,True,Protein Coding,0.8885310575535794
CDK1,5.157420998452533,1.0217647040568073e-106,0.9939446948799031,0.6671180470420524,2.868607212554586e-06,0.7830838679021146,True,Protein Coding,0.8885117325925328
IL1RN,6.045083583395007,4.2847521535116e-102,0.9702785440355245,0.8281008766928002,9.027794810195776e-09,0.8066048942741745,True,Protein Coding,0.8884417111341799
BHLHE41,2.9870117674762833,2.2883817743965202e-62,0.9743995155755903,0.6870553789498688,3.019894778786285e-08,0.802328344024709,True,Protein Coding,0.8883639029724937
SFXN1,2.0529107885352893,9.988923219556005e-44,0.9756946780596111,0.519312064623425,7.056710123276781e-08,0.800902827274887,True,Protein Coding,0.888298689982581
BZW1,2.7408931743255063,2.3216729759770987e-52,0.9814135773397026,0.5623715205511992,2.486120924105292e-07,0.7950819672131146,True,Protein Coding,0.8882475514472714
PLA2G16,3.0838068492229023,6.240904034789078e-58,0.9834824732557357,0.5186559277738176,2.5377254088312897e-07,0.7928248990258969,True,Protein Coding,0.8881534607517988
VDR,4.114847547601426,5.995525621206178e-98,0.9867960707797888,0.5728822903302451,6.6845059600522e-08,0.7894986932763127,True,Protein Coding,0.8881473226597861
SIM2,3.94934299939447,1.393240753733435e-75,0.9876202650878019,0.5562519173200289,5.735913254160878e-08,0.7885483487764314,True,Protein Coding,0.8880842559923712
BPNT1,2.9939186436116527,5.600031160616508e-70,0.9916066742918658,0.5199483772867666,4.417902970433379e-06,0.7845093846519362,True,Protein Coding,0.8880541061176946
MAST2,2.256668771445872,4.034245711176871e-46,0.9672508914754759,0.5096147517224985,1.1717992243586519e-08,0.8087431693989071,True,Protein Coding,0.8879970200316493
KIAA1524,3.2100937226670254,4.125454618765558e-85,0.9778813160196461,0.6360988334521265,1.1410782486200239e-07,0.7980517937752436,True,Protein Coding,0.8879664535735128
NPC1,2.012971789006257,5.330473292627267e-38,0.9681087263674897,0.7948975766215263,7.202627303957993e-08,0.8077928248990259,True,Protein Coding,0.8879507116774729
PATL1,1.901299650137927,2.8524490735706697e-37,0.9567213886833076,0.5015419434545016,4.216486928135425e-09,0.8187217866476597,True,Protein Coding,0.8877215839224171
SUGCT,4.688423709883604,1.0411809449350754e-87,0.9765020520756243,0.6060376977904487,5.135969209192441e-09,0.7987645521501544,True,Protein Coding,0.8876332975540321
NCAPG,4.816230686940726,2.989022731797853e-97,0.988814505819821,0.775053578047042,6.193507763493929e-07,0.7864100736516988,True,Protein Coding,0.8876117399923992
TPI1,2.5103876505416114,8.777098387751864e-38,0.9896050595438336,0.5712524851508682,7.604986009817504e-08,0.7854597291518175,True,Protein Coding,0.887532326851111
ARHGAP42,3.5523823588777503,6.773745913834848e-84,0.9711363789275382,0.5448091589451174,6.415093795929941e-08,0.8037538607745307,True,Protein Coding,0.8874450629205975
FAM72A,3.7644702179909846,8.194573654638235e-56,0.9877043665478034,0.6139802518412925,3.7246070576959376e-07,0.7871228320266097,True,Protein Coding,0.8874132687605111
ARL4C,4.195261989504138,1.9473521627030314e-87,0.9767711767476283,0.8434686101211684,1.6196149654156318e-08,0.7980517937752435,True,Protein Coding,0.8874114708887867
KIF26B,5.4283354134427775,7.631661875068495e-118,0.9888649666958218,0.678089204086481,1.4259190778828993e-07,0.785934901401758,True,Protein Coding,0.8873998075127403
KIF18A,4.067732624638364,1.6178185397907037e-95,0.9806398439076903,0.595718127821335,6.48006507075452e-07,0.7940128296507484,True,Protein Coding,0.8873257617859792
TFAP2A,5.183940782479984,4.536810016963831e-99,0.9813967570477024,0.6007826752197665,2.5575152353184672e-08,0.7928248990258969,True,Protein Coding,0.887110805348805
YEATS2,1.6033841283724684,4.541757604908812e-31,0.9491354369911862,0.5707135923022104,2.8807454056176613e-09,0.8246614397719172,True,Protein Coding,0.8868984358266231
KIF11,4.233859035860863,7.352025778104219e-106,0.99312050057189,0.5949035043953432,1.5714010125087328e-06,0.7804704205274412,True,Protein Coding,0.886794067038381
MCM4,2.3107691213079455,2.201022963860476e-46,0.9657875260714526,0.5262244689950109,2.087102675149129e-07,0.8075552387740556,True,Protein Coding,0.8866711973653327
CIT,2.715166739554599,8.297923282814215e-57,0.9618515777433896,0.5104328629128054,1.088233993706635e-08,0.8111190306486102,True,Protein Coding,0.8864852945489655
FAM26E,4.033395075018503,9.457491293881264e-101,0.9831965282917311,0.7867639082917561,5.7336897840132556e-08,0.789736279401283,True,Protein Coding,0.8864663530192736
GABRP,7.356478880441365,5.162066085237474e-75,0.9591435107313463,1.8618975124732708,4.896632936260884e-09,0.8137324780232833,True,Protein Coding,0.8864379900367533
ARPC1B,3.6635266500706463,2.280862842371527e-64,0.9923299468478772,0.6546504846756962,1.0951623020583437e-07,0.7804704205274412,True,Protein Coding,0.8864000866124526
HDAC1,2.0955722397900827,2.149128690153997e-35,0.980185696023683,0.5642397980517924,3.735792554655806e-08,0.7925873129009267,True,Protein Coding,0.8863864713487438
MAL2,3.2228762228352283,2.5313855683155067e-60,0.9808585077036936,0.9085494250415778,2.572693833104575e-06,0.7913993822760751,True,Protein Coding,0.8861266652514123
PADI1,8.016432903855211,8.91253771575782e-72,0.9536937361232591,1.143900392017105,1.1951963970285746e-09,0.8184842005226896,True,Protein Coding,0.886088967263924
WDR1,2.7788564085312517,1.3589780369639345e-49,0.9867119693197874,0.5325775789973877,1.34633728873193e-06,0.7854597291518176,True,Protein Coding,0.8860846562653827
ATAD2,2.4249287896117875,2.012907446500653e-59,0.9771580434636344,0.5902421240199578,3.6243099794813423e-07,0.7949631741506297,True,Protein Coding,0.8860602876713014
FOXL1,7.549802613873378,1.6438109876332185e-113,0.9930868599878893,0.5104144880019001,2.551650227450473e-07,0.7783321454027085,True,Protein Coding,0.8857092766932134
SHCBP1,4.5489043059947525,3.206083654842465e-82,0.9823891542757182,0.7367754692325965,3.1876354351108837e-07,0.7890235210263721,True,Protein Coding,0.8857060553201543
DHRS9,7.499993325708135,1.4301797429043728e-84,0.9814303976317029,1.253235117605132,4.3882030735022334e-08,0.789736279401283,True,Protein Coding,0.8855832996552976
PON2,2.1190161441162623,2.15824304465627e-36,0.9662080333714593,0.5852466191494416,2.033035718969189e-08,0.8047042052744119,True,Protein Coding,0.8854561013212964
GPX8,3.4631343470362648,3.1847713245324786e-75,0.9711363789275381,1.0833929959610336,1.7735490418946665e-08,0.7990021382751248,True,Protein Coding,0.8850692429041941
PGM2,2.3424064522640116,3.278828716121565e-51,0.9677386799434838,0.6218648134948914,1.2685599518425875e-07,0.802328344024709,True,Protein Coding,0.8850333997122896
UBE2C,7.228459308349594,3.662717380943784e-79,0.9942306398439077,0.6159906985032073,5.38955789308296e-07,0.7757186980280352,True,Protein Coding,0.8849741919737502
AK4,4.60719602368297,3.919133387437167e-93,0.9790250958756644,0.5861119493941551,5.355498223123964e-08,0.7904490377761939,True,Protein Coding,0.8847370194438512
MCM6,2.956104161340241,9.60583015154614e-70,0.9934569064118952,0.558072934188643,2.777147171143159e-07,0.7757186980280352,True,Protein Coding,0.8845875565569139
TAP1,3.1130749613133277,3.8819140542887177e-60,0.9774103478436386,0.5616076407697772,1.246373675873989e-07,0.7916369684010455,True,Protein Coding,0.8845235478776418
SULF2,4.770973366749646,1.5950742113403893e-93,0.9924981497678799,1.0905409788548361,2.757869771400868e-07,0.776431456402946,True,Protein Coding,0.8844645591615385
CTSB,3.5799245004373272,1.0996984847667445e-59,0.9947520688959162,0.839937251128533,5.951008029210678e-07,0.7740555951532431,True,Protein Coding,0.884403305715149
ADAM28,3.908382769292875,8.300288764326655e-69,0.9571587162753146,1.2280712758374897,4.022606920925945e-09,0.8115942028985507,True,Protein Coding,0.8843764560294337
PGM2L1,2.5237682769292875,9.284620097616164e-57,0.9566036466393055,0.8300380684248045,4.351143493622933e-09,0.8120693751484913,True,Protein Coding,0.8843365070460234
COL5A2,5.343861939043261,2.0858436800251167e-104,0.9867119693197874,1.3648090710382519,7.162605244692362e-08,0.781895937277263,True,Protein Coding,0.884303889959324
ANXA8L1,6.098039366211398,1.0059871090693726e-58,0.9399010966830385,1.3290043066444914,3.131380566789621e-09,0.8287004038964125,True,Protein Coding,0.8843007475206434
SIPA1L1,1.744183347910921,1.2237302940241483e-30,0.9664771580434637,0.543499717272514,4.742678123574155e-07,0.8009028272748873,True,Protein Coding,0.8836895735534559
MMP9,7.7557273497947925,1.2864857208664343e-115,0.9973255735719573,0.7886111712995953,4.725774296394253e-07,0.7697790449037777,True,Protein Coding,0.8835518916909881
SEC23A,2.6329562739689165,1.0447026129851987e-57,0.974315414115589,0.7339629745782839,7.3915700058616e-08,0.7925873129009267,True,Protein Coding,0.8834512982073318
GCNT3,7.346147423131265,1.8579045265247997e-94,0.9776458319316423,1.3391473461629841,1.1410782486200239e-07,0.7890235210263721,True,Protein Coding,0.8833345756836086
EIF2AK2,2.1841334992935475,1.4977493811112538e-48,0.9723306196595572,0.5679384057971024,7.873743679871528e-08,0.7942504157757186,True,Protein Coding,0.8832904481696067
DAPP1,5.662225597120367,8.616583303088417e-102,0.9767207158716275,0.6131385958660021,6.548159492745513e-08,0.789736279401283,True,Protein Coding,0.8832284398012445
AGMO,6.957455251295161,1.4735105290615602e-84,0.9775280898876405,0.661601967213115,1.6983806910936262e-05,0.7886671418389166,True,Protein Coding,0.8830826175038873
ACSL3,2.5927602536500025,1.1185725709538376e-53,0.9880575926798089,0.5613017343787101,2.0572792500333304e-06,0.7778569731527678,True,Protein Coding,0.8829554664265915
ENTPD1,3.7863991522572835,7.177398323600112e-92,0.9900423871358407,0.847431672606322,2.2471078952776527e-07,0.7757186980280353,True,Protein Coding,0.8828803441891542
IFI6,4.84530861871762,2.7504213683261094e-77,0.985753212675772,0.7802435471608451,8.639641718542002e-08,0.7797576621525303,True,Protein Coding,0.8827553611472441
CHML,1.9418901231245376,7.366995079172138e-45,0.9462087061831393,0.6346140841054879,1.7245772954788887e-08,0.8191969588976004,True,Protein Coding,0.8827028173174772
TSC22D1,2.8048522169144854,2.2393161721009117e-81,0.9720110341115522,0.7015341910192454,4.193892236406192e-08,0.7933000712758376,True,Protein Coding,0.8826555156760723
C11orf80,2.276170614949876,3.232660750182721e-45,0.9554094059072866,0.5339745735329053,7.069312926027339e-09,0.809455927773818,True,Protein Coding,0.8824326606023597
IGFBP5,4.156573383569939,2.5455020483818936e-70,0.9667631030074681,1.4884163554288419,3.8962832323727756e-08,0.7980517937752435,True,Protein Coding,0.8824074140102623
ZNF532,2.3092420069972417,3.163342121681796e-45,0.9476720715871627,0.6714148134948905,1.3822130136317709e-08,0.8170586837728676,True,Protein Coding,0.882365365483846
LAMP5,7.3425998553454885,6.86509558186552e-106,0.9836338558837381,1.1619840532192942,1.6931792897537415e-07,0.7809455927773818,True,Protein Coding,0.882289574943091
TRIP13,3.4009496736863354,7.655927880494436e-83,0.973810805355581,0.5100766500356388,2.2986150015024632e-07,0.7902114516512235,True,Protein Coding,0.8820109257630011
SMURF1,1.7933488764044938,2.5084887539353643e-30,0.9374957949269999,0.5166524590163943,1.8538835078984398e-08,0.826086956521739,True,Protein Coding,0.8817913593769845
CDHR2,6.94920761286416,2.9026923775020536e-100,0.979933391643679,0.6869931836540739,3.9949234358101156e-05,0.7835590401520551,True,Protein Coding,0.8817109908116437
TUBB,2.582432934131737,1.1352515549775792e-40,0.9888649666958219,0.5332817177476823,2.175246766680459e-06,0.7745307674031836,True,Protein Coding,0.8816959491390683
TBL1XR1,1.8060045011101393,3.88214572195084e-33,0.9658043463634528,0.5236206343549545,7.454931306332958e-07,0.797576621525303,True,Protein Coding,0.8816898266501787
B4GALT4,2.478658628809796,3.738552125673792e-51,0.9886294826078181,0.5415472772630077,1.0530076300348006e-07,0.7745307674031837,True,Protein Coding,0.881580032174441
MSMO1,2.6835345858844115,1.1790728241851874e-49,0.9762665679876202,0.7644454977429325,6.638939499432631e-08,0.7868852459016393,True,Protein Coding,0.8815758484173387
MPZL2,2.6869268350938578,3.3766292370462964e-45,0.9223238915427571,0.8982402542171508,2.3386259242367773e-10,0.8408172962698979,True,Protein Coding,0.881570593700161
PMEPA1,3.483698751934334,4.6652127454099116e-61,0.9625243894234004,0.7845056711808036,3.436332579738673e-08,0.8001900688999762,True,Protein Coding,0.8813571988753226
ABLIM3,3.7066098600551705,1.4437578250120445e-79,0.9748200228755971,0.6525038417676425,2.4971500936561288e-06,0.7875980042765502,True,Protein Coding,0.8812068130649029
BMPR2,2.8008653939312382,6.993160420409067e-67,0.9825741774877211,0.6411256593014949,1.1302045914098985e-06,0.77952007602756,True,Protein Coding,0.8810461309941326
MUC13,5.7893371963937295,2.21934550160012e-88,0.9718596514835499,1.505711387502969,5.02926572687975e-07,0.7902114516512238,True,Protein Coding,0.8810351084711965
LBH,3.87246269932046,3.0807187196087015e-78,0.9798324698916773,0.6725544357329527,1.3467636000523545e-07,0.7821335234022333,True,Protein Coding,0.8809828779993721
DPYSL3,5.0255295397968105,2.302226326497903e-106,0.9904797147278477,1.1041630981230695,3.032577803156542e-07,0.7714421477785698,True,Protein Coding,0.8809606640949522
ALDOC,3.355505910650608,1.22272688139987e-72,0.9835833950077373,0.5871031313851285,1.8561066920668782e-07,0.7780945592777382,True,Protein Coding,0.8808388136496258
MX2,3.072373134629616,4.433587134140219e-60,0.9559644755432954,0.8187508030411026,4.3167581697355544e-08,0.8056545497742932,True,Protein Coding,0.8808094746363776
MOCOS,2.655476280024221,2.6628895715302953e-55,0.9421718361030748,0.5154678712283189,1.1358772855380085e-06,0.8194345450225706,True,Protein Coding,0.8808021900784854
ATP2C2,4.0667965114714395,2.2241189147066843e-61,0.9590257686873445,0.7867844238536454,6.822088344257811e-08,0.8025659301496793,True,Protein Coding,0.8807957893298408
HPGD,5.805965491488932,1.0214246174881171e-103,0.9837852385117406,1.06094794488002,1.1878077406409636e-05,0.7776193870277976,True,Protein Coding,0.8806918517195259
XAF1,2.624950941936352,1.2576594547323008e-37,0.903434703626455,0.955202126395819,1.6148644912785595e-11,0.8576859111427892,True,Protein Coding,0.8805603073704023
DIO2,4.4232657202449035,2.1229973642558727e-83,0.9734743995155756,0.6084577643145646,8.601415286350206e-08,0.7875980042765504,True,Protein Coding,0.8805361261574874
TMC5,5.790512097154007,4.5557884631698647e-82,0.9632140213954115,1.5531858256117834,2.8069264735593534e-08,0.7978142076502732,True,Protein Coding,0.8805140898074586
MB21D1,3.0440612056785303,1.9810469107297346e-76,0.9716746282715468,0.5144426490852938,2.2289112086093267e-06,0.7892611071513423,True,Protein Coding,0.8804659052267454
SMC4,1.766619514902779,3.515815880656649e-33,0.9497241472111955,0.6348749726775953,3.611953059458958e-08,0.81111903064861,True,Protein Coding,0.8804215571294882
MCU,2.973367916975038,1.1717598122600372e-63,0.9853999865437664,0.5127623901164187,5.339047884347272e-07,0.7751247327156092,True,Protein Coding,0.8802618896533989
ITGB6,2.6560026878826615,1.050935202124536e-24,0.9242918657067886,2.0242062057495858,8.130443737080692e-11,0.8360655737704917,True,Protein Coding,0.8801787196670777
ANXA2P1,3.394557128439751,3.7068674814562553e-32,0.9165881719706654,0.6048300166310305,2.8100751397918335e-11,0.8436683297695414,True,Protein Coding,0.8801282508453712
TMEM154,4.754500713180382,4.58031779555181e-92,0.9751564287156025,0.7309199429793303,1.1405073676116019e-07,0.7847469707769067,True,Protein Coding,0.879951599387115
ACTA2,4.272731699522304,4.11905406058134e-69,0.9784195653636547,1.2272148206224784,2.4138708629868074e-07,0.7814207650273224,True,Protein Coding,0.8799199527941237
TGFBI,4.555111562268721,5.403698871800922e-81,0.9878221085918052,1.0156461297220254,3.1792373031225696e-07,0.7719173200285104,True,Protein Coding,0.879869434578696
HTRA3,5.3676340409069505,1.1045558175018814e-100,0.9799165713516786,0.7118044024708956,3.9367659914084333e-07,0.7797576621525304,True,Protein Coding,0.8798367703808206
TNFRSF10A,3.2218149633317634,9.845756506333059e-70,0.9570409742313127,0.5802390757899722,2.8726366458973137e-08,0.8025659301496793,True,Protein Coding,0.8798034269169396
CD58,3.2819290991051604,1.8020316117887372e-72,0.9806734844916908,0.5219387645521492,3.8578030206103e-07,0.7788073176526491,True,Protein Coding,0.8797400616856522
EPS8L3,7.085738700127834,1.6186998693080488e-82,0.9707663325035322,0.597459672131146,8.118287929000743e-07,0.7885483487764314,True,Protein Coding,0.8796566265088248
PSMB9,4.340868680616296,1.3775112113891767e-84,0.9904124335598465,0.600773098123069,5.050010324324902e-07,0.7688287004038964,True,Protein Coding,0.8796201227725771
KIF4A,6.418663964206419,6.137901242764917e-100,0.996434098095943,0.5512403183654064,6.144464373513968e-06,0.7626514611546685,True,Protein Coding,0.8795373753060313
FRMD6,3.1506335127497813,2.327757375208966e-64,0.9571755365673148,0.8949012544547399,3.907347296415971e-08,0.8018531717747683,True,Protein Coding,0.8795143198053611
DNAJC13,1.6900645731009898,2.0995195244545243e-33,0.961750655991388,0.5044061962461388,4.5213337518398315e-07,0.7971014492753624,True,Protein Coding,0.8794256550155058
TSPAN15,3.563311794388751,1.0832462234751501e-67,0.9801352351476822,0.6248909432169167,3.864102136401926e-07,0.7778569731527678,True,Protein Coding,0.8789957644971527
FAM177A1,1.6879249444930373,2.586354938052366e-26,0.9631803808114108,0.5440671252078859,7.790367058884094e-07,0.7947255880256592,True,Protein Coding,0.8789522996818974
ACTR3,2.817002950279216,3.811875058739304e-52,0.9783522841956537,0.5751757567118094,9.458755465202406e-07,0.77952007602756,True,Protein Coding,0.8789353487473671
CXCL5,8.039127158043463,2.540047188144724e-74,0.9497241472111956,1.2254961986219994,1.6945182174962972e-08,0.8080304110239962,True,Protein Coding,0.8788772642248602
WISP1,5.323589211464711,1.0779487586268188e-80,0.9733230168875732,0.7970602565930145,9.872080800284363e-08,0.784271798526966,True,Protein Coding,0.8787973209516794
PLAUR,5.588414993608288,1.6990634599449792e-107,0.9883267173518131,0.6936715538132585,2.5394422245034006e-06,0.7690662865288667,True,Protein Coding,0.8786942705413403
SGCB,2.908587045011102,9.273295069716417e-66,0.9838020588037407,0.5016713803753872,6.857574103341219e-07,0.7735804229033024,True,Protein Coding,0.8786906382844918
ASPH,2.727871755365673,2.4768670859725637e-51,0.971001816591536,0.5611338512710873,2.7314566231551594e-06,0.7861724875267285,True,Protein Coding,0.8785847522364367
FNDC1,5.136316870752877,7.014507763767147e-88,0.9683610307474938,1.310494081729626,9.711088047982958e-08,0.7887859349014018,True,Protein Coding,0.8785733975054033
COL1A2,5.810745297046358,2.374222490061346e-96,0.9861064388077775,1.5259565454977437,3.7246070576959376e-07,0.7707293894036589,True,Protein Coding,0.8784175869295621
GREM1,5.440562494112898,9.920432842225932e-64,0.9502287559712037,1.0267067925873121,1.0078284992290443e-08,0.8066048942741744,True,Protein Coding,0.878416816269754
PPARG,4.4374895815111355,2.4953732539943343e-90,0.9794119625916705,0.8429105321929198,6.652225888971166e-07,0.777144214777857,True,Protein Coding,0.8782775044343398
BUB1B,4.156521943752944,2.0383387084583293e-79,0.9847103545717554,0.5057079092421,8.671540551156676e-06,0.7716797339035399,True,Protein Coding,0.8781874289337096
DKK1,6.625147379398507,6.461720515784451e-69,0.9567213886833076,0.974525640294607,1.2852741129523284e-07,0.7994773105250653,True,Protein Coding,0.8780992367443502
COL5A1,5.341541751328802,1.1030080739492223e-97,0.9825573571957209,0.734696312663341,2.1643253230060076e-07,0.7735804229033025,True,Protein Coding,0.8780687000068382
GPI,2.51499276727444,4.155495643718961e-42,0.9870483751597928,0.5315868543597055,1.6716328589062859e-06,0.7690662865288667,True,Protein Coding,0.8780558630548435
HOXB3,2.4123783051873784,1.0672209076997467e-43,0.9358810468949741,0.6577871465906391,1.1200486224728282e-09,0.8201473033974817,True,Protein Coding,0.8780141741628092
LOXL1,4.2319491253448165,1.1361267811683889e-89,0.98812487384781,0.5790855333808498,3.864102136401926e-07,0.7676407697790448,True,Protein Coding,0.8778824825905387
TGIF1,2.4270248032025834,7.452596253385001e-42,0.9504810603512076,0.5028860114041311,7.868765960960762e-07,0.8051793775243526,True,Protein Coding,0.8778295281937255
SLC16A1,4.10844322815044,1.2391482775333917e-98,0.991068424947857,0.6034516179615119,5.151372985320211e-06,0.7643145640294607,True,Protein Coding,0.8776869731724047
CKAP2,3.315080811410886,3.969551907211111e-83,0.9904965350198478,0.585613561416011,4.411189359297589e-06,0.7647897362794012,True,Protein Coding,0.8776392641995632
ADGRG6,3.179648950413779,9.126684173215711e-62,0.9457377380071319,0.7786438750296973,1.3945858976345926e-08,0.8094559277738179,True,Protein Coding,0.8775968206516331
FCGR3A,4.174999838525197,1.509682257312679e-70,0.9691347641795062,0.841289862200048,3.696710460558751e-07,0.7856973152767878,True,Protein Coding,0.8774157153728417
MX1,3.452151981430398,1.4614381194364345e-63,0.9709177151315347,0.7766059515324288,1.167334768032106e-07,0.783559040152055,True,Protein Coding,0.8772382752387091
ST6GALNAC1,5.674679745004373,3.065620982870734e-87,0.96375227073942,0.7646643252554055,7.551036355357337e-08,0.7906866239011641,True,Protein Coding,0.8772193810811327
GRN,3.5322372199421377,6.842382954516023e-62,0.9967368633519478,0.507347327156098,1.1179945045006963e-05,0.7574245664053219,True,Protein Coding,0.8770709091644425
CORIN,4.012743258426966,1.3288093626085797e-76,0.9667631030074683,0.8824794606794963,3.3210628203890286e-08,0.7868852459016394,True,Protein Coding,0.8768241453346721
EPHA2,3.3980754221893283,7.609768423741853e-61,0.9485130861871763,0.7273620432406744,6.00405032036394e-09,0.8049417913993823,True,Protein Coding,0.8767274335293636
STAT1,2.827644778981363,3.434072273796699e-54,0.974634999663594,0.6769051960085539,1.3068213551536845e-07,0.7788073176526491,True,Protein Coding,0.8767210440863283
SLC5A3,1.8626816692457784,4.5915722907223616e-40,0.9322983246989167,0.8101330102162017,2.3723454009683375e-09,0.8210976478973627,True,Protein Coding,0.8766979842183092
RIOK3,1.6367878288367086,2.7051875816260564e-25,0.9479580165511673,0.5123493418864342,8.441357624743756e-07,0.8054169636493229,True,Protein Coding,0.8766867500569822
NT5C2,1.5719069871492972,2.883031045849634e-25,0.9475879701271614,0.508266455215014,1.6685460238244287e-07,0.8056545497742932,True,Protein Coding,0.8766211136824356
LYZ,5.8928900491152545,2.9178074414917896e-81,0.9740967503195855,1.0469068353528135,8.661710290915772e-07,0.7790449037776194,True,Protein Coding,0.8765700677883471
GRAMD3,2.006132984592613,5.941553148270937e-40,0.9660230101594564,0.5329782608695659,4.764798665500181e-07,0.7868852459016394,True,Protein Coding,0.876453710417802
SAMD9L,2.8745937899481935,1.992816666457759e-58,0.9479243759671667,0.8677215561891183,1.2935236327235604e-08,0.8049417913993824,True,Protein Coding,0.8764330723464054
CTTN,1.2410260983650678,2.7973429022763134e-51,0.9113234205745812,0.7262719695889732,4.4630446704119083e-10,0.8412924685198384,True,Protein Coding,0.8763079441561096
S100A14,4.650868616699186,1.5426751425560753e-58,0.9464778308551436,1.0828960940841057,9.162974948350056e-09,0.8056545497742931,True,Protein Coding,0.8760661822873458
SLC44A4,4.885785447083361,3.49333357889032e-85,0.9650978940994416,1.0757625041577565,1.1380372235363769e-07,0.786647659776669,True,Protein Coding,0.8758726772604729
TAP2,2.7000117035591735,1.6395839936431332e-52,0.9763170288636212,0.5206005614952094,2.685350916764756e-07,0.7752435257780945,True,Protein Coding,0.8757800421431208
SLC25A12,2.39453393662114,3.064620932898211e-53,0.9714055035995425,0.7117429603231162,1.2812698324621062e-07,0.7797576621525303,True,Protein Coding,0.8755814706904096
TRIP10,1.5812926596245704,1.1910869550912606e-20,0.8821233936621139,0.5605601092896189,2.495930322526733e-12,0.8683772867664528,True,Protein Coding,0.8752503402120987
LINC01559,9.62608491892619,1.7096570890454962e-95,0.9675200161474804,0.6876679092421005,1.7277758580043038e-07,0.7828462817771442,True,Protein Coding,0.8751829977502807
TFF1,10.361929126017627,8.893274742156985e-73,0.9639036533674223,1.5119091969588974,1.4359876539597865e-07,0.7864100736516988,True,Protein Coding,0.8751567378381154
IQGAP1,2.363573292740363,1.304694895798734e-41,0.9775953710556415,0.5178904799239721,2.451871200730724e-06,0.7726300784034212,True,Protein Coding,0.8751105790658442
FRRS1,2.5248797046356724,1.3125599305290875e-40,0.9031151180784498,0.9470725492991212,6.683316591054273e-11,0.8469945355191257,True,Protein Coding,0.875054826740305
SKIL,3.0433944190271145,9.631191122268737e-68,0.9738612662315816,0.6471393466381556,5.846537542974911e-07,0.7761938702779757,True,Protein Coding,0.8750270566666258
SLC35F2,2.381126091636951,9.519921443501857e-48,0.9486476485231783,0.5168094535519137,2.6766961984705045e-08,0.8013779995248278,True,Protein Coding,0.875012800602568
BHLHE40,2.803348274238042,2.090865668932564e-40,0.9338626118549417,0.6876887431693994,1.8011341010382034e-08,0.8161083392729863,True,Protein Coding,0.8749854598043022
STIL,2.86249655184014,1.3810454638965291e-75,0.9717923703155487,0.6490584295557134,1.8873452488558747e-07,0.7778569731527679,True,Protein Coding,0.8748245066245396
STK38,2.494606788669851,3.609305840008127e-51,0.9742144923635874,0.5916733998574486,6.34969860885283e-07,0.7745307674031836,True,Protein Coding,0.8743720746831183
KLK6,10.791435854134429,2.523263034765448e-94,0.9690338424275045,0.6822212283202655,6.788548614835573e-07,0.77952007602756,True,Protein Coding,0.8742763657203683
LIMS1,2.6480776222835227,8.15107933057306e-53,0.9684787727914957,0.5067767783321466,8.97333424856325e-08,0.7797576621525303,True,Protein Coding,0.8741181390344636
GPX2,5.639782207495122,1.3014083182451597e-79,0.9750723272556011,1.070455699691137,3.600228609914985e-07,0.7731052506533618,True,Protein Coding,0.874088474262535
PAK1,2.0571913577339696,3.7372006008506724e-37,0.9635336069434167,0.5133480636730825,3.5151965296792024e-07,0.7845093846519363,True,Protein Coding,0.8740211885619437
KLF7,2.3617418051537378,2.321963240786845e-49,0.9519444257552311,0.5867476977904493,6.548159492745513e-08,0.7959135186505109,True,Protein Coding,0.873928914976608
SESTD1,2.5535823992464506,2.0042374700695954e-52,0.9714223238915428,0.5413922784509388,7.905911276719186e-07,0.7764314564029462,True,Protein Coding,0.873926199228399
BST2,4.287148496265894,1.5652615668804964e-77,0.9861568996837785,0.7636884224281308,1.4901108131273924e-06,0.761463530529817,True,Protein Coding,0.8738089130327475
TNFRSF21,4.028530491825338,1.473707481483849e-80,0.9855850097557693,0.5730635614160144,2.14944612323595e-06,0.7617011166547875,True,Protein Coding,0.8736411853565831
LRRC15,8.501790392249209,2.252347842379865e-107,0.9836338558837381,0.7065019957234497,6.638366754499722e-07,0.7636018056545498,True,Protein Coding,0.8736172508295876
HIST1H4H,5.060838787593353,1.6333454727637602e-38,0.9451826683711229,0.6011183630315982,3.1634219900731034e-07,0.8018531717747683,True,Protein Coding,0.873517643742366
TANC2,2.3348835867590667,4.729260064192515e-50,0.9589248469353427,0.7442615965787613,6.329893185911905e-08,0.7880731765264908,True,Protein Coding,0.8734989564393623
FAP,4.240519619188589,1.7917499846793305e-75,0.9605227746753684,1.612688954621051,4.046574467217891e-08,0.7864100736516988,True,Protein Coding,0.8734663888180643
KLF5,4.13770403687008,4.7098611999323153e-79,0.9588743860593419,0.5789218389166066,3.5965365487105876e-08,0.7878355904015205,True,Protein Coding,0.8733549568198999
SPOCK1,2.6571852586960905,7.743628778282869e-39,0.9081780259705307,0.812768161083393,1.4862107567907928e-10,0.8384414350201947,True,Protein Coding,0.8733097303655705
RASAL2,1.8124631972011032,2.714854181337114e-35,0.9241404830787864,0.7435126467094326,2.601670569032319e-09,0.8222855785222144,True,Protein Coding,0.8732130285286878
ADGRF4,7.264072993339164,8.128554066100549e-105,0.9782850030276525,0.5044859111427891,3.729780237745971e-07,0.7681159420289856,True,Protein Coding,0.8732001468437325
CAPZB,3.055154554935073,4.1307526304982947e-53,0.9893359348718294,0.5801153623188409,3.3330490298816224e-06,0.7564742219054407,True,Protein Coding,0.8729021689532103
BRIP1,2.658614640382157,9.71441030419573e-38,0.9573605597793178,0.6390475504870512,4.736131946670136e-07,0.7880731765264909,True,Protein Coding,0.8727164548226803
RAB23,3.331139934737267,1.3437196870316302e-73,0.9772757855076364,0.7285479282489895,1.7493683041158505e-06,0.7681159420289855,True,Protein Coding,0.8726943371018276
HLA-C,3.1313121038821237,3.95127252268423e-47,0.990311511807845,0.5645590577334296,2.116018347338043e-06,0.7550487051556188,True,Protein Coding,0.8726782618746111
ANGPT2,4.007117237435242,6.331294785377605e-85,0.9780831595236492,0.8073696317415067,1.7569146705194136e-05,0.7671655975291043,True,Protein Coding,0.8726090472606519
NUAK1,2.328640102940187,2.608234786145663e-48,0.9538451187512614,0.7899272416250875,1.8792124697133752e-08,0.7911617961511047,True,Protein Coding,0.8725034410549892
ASPN,4.8156535591737875,4.058309120789122e-90,0.975122788131602,1.1593145569018768,9.017422798335119e-07,0.7695414587788074,True,Protein Coding,0.8723313368364469
PARP9,2.0384134326851915,5.7518074274439e-35,0.9491690775751868,0.7193831337609877,1.2855143452255155e-07,0.7952007602755998,True,Protein Coding,0.8721848068047708
ABCA12,6.536817351813225,2.30070736860897e-85,0.957562403283321,0.5197881397006423,2.8961395860667296e-06,0.7864100736516988,True,Protein Coding,0.8719837130736462
TPM2,3.0542293581376576,1.0708632288329263e-48,0.9691852250555071,0.80898842717985,2.1615212660993765e-07,0.774768353528154,True,Protein Coding,0.8719766008121932
KRT7,3.8739154443921153,2.7917081442480048e-49,0.9437697638431003,1.4903156830601088,2.6730139109919618e-08,0.799952482775006,True,Protein Coding,0.8718611000040841
TEP1,1.9957859987889388,2.3169016326718387e-38,0.9620534212473928,0.5032496032311702,1.971805212140539e-07,0.7816583511522928,True,Protein Coding,0.8718557142868447
ITGAV,2.4971680414451995,1.640805671658255e-47,0.9602872905873646,0.7425210144927537,1.0105369097077052e-07,0.7833214540270848,True,Protein Coding,0.871804284208175
SEMA3A,4.874084495054834,2.129899869218484e-87,0.9830283253717285,0.9856798455690186,3.9128239360067245e-07,0.7605131860299359,True,Protein Coding,0.8717704145922842
ALOX5AP,3.7232736627867866,2.7254962963027343e-60,0.9655856825674494,0.7220864932287947,4.6512005931580144e-07,0.7778569731527679,True,Protein Coding,0.8717209224050328
KDELR3,2.6982986039157635,7.21905470264261e-54,0.9684451322074951,0.5350789688762179,6.795494037654815e-07,0.7748871465906391,True,Protein Coding,0.8716655470588617
B3GNT5,2.9250047500504603,1.3058444470719885e-64,0.9722465181995559,0.7389183178902359,2.6031081498416483e-06,0.7709669755286291,True,Protein Coding,0.8716044779774662
FAM83A,8.409673968916099,3.7455210544559435e-83,0.9629112561394065,0.7840449132810647,4.017341147844265e-06,0.7802328344024709,True,Protein Coding,0.871568543868698
P3H2,2.9541678833344545,1.928218471961287e-57,0.9554262261992869,0.7239365098598252,7.167826225111213e-08,0.7873604181515799,True,Protein Coding,0.8713932597154742
CLDN18,7.35893940321604,2.818391214186667e-55,0.9160835632106574,1.7168374031836544,7.511635661896962e-09,0.8263245426467094,True,Protein Coding,0.871204046384516
AFAP1-AS1,7.347714825405369,1.5879485720143075e-83,0.9611955863553792,0.9435760584461867,1.0530076300348006e-07,0.7811831789023521,True,Protein Coding,0.871189290891959
ADTRP,5.7675857229361505,2.2458265101261655e-70,0.9766029738276256,0.5083938631503919,0.00031694141631477226,0.7659776669042528,True,Protein Coding,0.8710141723777811
FER1L6,7.616450841014599,2.6582245814911318e-64,0.9333916436789343,1.069847156094084,1.3129641918063008e-06,0.8082679971489665,True,Protein Coding,0.8708286770455791
SPRY4,3.0165417176882197,2.2005576840539175e-66,0.9828264818677251,0.5040108458066044,3.095284894618339e-06,0.7586124970301734,True,Protein Coding,0.8707167943240661
C15orf48,5.1783812386463035,1.1393843193275206e-81,0.9757955998116128,0.6052476811594225,1.7170793847689397e-06,0.765264908529342,True,Protein Coding,0.8705287594009241
WFDC2,4.569389315750522,1.4750220351995257e-72,0.9749714055035995,0.6702461582323593,1.943899548979932e-07,0.7659776669042527,True,Protein Coding,0.8704743669924203
CDH2,4.278253983045145,3.455945411083125e-79,0.9670995088474735,0.7829136516987409,1.3036674047730557e-06,0.7733428367783322,True,Protein Coding,0.8702200383339248
E2F7,3.1411740631097356,7.317591234397614e-53,0.9372939514229968,0.525563468757424,1.244245154208539e-07,0.8030411023996198,True,Protein Coding,0.8701674186411353
CALD1,3.151115565498217,3.16105726796901e-54,0.9608087196393731,0.9607353979567579,1.2425754506065986e-07,0.7792824899025896,True,Protein Coding,0.8700454966612504
PRDM1,3.834568980017493,5.743083257592445e-88,0.9804211801116868,0.8796957543359483,6.538967024135146e-07,0.7588500831551437,True,Protein Coding,0.8696350629815435
EPS8,2.6110053152122723,7.738588664103865e-50,0.956183139339299,0.7461530672368717,4.142234519746694e-07,0.7830838679021144,True,Protein Coding,0.8696331433981148
RCN1,3.24744221893292,1.1625004838280606e-62,0.992935477359887,0.5799790354003314,1.166016642284063e-05,0.7462580185317178,True,Protein Coding,0.8695866083030006
KLK7,8.168314441902712,5.266498280650606e-69,0.948176680347171,0.7369456450463283,1.266823420719584e-08,0.7909242100261344,True,Protein Coding,0.869550434170984
SCIN,4.567600689631972,4.2191109198004834e-80,0.9806566641996906,0.5919576075077218,2.405239998625742e-05,0.7581373247802329,True,Protein Coding,0.8693760834057035
GPR87,8.042934935746484,9.969175766251837e-72,0.947436587499159,0.7689182133523391,6.329893185911905e-08,0.7911617961511048,True,Protein Coding,0.8692991367994216
IL1A,6.207230895512343,1.917173292122984e-65,0.9515575590392249,0.5408424756474224,0.00022420806251745984,0.7871228320266097,True,Protein Coding,0.8691452824520083
MXD1,2.7875158245307143,2.932408794114717e-59,0.9704131063715268,0.7183250795913523,2.4971500936561288e-06,0.7676407697790448,True,Protein Coding,0.8690247679845859
GBP3,3.567018626791361,1.3283765702458394e-65,0.9563513422593016,0.8146154597291515,1.0594604784435712e-06,0.7816583511522927,True,Protein Coding,0.8690039260295065
FAM91A1,1.6532159893695755,8.26604054078666e-31,0.9542488057592681,0.526706726063197,2.2986150015024632e-07,0.7835590401520551,True,Protein Coding,0.8689037232281024
MFAP2,3.0076292437596712,3.354267264047569e-47,0.939749714055036,0.6863284651936326,1.593351106418016e-08,0.7980517937752435,True,Protein Coding,0.8689007400705
SLC7A7,3.5480342595707457,2.4791359013215344e-74,0.9778308551436453,0.5662197529104303,1.2746320556498168e-05,0.7598004276550249,True,Protein Coding,0.8688045671966653
FBXL2,1.7676454921617437,8.491383222442394e-34,0.9202886362107247,0.6144281492040875,2.295958459029057e-09,0.8172962698978379,True,Protein Coding,0.8687924510595698
TIMP2,3.0452728755971217,4.064676227111225e-52,0.9741303909035861,0.705839883582799,1.1713387764668928e-06,0.7633642195295794,True,Protein Coding,0.8687462876191773
MYO1D,2.053499529031824,1.2340294114711925e-76,0.9661743927874588,0.5502228415300561,2.4728189062027014e-06,0.7712045616535994,True,Protein Coding,0.8686873291087662
KIF13B,2.2634483179707994,2.4273785024429803e-46,0.9693870685595102,0.5908953932050363,3.4855618147796424e-07,0.7676407697790449,True,Protein Coding,0.8685136164433823
CORO1C,2.8929463163560523,3.0421402712839827e-59,0.9798324698916773,0.6653698859586594,5.8505436038339675e-06,0.7571869802803517,True,Protein Coding,0.8685046438319975
L3MBTL3,2.178437441969993,3.4237251587431617e-50,0.9643409809594296,0.5959538370159185,1.0467006095015273e-07,0.7726300784034212,True,Protein Coding,0.868485438776992
CEP170,2.879458144385386,9.269562177188197e-64,0.972128776155554,0.783233883345213,5.761932854269015e-07,0.7647897362794014,True,Protein Coding,0.8684587558170856
COMP,6.142810620332369,4.2716972864305436e-77,0.953256408531252,1.2045463625564263,2.91379774590803e-07,0.7830838679021145,True,Protein Coding,0.8681698852494641
DOCK5,1.6909766601628202,5.167068612122594e-29,0.9018199555944291,0.7854558873841766,3.1187003777029356e-10,0.8344024708956997,True,Protein Coding,0.8681112129743265
COL1A1,6.3833700968848825,1.4050878558034579e-101,0.984743995155756,1.5252154169636487,6.652225888971166e-07,0.7507721549061535,True,Protein Coding,0.8677574977786815
OXR1,1.6594433391643677,1.0705399241263092e-29,0.9314573100989032,0.5130710287479214,4.747721653848152e-08,0.8039914468995012,True,Protein Coding,0.867724337302064
CHST11,3.1162146807508577,9.643700386897192e-55,0.9494718428311916,0.6097797624138748,3.850644432453734e-07,0.7859349014017581,True,Protein Coding,0.867703037994759
MVP,2.2159995290318237,8.197583072595034e-32,0.9543329072192693,0.5088243383226416,3.371293645490703e-07,0.7809455927773818,True,Protein Coding,0.8676389574916566
TXN,2.716637583260445,2.3920134762478744e-45,0.9913880104958621,0.5799639938227639,8.86025496658773e-06,0.7434069850320741,True,Protein Coding,0.8673898124009806
LGR5,5.737637902845995,3.441360700981805e-84,0.9809426091636951,0.7289951579947731,9.122497577372866e-06,0.753623188405797,True,Protein Coding,0.8672749869986031
SLFN13,2.433609506829038,3.4209508195401542e-40,0.9293043127228688,0.5633618175338562,2.097875741845212e-08,0.8049417913993823,True,Protein Coding,0.8671230338699614
PSMB8,3.348254618852183,5.915986527135177e-61,0.9884444593958152,0.5319047327156108,2.4899263518854853e-06,0.7453076740318365,True,Protein Coding,0.8668739082562634
GREB1L,4.079400053824935,1.7315319052174363e-52,0.9397833546390366,0.6443090377761944,2.955933775192042e-08,0.793775243525778,True,Protein Coding,0.8667792734609852
LGALS1,4.214536412568122,3.882767454991959e-68,0.9848617371997577,0.6279688310762666,1.8332253503682594e-06,0.7486338797814208,True,Protein Coding,0.8667462195465344
IL2RA,5.963869740294692,1.4680569054560352e-80,0.9819686469757115,0.5438269470182919,6.2901713597342585e-06,0.7514849132810644,True,Protein Coding,0.8667213282684189
PARP14,2.2822801150507974,4.978585681335544e-46,0.9589248469353429,0.7713575172249927,4.736131946670136e-07,0.7738180090282728,True,Protein Coding,0.866371017656868
NMI,2.982761875126152,1.3743937527957007e-64,0.9834824732557357,0.6073852744119757,8.60691270513423e-06,0.7488714659063911,True,Protein Coding,0.866169514471499
DYNLT1,2.7520516685729675,1.2122431672432431e-48,0.9913207293278612,0.5320739961986227,1.1174571472851335e-05,0.7407935376574009,True,Protein Coding,0.8660474556752933
GPSM2,2.1974145024557625,8.607658719863957e-50,0.9541983448832673,0.7217472535043958,9.82706730948875e-07,0.7776193870277976,True,Protein Coding,0.8659080150210615
RHPN2,2.7650295734373946,7.603992141712891e-53,0.9443248334791092,0.6877002375861245,2.9571304943619236e-07,0.7871228320266095,True,Protein Coding,0.8657235767470248
KIAA1551,2.4492279654174793,1.5679779129465837e-47,0.9742481329475879,0.5720544761225943,1.1511680197352579e-05,0.7571869802803516,True,Protein Coding,0.8657075907503168
COLGALT1,2.2261606506088936,1.3834218948219004e-39,0.9704803875395277,0.5487717201235451,5.885240037588401e-07,0.7605131860299358,True,Protein Coding,0.8654962774190975
PTK7,3.105924665276189,5.310033593623343e-60,0.9777299333916436,0.6046012116892383,9.675131452071866e-07,0.7531480161558565,True,Protein Coding,0.8654381374501656
MIR31HG,7.508759923972279,2.9959855545698908e-65,0.9256543093588104,0.8311428961748635,4.196140751247219e-08,0.8051793775243525,True,Protein Coding,0.8654168071274726
IFI44L,4.000676838457915,2.425550084906674e-62,0.9387909574110206,1.421541456402947,3.611953059458958e-08,0.7918745545260156,True,Protein Coding,0.8653327247131052
CNN2,2.2092579593621746,2.243731660973517e-34,0.9382695283590122,0.5740861891185549,1.084686688985522e-07,0.7923497267759563,True,Protein Coding,0.8653095337085008
SEMA3C,5.528130582654915,2.3728381965747846e-106,0.9752405301756039,1.2586981800902812,1.666458204101176e-06,0.7552862912805892,True,Protein Coding,0.865261968802787
DSG2,2.7126503263136654,3.836351964700074e-54,0.9749714055035995,0.9038223853646921,3.72303923463091e-05,0.7555238774055594,True,Protein Coding,0.8652154279454114
ANKLE2,1.3917286785978602,6.157346603865082e-21,0.9360997106909776,0.5283633594678063,1.4084819441276769e-07,0.7942504157757188,True,Protein Coding,0.8651749413750026
TIMP1,4.767543567920339,1.20423616821295e-67,0.989874184215838,0.7569289783796656,1.3896254059201735e-05,0.7403183654074602,True,Protein Coding,0.8650842532140286
MUC16,7.6833960808719635,1.033330710551525e-62,0.9322478638229159,1.1855164314564037,7.800575121640206e-09,0.7978142076502732,True,Protein Coding,0.865031028988855
IFI44,2.829464223238915,6.5861762335086345e-49,0.9337616901029402,1.0850643549536718,5.554973778274883e-08,0.7956759325255406,True,Protein Coding,0.864718763279337
TYMS,2.571803528897261,2.037887816298559e-51,0.9761992868196192,0.6420552197671654,7.138100670490202e-06,0.7531480161558565,True,Protein Coding,0.8646674793601663
PDGFC,2.3328818038081143,1.5840788132979345e-37,0.9277232052748434,0.8153313352340206,3.727206779616763e-08,0.8011404133998573,True,Protein Coding,0.8644317771181894
OLFML2B,5.94534242750454,1.67428159282384e-104,0.9931205005718899,0.9262553052981701,4.627700003618738e-06,0.7355666429080542,True,Protein Coding,0.864339571817222
FAR2,3.7033145596447556,1.5819648468712918e-91,0.9929186570678867,0.51200469470183,2.1406738370832403e-05,0.7355666429080542,True,Protein Coding,0.8642241493716734
TINAGL1,2.718985517728586,5.402000427167347e-45,0.9453004104151247,0.5604984580660499,4.069842288250746e-07,0.7830838679021145,True,Protein Coding,0.8641917874460482
UBA6,1.6386505584336948,3.304884457773293e-30,0.9221725089147547,0.5855438607745294,1.6968992561553478e-08,0.8061297220242337,True,Protein Coding,0.8641511008057203
ADAM22,3.0936042488057596,2.145814324420391e-72,0.9673181726434771,0.6808947992397254,2.64853158929622e-06,0.7609883582798765,True,Protein Coding,0.8641509767244553
NCEH1,2.949146521563615,7.663445764710027e-65,0.9727006660835631,0.6027633333333338,4.004517814653369e-06,0.7555238774055595,True,Protein Coding,0.8641088113915752
RNF149,1.5889878658413514,3.8103883949530963e-25,0.9485130861871761,0.5626192040864808,2.711743592179359e-06,0.7795200760275599,True,Protein Coding,0.8640142381159406
CAPN9,7.465092669716746,4.896901018383618e-75,0.9679237031554868,0.6158506414825378,1.28397930070135e-05,0.7600380137799954,True,Protein Coding,0.8639697651323563
TMEM173,3.454911299872166,9.785511777984003e-69,0.983566574715737,0.5616723877405558,2.1819608536702896e-06,0.7441197434069851,True,Protein Coding,0.8638412741894044
CLDN4,2.6499676478503655,5.061938860635082e-37,0.9262934804548207,0.8006313471133284,2.761765326799121e-07,0.8013779995248278,True,Protein Coding,0.8638355014186647
CALM2,2.903087579896386,1.6462802246690934e-45,0.9896050595438337,0.5130490068899958,2.431620802132035e-05,0.7379425041577572,True,Protein Coding,0.8637527781478326
UACA,2.002757246181794,1.4394600349072096e-35,0.9576128641593218,0.6180186813970083,7.345280221510141e-07,0.7695414587788073,True,Protein Coding,0.8635765271474402
CSGALNACT2,2.2738590829576797,3.558490231631086e-47,0.9582688555473323,0.6260393703967697,5.118717965969146e-06,0.7688287004038964,True,Protein Coding,0.8635443577129701
GBP2,4.229860798627462,9.616929471121943e-81,0.9838188790957411,0.6938346139225491,6.782331747476749e-06,0.7431693989071039,True,Protein Coding,0.8634882824977098
DPCR1,8.67820988360358,1.149003644234952e-63,0.9240227410347843,1.7805647897362809,1.3177600501964817e-07,0.8028035162746497,True,Protein Coding,0.8634130148775844
TSPAN8,4.463567126421315,2.1618508166509357e-64,0.952129448967234,1.3899922095509636,2.44367752271829e-06,0.7745307674031836,True,Protein Coding,0.8633279984848287
IL18,3.2301828567583932,1.2378866406170356e-58,0.9540133216712642,0.795329109052032,5.205481670398865e-07,0.7726300784034213,True,Protein Coding,0.8633212506368143
MAML2,2.667018912736325,1.171093755755112e-63,0.969555271479513,0.53668717034925,1.3108334630930685e-06,0.7562366357804705,True,Protein Coding,0.8628948225171006
WNT2,7.8208356926596245,8.88218803876642e-94,0.970312184619525,0.5557967046804473,4.222451181731664e-06,0.7552862912805891,True,Protein Coding,0.8627955948223952
RAB25,2.4688352385117387,1.6091691695266312e-37,0.9661912130794591,0.7879633618436674,6.298942032672555e-05,0.7588500831551437,True,Protein Coding,0.8624663184416567
PLS1,3.386745199488663,7.885538181535638e-69,0.9659893695754559,0.9371902898550726,1.982143618746794e-05,0.7588500831551437,True,Protein Coding,0.8624026319677267
CKMT1A,3.5451323084168744,2.3945409073310407e-70,0.9712877615555406,0.6671786208125434,9.22228926805992e-06,0.753385602280827,True,Protein Coding,0.8623287291998567
HCP5,3.5894035759940803,2.356272807807111e-74,0.9813799367557021,0.5053501686861495,3.530326243183828e-05,0.7431693989071039,True,Protein Coding,0.8622442267225163
ERN2,6.606400507972818,4.296640070389806e-60,0.9437697638431003,0.7092224970301721,6.578050061438813e-08,0.7807080066524115,True,Protein Coding,0.8622388285292503
PLEKHG1,3.5384463365404026,1.7940917544091583e-85,0.9804211801116868,0.6696513067236882,6.460679070761179e-06,0.7438821572820147,True,Protein Coding,0.862146098611609
PLEKHA2,2.7438366413240933,7.741581807244189e-73,0.9679741640314875,0.5803316155856493,1.3366691841658004e-06,0.7562366357804704,True,Protein Coding,0.8621042475562574
SPDL1,2.0377208067012047,1.4262094054358918e-46,0.9685124133754962,0.5710126823473503,2.64853158929622e-06,0.7555238774055596,True,Protein Coding,0.8620158623082393
KDELC1,2.9788084572428177,1.0488674774384264e-71,0.982742380407724,0.6178901425516736,1.3149903035628695e-05,0.7412687099073414,True,Protein Coding,0.8619942098681977
HLA-F,3.6152323723339834,6.095018896177973e-65,0.9844580501917513,0.6332384240120383,3.476420461214768e-06,0.739368020907579,True,Protein Coding,0.8619100391775526
LMNB1,3.5605079055372397,2.4366551439000206e-86,0.9865942272757855,0.5077915395580916,5.276032603303542e-05,0.7372297457828463,True,Protein Coding,0.8618665117718948
CLDN12,1.8321536634595978,4.316557734994714e-32,0.9499091704231984,0.5060183820384863,2.685350916764756e-07,0.7738180090282727,True,Protein Coding,0.8618633582851175
CLIP4,1.754226888918791,3.361460279423383e-29,0.922996703222768,0.7415540936089329,2.567462059642543e-08,0.8004276550249466,True,Protein Coding,0.861712156999724
SERPINH1,3.9850327457444665,3.57119522212186e-73,0.9884949202718158,0.6370483155143747,9.79542229403325e-06,0.7348538845331433,True,Protein Coding,0.8616659619378281
ELK3,3.4241087667361914,2.518948650127531e-78,0.9829442239117271,0.5041565288667149,1.1886533761888007e-05,0.7403183654074601,True,Protein Coding,0.8616210528501194
SPARC,5.418763079459057,5.21666851823879e-90,0.990176949471843,1.0341804941791395,5.493223828243796e-06,0.7329531955333808,True,Protein Coding,0.861560339732826
MMP13,8.647941633586758,1.1617521454956152e-101,0.9800174931036804,0.6318130624851506,2.2164546542092287e-05,0.7429318127821335,True,Protein Coding,0.861455558747867
CDC6,2.5175156731480857,6.543469163801624e-51,0.9388245979950212,0.7168506628652889,3.193508774530959e-07,0.7840342124019958,True,Protein Coding,0.8614291301002721
PXDN,3.6467698614007937,1.911884884399447e-76,0.9776121913476418,0.9616179733903536,3.9327015970973955e-06,0.7445949156569257,True,Protein Coding,0.8611001670389636
VSNL1,3.3110379129381693,4.352172672608147e-60,0.9668808450514701,0.5192694250415784,1.368438870439428e-06,0.7552862912805893,True,Protein Coding,0.8610823898258043
MXRA5,4.02499468142367,1.2244107984265112e-63,0.9473356657471574,0.944452542171538,3.5151965296792024e-07,0.774768353528154,True,Protein Coding,0.8610517069609521
CTSK,4.815361939043262,8.07836947949462e-91,0.9798324698916773,1.1889551104775489,2.2139014301829244e-06,0.7422190544072226,True,Protein Coding,0.8610238559232837
IFITM10,3.5542586893628476,3.5614822043877583e-71,0.9674190943954788,0.554709320503683,1.6377746572371308e-06,0.754335946780708,True,Protein Coding,0.8608761106647073
MMP1,8.654652065531858,6.282559133023586e-83,0.9769898405436319,1.1915540959847952,7.631983603598934e-05,0.744832501781896,True,Protein Coding,0.8608454665633393
IDO1,5.7482711262867525,6.846801745228214e-77,0.9887976855278207,0.7760766429080532,4.88996503179707e-05,0.7329531955333808,True,Protein Coding,0.8608333440225915
MMP3,4.836359045953039,5.674751632056326e-46,0.9482944223911727,0.6219286718935617,4.736132666862979e-06,0.7733428367783323,True,Protein Coding,0.8608145526335206
IL1R2,4.170515333378187,5.15257216521867e-57,0.953004104151248,0.7517840057020653,1.3199784503028583e-05,0.7685911142789261,True,Protein Coding,0.8607862468721448
APBB2,1.963994661239319,6.127668416137417e-39,0.9559644755432954,0.597914141126159,2.8616797506719606e-06,0.7655024946543123,True,Protein Coding,0.8607310219552188
SRPX2,3.701195014465451,2.839386782442223e-69,0.95687277131131,1.0725678997386572,1.452500517548121e-06,0.7640769779044904,True,Protein Coding,0.8604736247676995
COL4A2,3.6251637051739216,1.5542356184903794e-65,0.9811612729596986,0.6729349536707048,4.0211228042491645e-06,0.739368020907579,True,Protein Coding,0.8602611877038493
CAMSAP2,2.531976966292135,1.3465975964771769e-58,0.9745845387875933,0.5473822784509386,2.2919846086589443e-05,0.7457828462817772,True,Protein Coding,0.8601639772568462
RNF145,2.7931454719773927,2.1610089150093317e-55,0.9795969858036735,0.5607511689237343,2.572693833104575e-06,0.7400807792824899,True,Protein Coding,0.8598366704408912
ANKRD50,2.597232439615152,1.8293018433902382e-62,0.9619524994953912,0.6936042219054395,1.222206774317287e-06,0.757424566405322,True,Protein Coding,0.8596874822332077
SULT1B1,5.79992422458454,1.3305613141251933e-72,0.9613301486913813,0.8657947873604179,0.00012844854567857863,0.7581373247802329,True,Protein Coding,0.8596233051876525
FLNA,2.9323977662652227,5.248988942105619e-43,0.9539123999192626,0.928097312900924,3.5151965296792024e-07,0.7652649085293418,True,Protein Coding,0.8595883520619968
COL3A1,6.13966465720245,7.835314313567088e-100,0.9840207225997443,1.421350306486099,2.1220735115718045e-06,0.7348538845331433,True,Protein Coding,0.859435479777307
HIST1H2BD,2.988836654780326,9.772469714804218e-42,0.9109870147345759,0.6602260608220485,6.72009914722406e-08,0.8077928248990259,True,Protein Coding,0.8593898620649463
DNAJA4,2.0201022370988357,3.936056328419929e-44,0.9299098432348786,0.5630243169398907,6.948379245474559e-06,0.788310762651461,True,Protein Coding,0.8591043335189713
SH3PXD2B,2.2107394604050326,1.559899549332163e-41,0.9457209177151316,0.6140127179852692,2.321231060385029e-07,0.772392492278451,True,Protein Coding,0.8590565055898806
LRRC32,3.2615086927269066,7.229155659562262e-64,0.9811108120836979,0.502814210026135,1.8357895286431142e-05,0.736992159657876,True,Protein Coding,0.8590357154935636
GSDMB,2.1617837751463362,3.3028848740931044e-31,0.8959833142703357,0.7126436920883812,1.0078284992290443e-08,0.8220479923972439,True,Protein Coding,0.8590156446763852
MUC17,8.817488000403685,3.7757968081402283e-65,0.9308181390028931,1.303507802328344,1.6936781353651478e-06,0.7868852459016393,True,Protein Coding,0.8588502378339332
ID1,2.890197117001951,2.439262848688063e-45,0.9472683845791564,0.7312121739130442,2.9738292304136093e-07,0.770016631028748,True,Protein Coding,0.8586422524583333
TUBA1C,3.2701146201978073,3.04474105908347e-55,0.9701608019915225,0.5767232596816338,1.76989343818425e-05,0.7469707769066286,True,Protein Coding,0.8585505937495056
DFNA5,2.878888256072125,4.9599981772763445e-61,0.9579156294153268,0.6427818151579947,1.0304827551306394e-05,0.7588500831551437,True,Protein Coding,0.8583740107979283
UBASH3B,3.7384615790890128,5.3728182327993575e-84,0.9690338424275046,0.5657570491803279,1.8400984498304203e-05,0.7474459491565693,True,Protein Coding,0.8582241033330187
CD80,2.893447712440288,2.1107365099460704e-48,0.9250992397228017,0.5472848657638387,5.223575344767476e-08,0.7911617961511048,True,Protein Coding,0.8581304731118591
PDCD1LG2,3.8556804716409876,2.3748204273977057e-78,0.9691179438875059,0.5346912948443805,8.60691270513423e-06,0.7469707769066287,True,Protein Coding,0.8580369752841603
STK38L,2.3572025062235076,5.398562525813268e-48,0.9695552714795129,0.5692261392254716,5.7443793648325314e-06,0.7464956046566881,True,Protein Coding,0.8580205092444796
SP140L,2.110228419565364,3.7226538498711023e-38,0.9352586960909642,0.5899578474697069,7.950933774821008e-07,0.7807080066524116,True,Protein Coding,0.8579826691948073
LUM,5.068747860458858,1.1951925367555535e-80,0.9761151853596178,0.9261459847944851,5.691416374571903e-06,0.7398431931575196,True,Protein Coding,0.8579743061417618
S100A2,6.193504615488125,4.411760604947198e-68,0.9715232456435443,0.5736943121881679,0.00040588112732125247,0.7445949156569256,True,Protein Coding,0.8577108106632725
PIAS3,1.2309049956267235,4.657910364977768e-17,0.8880441364462087,0.5682437348538834,4.46394134741996e-10,0.8270373010216202,True,Protein Coding,0.8575407183511133
KPNA2,3.420174749377649,2.248504466542941e-73,0.994062436923905,0.5664304549774277,9.760558194869836e-05,0.7205987170349252,True,Protein Coding,0.8572468967295266
TNFAIP6,6.41844552243827,2.3041794700260024e-86,0.9830451456637288,1.1507248847707299,2.6758756290591917e-05,0.7301021620337372,True,Protein Coding,0.8565507330030847
WNT5A,1.9091625950346498,9.004428489052764e-29,0.8828298459261253,0.7513617581373255,3.9369405532922805e-10,0.829888334521264,True,Protein Coding,0.8563590898865511
NDNF,4.9042488663123205,2.758871676852084e-72,0.9665276189194645,0.6490572867664515,8.429305847693954e-07,0.7460204324067475,True,Protein Coding,0.8562733038835408
PDPN,3.6073191717688218,2.312870664346143e-55,0.9544506492632713,0.6795012544547374,4.90716816438418e-06,0.7578997386552625,True,Protein Coding,0.856170992563612
SEPT7,2.7059354437193033,4.8365349052021527e-51,0.9823723339837179,0.5252296958897587,2.382718612867475e-05,0.7298645759087667,True,Protein Coding,0.8560980560524681
RAPH1,2.345613580703761,4.0342561053074606e-50,0.9592948933593487,0.5806875457353273,5.142805222718499e-06,0.7526728439059158,True,Protein Coding,0.8559794664743221
MFGE8,2.5621057188992804,1.5246254285367074e-40,0.9532732288232523,0.6019176336421941,1.3036674047730557e-06,0.7586124970301735,True,Protein Coding,0.8559417470619022
PLBD1,2.676030263069367,3.469894835201696e-46,0.9310536230908969,0.5221267545735335,1.3881604822246648e-06,0.7804704205274412,True,Protein Coding,0.8557608338741481
MYEOV,4.671039689161003,2.1190159568852748e-48,0.9327020117069234,0.6013861035875498,3.3975259309014234e-08,0.7785697315276787,True,Protein Coding,0.8556358425468504
EPPK1,2.901062669043934,1.695309409299382e-50,0.9285305792908564,0.5128073057733413,1.8166622539766564e-07,0.7826086956521738,True,Protein Coding,0.8555694820434085
LPP,2.1456323622418085,8.116588553797295e-43,0.9471170019511539,0.5533008695652173,2.834114008163301e-06,0.7636018056545496,True,Protein Coding,0.8553569796167835
SLC9B2,3.7338497308753276,1.0505089892575338e-75,0.9713214021395411,0.618753675457353,7.757921501894368e-06,0.7388928486576384,True,Protein Coding,0.8551004915446353
PLXNA1,1.7636225122788132,9.453822224213091e-31,0.922122048038754,0.5442308101686866,1.33127043646895e-07,0.7880731765264908,True,Protein Coding,0.8550974984460052
TRANK1,2.469221260849088,5.020001496532453e-52,0.9606068761353697,0.6831189427417437,6.008857031737115e-06,0.749584224281302,True,Protein Coding,0.8550904120614262
F5,4.71020193433358,1.6035224986779983e-70,0.9625243894234004,0.8043156236635784,1.593440605107731e-05,0.7474459491565693,True,Protein Coding,0.8549715456091297
MRVI1,2.977259984525331,1.4344729623211897e-57,0.9494382022471909,0.6341086124970285,1.101056014317371e-06,0.7600380137799951,True,Protein Coding,0.8547371668990584
HIST2H2BE,2.210002109264617,1.107813243997434e-31,0.8866985130861872,0.7535128391541939,2.1658310995758285e-09,0.8225231646471847,True,Protein Coding,0.8546108370157433
GLRX,3.111454383368095,4.7635012077788705e-59,0.9843234878557492,0.6016876977904486,0.0004696773038398486,0.7253504395343312,True,Protein Coding,0.8544354661747092
C1orf116,2.755723830989705,6.728126897892545e-53,0.9723642602435579,0.5467360893323829,2.7561632156549522e-05,0.7362794012829652,True,Protein Coding,0.8542982842592188
RECQL,2.045290705106641,5.250326919118541e-39,0.9489167731951826,0.5680894820622484,2.1853968312065375e-06,0.7593252554050843,True,Protein Coding,0.8541191477067753
IRF6,2.2103964509183878,1.8838575219511353e-40,0.9647278476754355,0.6306501377999512,8.750984040403864e-05,0.7429318127821335,True,Protein Coding,0.853755111716609
SLFN5,2.83442758527888,1.5749566049717862e-62,0.9703290049115253,0.5106008458066054,3.1121436034424787e-06,0.736992159657876,True,Protein Coding,0.8536579255703799
LCN2,5.819125344815987,7.510542628031755e-52,0.946746955527148,1.121419857448326,5.233011746509007e-06,0.7605131860299359,True,Protein Coding,0.8536256037223545
ITGBL1,4.715615821166655,1.2770329087553406e-77,0.9641559577474266,0.8649435091470652,6.675042175494381e-06,0.7429318127821336,True,Protein Coding,0.8535381878233473
TRIM16L,1.0537080838323356,3.6359870654321385e-16,0.8532765928816525,0.6994110643858402,1.216464137787519e-11,0.8536469470182941,True,Protein Coding,0.853461769939591
CKS2,4.81815380475005,1.428727382988537e-104,0.9946511471439143,0.5019718104062729,0.00019394736524274564,0.7125207887859348,True,Protein Coding,0.8534204172154296
SERPINB9,3.304794735248604,1.028368032769018e-74,0.9759806230236157,0.728619014017581,1.36802343167373e-05,0.7301021620337372,True,Protein Coding,0.8530297227225447
ZNF217,2.013243927874588,2.6791770570549986e-37,0.9382695283590123,0.5931210976478969,1.452500517548121e-06,0.7674031836540747,True,Protein Coding,0.852835117261295
MIR4435-2HG,3.7865211935679204,2.2996823377366866e-72,0.988444459395815,0.6679905725825614,6.580570777767826e-05,0.7167973390354002,True,Protein Coding,0.8525647918938687
SHROOM3,3.292753212675772,4.1936779247904106e-71,0.9824900760277199,0.572693083867903,3.450099786246493e-05,0.7224994060346877,True,Protein Coding,0.8524653291119657
HIST2H4B,2.6266721657807977,1.1562756984978913e-26,0.9068324026105093,0.5271393656450476,1.2187800239815618e-07,0.7980517937752436,True,Protein Coding,0.8524419942989364
CTSC,3.372291724416335,6.10789422208718e-64,0.9865101258157842,0.530607721549063,5.9817569677010514e-05,0.7184604419101924,True,Protein Coding,0.8524342902651223
FAM83B,2.5474992599071524,1.358004262995168e-31,0.9152089080266433,0.7936233285816092,5.688779646962022e-07,0.7894986932763126,True,Protein Coding,0.8523533157661826
IGFBP7,3.1568578416201314,9.286840877749976e-47,0.9719101123595506,0.5730670800665258,1.0359644117259049e-05,0.7327156094084105,True,Protein Coding,0.8523040312260652
TNFRSF11B,4.283438188790957,4.0862436529035917e-69,0.9619693197873915,0.5151139106676186,8.483021912660383e-06,0.7424566405321928,True,Protein Coding,0.8522057508184072
HSPG2,2.816832194038889,1.3627991467717567e-48,0.9685124133754962,0.5901334449988109,7.363005173512846e-06,0.7358042290330244,True,Protein Coding,0.8521520467581325
HLA-DQB2,6.604890668101997,4.108230877724082e-77,0.9891677319518267,0.6130153825136597,4.7473952200486636e-05,0.7146590639106676,True,Protein Coding,0.8518729542353148
XPO1,1.141412968445131,5.3775495279825475e-14,0.887623629146202,0.6014995105725855,3.001838396109781e-08,0.8158707531480163,True,Protein Coding,0.851747165578989
BRCA2,2.548837899481935,2.932893946071553e-48,0.9290856489268653,0.546772969826562,3.5368070335626056e-07,0.7738180090282727,True,Protein Coding,0.8514515278354872
ANXA3,2.540515239184552,1.2408067233607027e-34,0.9277063849828433,0.9217950510810162,3.729780237745971e-07,0.774768353528154,True,Protein Coding,0.8512370517626668
XKR9,4.190510590055844,5.835670103433031e-50,0.9445603175671129,0.5810775196008544,9.456798251637356e-05,0.7578997386552625,True,Protein Coding,0.8511495290047719
SMC6,1.3117686772522377,3.519451481113452e-35,0.9255365673148086,0.6122822047992384,4.982696240699984e-07,0.776431456402946,True,Protein Coding,0.8509835878393935
TCN1,6.569544715064254,2.3801926848903405e-64,0.9520958083832335,1.5903620123544782,5.73802532907954e-06,0.7483962936564504,True,Protein Coding,0.8502411722864652
PELI1,2.3473619895041375,1.5131314073255267e-47,0.9669985870954719,0.5619747992397253,6.1145205931795e-05,0.7334283677833214,True,Protein Coding,0.8501614909612326
IGF2BP2,2.1714758393325715,7.377449049225198e-33,0.916756374890668,0.6762206177239234,9.767492538664778e-08,0.7835590401520551,True,Protein Coding,0.850157624482271
LTBP2,3.3715823555136915,9.08607642273716e-67,0.9645428244634328,0.5783911499168433,3.696719008635245e-05,0.7358042290330244,True,Protein Coding,0.8501420982218589
LRRN1,2.799190573908363,4.896668303326913e-46,0.9184384040906951,1.0013465122356844,9.476612061109608e-08,0.7816583511522928,True,Protein Coding,0.850048297065707
ADAM17,2.279930303438068,3.2407407564625123e-50,0.9592444324833479,0.5059917011166535,1.430581564120187e-05,0.7403183654074602,True,Protein Coding,0.8497692421293754
B3GALT5,2.5629895478705507,1.0006305629198878e-42,0.926125277534818,0.6508524233784754,6.795494037654815e-07,0.7733428367783322,True,Protein Coding,0.8497334797203031
HTRA1,3.3527079728184086,5.640404375411559e-62,0.9826078180717217,0.5063012972202428,5.202253513059705e-05,0.7165597529104301,True,Protein Coding,0.8495395879887488
GSDMC,5.286438303168942,1.68265086805039e-58,0.9614647110273835,0.5584694535519112,0.0001120677870153392,0.7377049180327869,True,Protein Coding,0.8494896034400391
FUT3,3.4307361232590994,5.377436116466554e-42,0.9387741371190204,0.8652505939653121,4.869775616865275e-07,0.7600380137799952,True,Protein Coding,0.8494056618078083
CD68,5.131086052613873,6.985645583858475e-76,0.9909170423198548,0.5640407032549302,0.00020392119200707037,0.7080066524114992,True,Protein Coding,0.8492886240931976
ARHGAP26,2.9690167429186567,4.398027432475769e-63,0.960876000807374,0.6425210073651701,9.174677283184848e-06,0.7377049180327869,True,Protein Coding,0.8492826674541957
CCL18,9.883791626858642,1.0613888484061625e-94,0.9942474601359079,0.9608849370396761,0.0005115565640813484,0.7039676882870041,True,Protein Coding,0.8486732076582569
MYLK,3.1941033943349257,2.7497625104354345e-52,0.9494550225391912,0.5895686861487279,2.2702529086987297e-06,0.7474459491565691,True,Protein Coding,0.8484485596506969
LAMA4,4.14728881450582,3.6522890857287184e-89,0.989504137791832,0.79770262295082,9.81110096772525e-05,0.7075314801615586,True,Protein Coding,0.8484345600377275
MSL3P1,3.609591034784364,3.0457084185952705e-29,0.9395983314270336,0.5834949893086243,6.612801804845477e-06,0.7569493941553813,True,Protein Coding,0.8482682533242766
ZEB1,2.745042437596716,2.4199409024402687e-56,0.952566776559241,0.6546867403183647,2.132889806506887e-06,0.7436445711570444,True,Protein Coding,0.848103864942196
EMB,4.750857794523313,3.806714789116431e-108,0.9888481464038215,0.5304841363744366,8.258942300372473e-05,0.7070563079116179,True,Protein Coding,0.8478821952725439
SLCO4A1,2.573944479580166,4.823720597326494e-39,0.9043093588104689,0.5663396602518427,5.437751805123932e-08,0.7909242100261344,True,Protein Coding,0.8476167383270047
PLXNC1,3.390282520352554,4.163012943527487e-77,0.9741303909035861,0.7708179258731285,2.6479495514693386e-05,0.7208363031598954,True,Protein Coding,0.8474609061002543
ANXA1,4.381315242548611,7.863291201894294e-78,0.9764515911996232,0.9422771418389146,3.502974834461876e-05,0.7175100974103111,True,Protein Coding,0.8469511747791384
PLXDC2,4.1312500000000005,1.6329634889815559e-84,0.9761151853596177,0.8279725920646239,3.063756740703348e-05,0.7177476835352816,True,Protein Coding,0.8469054865285376
MYH9,1.9812194947184292,1.9489453109453275e-27,0.9495727645831931,0.5153702851033497,2.461758762862892e-05,0.7436445711570445,True,Protein Coding,0.8465878264070503
HMCN1,3.9005321334858376,1.1664572500912202e-69,0.9583024961313329,0.8783082988833444,1.903474029817615e-05,0.7348538845331432,True,Protein Coding,0.846562075936243
NCF2,3.769777087398237,2.932592158239099e-66,0.9551066406512817,0.7260990021382758,2.208539319272157e-05,0.7377049180327868,True,Protein Coding,0.846387086137597
PPFIA2,3.377491468747897,2.532572600235945e-38,0.9273531588508377,0.5955054193395108,2.9557118018724504e-07,0.7652649085293418,True,Protein Coding,0.8463087835455299
RND3,3.6024193668842095,4.727103137465759e-78,0.9843234878557491,0.6626483606557363,0.0002349393751628887,0.7082442385364695,True,Protein Coding,0.8460850377940796
FBN1,4.2643094159994615,8.746331780208152e-80,0.9739958285675839,1.1920487669280089,1.117673898267288e-05,0.7177476835352816,True,Protein Coding,0.8458623019636027
SRGAP2C,2.3634370382829846,9.960883448204916e-53,0.956553185763305,0.5245971323354706,8.435463774870271e-06,0.7350914706581136,True,Protein Coding,0.8458151933070998
ADAM12,6.4420776660162815,2.806695469855737e-98,0.9798492901836775,0.902271855547637,0.00017004752740125526,0.7120456165359944,True,Protein Coding,0.8458036020870807
LAD1,2.7607435073672875,3.8258277204655e-43,0.9388414182870215,0.6550329579472551,2.7305327414425887e-05,0.7517224994060346,True,Protein Coding,0.8452588781458843
S100A4,4.442569851308618,2.2296634026505536e-70,0.9796138060956738,0.5319141862675218,7.300382744232251e-05,0.7101449275362319,True,Protein Coding,0.8448176873884482
CRABP2,5.740639181188185,1.3187121821179433e-91,0.9824564354437194,0.5564904252791623,8.007754301876628e-05,0.7072938940365883,True,Protein Coding,0.8448075092128038
THY1,5.051781252102537,6.429846248583979e-84,0.9854336271277669,0.7120760394392986,0.00010914068331332033,0.7042052744119743,True,Protein Coding,0.8447272465977372
MSN,3.363699246450919,1.910281164417437e-61,0.9693534279755096,0.7789204276550246,3.113755296267227e-05,0.7198859586600143,True,Protein Coding,0.8445933939273279
LIF,4.603734831460674,8.146438257043971e-72,0.9607918993473726,0.7346996436208122,6.580570777767826e-05,0.7277263007840342,True,Protein Coding,0.8442035429980758
TRIO,1.49432117338357,7.14361795810436e-23,0.9169077575186706,0.6383492325968154,1.2698424541815407e-06,0.7714421477785697,True,Protein Coding,0.8441738806794266
GLT8D2,3.6792723070712503,1.3315597280427504e-77,0.9753582722196057,0.6304993442622946,0.0002237042979948595,0.7132335471608459,True,Protein Coding,0.8441070370664486
BAIAP2L1,1.7406640617641114,2.788201185990901e-25,0.8921314674022741,0.9801266785459717,4.869775616865275e-07,0.7956759325255406,True,Protein Coding,0.8439032890017412
FAS,2.5548592612527754,1.8467838828494186e-53,0.9679237031554867,0.5033692634830134,4.9491242334765466e-05,0.7194107864100735,True,Protein Coding,0.8436254906427186
INSIG2,1.3897965753885493,3.1471841709939574e-22,0.9269494718428312,0.5845207483962929,7.905911276719186e-07,0.759800427655025,True,Protein Coding,0.8433742829841755
SLC20A1,1.918974238040772,1.1511811562553828e-27,0.8939480589383032,0.766329607982895,3.577646338062202e-08,0.7918745545260157,True,Protein Coding,0.8429112765757739
TGFBR1,2.7621163358675904,7.337564828815987e-60,0.9727343066675637,0.5268009265858886,8.80788563581596e-05,0.7122832026609646,True,Protein Coding,0.8424345474566816
CDCA7,3.6883079930027582,3.642595865493965e-52,0.9364192962389827,0.5250957757186963,8.39659887721491e-05,0.7474459491565693,True,Protein Coding,0.8418619289926316
COL6A3,3.3728511101392726,4.262171871648496e-64,0.9307003969588912,1.2658230719885957,2.0228097706579104e-06,0.7524352577809456,True,Protein Coding,0.8415661250382944
ATP2B4,2.576277592006998,2.9149753776994994e-45,0.9487822108591805,0.5699405773342825,2.52402644422362e-05,0.7343787122832026,True,Protein Coding,0.8415592198577919
KRT6B,5.131907525398641,9.051375939224938e-49,0.9273699791428379,0.8164703373722979,1.3199784503028583e-05,0.7555238774055595,True,Protein Coding,0.8414358213560749
OLR1,4.399820278544035,1.1435194421532234e-60,0.9361838121509789,1.2442689166072691,7.819398743085472e-06,0.7464956046566881,True,Protein Coding,0.8413331296331751
SDC4,2.7580848583731417,1.890020936808378e-45,0.9628607952634057,0.5745649916844862,0.0002221758436075438,0.7201235447849845,True,Protein Coding,0.8413052107914308
TMEM45A,1.9879789208100656,3.632346132724654e-30,0.9163358675906614,0.7563439961986225,7.146627256572967e-07,0.7659776669042527,True,Protein Coding,0.8411561661040692
TMPRSS3,3.1546810670793244,3.241527406286783e-47,0.9485467267711767,0.7200226300784021,5.832251517614231e-07,0.7336659539082918,True,Protein Coding,0.8411058497853613
SFTA2,4.746626650070645,7.28209213708409e-45,0.9325842696629214,0.5927213399857454,7.954896736825527e-07,0.7493466381563316,True,Protein Coding,0.840964784930292
PDGFRB,2.856481369844581,1.0249132504298696e-50,0.9541647042992666,0.8557119980993111,6.2037130141051265e-06,0.7277263007840342,True,Protein Coding,0.8409402855570921
PRRX1,3.9110459025768676,1.4636719858201866e-70,0.9517089416672274,0.5993762532668105,3.8100707029077637e-05,0.7301021620337372,True,Protein Coding,0.8408735127544121
FAM177B,6.365699195990043,5.552720159363543e-66,0.9684283119154948,0.5388600641482544,0.0006731969712952324,0.7144214777856974,True,Protein Coding,0.8408584501598103
RASGRF2,2.735378254726502,2.1900605732499796e-63,0.9587230034313395,0.6390696079828944,3.759909212539107e-05,0.7227369921596579,True,Protein Coding,0.840698387110859
CXCL10,5.897327592006997,9.381968426793614e-65,0.9692188656395075,0.8133880969351384,0.00022130864207990243,0.7115704442860536,True,Protein Coding,0.8402086683628796
TUFT1,1.5552168034717075,5.7314787101654e-25,0.8954955258023279,0.6391166048942747,9.723687480207162e-08,0.7840342124019958,True,Protein Coding,0.8397647874460504
CLEC2B,3.3338402240462894,3.759165041833846e-70,0.9740967503195854,0.5390602542171528,5.0161194592203567e-05,0.7042052744119743,True,Protein Coding,0.8391089195485564
ITGA6,1.7967712776693814,2.586354938052366e-26,0.909119962322546,0.58623026609646,1.4403392577804314e-06,0.7688287004038964,True,Protein Coding,0.8389731229555555
ST14,2.508939292202113,4.2851630191557744e-43,0.9620702415393931,0.5020095462105028,0.0005117900607654212,0.7163221667854598,True,Protein Coding,0.8387667118861041
DSC2,2.1367702381753353,2.603550026319518e-42,0.9592612527753481,0.578970662865288,0.0006362443672967679,0.7189356141601331,True,Protein Coding,0.8385645618158392
RASA2,1.4460864865774066,7.122383396735368e-27,0.9100114377985601,0.5514661796151099,2.5632593391161177e-06,0.7664528391541934,True,Protein Coding,0.8382299898700194
MOXD1,4.473138383906344,8.924643370290124e-82,0.9730538922155688,0.9329364694701834,5.67244743589193e-05,0.7032549299120932,True,Protein Coding,0.8381068671954318
IFIH1,1.8203618482136854,6.583722975167644e-50,0.9428278274910851,0.5200668234735106,5.085351852453007e-05,0.7334283677833215,True,Protein Coding,0.8380854758744642
NDRG1,2.301175603848482,6.410242114261043e-35,0.9572596380273162,0.5369158493703985,0.0001277571941617982,0.7177476835352815,True,Protein Coding,0.8373966636634972
NRG3,6.10501286752338,4.749571881611257e-78,0.9696561932315144,0.533401180803041,2.8632833001004505e-05,0.7042052744119742,True,Protein Coding,0.8369067701238094
POF1B,2.7816656361434435,1.1463797444955603e-40,0.9260579963668168,0.8142261368496095,6.418225340703632e-05,0.7469707769066287,True,Protein Coding,0.8364606972583811
SFRP2,5.478061195586356,8.57339119036287e-73,0.9579660902913274,0.8514531385127135,4.527933535463358e-05,0.7144214777856974,True,Protein Coding,0.8361559217397435
ASAP1,2.0245838861602636,3.340371386836755e-39,0.9522135504272355,0.524674739843193,0.0001281604788202494,0.719648372535044,True,Protein Coding,0.8358238281688557
PYGL,2.641705840005383,4.665807659418073e-50,0.958302496131333,0.6279271418389154,0.0003025841970360681,0.7129959610358755,True,Protein Coding,0.8353963743327695
MUC4,4.327583566574715,7.190272197411428e-51,0.9027787122384444,0.7988702304585416,3.1326456608937413e-07,0.7669280114041339,True,Protein Coding,0.8348531002913131
IFITM1,2.98399602704703,1.891797080581997e-46,0.9543497275112697,0.5805855072463757,3.8349985495758886e-05,0.714896650035638,True,Protein Coding,0.8345911809862699
RBMS1,2.506694466123932,1.5115778295558707e-48,0.9517089416672274,0.530360464480875,5.232120003437663e-05,0.717272511285341,True,Protein Coding,0.8344470649200574
RNF213,1.5202561562268722,1.5109591603781575e-21,0.9119289510865909,0.5562854122119267,4.317769950951855e-06,0.7569493941553814,True,Protein Coding,0.8344355697046006
DST,1.6386919161676659,8.806858821298918e-25,0.9519444257552311,0.5129977191731996,6.924159596997814e-05,0.7170349251603707,True,Protein Coding,0.8344318940608516
MARCO,5.555916931305928,1.1254236514889243e-56,0.9325506290789208,0.5676822309337153,2.4101932523045062e-05,0.7360418151579948,True,Protein Coding,0.8342761139672081
GBP1P1,3.24353368431676,1.4267966129120821e-42,0.9281437125748503,0.8710593205036821,5.306029753383182e-06,0.7403183654074602,True,Protein Coding,0.8342266125364411
TM4SF1,3.2174619457713787,3.440978041335946e-45,0.9397160734710354,0.5117134592539809,3.04629125258121e-05,0.7272511285340935,True,Protein Coding,0.8334582106645353
BNC2,3.1918264751396084,8.60021642239095e-62,0.938942340039023,0.5578689688762184,3.904583513888325e-05,0.7279638869090045,True,Protein Coding,0.833420570601149
AGR3,4.850746925250622,2.1416659213260527e-56,0.9556617102872905,0.6250522499406035,0.00012897843901212423,0.7103825136612022,True,Protein Coding,0.8329146700825814
DGKA,1.5072039056718034,2.475653760474814e-21,0.8840913678261454,0.5321820598717046,6.403031237034429e-07,0.7816583511522928,True,Protein Coding,0.8328743261968448
GDA,4.365453064657203,1.0421736530386384e-64,0.964122317163426,0.67218594915657,0.002341283682515913,0.7053932050368259,True,Protein Coding,0.8328033563752087
ROBO1,3.396426401130324,3.423975387035311e-70,0.9632813025634125,0.5043313661202191,4.000576119961857e-05,0.7020669992872416,True,Protein Coding,0.832640839162088
TRIM22,2.293944119625917,1.7592498197872019e-37,0.9172273430666756,0.5766799168448564,3.4111819056910653e-06,0.7476835352815395,True,Protein Coding,0.8324525995171762
MMP2,3.826867546928615,2.2984312920054906e-59,0.9557121711632913,0.9034435756711803,0.00011179410984488623,0.7087194107864101,True,Protein Coding,0.8321227541512998
LOX,3.42945134562336,5.119130167735468e-61,0.9464273699791429,0.873594005702067,0.0001669348330030193,0.7148966500356378,True,Protein Coding,0.8305233435834678
EHF,1.9908027349794795,5.8978464584672775e-28,0.9009284801184149,0.6748207769066275,0.000176648671852312,0.7600380137799952,True,Protein Coding,0.8303365431866359
SLC39A10,1.3056579425418826,1.0719454365422662e-20,0.8775482742380407,0.7318316084580649,1.0760736524725702e-07,0.782608695652174,True,Protein Coding,0.8300783956225486
POC1B-GALNT4,3.6753377010024897,4.841372001823093e-27,0.901130323622418,0.7063385055832736,1.7471141325985327e-06,0.7588500831551437,True,Protein Coding,0.8299887533011666
ITGA5,2.761342743726031,7.128598525405393e-48,0.9553757653232859,0.5878289094796871,0.000626683206936673,0.7056307911617961,True,Protein Coding,0.8299828157847605
FUT2,2.7197621106102394,1.2664463087322853e-52,0.9363015541949808,0.5701422641957707,1.9501340561435527e-05,0.7234497505345687,True,Protein Coding,0.8298594686770544
CTSV,2.6931996299535763,6.887033578126252e-38,0.9010966830384176,0.5329276193870278,6.344921291150777e-07,0.7571869802803517,True,Protein Coding,0.8291413055754184
SAMD12,2.222320769696562,6.93489403949618e-50,0.9533068694072528,0.54281476835353,0.00043440543914373327,0.7056307911617961,True,Protein Coding,0.8291085045130486
BIRC3,3.3600863183744876,2.9000757221723598e-55,0.9315918724349056,0.8456024922784522,1.4632001926561847e-05,0.7265383701591828,True,Protein Coding,0.8290529904145921
HKDC1,2.42318587095472,3.957667715857812e-31,0.9143510731346296,0.6881981610833927,3.4486420350923084e-05,0.7436445711570444,True,Protein Coding,0.8289692329784724
EFNA1,2.000090213954114,4.48653157552051e-27,0.9104824059745678,0.5092089760038006,6.065292642710815e-06,0.747208363031599,True,Protein Coding,0.8288403573132709
TRPS1,2.511907192356859,2.7087757005268374e-53,0.9345690641189531,0.6165700974103103,1.7293517212711992e-05,0.7229745782846282,True,Protein Coding,0.8287574888220354
HIST2H2AA4,3.9816022741034782,1.7245030828432908e-13,0.8167765592410685,0.8023158196721338,1.0249155597724208e-09,0.8396293656450463,True,Protein Coding,0.8282029615940765
FIBIN,2.68649665612595,5.896989544913964e-40,0.911945771378591,0.5079776193870282,8.590793052074832e-06,0.7438821572820147,True,Protein Coding,0.8279068518927704
ITGB8,1.9890013422593014,1.5298893711766237e-33,0.9062605126825002,0.6667317628890483,5.777365111702672e-06,0.7493466381563316,True,Protein Coding,0.8277987928959201
KITLG,2.7114295633452192,1.1857559912929198e-52,0.9415494852990648,0.563084046091709,7.124085349360813e-05,0.7139463055357568,True,Protein Coding,0.8276889259508637
ENC1,2.1307197571149836,1.6147177736805064e-33,0.9183374823386935,0.5228257377049177,6.0801658077783885e-05,0.736279401282965,True,Protein Coding,0.8272581400858253
IRAK3,2.337619450985669,6.8523379677890544e-43,0.9182533808786921,0.8241547327156091,2.025083843018459e-05,0.7353290567830838,True,Protein Coding,0.8267744756154999
MFAP5,4.438089722801587,2.2848438656872015e-63,0.9469151584471507,1.0562759562841544,0.00012697565308194712,0.706343549536707,True,Protein Coding,0.826524392189849
LGALS4,4.285054020049789,1.834750068450438e-50,0.9298593823588778,0.9016091328106457,0.00019721986064528678,0.7232121644095985,True,Protein Coding,0.8263727641141929
BTN3A3,2.272376374217856,3.56699983997263e-45,0.9480757585951692,0.5000665502494668,8.277433405277324e-05,0.7032549299120932,True,Protein Coding,0.8255970003546101
DUOX2,7.070785521092647,7.185879160949887e-73,0.9508679270672139,1.0310929603231163,0.0010596982225617403,0.7018294131622713,True,Protein Coding,0.8254729898978058
AIM1,2.303725523111081,2.698326056525756e-44,0.9302126084908835,0.5386851603706342,0.00010729948017644107,0.7208363031598954,True,Protein Coding,0.8254358774804065
MACC1,2.3221117742044,1.3834218948219004e-39,0.9199017694947185,0.8383746471846036,0.0001103459950537292,0.7310525065336184,True,Protein Coding,0.8253860499179801
TFPI,2.7714470160801987,5.0996562745136105e-43,0.9362847339029805,0.5926854003326216,0.00015343817750559794,0.7120456165359943,True,Protein Coding,0.8240387168170381
GLI3,2.5143989033169616,5.346546283874157e-49,0.9275045414788401,0.5324816203373723,4.8969842876873635e-05,0.7198859586600144,True,Protein Coding,0.8236549138424529
ARHGAP11A,1.8284873074076564,1.317520154671996e-35,0.9200699724147211,0.5052684343074367,0.00014165417340895347,0.7251128534093609,True,Protein Coding,0.8224748894053917
TFRC,1.8524954921617445,9.415399232054846e-32,0.9435511000470967,0.561765369446424,0.0004303905194741932,0.7020669992872417,True,Protein Coding,0.8224549204528548
ISM1,2.6124427033573308,5.769988535738512e-36,0.898001749310368,0.5766185531004986,5.0694455742897815e-06,0.7457828462817772,True,Protein Coding,0.8218881312578009
TFF2,7.521178988091233,2.25590057511393e-52,0.9381349660230102,0.9268005844618692,9.730593759159406e-05,0.7046804466619149,True,Protein Coding,0.8213277784954519
DENND3,1.624282944223911,3.1314012724817307e-26,0.9088171970665411,0.5629675694939422,4.646099164147167e-06,0.7336659539082917,True,Protein Coding,0.8212377599176189
ANXA10,2.8120634394133086,1.3620232363482345e-21,0.8147581242010361,1.9363038560228083,1.9576638424680466e-09,0.8272748871465907,True,Protein Coding,0.8210165040665391
PDLIM3,2.6445854100787183,4.3295887746348695e-42,0.9276391038148422,0.6560982489902596,0.00010265599868488686,0.7137087194107864,True,Protein Coding,0.8205896645128231
KNTC1,1.152938074412972,8.250470655301355e-17,0.8421079189934737,0.558157875980041,2.959718277120888e-08,0.7973390354003327,True,Protein Coding,0.8197234529353975
MUC1,2.792098735114039,6.442897174575787e-31,0.9082957680145327,0.8923613114754083,0.00014237368626348495,0.7312900926585887,True,Protein Coding,0.819676213395096
CP,3.753040254322815,1.5926338898326097e-37,0.8799872165780799,1.6682183654074612,2.115320195803303e-06,0.7593252554050843,True,Protein Coding,0.8196545021561925
HILPDA,1.8624099878893905,2.2909348889108415e-27,0.8966897665343471,0.7609818127821333,3.223967424647726e-05,0.7405559515324305,True,Protein Coding,0.8185964668990828
BTN3A2,2.0666653804750053,1.6837254510865173e-62,0.9355951019309695,0.5616323972440007,0.00011699520343759832,0.7011166547873604,True,Protein Coding,0.818260134646692
MRC1,3.29407605126825,9.104716617252551e-49,0.9244096077507905,0.9474308861962459,0.00011085722262098512,0.7108576859111428,True,Protein Coding,0.8175430062357575
HMGCS1,1.3715070207898816,9.892037864601436e-19,0.876000807374016,0.5751985673556668,2.7038764354932428e-06,0.7576621525302922,True,Protein Coding,0.8168292713407637
FCGR3B,3.475989379667631,1.8677266349776687e-35,0.8849492027181594,0.9150871109527214,5.210067344295933e-06,0.7438821572820148,True,Protein Coding,0.814411436839548
GXYLT2,2.2560008342864832,3.4656348531372583e-39,0.9242750454147884,0.6655721715371836,0.00043699577705480773,0.7049180327868854,True,Protein Coding,0.8142405638532464
DSG3,4.574161558904663,9.25232236602261e-37,0.8806768485500908,1.042874725588026,1.5082965115065525e-05,0.7464956046566881,True,Protein Coding,0.8135739553107154
GALNT3,1.8959375798963864,5.909247931038014e-28,0.9065464576465047,0.5619367830838691,0.0002772466253250141,0.7198859586600143,True,Protein Coding,0.8129907467038894
IGF2BP3,3.313010872636749,3.400287022526069e-25,0.8392989302294288,1.0003773818009032,1.3422735325671349e-08,0.7845093846519362,True,Protein Coding,0.8119041465427078
SCNN1A,1.7591882224315425,6.855957313370115e-18,0.8464811949135436,0.8686316559752916,1.7797700185920307e-06,0.7769066286528866,True,Protein Coding,0.8116924671547266
ARRDC3,1.8785169144856364,2.586354938052366e-26,0.8845455157101528,0.5372148325017818,2.6761409696540274e-05,0.7369921596578761,True,Protein Coding,0.8107471403669801
SRGAP2D,4.662336052613874,7.846152355891982e-25,0.8506526273296103,0.7129811617961499,1.4242788858813948e-06,0.7674031836540746,True,Protein Coding,0.8090267532104786
DUSP10,1.6100519511538716,6.957650315415521e-24,0.8904830787862477,0.5580499168448565,1.101552573319731e-05,0.7265383701591827,True,Protein Coding,0.8085018183020242
PLOD2,1.7869974803202582,3.415572007018579e-25,0.8839736257821436,0.615793544784986,6.233461534055148e-05,0.7312900926585887,True,Protein Coding,0.8075815157990849
LY75-CD302,4.3874276962928045,1.3244368012730436e-39,0.8559510193096952,0.5420829674507006,5.085116383736631e-06,0.7538607745307674,True,Protein Coding,0.8049018038800675
OSMR,2.049070789880912,4.836355615103399e-32,0.908867657942542,0.6711511808030401,0.00022847247041586814,0.7004038964124496,True,Protein Coding,0.804451940053699
ERV3-1,1.3723402543228151,1.8250147347691167e-25,0.8680111686738883,0.5894864480874311,1.7999509824192854e-05,0.7403183654074601,True,Protein Coding,0.8041502924690496
GRHL1,1.9114879028459935,2.2617451472196915e-34,0.8946713314943147,0.5399833071988591,5.215135685738764e-05,0.7129959610358755,True,Protein Coding,0.8037917252497546
PTPN22,1.9427873343201236,1.1392880706845335e-35,0.8976485231783624,0.5102370206699933,0.00013791941349586048,0.7099073414112615,True,Protein Coding,0.803667075713809
SERPINB3,5.000178675233803,4.825882131319097e-31,0.8673215367018773,1.1028336754573527,6.464302134465449e-05,0.7396056070325493,True,Protein Coding,0.8034116335543874
LAMB1,1.517147295297046,1.9584216739676016e-18,0.8812655587701003,0.5590071299596113,4.395875565661154e-05,0.7255880256593015,True,Protein Coding,0.8033914745726539
KRT6A,3.423031524591267,7.700933278849941e-19,0.8271042185292337,1.018563834640056,2.0020187266411746e-05,0.7792824899025897,True,Protein Coding,0.8031772741345492
ALOX5,1.7504218798358329,9.994165058356688e-22,0.8778678597860459,0.5104885340936098,2.1332262442981533e-05,0.7246376811594203,True,Protein Coding,0.8012356779383502
SERPINB2,3.7975990546995897,1.9757070829188417e-31,0.8922323891542756,0.6371645996673787,0.0012273102659187138,0.7044428605369446,True,Protein Coding,0.7973578168829679
ANKRD22,1.9631421651079866,1.9723171463106323e-17,0.8152290923770437,1.1394744286053706,7.752457506536751e-07,0.7700166310287481,True,Protein Coding,0.7926222472253904
USP41,3.908158225122788,2.5797651718527347e-18,0.8219067483011504,0.5664783297695415,1.0920645778567669e-06,0.7624138750296983,True,Protein Coding,0.792159446575208
CLEC7A,2.0817839635336073,2.573955964652814e-27,0.8732086389019713,0.6123969850320723,8.082449962561995e-05,0.7087194107864101,True,Protein Coding,0.7909000955726608
HLA-J,1.5590316389692527,4.801489340383839e-22,0.8209816322411356,0.5577242777381795,1.4118183743005386e-06,0.7538607745307674,True,Protein Coding,0.7874200916902283
CYP2C19,4.03978992464509,1.0497565653180084e-28,0.8106539729529705,0.6820782157282013,0.00017341537181918601,0.76383939177952,True,Protein Coding,0.7871101616901093
NALCN,1.9066431171365137,6.291874329277209e-29,0.8655385857498484,0.5422645093846521,0.000359424287675677,0.7018294131622713,True,Protein Coding,0.7834023243927926
SPRR1B,3.6965244869810947,1.1942925681771711e-18,0.8064657202449035,0.5386389379900214,2.646528201160362e-06,0.7479211214065099,True,Protein Coding,0.7771913639614008
SLCO1B3,4.930649226266567,6.225027835389271e-31,0.8409977797214558,0.9260434687574244,2.981445573049354e-05,0.7046804466619149,True,Protein Coding,0.7728160714141584
SLC26A9,2.2989462726232928,3.665607646713839e-18,0.8078281638969252,0.782369308624375,2.5872763705144753e-06,0.7346162984081729,True,Protein Coding,0.771220235787494
MIR4697HG,1.3147784431137723,7.414671911686185e-15,0.8046827692928749,0.5267955713946297,2.8151713960321255e-05,0.7272511285340936,True,Protein Coding,0.7659453856310295
