gene,importance_l1,rank_l1,importance_rf,rank_rf,importance_xgb,rank_xgb,log2fc,auc,log2fc_val,auc_val,stability_score,rank_score_l1,rank_score_rf,rank_score_xgb,model_consensus_score,consensus_score
MISP,0.41298381652562893,1,0.0295916220576349,5,0.453004,1,7.767093157505214,0.9963668169279419,0.6659791732002853,0.8246614397719174,0.9105141112394345,0.9988738738738738,0.9943693693693694,0.9988738738738738,0.9973723723723724,0.9539432418059035
MMP12,0.2720091912899475,2,0.018768548900446744,18,0.04024303,3,11.282721984121643,0.9979983852519679,1.4072152791636978,0.8111190306486101,0.9045586969133734,0.9977477477477478,0.9797297297297297,0.9966216216216216,0.9913663663663663,0.9479625316398699
LAMA3,0.0,35,0.0005240616071335506,81,0.0012821412,35,5.364946686402476,0.9883435376438136,1.241862988833451,0.8990258968876218,0.9436847172657116,0.9605855855855856,0.9087837837837838,0.9605855855855856,0.9433183183183184,0.943501517792015
CEACAM5,0.24850771634878305,3,0.00037405729111356556,98,0.009501049,9,10.462945828567584,0.9664771580434636,2.794674587788072,0.8648134948918983,0.9156453264667646,0.9966216216216216,0.8896396396396397,0.9898648648648649,0.9587087087087087,0.9371770175877366
MMP9,0.19833089869489695,5,0.00964150353854659,40,0.015149248,7,7.7557273497947925,0.9973255735719573,0.7886111712995953,0.7697790449037777,0.8835518916909881,0.9943693693693694,0.954954954954955,0.9921171171171171,0.9804804804804804,0.9320161860857343
CST1,0.22536419084556725,4,0.00025494084788241797,124,0.0012592678,37,13.968350481060352,0.9902274103478437,1.6511105298170579,0.8168210976478973,0.903524251906935,0.9954954954954955,0.8603603603603603,0.9583333333333334,0.9380630630630632,0.9207936574849991
RCN1,0.0,54,0.010003859652492786,23,0.0072265593,12,3.24744221893292,0.992935477359887,0.5799790354003314,0.7462580185317178,0.8695866083030006,0.9391891891891891,0.9740990990990991,0.9864864864864865,0.9665915915915916,0.9180890999472962
GRN,0.0,143,0.0006644507993732552,74,0.017589133,5,3.5322372199421377,0.9967368633519478,0.507347327156098,0.7574245664053219,0.8770709091644425,0.838963963963964,0.9166666666666666,0.9943693693693694,0.9166666666666666,0.8968687879155546
DSG2,0.0,77,0.00921832011652371,58,0.0,61,2.7126503263136654,0.9749714055035995,0.9038223853646921,0.7555238774055594,0.8652154279454114,0.9132882882882883,0.9346846846846847,0.9313063063063063,0.9264264264264265,0.895820927185919
SPARC,0.0018371042621512402,30,0.009321541683824165,54,0.0,133,5.418763079459057,0.990176949471843,1.0341804941791395,0.7329531955333808,0.861560339732826,0.9662162162162162,0.9391891891891891,0.8502252252252253,0.9185435435435435,0.8900519416381847
ANKLE2,0.0,90,0.0005709306976684475,76,0.0,70,1.3917286785978602,0.9360997106909776,0.5283633594678063,0.7942504157757188,0.8651749413750026,0.8986486486486487,0.9144144144144144,0.9211711711711712,0.9114114114114115,0.888293176393207
CTTN,0.0,153,0.00034240910444304813,106,0.0017601902,26,1.2410260983650678,0.9113234205745812,0.7262719695889732,0.8412924685198384,0.8763079441561096,0.8277027027027027,0.8806306306306306,0.9707207207207207,0.8930180180180182,0.8846629810870639
DOCK5,0.0,72,0.00034240910444304813,105,0.0,94,1.6909766601628202,0.9018199555944291,0.7854558873841766,0.8344024708956997,0.8681112129743265,0.918918918918919,0.8817567567567568,0.8941441441441441,0.8982732732732733,0.8831922431238
COLGALT1,0.0,44,0.00016971279001793925,156,0.0,66,2.2261606506088936,0.9704803875395277,0.5487717201235451,0.7605131860299358,0.8654962774190975,0.9504504504504504,0.8243243243243243,0.9256756756756757,0.9001501501501501,0.8828232137846238
LMNB1,0.0,88,0.018981954441701435,17,0.0,156,3.5605079055372397,0.9865942272757855,0.5077915395580916,0.7372297457828463,0.8618665117718948,0.9009009009009009,0.9808558558558559,0.8243243243243243,0.9020270270270271,0.8819467693994609
FBXL2,0.0,64,0.00019875943387168016,148,0.0,86,1.7676454921617437,0.9202886362107247,0.6144281492040875,0.8172962698978379,0.8687924510595698,0.9279279279279279,0.8333333333333334,0.9031531531531531,0.8881381381381382,0.878465294598854
NT5C2,0.0,149,0.0001520011394388265,164,0.003012118,21,1.5719069871492972,0.9475879701271614,0.508266455215014,0.8056545497742932,0.8766211136824356,0.8322072072072072,0.8153153153153153,0.9763513513513513,0.8746246246246246,0.8756228691535302
TSPAN1,0.0039050563256609427,26,0.00015011799355879585,167,0.0,328,6.496544748704836,0.9894536769158312,2.384041183178903,0.8952245188880968,0.942339097901963,0.9707207207207207,0.8119369369369369,0.6306306306306306,0.8044294294294293,0.8733842636656961
CLDN12,0.0,78,0.000541059661518164,80,0.0,157,1.8321536634595978,0.9499091704231984,0.5060183820384863,0.7738180090282727,0.8618633582851175,0.9121621621621622,0.9099099099099099,0.8231981981981982,0.8817567567567567,0.8718100575209371
TXN,0.0,42,0.00011550679503111818,190,0.0,99,2.716637583260445,0.9913880104958621,0.5799639938227639,0.7434069850320741,0.8673898124009806,0.9527027027027027,0.786036036036036,0.8885135135135135,0.8757507507507508,0.8715702815758657
PLS1,0.0,79,0.00042989701185020587,95,0.0,147,3.386745199488663,0.9659893695754559,0.9371902898550726,0.7588500831551437,0.8624026319677267,0.911036036036036,0.8930180180180181,0.8344594594594594,0.8795045045045043,0.8709535682361156
LOXL1,0.0,135,0.009890493204841195,25,0.0,203,4.2319491253448165,0.98812487384781,0.5790855333808498,0.7676407697790448,0.8778824825905387,0.847972972972973,0.9718468468468469,0.7713963963963963,0.8637387387387387,0.8708106106646387
CAPN9,0.0,117,0.00011528423133959466,197,0.0026972527,22,7.465092669716746,0.9679237031554868,0.6158506414825378,0.7600380137799954,0.8639697651323563,0.8682432432432432,0.7781531531531531,0.9752252252252253,0.8738738738738738,0.8689218195031151
SLC16A1,0.0,137,0.009658099894291755,32,0.0,205,4.10844322815044,0.991068424947857,0.6034516179615119,0.7643145640294607,0.8776869731724047,0.8457207207207207,0.963963963963964,0.7691441441441441,0.8596096096096096,0.8686482913910072
TIMP2,0.0,65,0.00010544525404665266,212,0.0,87,3.0452728755971217,0.9741303909035861,0.705839883582799,0.7633642195295794,0.8687462876191773,0.9268018018018018,0.7612612612612613,0.902027027027027,0.8633633633633634,0.8660548254912703
DKK1,0.0,131,0.0008859784283513103,70,0.0,198,6.625147379398507,0.9567213886833076,0.974525640294607,0.7994773105250653,0.8780992367443502,0.8524774774774775,0.9211711711711712,0.777027027027027,0.8502252252252251,0.8641622309847876
MFAP2,0.0,62,0.00013460036266860968,175,0.0,138,3.0076292437596712,0.939749714055036,0.6863284651936326,0.7980517937752435,0.8689007400705,0.9301801801801802,0.8029279279279279,0.8445945945945946,0.8592342342342342,0.864067487152367
SPDL1,0.0,85,0.00027908421283662005,121,0.0,153,2.0377208067012047,0.9685124133754962,0.5710126823473503,0.7555238774055596,0.8620158623082393,0.9042792792792793,0.8637387387387387,0.8277027027027027,0.8652402402402403,0.8636280512742398
PXDN,0.0,94,0.00017247274579158478,151,0.0,113,3.6467698614007937,0.9776121913476418,0.9616179733903536,0.7445949156569257,0.8611001670389636,0.8941441441441441,0.829954954954955,0.8727477477477478,0.8656156156156155,0.8633578913272896
DPCR1,0.0,124,0.0003528088355604035,101,0.0,141,8.67820988360358,0.9240227410347843,1.7805647897362809,0.8028035162746497,0.8634130148775844,0.8603603603603603,0.8862612612612613,0.8412162162162162,0.8626126126126126,0.8630128137450985
PSMB8,0.0,34,8.701573849878935e-05,240,0.0,102,3.348254618852183,0.9884444593958152,0.5319047327156108,0.7453076740318365,0.8668739082562634,0.9617117117117117,0.7297297297297297,0.8851351351351351,0.8588588588588588,0.8628663835575612
OCIAD2,0.0,471,0.01988433276232744,12,0.3147495,2,3.9669676209379,0.996938706855951,1.0010752459016405,0.8184842005226894,0.9077114514357634,0.46959459459459457,0.9864864864864865,0.9977477477477478,0.8179429429429429,0.8628271971893531
SLC44A4,0.0,142,0.00044342111786188436,91,0.0,170,4.885785447083361,0.9650978940994416,1.0757625041577565,0.786647659776669,0.8758726772604729,0.8400900900900901,0.8975225225225225,0.8085585585585585,0.8487237237237237,0.8622982004920983
UACA,0.0,121,0.00017150904022596256,154,0.0,108,2.002757246181794,0.9576128641593218,0.6180186813970083,0.7695414587788073,0.8635765271474402,0.8637387387387387,0.8265765765765766,0.8783783783783784,0.8562312312312312,0.8599038791893356
GPR87,0.0,57,0.00011551119646369148,189,0.0,159,8.042934935746484,0.947436587499159,0.7689182133523391,0.7911617961511048,0.8692991367994216,0.9358108108108109,0.7871621621621622,0.8209459459459459,0.8479729729729729,0.8586360548861973
HCP5,0.0,81,0.00016563286155973344,159,0.0,149,3.5894035759940803,0.9813799367557021,0.5053501686861495,0.7431693989071039,0.8622442267225163,0.9087837837837838,0.8209459459459459,0.8322072072072072,0.853978978978979,0.8581116028507476
GRAMD3,0.0,151,0.0002552811545778773,123,0.0,166,2.006132984592613,0.9660230101594564,0.5329782608695659,0.7868852459016394,0.876453710417802,0.829954954954955,0.8614864864864865,0.8130630630630631,0.8348348348348349,0.8556442726263185
MXRA5,0.0,96,0.00011551554422025841,188,0.0,115,4.02499468142367,0.9473356657471574,0.944452542171538,0.774768353528154,0.8610517069609521,0.8918918918918919,0.7882882882882883,0.8704954954954955,0.8502252252252251,0.8556384660930887
LGR5,0.0,48,5.781782091540355e-05,268,0.0,100,5.737637902845995,0.9809426091636951,0.7289951579947731,0.753623188405797,0.8672749869986031,0.9459459459459459,0.6981981981981982,0.8873873873873874,0.8438438438438438,0.8555594154212234
DNTTIP1,0.0,596,0.01932292189272687,15,0.015535382,6,3.143899512211531,0.9930700396958891,0.6557010430030887,0.8878593490140176,0.9404646943547713,0.32882882882882886,0.9831081081081081,0.9932432432432432,0.7683933933933934,0.8544290438740824
BUB1B,0.0,130,0.00022652548103170234,143,0.0,187,4.156521943752944,0.9847103545717554,0.5057079092421,0.7716797339035399,0.8781874289337096,0.8536036036036037,0.838963963963964,0.7894144144144144,0.8273273273273274,0.8527573781305184
FAM91A1,0.0,61,9.5955383168314e-05,220,0.0,160,1.6532159893695755,0.9542488057592681,0.526706726063197,0.7835590401520551,0.8689037232281024,0.9313063063063063,0.7522522522522522,0.8198198198198198,0.8344594594594595,0.851681591343781
SLC5A3,0.0,147,2.831515204252763e-05,285,0.0012776275,36,1.8626816692457784,0.9322983246989167,0.8101330102162017,0.8210976478973627,0.8766979842183092,0.8344594594594594,0.6790540540540541,0.9594594594594594,0.8243243243243242,0.8505111542713167
CLDN4,0.0,119,0.00011539017647249485,194,0.0,122,2.6499676478503655,0.9262934804548207,0.8006313471133284,0.8013779995248278,0.8638355014186647,0.865990990990991,0.7815315315315315,0.8626126126126126,0.8367117117117117,0.8502736065651881
KIAA1551,0.0,43,0.0,330,0.0,67,2.4492279654174793,0.9742481329475879,0.5720544761225943,0.7571869802803516,0.8657075907503168,0.9515765765765766,0.6283783783783784,0.9245495495495496,0.8348348348348349,0.8502712127925758
MUC4,0.0,240,0.0003303075634642678,116,0.00794678,11,4.327583566574715,0.9027787122384444,0.7988702304585416,0.7669280114041339,0.8348531002913131,0.7297297297297297,0.8693693693693694,0.9876126126126126,0.8622372372372372,0.8485451687642751
MX1,0.0,129,0.00022650123880337128,144,0.0,208,3.452151981430398,0.9709177151315347,0.7766059515324288,0.783559040152055,0.8772382752387091,0.8547297297297297,0.8378378378378378,0.7657657657657657,0.8194444444444443,0.8483413598415768
TIMP1,0.0,105,3.8030965302303484e-05,277,0.0,69,4.767543567920339,0.989874184215838,0.7569289783796656,0.7403183654074602,0.8650842532140286,0.8817567567567568,0.6880630630630631,0.9222972972972973,0.8307057057057058,0.8478949794598671
GREB1L,0.05755657362268947,13,0.0,344,0.0,103,4.079400053824935,0.9397833546390366,0.6443090377761944,0.793775243525778,0.8667792734609852,0.9853603603603603,0.6126126126126126,0.884009009009009,0.8273273273273273,0.8470533003941563
LGALS1,0.0,32,0.0,345,0.0,83,4.214536412568122,0.9848617371997577,0.6279688310762666,0.7486338797814208,0.8667462195465344,0.963963963963964,0.6114864864864865,0.9065315315315315,0.8273273273273274,0.8470367734369308
IFI44L,0.0,47,0.0,352,0.0,62,4.000676838457915,0.9387909574110206,1.421541456402947,0.7918745545260156,0.8653327247131052,0.9470720720720721,0.6036036036036037,0.9301801801801802,0.826951951951952,0.8461423383325286
MIR31HG,0.0,46,0.0,354,0.0,63,7.508759923972279,0.9256543093588104,0.8311428961748635,0.8051793775243525,0.8654168071274726,0.9481981981981982,0.6013513513513513,0.9290540540540541,0.8262012012012012,0.8458090041643369
TFF1,0.0,215,0.0003666810257709856,100,0.0,175,10.361929126017627,0.9639036533674223,1.5119091969588974,0.7864100736516988,0.8751567378381154,0.7578828828828829,0.8873873873873874,0.8029279279279279,0.816066066066066,0.8456114019520907
GPSM2,0.0,41,0.0,355,0.0,71,2.1974145024557625,0.9541983448832673,0.7217472535043958,0.7776193870277976,0.8659080150210615,0.9538288288288288,0.6002252252252253,0.920045045045045,0.8246996996996997,0.8453038573603806
PTK7,0.0,45,0.0,356,0.0,65,3.105924665276189,0.9777299333916436,0.6046012116892383,0.7531480161558565,0.8654381374501656,0.9493243243243243,0.5990990990990991,0.9268018018018018,0.825075075075075,0.8452566062626203
SEMA3C,0.0,70,0.0,333,0.0,64,5.528130582654915,0.9752405301756039,1.2586981800902812,0.7552862912805892,0.865261968802787,0.9211711711711712,0.625,0.9279279279279279,0.8246996996996997,0.8449808342512434
SLFN13,0.0,33,0.0,343,0.0,101,2.433609506829038,0.9293043127228688,0.5633618175338562,0.8049417913993823,0.8671230338699614,0.9628378378378378,0.6137387387387387,0.8862612612612613,0.8209459459459459,0.8440344899079537
DYNLT1,0.0,40,0.0,353,0.0,84,2.7520516685729675,0.9913207293278612,0.5320739961986227,0.7407935376574009,0.8660474556752933,0.954954954954955,0.6024774774774775,0.9054054054054054,0.8209459459459459,0.8434967008106196
MMP13,0.00316271060924974,28,0.0,326,0.0,111,8.647941633586758,0.9800174931036804,0.6318130624851506,0.7429318127821335,0.861455558747867,0.9684684684684685,0.6328828828828829,0.875,0.8254504504504504,0.8434530045991586
CHST11,0.0,51,0.0,336,0.0,97,3.1162146807508577,0.9494718428311916,0.6097797624138748,0.7859349014017581,0.867703037994759,0.9425675675675675,0.6216216216216216,0.8907657657657657,0.8183183183183184,0.8430106781565387
KIF4A,0.020207958854820608,21,0.009765305860139429,28,0.0,470,6.418663964206419,0.996434098095943,0.5512403183654064,0.7626514611546685,0.8795373753060313,0.9763513513513513,0.9684684684684685,0.47072072072072074,0.8051801801801802,0.8423587777431057
MVP,0.0,50,0.0,340,0.0,98,2.2159995290318237,0.9543329072192693,0.5088243383226416,0.7809455927773818,0.8676389574916566,0.9436936936936937,0.6171171171171171,0.8896396396396397,0.816816816816817,0.8422278871542368
EPS8,0.0,53,0.00010320612057167214,213,0.0,229,2.6110053152122723,0.956183139339299,0.7461530672368717,0.7830838679021144,0.8696331433981148,0.9403153153153153,0.7601351351351351,0.7421171171171171,0.8141891891891891,0.841911166293652
CALM2,0.0,120,9.288550851450491e-05,223,0.0,137,2.903087579896386,0.9896050595438337,0.5130490068899958,0.7379425041577572,0.8637527781478326,0.8648648648648649,0.7488738738738738,0.8457207207207207,0.8198198198198199,0.8417862989838263
RHPN2,0.0,36,0.0,368,0.0,82,2.7650295734373946,0.9443248334791092,0.6877002375861245,0.7871228320266095,0.8657235767470248,0.9594594594594594,0.5855855855855856,0.9076576576576577,0.8175675675675675,0.8416455721572962
CNN2,0.0,75,0.0,350,0.0,60,2.2092579593621746,0.9382695283590122,0.5740861891185549,0.7923497267759563,0.8653095337085008,0.9155405405405406,0.6058558558558559,0.9324324324324325,0.8179429429429429,0.8416262383257218
IL2RA,0.0,37,0.0,347,0.0,105,5.963869740294692,0.9819686469757115,0.5438269470182919,0.7514849132810644,0.8667213282684189,0.9583333333333334,0.6092342342342343,0.8817567567567568,0.8164414414414415,0.8415813848549302
NEK2,0.02777683862089921,19,0.0004533167636966646,86,0.0,485,7.412453293413174,0.9924813294758796,0.6888971109527193,0.816583511522927,0.904532340289755,0.9786036036036037,0.9031531531531531,0.45382882882882886,0.7785285285285286,0.8415304344091419
FXYD5,0.0,543,0.009655479977835052,35,0.0037939043,19,4.990798042118012,0.9911357061158581,0.7444489736279412,0.8208600617723925,0.9059978827041207,0.3885135135135135,0.9605855855855856,0.9786036036036037,0.7759009009009009,0.8409493918025108
SERPINH1,0.0,91,7.730053102103919e-05,253,0.0,135,3.9850327457444665,0.9884949202718158,0.6370483155143747,0.7348538845331433,0.8616659619378281,0.8975225225225225,0.7150900900900901,0.847972972972973,0.8201951951951951,0.8409305785665115
PARP14,0.0,38,0.0,348,0.0,106,2.2822801150507974,0.9589248469353429,0.7713575172249927,0.7738180090282728,0.866371017656868,0.9572072072072072,0.6081081081081081,0.8806306306306306,0.8153153153153152,0.8408431664860916
IFI44,0.0,107,0.0,338,0.0006304698,45,2.829464223238915,0.9337616901029402,1.0850643549536718,0.7956759325255406,0.864718763279337,0.8795045045045045,0.6193693693693694,0.9493243243243243,0.816066066066066,0.8403924146727015
IDO1,0.0699925579557991,11,0.0,351,0.0,119,5.7482711262867525,0.9887976855278207,0.7760766429080532,0.7329531955333808,0.8608333440225915,0.9876126126126126,0.6047297297297297,0.865990990990991,0.8194444444444445,0.840138894233518
RBMS1,0.0,242,0.00022653231851762213,142,0.0017282508,28,2.506694466123932,0.9517089416672274,0.530360464480875,0.717272511285341,0.8344470649200574,0.7274774774774775,0.8400900900900901,0.9684684684684685,0.8453453453453453,0.8398962051327014
OXR1,0.0,74,0.0,335,0.0,96,1.6594433391643677,0.9314573100989032,0.5130710287479214,0.8039914468995012,0.867724337302064,0.9166666666666666,0.6227477477477478,0.8918918918918919,0.8104354354354354,0.8390798863687496
IL18,0.0,104,7.729533539454228e-05,254,0.0,143,3.2301828567583932,0.9540133216712642,0.795329109052032,0.7726300784034213,0.8633212506368143,0.8828828828828829,0.713963963963964,0.838963963963964,0.811936936936937,0.8376290937868757
NMI,0.0,39,0.0,385,0.0,85,2.982761875126152,0.9834824732557357,0.6073852744119757,0.7488714659063911,0.866169514471499,0.956081081081081,0.5664414414414415,0.9042792792792793,0.808933933933934,0.8375517242027165
RNF149,0.0,116,2.8343025058220533e-05,283,0.0,107,1.5889878658413514,0.9485130861871761,0.5626192040864808,0.7795200760275599,0.8640142381159406,0.8693693693693694,0.6813063063063063,0.8795045045045045,0.81006006006006,0.8370371490880003
CEP170,0.0,49,0.0,378,0.0,92,2.879458144385386,0.972128776155554,0.783233883345213,0.7647897362794014,0.8684587558170856,0.9448198198198198,0.5743243243243243,0.8963963963963963,0.8051801801801801,0.8368194679986329
NMU,0.1056559484917625,9,0.0,569,0.00112161,39,9.579516073471034,0.9801520554396823,0.8340309170824436,0.8289379900213827,0.904545019804255,0.9898648648648649,0.35923423423423423,0.956081081081081,0.7683933933933934,0.8364692065988242
TINAGL1,0.0,76,0.0,360,0.0,78,2.718985517728586,0.9453004104151247,0.5604984580660499,0.7830838679021145,0.8641917874460482,0.9144144144144144,0.5945945945945946,0.9121621621621622,0.8070570570570571,0.8356244222515526
MUC16,0.0,106,0.0,339,0.0,72,7.6833960808719635,0.9322478638229159,1.1855164314564037,0.7978142076502732,0.865031028988855,0.8806306306306306,0.6182432432432432,0.918918918918919,0.8059309309309309,0.835480979959893
MYO1D,0.0,66,0.0,373,0.0,88,2.053499529031824,0.9661743927874588,0.5502228415300561,0.7712045616535994,0.8686873291087662,0.9256756756756757,0.579954954954955,0.9009009009009009,0.8021771771771772,0.8354322531429716
VSNL1,0.0,95,0.0,298,0.0,114,3.3110379129381693,0.9668808450514701,0.5192694250415784,0.7552862912805893,0.8610823898258043,0.8930180180180181,0.6644144144144144,0.8716216216216216,0.8096846846846847,0.8353835372552445
GPX2,0.0,225,0.00034225187684651436,107,0.0,211,5.639782207495122,0.9750723272556011,1.070455699691137,0.7731052506533618,0.874088474262535,0.7466216216216216,0.8795045045045045,0.7623873873873874,0.7961711711711712,0.8351298227168531
PDGFC,0.0,109,0.0,334,0.0,75,2.3328818038081143,0.9277232052748434,0.8153313352340206,0.8011404133998573,0.8644317771181894,0.8772522522522522,0.6238738738738738,0.9155405405405406,0.8055555555555557,0.8349936663368726
TYMS,0.0,108,0.0,337,0.0,74,2.571803528897261,0.9761992868196192,0.6420552197671654,0.7531480161558565,0.8646674793601663,0.8783783783783784,0.6204954954954955,0.9166666666666666,0.8051801801801801,0.8349238297701732
KIF13B,0.0,67,0.0,374,0.0,89,2.2634483179707994,0.9693870685595102,0.5908953932050363,0.7676407697790449,0.8685136164433823,0.9245495495495496,0.5788288288288288,0.8997747747747747,0.8010510510510511,0.8347823337472167
CORO1C,0.0,68,0.0,376,0.0,90,2.8929463163560523,0.9798324698916773,0.6653698859586594,0.7571869802803517,0.8685046438319975,0.9234234234234234,0.5765765765765766,0.8986486486486487,0.7995495495495496,0.8340270966907736
CDC6,0.0,93,0.0,312,0.0,112,2.5175156731480857,0.9388245979950212,0.7168506628652889,0.7840342124019958,0.8614291301002721,0.8952702702702703,0.6486486486486487,0.8738738738738738,0.8059309309309309,0.8336800305156016
CRIP1,0.018501236391209104,23,0.009090904764425475,63,0.0,535,6.437314912870886,0.9952903182399246,0.6556680731765265,0.8054169636493229,0.9003536240250658,0.9740990990990991,0.9290540540540541,0.3975225225225225,0.7668918918918918,0.8336227579584787
GBP2,0.0,123,5.838353753469167e-05,260,0.0,140,4.229860798627462,0.9838188790957411,0.6938346139225491,0.7431693989071039,0.8634882824977098,0.8614864864864865,0.7072072072072072,0.8423423423423423,0.8036786786786787,0.8335834805881943
LGALS3BP,0.002345249774405108,29,0.018750515436798433,19,0.0,622,4.172795868936285,0.997746080871964,0.6449422713233552,0.8391541933951057,0.9184501370248845,0.9673423423423423,0.9786036036036037,0.29954954954954954,0.7484984984984986,0.8334743177616916
L3MBTL3,0.0,69,0.0,377,0.0,91,2.178437441969993,0.9643409809594296,0.5959538370159185,0.7726300784034212,0.868485438776992,0.9222972972972973,0.5754504504504504,0.8975225225225225,0.7984234234234234,0.8334544311002077
CTSK,0.0,97,0.0,306,0.0,116,4.815361939043262,0.9798324698916773,1.1889551104775489,0.7422190544072226,0.8610238559232837,0.8907657657657657,0.6554054054054054,0.8693693693693694,0.8051801801801801,0.8331020180517319
IFITM10,0.0,98,0.0,307,0.0,117,3.5542586893628476,0.9674190943954788,0.554709320503683,0.754335946780708,0.8608761106647073,0.8896396396396397,0.6542792792792793,0.8682432432432432,0.8040540540540541,0.8324650823593807
ST6GALNAC1,0.0,141,9.685352378385662e-05,218,0.0,209,5.674679745004373,0.96375227073942,0.7646643252554055,0.7906866239011641,0.8772193810811327,0.8412162162162162,0.7545045045045045,0.7646396396396397,0.7867867867867867,0.8320030839339597
MMP1,0.0,99,0.0,308,0.0,118,8.654652065531858,0.9769898405436319,1.1915540959847952,0.744832501781896,0.8608454665633393,0.8885135135135135,0.6531531531531531,0.8671171171171171,0.8029279279279279,0.8318866972456336
PLEKHA2,0.0,84,0.0,294,0.0,152,2.7438366413240933,0.9679741640314875,0.5803316155856493,0.7562366357804704,0.8621042475562574,0.9054054054054054,0.668918918918919,0.8288288288288288,0.801051051051051,0.8315776493036542
COMP,0.0,71,0.0,383,0.0,93,6.142810620332369,0.953256408531252,1.2045463625564263,0.7830838679021145,0.8681698852494641,0.920045045045045,0.5686936936936937,0.8952702702702703,0.7946696696696697,0.8314197774595669
CCNB1,0.0,641,0.020603207879893875,11,0.00539526,15,3.72830410078719,0.9945165848079124,0.9178550748396308,0.831551437396056,0.9130340055498205,0.27815315315315314,0.9876126126126126,0.9831081081081081,0.7496246246246246,0.8313293150872225
POSTN,0.0088726305373996,24,0.009385022575890743,50,0.0,612,7.306667409002221,0.9873006795397967,2.499748146828227,0.8515086718935614,0.9194046756999976,0.972972972972973,0.9436936936936937,0.3108108108108108,0.7424924924924925,0.8309485840962451
SLC7A7,0.0,63,0.0,331,0.0,158,3.5480342595707457,0.9778308551436453,0.5662197529104303,0.7598004276550249,0.8688045671966653,0.9290540540540541,0.6272522522522522,0.8220720720720721,0.7927927927927928,0.8307986799947291
PLEKHG1,0.0,83,0.0,303,0.0,151,3.5384463365404026,0.9804211801116868,0.6696513067236882,0.7438821572820147,0.862146098611609,0.9065315315315315,0.6587837837837838,0.829954954954955,0.7984234234234234,0.8302847610175161
COL1A1,0.0,73,0.0,384,0.0,95,6.3833700968848825,0.984743995155756,1.5252154169636487,0.7507721549061535,0.8677574977786815,0.9177927927927928,0.5675675675675675,0.8930180180180181,0.7927927927927927,0.8302751452857371
OLFML2B,0.0,110,0.0,358,0.0,76,5.94534242750454,0.9931205005718899,0.9262553052981701,0.7355666429080542,0.864339571817222,0.8761261261261262,0.5968468468468469,0.9144144144144144,0.7957957957957958,0.8300676838065089
FAR2,0.0,111,0.0,359,0.0,77,3.7033145596447556,0.9929186570678867,0.51200469470183,0.7355666429080542,0.8642241493716734,0.875,0.5957207207207207,0.9132882882882883,0.7946696696696697,0.8294469095206716
CLIP4,0.0,89,0.0,316,0.0,136,1.754226888918791,0.922996703222768,0.7415540936089329,0.8004276550249466,0.861712156999724,0.8997747747747747,0.6441441441441441,0.8468468468468469,0.7969219219219218,0.8293170394608229
SDC1,0.0,582,0.009327878433664524,51,0.0,68,4.570934521967301,0.9802361568996837,0.7746903254929913,0.862200047517225,0.9212181022040099,0.34459459459459457,0.9425675675675675,0.9234234234234234,0.7368618618618618,0.8290399820329358
ELK3,0.0,92,0.0,317,0.0,134,3.4241087667361914,0.9829442239117271,0.5041565288667149,0.7403183654074601,0.8616210528501194,0.8963963963963963,0.6430180180180181,0.8490990990990991,0.7961711711711712,0.8288961120106453
RIOK3,0.0,148,5.7347515277297025e-05,273,0.0,163,1.6367878288367086,0.9479580165511673,0.5123493418864342,0.8054169636493229,0.8766867500569822,0.8333333333333334,0.6925675675675675,0.8164414414414415,0.7807807807807808,0.8287337654188816
PLAC8,0.0,635,0.00965759089555695,34,0.0039186347,17,6.732672865504945,0.9931205005718899,1.7647905725825588,0.83464005702067,0.9138802787252763,0.2849099099099099,0.9617117117117117,0.9808558558558559,0.7424924924924925,0.8281863856088845
RAB23,0.0,186,0.00022696905141868798,140,0.0,253,3.331139934737267,0.9772757855076364,0.7285479282489895,0.7681159420289855,0.8726943371018276,0.7905405405405406,0.8423423423423423,0.7150900900900901,0.7826576576576576,0.8276759973797426
KDELC1,0.0,86,0.0,311,0.0,154,2.9788084572428177,0.982742380407724,0.6178901425516736,0.7412687099073414,0.8619942098681977,0.9031531531531531,0.6497747747747747,0.8265765765765766,0.793168168168168,0.8275811890181829
PRDM1,0.0,52,0.0,297,0.0,228,3.834568980017493,0.9804211801116868,0.8796957543359483,0.7588500831551437,0.8696350629815435,0.9414414414414415,0.6655405405405406,0.7432432432432432,0.7834084084084084,0.8265217356949759
ERN2,0.0,82,0.0,332,0.0,150,6.606400507972818,0.9437697638431003,0.7092224970301721,0.7807080066524115,0.8622388285292503,0.9076576576576577,0.6261261261261262,0.831081081081081,0.7882882882882883,0.8252635584087693
TOP2A,0.0,461,0.00011602594682326878,181,0.0005837311,47,6.163403185763304,0.994180178967907,1.1647560893323847,0.8232359230220955,0.9087080475111893,0.48085585585585583,0.7961711711711712,0.9470720720720721,0.7413663663663663,0.8250372069387778
AGR2,0.0,632,0.000911275607523046,68,0.019951181,4,6.326527390163492,0.976317028863621,1.859313894036588,0.851983844143502,0.9141504364851126,0.2882882882882883,0.9234234234234234,0.9954954954954955,0.7357357357357358,0.8249430861104242
KLK7,0.0,55,0.0,300,0.0,231,8.168314441902712,0.948176680347171,0.7369456450463283,0.7909242100261344,0.869550434170984,0.9380630630630631,0.6621621621621622,0.7398648648648649,0.78003003003003,0.824790232100507
UBA6,0.0,113,0.0,382,0.0,79,1.6386505584336948,0.9221725089147547,0.5855438607745294,0.8061297220242337,0.8641511008057203,0.8727477477477478,0.5698198198198198,0.911036036036036,0.7845345345345346,0.8243428176701275
SPRY4,0.0,207,0.0,329,0.0001650101,56,3.0165417176882197,0.9828264818677251,0.5040108458066044,0.7586124970301734,0.8707167943240661,0.7668918918918919,0.6295045045045045,0.9369369369369369,0.7777777777777777,0.8242472860509219
HLA-F,0.0,87,0.0,327,0.0,155,3.6152323723339834,0.9844580501917513,0.6332384240120383,0.739368020907579,0.8619100391775526,0.902027027027027,0.6317567567567568,0.8254504504504504,0.7864114114114114,0.824160725294482
ADAM22,0.0,114,0.0,381,0.0,80,3.0936042488057596,0.9673181726434771,0.6808947992397254,0.7609883582798765,0.8641509767244553,0.8716216216216216,0.5709459459459459,0.9099099099099099,0.7841591591591591,0.8241550679418073
NCEH1,0.0,115,0.0,380,0.0,81,2.949146521563615,0.9727006660835631,0.6027633333333338,0.7555238774055595,0.8641088113915752,0.8704954954954955,0.5720720720720721,0.9087837837837838,0.7837837837837838,0.8239462975876795
SCIN,0.0,56,0.0,305,0.0,232,4.567600689631972,0.9806566641996906,0.5919576075077218,0.7581373247802329,0.8693760834057035,0.9369369369369369,0.6565315315315315,0.7387387387387387,0.7774024024024024,0.823389242904053
KRT7,0.0,194,0.00011629474819658868,180,0.0,239,3.8739154443921153,0.9437697638431003,1.4903156830601088,0.799952482775006,0.8718611000040841,0.7815315315315315,0.7972972972972973,0.7308558558558559,0.7698948948948949,0.8208779974494895
ANXA10,0.03504514507313213,18,0.0,446,0.006191113,14,2.8120634394133086,0.8147581242010361,1.9363038560228083,0.8272748871465907,0.8210165040665391,0.9797297297297297,0.49774774774774777,0.9842342342342343,0.8205705705705707,0.8207935373185549
CKMT1A,0.0,80,0.0,363,0.0,148,3.5451323084168744,0.9712877615555406,0.6671786208125434,0.753385602280827,0.8623287291998567,0.9099099099099099,0.5912162162162162,0.8333333333333334,0.7781531531531533,0.820240941176505
GBP3,0.0,60,0.0,365,0.0,186,3.567018626791361,0.9563513422593016,0.8146154597291515,0.7816583511522927,0.8690039260295065,0.9324324324324325,0.588963963963964,0.7905405405405406,0.7706456456456457,0.8198247858375761
ASPN,0.0,190,0.00013986486486486485,173,0.0,257,4.8156535591737875,0.975122788131602,1.1593145569018768,0.7695414587788074,0.8723313368364469,0.786036036036036,0.8051801801801802,0.7105855855855856,0.7672672672672673,0.8197993020518571
IQGAP1,0.0,216,8.708016423234838e-05,236,0.0,176,2.363573292740363,0.9775953710556415,0.5178904799239721,0.7726300784034212,0.8751105790658442,0.7567567567567568,0.7342342342342343,0.8018018018018018,0.7642642642642642,0.8196874216650543
LEMD1,0.01872983085918151,22,0.00022793647320226178,137,0.0,539,9.264969669649464,0.9741303909035861,0.701773131385127,0.8263245426467094,0.9002274638127046,0.9752252252252253,0.8457207207207207,0.393018018018018,0.7379879879879879,0.8191077259003463
TMEM173,0.0,118,0.0,375,0.0,109,3.454911299872166,0.983566574715737,0.5616723877405558,0.7441197434069851,0.8638412741894044,0.8671171171171171,0.5777027027027027,0.8772522522522522,0.774024024024024,0.8189326491067142
BRIP1,0.0,185,0.00011528019491820389,198,0.0,252,2.658614640382157,0.9573605597793178,0.6390475504870512,0.7880731765264909,0.8727164548226803,0.7916666666666666,0.777027027027027,0.7162162162162162,0.7616366366366366,0.8171765457296585
HLA-C,0.0,187,0.00011536918138041707,195,0.0,254,3.1313121038821237,0.990311511807845,0.5645590577334296,0.7550487051556188,0.8726782618746111,0.7894144144144144,0.7804054054054054,0.713963963963964,0.7612612612612613,0.8169697615679361
MMP3,0.0,100,0.0,387,0.0,120,4.836359045953039,0.9482944223911727,0.6219286718935617,0.7733428367783323,0.8608145526335206,0.8873873873873874,0.5641891891891891,0.8648648648648649,0.7721471471471472,0.8164808498903339
RAB25,0.0,101,0.0,366,0.0,146,2.4688352385117387,0.9661912130794591,0.7879633618436674,0.7588500831551437,0.8624663184416567,0.8862612612612613,0.5878378378378378,0.8355855855855856,0.7698948948948949,0.8161806066682757
WNT2,0.0,102,0.0,367,0.0,145,7.8208356926596245,0.970312184619525,0.5557967046804473,0.7552862912805891,0.8627955948223952,0.8851351351351351,0.5867117117117117,0.8367117117117117,0.7695195195195194,0.8161575571709573
EDIL3,0.0,475,8.712121212121212e-05,234,0.0023650364,24,5.105425624032834,0.9868969925317904,1.610105808980757,0.8279876455215015,0.9074423187417349,0.4650900900900901,0.7364864864864865,0.972972972972973,0.7248498498498499,0.8161460842957924
MAML2,0.0,103,0.0,369,0.0,144,2.667018912736325,0.969555271479513,0.53668717034925,0.7562366357804705,0.8628948225171006,0.884009009009009,0.5844594594594594,0.8378378378378378,0.7687687687687688,0.8158317956429346
NRG3,0.0,289,0.00011410252333608608,204,0.00021756809,55,6.10501286752338,0.9696561932315144,0.533401180803041,0.7042052744119742,0.8369067701238094,0.6745495495495496,0.7702702702702703,0.9380630630630631,0.7942942942942942,0.8156005322090518
IL1A,0.0,58,0.0,346,0.0,234,6.207230895512343,0.9515575590392249,0.5408424756474224,0.7871228320266097,0.8691452824520083,0.9346846846846847,0.6103603603603603,0.7364864864864865,0.7605105105105104,0.8148278964812594
LINC01559,0.0,214,5.797150154590671e-05,267,0.0,174,9.62608491892619,0.9675200161474804,0.6876679092421005,0.7828462817771442,0.8751829977502807,0.759009009009009,0.6993243243243243,0.8040540540540541,0.7541291291291291,0.8146560634397049
RNF145,0.0,376,0.00033398452024206444,115,0.0,126,2.7931454719773927,0.9795969858036735,0.5607511689237343,0.7400807792824899,0.8598366704408912,0.5765765765765766,0.8704954954954955,0.8581081081081081,0.7683933933933934,0.8141150319171423
CSGALNACT2,0.0,122,0.0,371,0.0,139,2.2738590829576797,0.9582688555473323,0.6260393703967697,0.7688287004038964,0.8635443577129701,0.8626126126126126,0.5822072072072072,0.8434684684684685,0.7627627627627628,0.8131535602378664
STIL,0.0,221,5.822981366459628e-05,261,0.0,181,2.86249655184014,0.9717923703155487,0.6490584295557134,0.7778569731527679,0.8748245066245396,0.7511261261261262,0.706081081081081,0.7961711711711712,0.7511261261261262,0.8129753163753328
TSPAN8,0.0,125,0.0,370,0.0,142,4.463567126421315,0.952129448967234,1.3899922095509636,0.7745307674031836,0.8633279984848287,0.8592342342342343,0.5833333333333334,0.8400900900900901,0.7608858858858859,0.8121069421853573
E2F7,0.0,112,0.0,322,0.0,226,3.1411740631097356,0.9372939514229968,0.525563468757424,0.8030411023996198,0.8701674186411353,0.8738738738738738,0.6373873873873874,0.7454954954954955,0.7522522522522523,0.8112098354466939
MXD1,0.0,59,0.0,364,0.0,235,2.7875158245307143,0.9704131063715268,0.7183250795913523,0.7676407697790448,0.8690247679845859,0.9335585585585585,0.5900900900900901,0.7353603603603603,0.7530030030030029,0.8110138854937945
CCL18,0.07050561822810988,10,0.00022934014900965742,134,0.0,460,9.883791626858642,0.9942474601359079,0.9608849370396761,0.7039676882870041,0.8486732076582569,0.9887387387387387,0.8490990990990991,0.481981981981982,0.7732732732732733,0.8109732404657651
ITGA2,0.0,609,0.009249380564416052,55,0.0,162,5.274842595707461,0.9911525264078583,2.138572019482061,0.8712283202660964,0.9311904233365453,0.3141891891891892,0.9380630630630631,0.8175675675675675,0.68993993993994,0.8105651816382426
AFAP1-AS1,0.0,127,0.0,323,0.0,220,7.347714825405369,0.9611955863553792,0.9435760584461867,0.7811831789023521,0.871189290891959,0.8569819819819819,0.6362612612612613,0.7522522522522522,0.7484984984984985,0.8098438946952287
CDH2,0.0,128,0.0,319,0.0,224,4.278253983045145,0.9670995088474735,0.7829136516987409,0.7733428367783322,0.8702200383339248,0.8558558558558559,0.6407657657657657,0.7477477477477478,0.748123123123123,0.8091715807285239
CALD1,0.0,126,0.0,324,0.0,227,3.151115565498217,0.9608087196393731,0.9607353979567579,0.7792824899025896,0.8700454966612504,0.8581081081081081,0.6351351351351351,0.7443693693693694,0.7458708708708709,0.8079581837660607
DGKA,0.0,250,0.0005026429550818704,83,0.0,267,1.5072039056718034,0.8840913678261454,0.5321820598717046,0.7816583511522928,0.8328743261968448,0.7184684684684685,0.9065315315315315,0.6993243243243243,0.7747747747747749,0.8038245504858098
PTPRR,0.0,605,0.00965292691997604,39,0.0,230,5.759684976115185,0.9914889322478637,1.0063764172012348,0.8776431456402947,0.9345660388970007,0.3186936936936937,0.956081081081081,0.740990990990991,0.671921921921922,0.8032439804094613
GAPDH,0.04441842663367866,15,0.00023128458275785535,128,0.0,674,3.5851202650878014,0.9971741909439548,0.9156970206699935,0.8270373010216204,0.9121057452292924,0.9831081081081081,0.8558558558558559,0.240990990990991,0.6933183183183184,0.8027120317738055
KDELR3,0.0,199,0.0,296,0.0,215,2.6982986039157635,0.9684451322074951,0.5350789688762179,0.7748871465906391,0.8716655470588617,0.7759009009009009,0.6666666666666666,0.7578828828828829,0.7334834834834835,0.8025745152711725
ALOX5AP,0.0,198,0.0,301,0.0,214,3.7232736627867866,0.9655856825674494,0.7220864932287947,0.7778569731527679,0.8717209224050328,0.777027027027027,0.661036036036036,0.759009009009009,0.7323573573573573,0.802039139881195
GDA,0.0,251,0.00044290091654476514,92,0.0,268,4.365453064657203,0.964122317163426,0.67218594915657,0.7053932050368259,0.8328033563752087,0.7173423423423423,0.8963963963963963,0.6981981981981982,0.7706456456456457,0.8017245010104272
SPOCK1,0.0,212,5.844287843881284e-05,259,0.0,248,2.6571852586960905,0.9081780259705307,0.812768161083393,0.8384414350201947,0.8733097303655705,0.7612612612612613,0.7083333333333334,0.7207207207207207,0.7301051051051051,0.8017074177353378
WFDC2,0.0,183,0.0,318,0.0,213,4.569389315750522,0.9749714055035995,0.6702461582323593,0.7659776669042527,0.8704743669924203,0.793918918918919,0.6418918918918919,0.7601351351351351,0.731981981981982,0.8012281744872012
FAM83A,0.0,201,0.0,302,0.0,217,8.409673968916099,0.9629112561394065,0.7840449132810647,0.7802328344024709,0.871568543868698,0.7736486486486487,0.6599099099099099,0.7556306306306306,0.7297297297297298,0.8006491367992139
ITGAV,0.0,184,0.0,304,0.0,237,2.4971680414451995,0.9602872905873646,0.7425210144927537,0.7833214540270848,0.871804284208175,0.7927927927927928,0.6576576576576577,0.7331081081081081,0.7278528528528528,0.799828568530514
B3GNT5,0.0,200,0.0,309,0.0,216,2.9250047500504603,0.9722465181995559,0.7389183178902359,0.7709669755286291,0.8716044779774662,0.7747747747747747,0.652027027027027,0.7567567567567568,0.7278528528528527,0.7997286654151594
SEMA3A,0.0,196,0.0,299,0.0,236,4.874084495054834,0.9830283253717285,0.9856798455690186,0.7605131860299359,0.8717704145922842,0.7792792792792793,0.6632882882882883,0.7342342342342343,0.7256006006006007,0.7986855075964425
P3H2,0.0,202,0.0,310,0.0,218,2.9541678833344545,0.9554262261992869,0.7239365098598252,0.7873604181515799,0.8713932597154742,0.7725225225225225,0.6509009009009009,0.7545045045045045,0.725975975975976,0.7986846178457251
CLEC7A,0.0,312,0.00015474668640247594,161,0.00044375425,51,2.0817839635336073,0.8732086389019713,0.6123969850320723,0.7087194107864101,0.7909000955726608,0.6486486486486487,0.8186936936936937,0.9425675675675675,0.8033033033033034,0.797101699437982
FER1L6,0.0,206,0.0,315,0.0,222,7.616450841014599,0.9333916436789343,1.069847156094084,0.8082679971489665,0.8708286770455791,0.7680180180180181,0.6452702702702703,0.75,0.7210960960960962,0.7959623865708376
ADTRP,0.0,205,0.0,320,0.0,221,5.7675857229361505,0.9766029738276256,0.5083938631503919,0.7659776669042528,0.8710141723777811,0.7691441441441441,0.6396396396396397,0.7511261261261262,0.71996996996997,0.7954920711738755
C15orf48,0.0,208,0.0,314,0.0,223,5.1783812386463035,0.9757955998116128,0.6052476811594225,0.765264908529342,0.8705287594009241,0.7657657657657657,0.6463963963963963,0.7488738738738738,0.7203453453453452,0.7954370523731347
CLDN18,0.0,203,0.0,325,0.0,219,7.35893940321604,0.9160835632106574,1.7168374031836544,0.8263245426467094,0.871204046384516,0.7713963963963963,0.634009009009009,0.7533783783783784,0.7195945945945946,0.7953993204895553
IL1R2,0.0,236,0.0,388,0.0,110,4.170515333378187,0.953004104151248,0.7517840057020653,0.7685911142789261,0.8607862468721448,0.7342342342342343,0.5630630630630631,0.8761261261261262,0.7244744744744746,0.7926303606733096
TPX2,0.0,669,0.00011683429848623395,178,0.0011695587,38,6.654686059341989,0.9954080602839265,0.9746665645046342,0.8371347113328582,0.9162713836879575,0.24662162162162163,0.7995495495495496,0.9572072072072072,0.6677927927927928,0.7920320882403751
S100A6,0.03893521537239456,17,0.0,663,0.0,255,6.411394479580163,0.9968377851039494,0.8570632573057742,0.8695652173913043,0.9332015012451306,0.9808558558558559,0.2533783783783784,0.7128378378378378,0.649024024024024,0.7911127626345773
LAMB3,0.0,598,0.009326347305389221,53,0.0,309,6.872732981228554,0.9734912198075758,2.0845779876455213,0.9059158945117605,0.9397035571596676,0.32657657657657657,0.9403153153153153,0.652027027027027,0.6396396396396397,0.7896715983996536
TMPRSS4,0.0,608,0.0001402629082531508,172,0.0,164,10.579058924846935,0.9745004373275921,2.0594419672131137,0.8890472796388692,0.9317738584832264,0.3153153153153153,0.8063063063063063,0.8153153153153153,0.6456456456456455,0.7887097520644359
SLC2A1,0.0,593,0.00982841583575854,27,0.0,355,5.565663129919935,0.9911861669918589,1.6672475837491083,0.8933238298883345,0.9422549984400911,0.3322072072072072,0.9695945945945946,0.6002252252252253,0.634009009009009,0.7881320037245501
GBP1P1,0.0,246,0.00014534078985355175,169,0.0,276,3.24353368431676,0.9281437125748503,0.8710593205036821,0.7403183654074602,0.8342266125364411,0.722972972972973,0.8096846846846847,0.6891891891891891,0.7406156156156155,0.7874211140760283
SMC6,0.0,439,5.741596058762391e-05,271,0.0017491782,27,1.3117686772522377,0.9255365673148086,0.6122822047992384,0.776431456402946,0.8509835878393935,0.5056306306306306,0.6948198198198198,0.9695945945945946,0.7233483483483484,0.787165968093871
RASA2,0.0,285,0.00022887145489133989,136,0.0,290,1.4460864865774066,0.9100114377985601,0.5514661796151099,0.7664528391541934,0.8382299898700194,0.6790540540540541,0.8468468468468469,0.6734234234234234,0.7331081081081082,0.7856690489890639
TUFT1,0.0,280,0.00017416032846469674,150,0.0,296,1.5552168034717075,0.8954955258023279,0.6391166048942747,0.7840342124019958,0.8397647874460504,0.6846846846846847,0.831081081081081,0.6666666666666666,0.7274774774774775,0.7836211324617639
ITGB6,0.022303603913626065,20,0.0009054449800827421,69,0.0,748,2.6560026878826615,0.9242918657067886,2.0242062057495858,0.8360655737704917,0.8801787196670777,0.9774774774774775,0.9222972972972973,0.15765765765765766,0.6858108108108109,0.7829947652389443
SERPINB3,0.057648318554419604,12,0.0,295,0.0,326,5.000178675233803,0.8673215367018773,1.1028336754573527,0.7396056070325493,0.8034116335543874,0.9864864864864865,0.6677927927927928,0.6328828828828829,0.7623873873873874,0.7828995104708873
KPNA2,0.0,374,0.028212142474106673,9,0.0,394,3.420174749377649,0.994062436923905,0.5664304549774277,0.7205987170349252,0.8572468967295266,0.5788288288288288,0.9898648648648649,0.5563063063063063,0.7083333333333334,0.78279011503143
KRT6A,0.039083823036949183,16,1.587872913412173e-05,291,0.0,327,3.423031524591267,0.8271042185292337,1.018563834640056,0.7792824899025897,0.8031772741345492,0.9819819819819819,0.6722972972972973,0.6317567567567568,0.7620120120120119,0.7825946430732805
ARL6IP1,0.0,835,0.009430911210572228,48,0.0038315891,18,3.07786272286887,0.9868297113637893,0.5068167521976719,0.8063673081492041,0.8965985028509451,0.059684684684684686,0.9459459459459459,0.9797297297297297,0.6617867867867867,0.779192644818866
SEPT7,0.0,349,0.009655342314953625,36,0.0,410,2.7059354437193033,0.9823723339837179,0.5252296958897587,0.7298645759087667,0.8560980560524681,0.6069819819819819,0.9594594594594594,0.5382882882882883,0.7015765765765766,0.7788373163145224
IFITM1,0.0,241,0.00011540744657299168,192,0.0,310,2.98399602704703,0.9543497275112697,0.5805855072463757,0.714896650035638,0.8345911809862699,0.7286036036036037,0.7837837837837838,0.6509009009009009,0.7210960960960962,0.7778436385411831
APBB2,0.0,204,0.0,490,0.0,121,1.963994661239319,0.9559644755432954,0.597914141126159,0.7655024946543123,0.8607310219552188,0.7702702702702703,0.44819819819819817,0.8637387387387387,0.6940690690690691,0.7774000455121439
BNC2,0.0,248,8.701573849878938e-05,239,0.0,265,3.1918264751396084,0.938942340039023,0.5578689688762184,0.7279638869090045,0.833420570601149,0.7207207207207207,0.7308558558558559,0.7015765765765766,0.7177177177177176,0.7755691441594333
HIST2H2AA4,0.003225982597295131,27,0.0,430,0.0,284,3.9816022741034782,0.8167765592410685,0.8023158196721338,0.8396293656450463,0.8282029615940765,0.9695945945945946,0.5157657657657657,0.6801801801801802,0.7218468468468467,0.7750249042204616
CDH3,0.0,595,0.00022708914254865705,138,0.0,311,6.450252213550427,0.9933223440758931,1.4296757115704457,0.8878593490140175,0.9405908465449252,0.32995495495495497,0.8445945945945946,0.6497747747747747,0.6081081081081082,0.7743494773265167
ST14,0.0,283,0.00011528822055137833,196,0.0,299,2.508939292202113,0.9620702415393931,0.5020095462105028,0.7163221667854598,0.8387667118861041,0.6813063063063063,0.7792792792792793,0.6632882882882883,0.7079579579579579,0.773362334922031
AMIGO2,0.0,601,0.009658043413618794,33,0.0,414,3.922537186301554,0.9803875395276862,0.6817696436208136,0.8928486576383939,0.9366180985824984,0.32319819819819817,0.9628378378378378,0.5337837837837838,0.6066066066066066,0.7716123525945525
NEK7,0.0,791,0.00023164564868017392,127,0.001597435,33,1.7903523716611716,0.9568391307273094,0.5878856569256348,0.839391779520076,0.8981154493558918,0.10923423423423423,0.8569819819819819,0.9628378378378378,0.643018018018018,0.7705667336869548
SRPX2,0.0,238,0.0,491,0.0,123,3.701195014465451,0.95687277131131,1.0725678997386572,0.7640769779044904,0.8604736247676995,0.7319819819819819,0.44707207207207206,0.8614864864864865,0.6801801801801801,0.7703269024739399
PYGB,0.0,600,0.019417748335170973,13,0.0,447,3.091929405234475,0.989941465383839,0.9098170943216912,0.8866714183891661,0.9383064418864818,0.32432432432432434,0.9853603603603603,0.4966216216216216,0.6021021021021021,0.770204271994292
COL17A1,0.0,594,0.00022685551922515051,141,0.0,343,9.130366931305929,0.9823218731077172,1.6478311119030646,0.9018769303872654,0.94209940174747,0.3310810810810811,0.8412162162162162,0.6137387387387387,0.5953453453453453,0.7687223735464077
PDGFRB,0.0,275,7.734732311003496e-05,247,0.0,291,2.856481369844581,0.9541647042992666,0.8557119980993111,0.7277263007840342,0.8409402855570921,0.6903153153153153,0.7218468468468469,0.6722972972972973,0.6948198198198199,0.7678800526884559
MYEOV,0.0,353,0.0,481,0.0006970674,43,4.671039689161003,0.9327020117069234,0.6013861035875498,0.7785697315276787,0.8556358425468504,0.6024774774774775,0.4583333333333333,0.9515765765765766,0.6707957957957958,0.7632158191713232
SLC9B2,0.0,356,0.00033402942572377753,114,0.0,406,3.7338497308753276,0.9713214021395411,0.618753675457353,0.7388928486576384,0.8551004915446353,0.5990990990990991,0.8716216216216216,0.5427927927927928,0.6711711711711712,0.7631358313579033
SFTA2,0.0,274,0.00011467111905885223,202,0.0,365,4.746626650070645,0.9325842696629214,0.5927213399857454,0.7493466381563316,0.840964784930292,0.6914414414414415,0.7725225225225225,0.588963963963964,0.6843093093093092,0.7626370471198006
MFGE8,0.0,351,0.0002583747803286634,122,0.0,412,2.5621057188992804,0.9532732288232523,0.6019176336421941,0.7586124970301735,0.8559417470619022,0.6047297297297297,0.8626126126126126,0.536036036036036,0.6677927927927928,0.7618672699273474
LGALS4,0.0,327,0.0,441,0.0008555163,41,4.285054020049789,0.9298593823588778,0.9016091328106457,0.7232121644095985,0.8263727641141929,0.6317567567567568,0.5033783783783784,0.9538288288288288,0.6963213213213213,0.7613470427177571
TNFAIP6,0.0,372,0.000337845612961626,113,0.0,405,6.41844552243827,0.9830451456637288,1.1507248847707299,0.7301021620337372,0.8565507330030847,0.581081081081081,0.8727477477477478,0.543918918918919,0.6659159159159159,0.7612333244595003
RNF213,0.0,243,3.7969638439424166e-05,278,0.0,312,1.5202561562268722,0.9119289510865909,0.5562854122119267,0.7569493941553814,0.8344355697046006,0.7263513513513513,0.6869369369369369,0.6486486486486487,0.6873123123123124,0.7608739410084565
CTSV,0.0,261,2.8359440458810854e-05,282,0.0,278,2.6931996299535763,0.9010966830384176,0.5329276193870278,0.7571869802803517,0.8291413055754184,0.706081081081081,0.6824324324324325,0.6869369369369369,0.6918168168168167,0.7604790611961176
NUF2,0.0,783,0.00011526873302254964,200,0.0026417796,23,5.2331434669985875,0.993070039695889,0.698235210263721,0.8037538607745307,0.8984115262956966,0.11824324324324324,0.7747747747747747,0.9740990990990991,0.6223723723723723,0.7603919493340345
FIBIN,0.0,321,0.00010190217391304349,214,0.0,285,2.68649665612595,0.911945771378591,0.5079776193870282,0.7438821572820147,0.8279068518927704,0.6385135135135135,0.759009009009009,0.6790540540540541,0.6921921921921922,0.7600495220424812
FAM177A1,0.0,174,0.0,732,0.00036002038,53,1.6879249444930373,0.9631803808114108,0.5440671252078859,0.7947255880256592,0.8789522996818974,0.8040540540540541,0.17567567567567569,0.9403153153153153,0.640015015015015,0.7594836573484562
MKI67,0.0,466,0.0007204974384237159,72,0.0,500,6.484627753481801,0.9892686537038283,1.004882002851034,0.8275124732715609,0.9083905564913212,0.4752252252252252,0.918918918918919,0.4369369369369369,0.6103603603603603,0.7593754584258408
PKM,0.0,565,0.009884747247918406,26,0.0,494,4.02694682432887,0.9953239588239252,0.9593364409598468,0.8553100498930862,0.9253170043441352,0.36373873873873874,0.9707207207207207,0.4436936936936937,0.5927177177177178,0.7590173610309265
TRPS1,0.0,319,8.889919604205317e-05,228,0.0,283,2.511907192356859,0.9345690641189531,0.6165700974103103,0.7229745782846282,0.8287574888220354,0.6407657657657657,0.7432432432432432,0.6813063063063063,0.6884384384384384,0.7585979636302369
ETV1,0.0,801,0.000172374051774076,152,5.1175684e-05,59,3.914854591939716,0.9844748704837516,1.0159350890947962,0.809455927773818,0.8969653962113218,0.09797297297297297,0.8288288288288288,0.9335585585585585,0.6201201201201201,0.7585427581657209
SRGAP2C,0.0,413,0.0,412,0.00035850005,54,2.3634370382829846,0.956553185763305,0.5245971323354706,0.7350914706581136,0.8458151933070998,0.5349099099099099,0.536036036036036,0.9391891891891891,0.670045045045045,0.7579301191760723
SPRR1B,0.11687608319168322,8,0.0,357,0.0,336,3.6965244869810947,0.8064657202449035,0.5386389379900214,0.7479211214065099,0.7771913639614008,0.990990990990991,0.597972972972973,0.6216216216216216,0.7368618618618618,0.7570266129116312
DNAJA4,0.0,382,0.0,499,0.0010852505,40,2.0201022370988357,0.9299098432348786,0.5630243169398907,0.788310762651461,0.8591043335189713,0.5698198198198198,0.4380630630630631,0.954954954954955,0.6542792792792792,0.7566918063991253
PDCD1LG2,0.0,392,0.0,470,7.011559e-05,58,3.8556804716409876,0.9691179438875059,0.5346912948443805,0.7469707769066287,0.8580369752841603,0.5585585585585585,0.47072072072072074,0.9346846846846847,0.6546546546546547,0.7563458149694076
PIAS3,0.0,397,0.0002511442243900557,125,0.0,404,1.2309049956267235,0.8880441364462087,0.5682437348538834,0.8270373010216202,0.8575407183511133,0.5529279279279279,0.8592342342342343,0.545045045045045,0.6524024024024024,0.7549715603767579
CKAP2,0.0,138,0.0,790,7.8113e-05,57,3.315080811410886,0.9904965350198478,0.585613561416011,0.7647897362794012,0.8776392641995632,0.8445945945945946,0.11036036036036036,0.9358108108108109,0.6302552552552553,0.7539472597274093
EMB,0.0,402,0.009542448440263685,43,0.0,465,4.750857794523313,0.9888481464038215,0.5304841363744366,0.7070563079116179,0.8478821952725439,0.5472972972972973,0.9515765765765766,0.47635135135135137,0.6584084084084084,0.7531453018404761
OSBPL10,0.0,512,0.01,24,0.0,524,4.04418559846599,0.9890331696158244,0.8132198503207393,0.8175338560228083,0.9032835117966191,0.42342342342342343,0.972972972972973,0.4099099099099099,0.6021021021021021,0.7526928069493606
KRT17,0.0,472,0.00043311721775121664,94,0.0,506,8.175415151719035,0.9718091906075489,1.1775731488081105,0.843430743644571,0.9076199668241154,0.46846846846846846,0.8941441441441441,0.43018018018018017,0.5975975975975976,0.7526087822108565
TEP1,0.0,195,0.0,546,0.0,238,1.9957859987889388,0.9620534212473928,0.5032496032311702,0.7816583511522928,0.8718557142868447,0.7804054054054054,0.38513513513513514,0.7319819819819819,0.6325075075075075,0.7521816108971762
LAMA4,0.0,426,0.00974358187084971,29,0.0,462,4.14728881450582,0.989504137791832,0.79770262295082,0.7075314801615586,0.8484345600377275,0.5202702702702703,0.9673423423423423,0.4797297297297297,0.6557807807807808,0.7521076704092542
GRHL1,0.0,305,0.0001402629082531508,171,0.0,324,1.9114879028459935,0.8946713314943147,0.5399833071988591,0.7129959610358755,0.8037917252497546,0.6565315315315315,0.8074324324324325,0.6351351351351351,0.6996996996996997,0.7517457124747271
HIST2H4B,0.0,429,0.00028483247811577516,120,0.0,384,2.6266721657807977,0.9068324026105093,0.5271393656450476,0.7980517937752436,0.8524419942989364,0.5168918918918919,0.8648648648648649,0.5675675675675675,0.6497747747747747,0.7511083845368556
FAM83B,0.15719532698786334,7,0.0,541,0.0,386,2.5474992599071524,0.9152089080266433,0.7936233285816092,0.7894986932763126,0.8523533157661826,0.9921171171171171,0.39076576576576577,0.5653153153153153,0.6493993993993995,0.750876357582791
COL4A2,0.0,346,0.0,492,0.0,124,3.6251637051739216,0.9811612729596986,0.6729349536707048,0.739368020907579,0.8602611877038493,0.6103603603603603,0.44594594594594594,0.8603603603603603,0.6388888888888888,0.7495750382963691
ANGPT2,0.0,188,0.0,779,0.0017124182,29,4.007117237435242,0.9780831595236492,0.8073696317415067,0.7671655975291043,0.8726090472606519,0.7882882882882883,0.12274774774774774,0.9673423423423423,0.6261261261261262,0.7493675866933891
XRCC4,0.0,545,0.009431567505346001,47,0.0,496,3.212566847204468,0.9930363991118885,0.5748227916369677,0.8187217866476597,0.9058790656218547,0.38626126126126126,0.9470720720720721,0.44144144144144143,0.5915915915915916,0.7487353286067231
GALNT3,0.0,296,0.0,521,0.0021626109,25,1.8959375798963864,0.9065464576465047,0.5619367830838691,0.7198859586600143,0.8129907467038894,0.6666666666666666,0.4132882882882883,0.9718468468468469,0.683933933933934,0.7484623403189117
SLC26A9,0.0558857501062759,14,0.0,379,0.0,338,2.2989462726232928,0.8078281638969252,0.782369308624375,0.7346162984081729,0.771220235787494,0.9842342342342343,0.5731981981981982,0.6193693693693694,0.7256006006006007,0.7484104181940474
TPM2,0.0,193,0.0,548,0.0,260,3.0542293581376576,0.9691852250555071,0.80898842717985,0.774768353528154,0.8719766008121932,0.7826576576576577,0.38288288288288286,0.7072072072072072,0.6242492492492492,0.7481129250307212
PLAT,0.00019547626243200737,31,0.0,584,0.0,476,5.461509920608222,0.9943988427639103,1.4139310548823945,0.816583511522927,0.9054911736353257,0.9650900900900901,0.34234234234234234,0.46396396396396394,0.5904654654654654,0.7479783195503955
MRVI1,0.0,360,8.749239196591603e-05,229,0.0,369,2.977259984525331,0.9494382022471909,0.6341086124970285,0.7600380137799951,0.8547371668990584,0.5945945945945946,0.7421171171171171,0.5844594594594594,0.6403903903903904,0.7475637786447245
HIST2H2BE,0.0,361,8.727990285367334e-05,230,0.0,370,2.210002109264617,0.8866985130861872,0.7535128391541939,0.8225231646471847,0.8546108370157433,0.5934684684684685,0.740990990990991,0.5833333333333334,0.6392642642642642,0.7469375506400038
OAS2,0.0,509,0.0006278518538713799,75,0.0,516,4.901968034717083,0.9816490614277064,1.0392329389403665,0.8313138512710858,0.9064814562288656,0.42680180180180183,0.9155405405405406,0.4189189189189189,0.5870870870870871,0.7467842716579763
PLXNC1,0.0,404,0.0,524,0.00305953,20,3.390282520352554,0.9741303909035861,0.7708179258731285,0.7208363031598954,0.8474609061002543,0.545045045045045,0.4099099099099099,0.9774774774774775,0.6441441441441441,0.7458025251221991
PSEN1,0.0,546,0.00044359134491752744,90,0.0,473,2.5633951490277878,0.9875866245038014,0.5073209479686396,0.8234735091470659,0.9055300561401062,0.38513513513513514,0.8986486486486487,0.46734234234234234,0.5837087087087087,0.7446193824244074
CAMSAP2,0.0,375,0.0,493,0.0,125,2.531976966292135,0.9745845387875933,0.5473822784509386,0.7457828462817772,0.8601639772568462,0.5777027027027027,0.44481981981981983,0.8592342342342343,0.6272522522522522,0.7437081147545492
ANKRD50,0.0,377,0.0,494,0.0,127,2.597232439615152,0.9619524994953912,0.6936042219054395,0.757424566405322,0.8596874822332077,0.5754504504504504,0.4436936936936937,0.8569819819819819,0.6253753753753754,0.7425314288042915
COL3A1,0.0,380,0.0,489,0.0,130,6.13966465720245,0.9840207225997443,1.421350306486099,0.7348538845331433,0.859435479777307,0.5720720720720721,0.44932432432432434,0.8536036036036037,0.625,0.7422177398886536
SH3PXD2B,0.0,237,0.0,500,0.0,261,2.2107394604050326,0.9457209177151316,0.6140127179852692,0.772392492278451,0.8590565055898806,0.7331081081081081,0.4369369369369369,0.706081081081081,0.6253753753753754,0.742215940482628
RAC1,0.0,499,0.038177472098247955,2,0.0,635,2.8480845959765855,0.9904797147278476,0.5408001916528091,0.8303635067712045,0.9104216102613955,0.4380630630630631,0.9977477477477478,0.2849099099099099,0.5735735735735736,0.7419975919174846
SULT1B1,0.0,378,0.0,495,0.0,128,5.79992422458454,0.9613301486913813,0.8657947873604179,0.7581373247802329,0.8596233051876525,0.5743243243243243,0.44256756756756754,0.8558558558558559,0.6242492492492492,0.7419362772184508
FLNA,0.0,379,0.0,496,0.0,129,2.9323977662652227,0.9539123999192626,0.928097312900924,0.7652649085293418,0.8595883520619968,0.5731981981981982,0.44144144144144143,0.8547297297297297,0.623123123123123,0.7413557375925599
IGF2BP3,0.00465447088007856,25,0.0,518,0.0,339,3.313010872636749,0.8392989302294288,1.0003773818009032,0.7845093846519362,0.8119041465427078,0.9718468468468469,0.4166666666666667,0.6182432432432432,0.668918918918919,0.7404115327308134
HIST1H2BD,0.0,381,0.0,497,0.0,131,2.988836654780326,0.9109870147345759,0.6602260608220485,0.8077928248990259,0.8593898620649463,0.5709459459459459,0.4403153153153153,0.8524774774774775,0.6212462462462462,0.7403180541555963
OSMR,0.0,303,8.704501110139273e-05,238,0.0,322,2.049070789880912,0.908867657942542,0.6711511808030401,0.7004038964124496,0.804451940053699,0.6587837837837838,0.7319819819819819,0.6373873873873874,0.676051051051051,0.740251495552375
SCNN1A,0.0,297,0.0,538,0.0004780893,49,1.7591882224315425,0.8464811949135436,0.8686316559752916,0.7769066286528866,0.8116924671547266,0.6655405405405406,0.39414414414414417,0.9448198198198198,0.6681681681681683,0.7399303176614475
WNT5A,0.0,347,7.73005310210392e-05,250,0.0,407,1.9091625950346498,0.8828298459261253,0.7513617581373255,0.829888334521264,0.8563590898865511,0.6092342342342343,0.7184684684684685,0.5416666666666666,0.623123123123123,0.739741106504837
PRRX1,0.0,276,0.0,395,0.0,292,3.9110459025768676,0.9517089416672274,0.5993762532668105,0.7301021620337372,0.8408735127544121,0.6891891891891891,0.5551801801801802,0.6711711711711712,0.6385135135135135,0.7396935131339628
FAM177B,0.0,277,0.0,396,0.0,293,6.365699195990043,0.9684283119154948,0.5388600641482544,0.7144214777856974,0.8408584501598103,0.6880630630630631,0.5540540540540541,0.670045045045045,0.6373873873873874,0.7391229187735988
SLFN5,0.0,366,5.814737409829434e-05,262,0.0,375,2.83442758527888,0.9703290049115253,0.5106008458066054,0.736992159657876,0.8536579255703799,0.5878378378378378,0.704954954954955,0.5777027027027027,0.6234984984984985,0.7385782120344392
RASGRF2,0.0,278,0.0,397,0.0,294,2.735378254726502,0.9587230034313395,0.6390696079828944,0.7227369921596579,0.840698387110859,0.6869369369369369,0.5529279279279279,0.668918918918919,0.6362612612612613,0.7384798241860602
EPHA4,0.0,537,0.00034192531306894433,108,0.0,492,3.653051460001346,0.9821200296037139,1.016189303872653,0.8253741981468282,0.9037471132159653,0.3952702702702703,0.8783783783783784,0.44594594594594594,0.5731981981981983,0.7384726557070818
CXCL10,0.0,279,0.0,398,0.0,295,5.897327592006997,0.9692188656395075,0.8133880969351384,0.7115704442860536,0.8402086683628796,0.6858108108108109,0.5518018018018018,0.6677927927927928,0.6351351351351351,0.7376719017490073
BRCA2,0.0,436,0.00013946907424875352,174,0.0,393,2.548837899481935,0.9290856489268653,0.546772969826562,0.7738180090282727,0.8514515278354872,0.509009009009009,0.8040540540540541,0.5574324324324325,0.6234984984984985,0.7374750131669928
CKS2,0.0,370,5.7332090985936815e-05,274,0.0,368,4.81815380475005,0.9946511471439143,0.5019718104062729,0.7125207887859348,0.8534204172154296,0.5833333333333334,0.6914414414414415,0.5855855855855856,0.6201201201201202,0.7367702686677748
COL1A2,0.0,156,0.0,730,0.0,195,5.810745297046358,0.9861064388077775,1.5259565454977437,0.7707293894036589,0.8784175869295621,0.8243243243243243,0.17792792792792791,0.7804054054054054,0.5942192192192192,0.7363184030743906
TMPRSS3,0.0,273,0.0,394,0.0,315,3.1546810670793244,0.9485467267711767,0.7200226300784021,0.7336659539082918,0.8411058497853613,0.6925675675675675,0.5563063063063063,0.6452702702702703,0.6313813813813813,0.7362436155833714
CLEC2B,0.0,281,0.0,399,0.0,297,3.3338402240462894,0.9740967503195854,0.5390602542171528,0.7042052744119743,0.8391089195485564,0.6835585585585585,0.5506756756756757,0.6655405405405406,0.6332582582582582,0.7361835889034073
CLIC1,0.0,486,0.019365826179577886,14,0.0,672,3.49660830586019,0.9935073672878961,0.6544586299200121,0.8310762651461154,0.9122918151916833,0.4527027027027027,0.9842342342342343,0.24324324324324326,0.56006006006006,0.7361759376258716
ITGA6,0.0,282,0.0,400,0.0,298,1.7967712776693814,0.909119962322546,0.58623026609646,0.7688287004038964,0.8389731229555555,0.6824324324324325,0.5495495495495496,0.6644144144144144,0.6321321321321322,0.7355526275438438
ASAP1,0.0,239,0.0,427,0.0,307,2.0245838861602636,0.9522135504272355,0.524674739843193,0.719648372535044,0.8358238281688557,0.7308558558558559,0.5191441441441441,0.6542792792792793,0.6347597597597597,0.7352917939643078
POF1B,0.0,266,0.0,405,0.0,305,2.7816656361434435,0.9260579963668168,0.8142261368496095,0.7469707769066287,0.8364606972583811,0.7004504504504504,0.543918918918919,0.6565315315315315,0.6336336336336337,0.7350471654460073
AGR3,0.0,249,0.0,453,0.0,266,4.850746925250622,0.9556617102872905,0.6250522499406035,0.7103825136612022,0.8329146700825814,0.7195945945945946,0.48986486486486486,0.7004504504504504,0.6366366366366366,0.734775653359609
DSC2,0.0,284,0.0,401,0.0,300,2.1367702381753353,0.9592612527753481,0.578970662865288,0.7189356141601331,0.8385645618158392,0.6801801801801802,0.5484234234234234,0.6621621621621622,0.6302552552552553,0.7344099085355472
ACTR3,0.0,175,0.0,733,0.0,188,2.817002950279216,0.9783522841956537,0.5751757567118094,0.77952007602756,0.8789353487473671,0.8029279279279279,0.17454954954954954,0.7882882882882883,0.5885885885885886,0.7337619686679779
MOXD1,0.0,286,0.0,402,0.0,301,4.473138383906344,0.9730538922155688,0.9329364694701834,0.7032549299120932,0.8381068671954318,0.6779279279279279,0.5472972972972973,0.661036036036036,0.6287537537537538,0.7334303104745927
ROBO1,0.0,252,0.0,454,0.0,269,3.396426401130324,0.9632813025634125,0.5043313661202191,0.7020669992872416,0.832640839162088,0.7162162162162162,0.48873873873873874,0.6970720720720721,0.634009009009009,0.7333249240855485
CXCL5,0.0,176,0.0,734,0.0,189,8.039127158043463,0.9497241472111956,1.2254961986219994,0.8080304110239962,0.8788772642248602,0.8018018018018018,0.17342342342342343,0.7871621621621622,0.5874624624624625,0.7331698633436614
STYK1,0.0,597,0.0,658,0.009778471,8,6.933683290721928,0.9845253313597524,1.0283764670943238,0.8954621050130672,0.9399937181863499,0.3277027027027027,0.25900900900900903,0.990990990990991,0.5259009009009009,0.7329473095436254
SMC4,0.0,160,0.00011326985325915256,210,0.0,735,1.766619514902779,0.9497241472111955,0.6348749726775953,0.81111903064861,0.8804215571294882,0.8198198198198198,0.7635135135135135,0.17229729729729729,0.5852102102102102,0.7328158836698493
IFIH1,0.0,287,0.0,403,0.0,303,1.8203618482136854,0.9428278274910851,0.5200668234735106,0.7334283677833215,0.8380854758744642,0.6768018018018018,0.5461711711711712,0.6587837837837838,0.6272522522522522,0.7326688640633583
TRIM22,0.0,253,0.0,455,0.0,270,2.293944119625917,0.9172273430666756,0.5766799168448564,0.7476835352815395,0.8324525995171762,0.7150900900900901,0.48761261261261263,0.6959459459459459,0.6328828828828829,0.7326677412000295
MUC1,0.0,341,7.752983213105911e-05,245,0.0,358,2.792098735114039,0.9082957680145327,0.8923613114754083,0.7312900926585887,0.819676213395096,0.615990990990991,0.7240990990990991,0.5968468468468469,0.6456456456456456,0.7326609295203708
WISP1,0.0,177,0.0,735,0.0,190,5.323589211464711,0.9733230168875732,0.7970602565930145,0.784271798526966,0.8787973209516794,0.8006756756756757,0.17229729729729729,0.786036036036036,0.5863363363363363,0.7325668286440079
MARCO,0.0,245,0.0,451,0.0,288,5.555916931305928,0.9325506290789208,0.5676822309337153,0.7360418151579948,0.8342761139672081,0.7240990990990991,0.49211711711711714,0.6756756756756757,0.6306306306306306,0.7324533722989194
NDNF,0.0,371,5.805344282156559e-05,264,0.0,408,4.9042488663123205,0.9665276189194645,0.6490572867664515,0.7460204324067475,0.8562733038835408,0.5822072072072072,0.7027027027027027,0.5405405405405406,0.6084834834834835,0.7323783936835122
LOX,0.0,255,0.0,449,0.0,272,3.42945134562336,0.9464273699791429,0.873594005702067,0.7148966500356378,0.8305233435834678,0.7128378378378378,0.49436936936936937,0.6936936936936937,0.6336336336336337,0.7320784886085507
PLAUR,0.0,178,0.0,736,0.0,191,5.588414993608288,0.9883267173518131,0.6936715538132585,0.7690662865288667,0.8786942705413403,0.7995495495495496,0.17117117117117117,0.7849099099099099,0.5852102102102102,0.7319522403757752
MMP2,0.0,254,0.0,456,0.0,271,3.826867546928615,0.9557121711632913,0.9034435756711803,0.7087194107864101,0.8321227541512998,0.713963963963964,0.4864864864864865,0.6948198198198198,0.6317567567567567,0.7319397554540282
NDRG1,0.0,288,0.0,404,0.0,304,2.301175603848482,0.9572596380273162,0.5369158493703985,0.7177476835352815,0.8373966636634972,0.6756756756756757,0.545045045045045,0.6576576576576577,0.6261261261261262,0.7317613948948116
TM4SF1,0.0,247,0.0,452,0.0,287,3.2174619457713787,0.9397160734710354,0.5117134592539809,0.7272511285340935,0.8334582106645353,0.7218468468468469,0.49099099099099097,0.6768018018018018,0.6298798798798798,0.7316690452722076
SGCB,0.0,179,0.0,737,0.0,192,2.908587045011102,0.9838020588037407,0.5016713803753872,0.7735804229033024,0.8786906382844918,0.7984234234234234,0.17004504504504506,0.7837837837837838,0.5840840840840841,0.7313873611842879
SFRP2,0.0,264,0.0,426,0.0,306,5.478061195586356,0.9579660902913274,0.8514531385127135,0.7144214777856974,0.8361559217397435,0.7027027027027027,0.5202702702702703,0.6554054054054054,0.6261261261261262,0.7311410239329348
XDH,0.0,513,0.0003379242527278914,112,0.0,550,4.588799478570948,0.9630962793514096,0.9750416607270123,0.843430743644571,0.9032635107442514,0.4222972972972973,0.8738738738738738,0.38063063063063063,0.558933933933934,0.7310987223390927
RALB,0.0,469,9.952018769411245e-05,216,0.0,503,2.835905601157236,0.9895545986678329,0.588442045616536,0.8263245426467095,0.9079395590618898,0.47184684684684686,0.7567567567567568,0.43355855855855857,0.5540540540540541,0.730996806557972
CD82,0.0,485,0.009542266335561768,44,0.0,671,3.254227363251024,0.9853327053757652,0.5629696056070319,0.8393917795200762,0.9123622424037989,0.45382882882882886,0.9504504504504504,0.24436936936936937,0.5495495495495496,0.7309558959766742
ASPH,0.0,180,0.0,738,0.0,193,2.727871755365673,0.971001816591536,0.5611338512710873,0.7861724875267285,0.8785847522364367,0.7972972972972973,0.16891891891891891,0.7826576576576577,0.5829579579579579,0.7307713550971973
FNDC1,0.0,157,0.0,760,0.0,194,5.136316870752877,0.9683610307474938,1.310494081729626,0.7887859349014018,0.8785733975054033,0.8231981981981982,0.14414414414414414,0.7815315315315315,0.5829579579579579,0.7307656777316807
POC1B-GALNT4,0.0,258,0.0,460,0.0,264,3.6753377010024897,0.901130323622418,0.7063385055832736,0.7588500831551437,0.8299887533011666,0.7094594594594594,0.481981981981982,0.7027027027027027,0.6313813813813813,0.7306850673412739
GREM1,0.0,155,0.0,761,0.0,196,5.440562494112898,0.9502287559712037,1.0267067925873121,0.8066048942741744,0.878416816269754,0.8254504504504504,0.14301801801801803,0.7792792792792793,0.5825825825825826,0.7304996994261683
DST,0.0,244,0.0,450,0.0,302,1.6386919161676659,0.9519444257552311,0.5129977191731996,0.7170349251603707,0.8344318940608516,0.7252252252252253,0.49324324324324326,0.6599099099099099,0.6261261261261262,0.7302790100934888
MMP11,0.0,620,0.03839567586088437,1,0.0,591,8.61005157437933,0.9939278745879029,1.2317834426229517,0.837015918270373,0.9154718963397991,0.30180180180180183,0.9988738738738738,0.3344594594594595,0.545045045045045,0.730258470692422
PYGL,0.0,263,0.0,428,0.0,308,2.641705840005383,0.958302496131333,0.6279271418389154,0.7129959610358755,0.8353963743327695,0.7038288288288288,0.5180180180180181,0.6531531531531531,0.625,0.7301981871663847
VILL,0.0,570,0.0,655,0.008921821,10,4.902783129247124,0.9795465249276727,0.8264157543359465,0.8681397006414826,0.9238431127683617,0.3581081081081081,0.26238738738738737,0.9887387387387387,0.5364114114114115,0.7301272620898867
EHF,0.0,256,0.0,457,0.0,273,1.9908027349794795,0.9009284801184149,0.6748207769066275,0.7600380137799952,0.8303365431866359,0.7117117117117117,0.48536036036036034,0.6925675675675675,0.6298798798798798,0.7301082115332578
CEACAM1,0.0,538,0.00022954091816367234,133,0.0,518,4.855069565363655,0.9878557491758057,1.098249893086245,0.8248990258968876,0.9063773871393986,0.39414414414414417,0.8502252252252253,0.4166666666666667,0.5536786786786787,0.7300280329090387
MYLK,0.0,428,0.0002178030303030303,146,0.0,461,3.1941033943349257,0.9494550225391912,0.5895686861487279,0.7474459491565691,0.8484485596506969,0.5180180180180181,0.8355855855855856,0.48085585585585583,0.6114864864864865,0.7299675230685917
LYZ,0.0,150,0.0,796,0.0,165,5.8928900491152545,0.9740967503195855,1.0469068353528135,0.7790449037776194,0.8765700677883471,0.831081081081081,0.1036036036036036,0.8141891891891891,0.5829579579579579,0.7297640128731525
EPHA2,0.0,145,0.0,794,0.0,173,3.3980754221893283,0.9485130861871763,0.7273620432406744,0.8049417913993823,0.8767274335293636,0.8367117117117117,0.10585585585585586,0.8051801801801802,0.5825825825825826,0.729655008055973
NQO1,0.0,576,0.009691476110451288,30,0.0,629,6.048870369373612,0.9942138195519074,1.3107429508196722,0.8500831551437397,0.9221484873366739,0.35135135135135137,0.9662162162162162,0.2916666666666667,0.5364114114114115,0.7292799493740427
SLC39A10,0.0,257,0.0,459,0.0,274,1.3056579425418826,0.8775482742380407,0.7318316084580649,0.782608695652174,0.8300783956225486,0.7105855855855856,0.4831081081081081,0.6914414414414415,0.6283783783783784,0.7292283870004634
COL5A1,0.0,132,0.0,786,0.0,200,5.341541751328802,0.9825573571957209,0.734696312663341,0.7735804229033025,0.8780687000068382,0.8513513513513513,0.11486486486486487,0.7747747747747747,0.5803303303303303,0.7291995151685843
PTPN22,0.0,306,1.593727139254582e-05,290,0.0,325,1.9427873343201236,0.8976485231783624,0.5102370206699933,0.7099073414112615,0.803667075713809,0.6554054054054054,0.6734234234234234,0.634009009009009,0.6542792792792792,0.7289731774965441
PLEK2,0.0,515,0.00032392902399603225,118,0.0,553,3.9724014532732292,0.9502287559712036,1.09113087194108,0.8560228082679971,0.9031257821153048,0.42004504504504503,0.8671171171171171,0.37725225225225223,0.5548048048048049,0.7289652934600548
SAMD9L,0.0,152,0.0,797,0.0,167,2.8745937899481935,0.9479243759671667,0.8677215561891183,0.8049417913993824,0.8764330723464054,0.8288288288288288,0.10247747747747747,0.8119369369369369,0.581081081081081,0.7287570767137432
GPI,0.0,133,0.0,787,0.0,201,2.51499276727444,0.9870483751597928,0.5315868543597055,0.7690662865288667,0.8780558630548435,0.8502252252252253,0.11373873873873874,0.7736486486486487,0.5792042042042042,0.7286300336295238
IGFL2,0.0,468,0.0005563666934739874,79,0.0,667,10.869508379869472,0.9835161138397361,1.0753818531717751,0.8415300546448088,0.9125230838349275,0.47297297297297297,0.911036036036036,0.24887387387387389,0.5442942942942942,0.7284086890646109
ITGA5,0.0,259,0.0,461,0.0,275,2.761342743726031,0.9553757653232859,0.5878289094796871,0.7056307911617961,0.8299828157847605,0.7083333333333334,0.48085585585585583,0.6903153153153153,0.6265015015015015,0.728242158643131
PPARG,0.0,154,0.0,773,0.0,197,4.4374895815111355,0.9794119625916705,0.8429105321929198,0.777144214777857,0.8782775044343398,0.8265765765765766,0.12950450450450451,0.7781531531531531,0.5780780780780781,0.728177791256209
HKDC1,0.0,265,0.0,447,0.0,281,2.42318587095472,0.9143510731346296,0.6881981610833927,0.7436445711570444,0.8289692329784724,0.7015765765765766,0.4966216216216216,0.6835585585585585,0.6272522522522522,0.7281107426153623
HOXB3,0.0,134,0.0,788,0.0,202,2.4123783051873784,0.9358810468949741,0.6577871465906391,0.8201473033974817,0.8780141741628092,0.8490990990990991,0.11261261261261261,0.7725225225225225,0.578078078078078,0.7280461261204436
TRIM29,0.0,487,0.0,699,0.0016639935,30,6.327107273094262,0.9478234542151651,1.2803527797576626,0.8766928011404134,0.9122581276773315,0.45157657657657657,0.21283783783783783,0.9662162162162162,0.5435435435435435,0.7279008356104375
CORIN,0.0,144,0.0,793,0.0,185,4.012743258426966,0.9667631030074683,0.8824794606794963,0.7868852459016394,0.8768241453346721,0.8378378378378378,0.10698198198198199,0.7916666666666666,0.5788288288288288,0.7278264870817505
FUT2,0.0,260,0.0,462,0.0,277,2.7197621106102394,0.9363015541949808,0.5701422641957707,0.7234497505345687,0.8298594686770544,0.7072072072072072,0.4797297297297297,0.6880630630630631,0.625,0.7274297343385272
STAT1,0.0,146,0.0,795,0.0,184,2.827644778981363,0.974634999663594,0.6769051960085539,0.7788073176526491,0.8767210440863283,0.8355855855855856,0.10472972972972973,0.7927927927927928,0.5777027027027027,0.7272118733945155
TMEM45A,0.0,272,0.0,393,0.0,366,1.9879789208100656,0.9163358675906614,0.7563439961986225,0.7659776669042527,0.8411561661040692,0.6936936936936937,0.5574324324324325,0.5878378378378378,0.6129879879879879,0.7270720770460286
TGIF1,0.0,136,0.0,789,0.0,204,2.4270248032025834,0.9504810603512076,0.5028860114041311,0.8051793775243526,0.8778295281937255,0.8468468468468469,0.11148648648648649,0.7702702702702703,0.5762012012012012,0.7270153646974633
HILPDA,0.0,343,5.77030951674355e-05,269,0.0,360,1.8624099878893905,0.8966897665343471,0.7609818127821333,0.7405559515324305,0.8185964668990828,0.6137387387387387,0.6970720720720721,0.5945945945945946,0.6351351351351352,0.726865801017109
SFN,0.0,501,0.0005568396904777369,78,0.0,637,7.427492276121915,0.960556415259369,0.8614750059396536,0.8593490140175815,0.9099527146226813,0.4358108108108108,0.9121621621621622,0.28265765765765766,0.5435435435435435,0.7267481290831124
SAMD12,0.0,262,0.0,463,0.0,279,2.222320769696562,0.9533068694072528,0.54281476835353,0.7056307911617961,0.8291085045130486,0.704954954954955,0.4786036036036036,0.6858108108108109,0.6231231231231232,0.7261158138180859
LAMB1,0.0,307,0.0,313,0.0,316,1.517147295297046,0.8812655587701003,0.5590071299596113,0.7255880256593015,0.8033914745726539,0.6542792792792793,0.6475225225225225,0.6441441441441441,0.6486486486486487,0.7260200616106514
IFI27,0.0,588,0.0,646,0.006294663,13,6.051113907017427,0.9963331763439413,1.229922606319792,0.8434307436445712,0.9198819599835473,0.33783783783783783,0.2725225225225225,0.9853603603603603,0.5319069069069069,0.7258944334452271
ADGRG6,0.0,139,0.0,791,0.0,206,3.179648950413779,0.9457377380071319,0.7786438750296973,0.8094559277738179,0.8775968206516331,0.8434684684684685,0.10923423423423423,0.7680180180180181,0.5735735735735735,0.7255851971126033
FCGR3A,0.0,140,0.0,792,0.0,207,4.174999838525197,0.9691347641795062,0.841289862200048,0.7856973152767878,0.8774157153728417,0.8423423423423423,0.10810810810810811,0.7668918918918919,0.5724474474474475,0.7249315814101446
EFNA1,0.0,291,0.0,438,0.0,282,2.000090213954114,0.9104824059745678,0.5092089760038006,0.747208363031599,0.8288403573132709,0.6722972972972973,0.5067567567567568,0.6824324324324325,0.6204954954954954,0.7246679264043832
SLPI,0.0,502,0.00045105708159510496,88,0.0,638,5.292909281437124,0.9707158716275314,1.727638023283439,0.8491328106438584,0.9099243411090262,0.4346846846846847,0.9009009009009009,0.28153153153153154,0.539039039039039,0.7244816900740326
EPS8L3,0.0,169,9.277310924369742e-05,225,0.0,756,7.085738700127834,0.9707663325035322,0.597459672131146,0.7885483487764314,0.8796566265088248,0.8096846846846847,0.7466216216216216,0.14864864864864866,0.5683183183183184,0.7239874724135715
CTSC,0.0,430,5.799488972565896e-05,265,0.0,385,3.372291724416335,0.9865101258157842,0.530607721549063,0.7184604419101924,0.8524342902651223,0.5157657657657657,0.7015765765765766,0.5664414414414415,0.5945945945945946,0.7235144424298585
CD58,0.0,168,8.716817140547097e-05,233,0.0,755,3.2819290991051604,0.9806734844916908,0.5219387645521492,0.7788073176526491,0.8797400616856522,0.8108108108108109,0.7376126126126126,0.14977477477477477,0.5660660660660661,0.7229030638758591
ACTN4,0.0,473,7.730053102103919e-05,251,0.0,507,2.722820006055306,0.9808248671196932,0.59848984556902,0.8344024708956997,0.9076136549655077,0.46734234234234234,0.7173423423423423,0.42905405405405406,0.5379129129129129,0.7227632839392103
S100A14,0.0,181,0.0,798,0.0,169,4.650868616699186,0.9464778308551436,1.0828960940841057,0.8056545497742931,0.8760661822873458,0.7961711711711712,0.10135135135135136,0.8096846846846847,0.5690690690690691,0.7225676256782074
TAP2,0.0,182,0.0,799,0.0,171,2.7000117035591735,0.9763170288636212,0.5206005614952094,0.7752435257780945,0.8757800421431208,0.795045045045045,0.10022522522522523,0.8074324324324325,0.5675675675675675,0.7216738048553442
AHNAK2,0.0,607,0.0,665,0.0015242585,34,5.840582214223239,0.9695552714795129,1.5068726657163212,0.8945117605131859,0.932033515996346,0.31644144144144143,0.2511261261261261,0.9617117117117117,0.5097597597597597,0.7208966378780528
ALOX5,0.0,308,0.0,321,0.0,329,1.7504218798358329,0.8778678597860459,0.5104885340936098,0.7246376811594203,0.8012356779383502,0.6531531531531531,0.6385135135135135,0.6295045045045045,0.6403903903903904,0.7208130341643703
BIRC3,0.0,290,0.0,464,0.0,280,3.3600863183744876,0.9315918724349056,0.8456024922784522,0.7265383701591828,0.8290529904145921,0.6734234234234234,0.4774774774774775,0.6846846846846847,0.611861861861862,0.720457426138227
SLC25A12,0.0,197,0.0,800,0.0,161,2.39453393662114,0.9714055035995425,0.7117429603231162,0.7797576621525303,0.8755814706904096,0.7781531531531531,0.0990990990990991,0.8186936936936937,0.5653153153153153,0.7204483930028625
JUP,0.0,520,0.00017170789178999702,153,0.0,558,2.8751999226266554,0.97624974769562,0.8074894583036354,0.8296507483962937,0.9029502477641865,0.4144144144144144,0.8277027027027027,0.3716216216216216,0.5379129129129129,0.7204315803385497
ABHD17C,0.0,650,0.028671700421574627,8,0.0,618,3.813831773531588,0.9939615151719032,0.830016557377049,0.843430743644571,0.9186961293837749,0.268018018018018,0.990990990990991,0.30405405405405406,0.521021021021021,0.7198585752023979
NOX4,0.0,566,7.962334695007962e-05,243,0.0,484,5.282063981026711,0.9806062033236896,1.4120317058683765,0.8693276312663342,0.9249669172942965,0.36261261261261263,0.7263513513513513,0.45495495495495497,0.5146396396396397,0.7198032784669681
LRRC32,0.0,384,0.0,501,0.0,233,3.2615086927269066,0.9811108120836979,0.502814210026135,0.736992159657876,0.8590357154935636,0.5675675675675675,0.4358108108108108,0.7376126126126126,0.5803303303303303,0.719683022911947
CD68,0.0,450,0.00011557493117447961,187,0.0,457,5.131086052613873,0.9909170423198548,0.5640407032549302,0.7080066524114992,0.8492886240931976,0.49324324324324326,0.7894144144144144,0.48536036036036034,0.5893393393393392,0.7193139817162684
ASPM,0.0,521,0.00015686987757329086,160,0.0,559,5.855996326448228,0.9862073605597793,1.02950897362794,0.8194345450225706,0.9028209291659457,0.4132882882882883,0.8198198198198198,0.3704954954954955,0.5345345345345346,0.7186777318502402
ITGB8,0.0,322,0.0,436,0.0,286,1.9890013422593014,0.9062605126825002,0.6667317628890483,0.7493466381563316,0.8277987928959201,0.6373873873873874,0.509009009009009,0.6779279279279279,0.608108108108108,0.717953450502014
MSN,0.0,419,8.697478991596638e-05,242,0.0,429,3.363699246450919,0.9693534279755096,0.7789204276550246,0.7198859586600143,0.8445933939273279,0.5281531531531531,0.7274774774774775,0.5168918918918919,0.5908408408408409,0.7177171173840844
SDC4,0.0,271,0.0,392,0.0,419,2.7580848583731417,0.9628607952634057,0.5745649916844862,0.7201235447849845,0.8413052107914308,0.6948198198198198,0.5585585585585585,0.5281531531531531,0.5938438438438438,0.7175745273176373
KPNA7,0.0,556,0.00011394765984729306,207,0.0,487,6.011263974298595,0.9659220884074547,0.5859679757662151,0.8427179852696602,0.9043200361788338,0.3738738738738739,0.7668918918918919,0.45157657657657657,0.5307807807807808,0.7175504084798073
KLK6,0.0,223,0.0,764,0.0,183,10.791435854134429,0.9690338424275045,0.6822212283202655,0.77952007602756,0.8742763657203683,0.7488738738738738,0.13963963963963963,0.793918918918919,0.5608108108108109,0.7175435882655896
SERPINB2,0.0,309,0.0,328,0.0,330,3.7975990546995897,0.8922323891542756,0.6371645996673787,0.7044428605369446,0.7973578168829679,0.652027027027027,0.6306306306306306,0.6283783783783784,0.6370120120120121,0.71718491444749
AP3M2,0.0,555,0.0001132292827335194,211,0.0,486,2.2001726535692665,0.9725997443315616,0.7333885150867197,0.8360655737704917,0.9043326585180813,0.375,0.7623873873873874,0.4527027027027027,0.53003003003003,0.7171813442740557
ENC1,0.0,324,0.0,437,0.0,289,2.1307197571149836,0.9183374823386935,0.5228257377049177,0.736279401282965,0.8272581400858253,0.6351351351351351,0.5078828828828829,0.6745495495495496,0.6058558558558559,0.7165569979708406
SAMD9,0.0,505,0.00022909066466235222,135,0.0,630,4.1045065800982306,0.9855850097557693,0.9093211522927076,0.8339272986457591,0.909756152202317,0.4313063063063063,0.847972972972973,0.2905405405405405,0.5232732732732733,0.7165147127377951
ABCA12,0.0,192,0.0,719,0.0,259,6.536817351813225,0.957562403283321,0.5197881397006423,0.7864100736516988,0.8719837130736462,0.7837837837837838,0.19031531531531531,0.7083333333333334,0.5608108108108109,0.7163972619422285
GALNT5,0.0,604,0.0,662,0.0,73,9.04132768956469,0.9794960640516719,2.4606336208125446,0.8909479686386315,0.9352220163451497,0.31981981981981983,0.2545045045045045,0.9177927927927928,0.4973723723723724,0.716297194358761
SLCO4A1,0.0,403,8.704501110139273e-05,237,0.0,466,2.573944479580166,0.9043093588104689,0.5663396602518427,0.7909242100261344,0.8476167383270047,0.5461711711711712,0.7331081081081081,0.4752252252252252,0.5848348348348348,0.7162257865809197
BAIAP2L1,0.0,423,8.699233458848845e-05,241,0.0,433,1.7406640617641114,0.8921314674022741,0.9801266785459717,0.7956759325255406,0.8439032890017412,0.5236486486486487,0.7286036036036037,0.5123873873873874,0.5882132132132133,0.7160582511074772
SKIL,0.0,218,0.0,785,0.0,178,3.0433944190271145,0.9738612662315816,0.6471393466381556,0.7761938702779757,0.8750270566666258,0.7545045045045045,0.11599099099099099,0.7995495495495496,0.5566816816816816,0.7158543691741537
ECT2,0.0,574,0.009096852450352539,62,0.0,673,3.858148496265895,0.9863755634797818,1.1909450487051547,0.8595866001425517,0.9229810818069248,0.3536036036036036,0.9301801801801802,0.24211711711711711,0.5086336336336336,0.7158073577202793
SLC35F2,0.0,219,0.0,784,0.0,179,2.381126091636951,0.9486476485231783,0.5168094535519137,0.8013779995248278,0.875012800602568,0.7533783783783784,0.11711711711711711,0.7984234234234234,0.5563063063063063,0.7156595534544372
BHLHE40,0.0,220,0.0,783,0.0,180,2.803348274238042,0.9338626118549417,0.6876887431693994,0.8161083392729863,0.8749854598043022,0.7522522522522522,0.11824324324324324,0.7972972972972973,0.5559309309309309,0.7154581953676166
TRIM16,0.0,612,0.0,668,0.00045370057,50,3.1837846498015208,0.9863587431877818,0.9164832287954372,0.872416250890948,0.9293874970381616,0.3108108108108108,0.24774774774774774,0.9436936936936937,0.5007507507507508,0.7150691238944562
TRIP10,0.0,213,0.0,801,0.0,172,1.5812926596245704,0.8821233936621139,0.5605601092896189,0.8683772867664528,0.8752503402120987,0.7601351351351351,0.09797297297297297,0.8063063063063063,0.5548048048048048,0.7150275725084517
ATP2B4,0.0,268,0.0,389,0.0,440,2.576277592006998,0.9487822108591805,0.5699405773342825,0.7343787122832026,0.8415592198577919,0.6981981981981982,0.5619369369369369,0.5045045045045045,0.5882132132132132,0.7148862165355025
STK38,0.0,222,0.0,782,0.0,182,2.494606788669851,0.9742144923635874,0.5916733998574486,0.7745307674031836,0.8743720746831183,0.75,0.11936936936936937,0.795045045045045,0.5548048048048048,0.7145884397439615
EZR,0.0,534,0.00011373881966479539,208,0.0,522,3.036176737536163,0.9874688824597995,0.7686688976003806,0.8194345450225707,0.9034517107691797,0.39864864864864863,0.7657657657657657,0.41216216216216217,0.5255255255255254,0.7144886181473526
RACGAP1,0.0,456,0.00011696725359119684,177,0.0,647,3.5374859516921213,0.9888986072798224,0.6296153623188401,0.8296507483962936,0.9092746740682364,0.4864864864864865,0.8006756756756757,0.2713963963963964,0.5195195195195196,0.714397096793878
KRT6B,0.0,269,0.0,390,0.0,441,5.131907525398641,0.9273699791428379,0.8164703373722979,0.7555238774055595,0.8414358213560749,0.6970720720720721,0.5608108108108109,0.5033783783783784,0.5870870870870871,0.714261454221581
HN1,0.0,657,0.010114674585702955,22,0.0,626,4.846324271681356,0.9944829442239116,0.7909248443810881,0.8417676407697791,0.9181252923882334,0.26013513513513514,0.9752252252252253,0.29504504504504503,0.5101351351351352,0.7141302137616843
SERPINB5,0.0,580,0.00034179566563467497,109,0.0,625,8.11379491017964,0.962692592343403,1.9741270491803276,0.880256593014968,0.92147459267905,0.34684684684684686,0.8772522522522522,0.29617117117117114,0.5067567567567567,0.7141156747179034
PALLD,0.0,663,0.00918093827993135,61,0.0,579,4.025539117271075,0.9799502119356792,0.9990563934426238,0.8545972915181753,0.9172737516885807,0.2533783783783784,0.9313063063063063,0.34797297297297297,0.5108858858858859,0.7140798187872333
KITLG,0.0,323,0.0,429,0.0,313,2.7114295633452192,0.9415494852990648,0.563084046091709,0.7139463055357568,0.8276889259508637,0.6362612612612613,0.5168918918918919,0.6475225225225225,0.6002252252252253,0.7139570755880444
GSDMB,0.0,385,0.0,502,0.0,263,2.1617837751463362,0.8959833142703357,0.7126436920883812,0.8220479923972439,0.8590156446763852,0.5664414414414415,0.4346846846846847,0.7038288288288288,0.5683183183183184,0.7136669814973517
OLR1,0.0,270,0.0,391,0.0,442,4.399820278544035,0.9361838121509789,1.2442689166072691,0.7464956046566881,0.8413331296331751,0.6959459459459459,0.5596846846846847,0.5022522522522522,0.585960960960961,0.713647045297068
UBE2T,0.0,636,0.037943222781324296,4,0.0,659,5.646122027854405,0.9959463096279351,0.6953946566880504,0.8315514373960561,0.9137488650698083,0.28378378378378377,0.9954954954954955,0.25788288288288286,0.5123873873873874,0.7130681262285978
FRRS1,0.0,217,0.0,802,0.0,177,2.5248797046356724,0.9031151180784498,0.9470725492991212,0.8469945355191257,0.875054826740305,0.7556306306306306,0.09684684684684684,0.8006756756756757,0.551051051051051,0.713052938895678
RND3,0.0,411,2.266241396676179e-05,286,0.0,422,3.6024193668842095,0.9843234878557491,0.6626483606557363,0.7082442385364695,0.8460850377940796,0.5371621621621622,0.6779279279279279,0.5247747747747747,0.579954954954955,0.7130199963745173
ID1,0.0,387,0.0,505,0.0,262,2.890197117001951,0.9472683845791564,0.7312121739130442,0.770016631028748,0.8586422524583333,0.5641891891891891,0.4313063063063063,0.704954954954955,0.5668168168168167,0.712729534637575
ANXA1,0.0,405,7.730053102103919e-05,252,0.0,468,4.381315242548611,0.9764515911996232,0.9422771418389146,0.7175100974103111,0.8469511747791384,0.543918918918919,0.7162162162162162,0.47297297297297297,0.5777027027027027,0.7123269387409206
COL6A3,0.0,267,0.0,406,0.0,439,3.3728511101392726,0.9307003969588912,1.2658230719885957,0.7524352577809456,0.8415661250382944,0.6993243243243243,0.5427927927927928,0.5056306306306306,0.5825825825825827,0.7120743538104386
LIMS1,0.0,224,0.0,765,0.0,210,2.6480776222835227,0.9684787727914957,0.5067767783321466,0.7797576621525303,0.8741181390344636,0.7477477477477478,0.13851351351351351,0.7635135135135135,0.549924924924925,0.7120215319796943
PML,0.0,536,8.716817140547097e-05,232,0.0,517,2.8045671499697233,0.9835833950077373,0.5173292943692092,0.8291755761463531,0.9063794853401442,0.3963963963963964,0.7387387387387387,0.4177927927927928,0.5176426426426426,0.7120110639913935
PDLIM7,0.0,483,0.00014307252351970133,170,0.0,643,3.7778576364125676,0.9798156495996772,0.7974872701354245,0.8396293656450463,0.909722507513553,0.4560810810810811,0.8085585585585585,0.2759009009009009,0.5135135135135135,0.7116180105135332
CENPF,0.0,494,0.00015190918472652172,165,0.0,642,6.030411333512749,0.9779485971876472,1.116455219767166,0.8448562603943929,0.9114024278569095,0.4436936936936937,0.8141891891891891,0.27702702702702703,0.5116366366366366,0.7115195322467731
GLI3,0.0,333,0.0,386,0.0,349,2.5143989033169616,0.9275045414788401,0.5324816203373723,0.7198859586600144,0.8236549138424529,0.625,0.5653153153153153,0.6069819819819819,0.5990990990990991,0.7113770064707761
RALA,0.0,639,0.028858438437178342,6,0.0,662,2.930847648523179,0.9911020655318576,0.5902268092183407,0.8353528153955808,0.9132274403278711,0.28040540540540543,0.9932432432432432,0.2545045045045045,0.5093843843843844,0.7113059123561277
DLGAP5,0.0,500,0.0001523391018159644,163,0.0,636,6.957360199825069,0.9902610509318442,0.9583607911617964,0.8301259206462344,0.9101934710435652,0.4369369369369369,0.8164414414414415,0.28378378378378377,0.5123873873873874,0.7112904292154762
IRAK3,0.0,325,0.0,439,0.0,314,2.337619450985669,0.9182533808786921,0.8241547327156091,0.7353290567830838,0.8267744756154999,0.634009009009009,0.5056306306306306,0.6463963963963963,0.5953453453453453,0.7110599104804226
PAK1,0.0,226,0.0,766,0.0,212,2.0571913577339696,0.9635336069434167,0.5133480636730825,0.7845093846519363,0.8740211885619437,0.7454954954954955,0.1373873873873874,0.7612612612612613,0.5480480480480481,0.7110346183049958
KCNN4,0.0,603,0.0,661,0.0,104,7.158587674090022,0.9786886900356591,0.8382715799477318,0.8923734853884533,0.9355310877120393,0.32094594594594594,0.25563063063063063,0.8828828828828829,0.48648648648648646,0.7110087870992629
FUT3,0.0,449,7.732651963421195e-05,248,0.0,446,3.4307361232590994,0.9387741371190204,0.8652505939653121,0.7600380137799952,0.8494056618078083,0.49436936936936937,0.7207207207207207,0.49774774774774777,0.5709459459459459,0.7101758038768771
CAP1,0.0,651,0.009201405646718147,60,0.0,619,3.155024063109737,0.9849121980757586,0.7728116535994323,0.8524590163934427,0.9186856068245047,0.2668918918918919,0.9324324324324325,0.30292792792792794,0.5007507507507508,0.7097181787876278
CTSE,0.0,616,0.00033801146123736366,111,0.0,610,8.106601345623359,0.9547029536432753,2.5513469802803517,0.8847707293894037,0.9197368415163203,0.3063063063063063,0.875,0.3130630630630631,0.4981231231231231,0.7089299823197217
S100A10,0.0,638,0.01018797156220109,21,0.0,661,4.560234767543565,0.9933728049518938,0.7450815253029184,0.8332145402708483,0.9132936715849227,0.28153153153153154,0.9763513513513513,0.25563063063063063,0.5045045045045045,0.7088990880447136
FERMT1,0.0,655,0.009220364152892561,56,0.0,624,4.294759580838323,0.9720783152795532,1.3403960655737706,0.8645759087669279,0.9183271120221427,0.26238738738738737,0.9369369369369369,0.2972972972972973,0.4988738738738739,0.7086004929480083
HLA-J,0.0,313,0.0,341,0.0,333,1.5590316389692527,0.8209816322411356,0.5577242777381795,0.7538607745307674,0.7874200916902283,0.6475225225225225,0.615990990990991,0.625,0.6295045045045046,0.7084622980973665
RTKN2,0.0,613,0.009327791128141846,52,0.0,698,5.509207555675167,0.9918926192558702,0.8437513043478266,0.864575908766928,0.9282342637665592,0.3096846846846847,0.9414414414414415,0.21396396396396397,0.48836336336336333,0.7082988135649613
KLF7,0.0,227,0.0,767,0.0,225,2.3617418051537378,0.9519444257552311,0.5867476977904493,0.7959135186505109,0.873928914976608,0.7443693693693694,0.13626126126126126,0.7466216216216216,0.5424174174174174,0.7081731661970128
ANKRD22,0.0,310,0.0,362,0.0,331,1.9631421651079866,0.8152290923770437,1.1394744286053706,0.7700166310287481,0.7926222472253904,0.6509009009009009,0.5923423423423423,0.6272522522522522,0.6234984984984985,0.7080603728619445
MELK,0.0,458,0.0001140164468398742,206,0.0,649,5.193666699185899,0.9826582789477225,0.9718516607270118,0.8348776431456403,0.9087679593612855,0.48423423423423423,0.7680180180180181,0.26914414414414417,0.5071321321321322,0.7079500457467088
TNS4,0.0,625,0.00033880471380471375,110,0.0,596,8.196787764919598,0.961498351611384,1.3065741862675218,0.8688524590163934,0.9151754053005835,0.29617117117117114,0.8761261261261262,0.32882882882882886,0.5003753753753754,0.7077753903379794
ESM1,0.0,666,0.00045147906555815143,87,0.0,582,5.733758171297854,0.987687546255803,0.7855014350201945,0.8455690187693039,0.9166282824881462,0.25,0.902027027027027,0.34459459459459457,0.49887387387387383,0.70775107818101
CYP2C19,0.0,314,0.0,342,0.0,334,4.03978992464509,0.8106539729529705,0.6820782157282013,0.76383939177952,0.7871101616901093,0.6463963963963963,0.6148648648648649,0.6238738738738738,0.6283783783783784,0.7077442700342438
HMGCS1,0.0,293,0.0,414,0.0,363,1.3715070207898816,0.876000807374016,0.5751985673556668,0.7576621525302922,0.8168292713407637,0.670045045045045,0.5337837837837838,0.5912162162162162,0.5983483483483484,0.707588809844556
ARPC2,0.0,508,1.8653271247261576e-05,288,0.0,515,2.8312805792908566,0.9896723407118346,0.5682445687811848,0.8234735091470659,0.9065729148549253,0.42792792792792794,0.6756756756756757,0.42004504504504503,0.5078828828828829,0.707227898868904
ZEB1,0.0,425,5.7506461942054386e-05,270,0.0,464,2.745042437596716,0.952566776559241,0.6546867403183647,0.7436445711570444,0.848103864942196,0.5213963963963963,0.6959459459459459,0.4774774774774775,0.56493993993994,0.706521902441068
NUAK1,0.0,189,0.0,780,0.0,256,2.328640102940187,0.9538451187512614,0.7899272416250875,0.7911617961511047,0.8725034410549892,0.7871621621621622,0.12162162162162163,0.7117117117117117,0.5401651651651651,0.7063343031100772
ITGB4,0.0,602,0.0,660,0.0,132,4.689003999865436,0.9655352216914485,1.2334420194820614,0.9059158945117605,0.9357255581015874,0.32207207207207206,0.25675675675675674,0.8513513513513513,0.4767267267267267,0.706226142414157
TGFBR1,0.0,292,0.0,418,0.0,437,2.7621163358675904,0.9727343066675637,0.5268009265858886,0.7122832026609646,0.8424345474566816,0.6711711711711712,0.5292792792792793,0.5078828828828829,0.5694444444444445,0.705939495950563
USP41,0.0,311,0.0,372,0.0,332,3.908158225122788,0.8219067483011504,0.5664783297695415,0.7624138750296983,0.792159446575208,0.6497747747747747,0.581081081081081,0.6261261261261262,0.618993993993994,0.705576720284601
CEACAM6,0.0,656,0.0,651,0.0006445652,44,7.722300884747359,0.9680414451994886,2.4213085293418866,0.868377286766453,0.9182093659809624,0.26126126126126126,0.2668918918918919,0.9504504504504504,0.4928678678678679,0.7055386169244151
MFAP5,0.0,326,0.0,440,0.0,341,4.438089722801587,0.9469151584471507,1.0562759562841544,0.706343549536707,0.826524392189849,0.6328828828828829,0.5045045045045045,0.615990990990991,0.5844594594594595,0.7054919258246543
PARP9,0.0,191,0.0,781,0.0,258,2.0384134326851915,0.9491690775751868,0.7193831337609877,0.7952007602755998,0.8721848068047708,0.7849099099099099,0.1204954954954955,0.7094594594594594,0.5382882882882883,0.7052365475465296
SESTD1,0.0,228,0.0,768,0.0,240,2.5535823992464506,0.9714223238915428,0.5413922784509388,0.7764314564029462,0.873926199228399,0.7432432432432432,0.13513513513513514,0.7297297297297297,0.536036036036036,0.7049811176322175
CEMIP,0.0,618,0.00023183325950813194,126,0.0,613,4.825729166386328,0.9843066675637488,1.3872536231884056,0.8541221192682348,0.9192143934017161,0.30405405405405406,0.8581081081081081,0.3096846846846847,0.4906156156156157,0.7049150045086658
CD9,0.0,516,7.840196345786745e-05,244,0.0,554,2.972123037071924,0.9695720917715132,0.8055092325968145,0.8365407460204325,0.9030564181126151,0.4189189189189189,0.7252252252252253,0.3761261261261261,0.5067567567567568,0.7049065874346859
BTN3A2,0.0,320,0.0,408,0.0,361,2.0666653804750053,0.9355951019309695,0.5616323972440007,0.7011166547873604,0.818260134646692,0.6396396396396397,0.5405405405405406,0.5934684684684685,0.5912162162162162,0.7047381754314541
KRT16,0.0,526,9.277310924369746e-05,224,0.0,564,7.143704534750723,0.9469824396151518,0.804555138987884,0.8581610833927298,0.9025717614378436,0.40765765765765766,0.7477477477477478,0.36486486486486486,0.5067567567567568,0.7046642590973002
RASAL2,0.0,211,0.0,776,0.0,249,1.8124631972011032,0.9241404830787864,0.7435126467094326,0.8222855785222144,0.8732130285286878,0.7623873873873874,0.12612612612612611,0.7195945945945946,0.5360360360360361,0.7046245322823619
ADGRF4,0.0,210,0.0,777,0.0,250,7.264072993339164,0.9782850030276525,0.5044859111427891,0.7681159420289856,0.8732001468437325,0.7635135135135135,0.125,0.7184684684684685,0.5356606606606606,0.7044304037521966
BST2,0.0,229,0.0,769,0.0,241,4.287148496265894,0.9861568996837785,0.7636884224281308,0.761463530529817,0.8738089130327475,0.7421171171171171,0.134009009009009,0.7286036036036037,0.5349099099099099,0.7043594114713287
HIST1H4H,0.0,232,0.0,763,0.0,244,5.060838787593353,0.9451826683711229,0.6011183630315982,0.8018531717747683,0.873517643742366,0.7387387387387387,0.14076576576576577,0.7252252252252253,0.5349099099099099,0.704213776826138
NALCN,0.0,315,0.0,349,0.0,335,1.9066431171365137,0.8655385857498484,0.5422645093846521,0.7018294131622713,0.7834023243927926,0.6452702702702703,0.6069819819819819,0.6227477477477478,0.625,0.7042011621963963
CAPZB,0.0,209,0.0,778,0.0,251,3.055154554935073,0.9893359348718294,0.5801153623188409,0.7564742219054407,0.8729021689532103,0.7646396396396397,0.12387387387387387,0.7173423423423423,0.5352852852852853,0.7040937271192478
BTN3A3,0.0,328,0.0,442,0.0,344,2.272376374217856,0.9480757585951692,0.5000665502494668,0.7032549299120932,0.8255970003546101,0.6306306306306306,0.5022522522522522,0.6126126126126126,0.5818318318318317,0.7037144160932209
TNFRSF21,0.0,230,0.0,770,0.0,242,4.028530491825338,0.9855850097557693,0.5730635614160144,0.7617011166547875,0.8736411853565831,0.740990990990991,0.13288288288288289,0.7274774774774775,0.5337837837837838,0.7037124845701834
TCN1,0.0,440,9.88549256687345e-06,293,0.0,448,6.569544715064254,0.9520958083832335,1.5903620123544782,0.7483962936564504,0.8502411722864652,0.5045045045045045,0.670045045045045,0.4954954954954955,0.5566816816816816,0.7034614269840734
MRC1,0.0,318,0.0,415,0.0,362,3.29407605126825,0.9244096077507905,0.9474308861962459,0.7108576859111428,0.8175430062357575,0.6418918918918919,0.5326576576576577,0.5923423423423423,0.588963963963964,0.7032534850998607
FGD6,0.0,525,8.708016423234838e-05,235,0.0,562,2.17902798560183,0.9401870416470429,1.1817746400570215,0.8650510810168687,0.9026190613309977,0.40878378378378377,0.7353603603603603,0.36711711711711714,0.5037537537537538,0.7031864075423757
LRRC15,0.0,231,0.0,771,0.0,243,8.501790392249209,0.9836338558837381,0.7065019957234497,0.7636018056545498,0.8736172508295876,0.7398648648648649,0.13175675675675674,0.7263513513513513,0.5326576576576577,0.7031374542436226
DUOX2,0.0,329,0.0,443,0.0,345,7.070785521092647,0.9508679270672139,1.0310929603231163,0.7018294131622713,0.8254729898978058,0.6295045045045045,0.5011261261261262,0.6114864864864865,0.5807057057057058,0.7030893478017558
AIM1,0.0,330,0.0,444,0.0,346,2.303725523111081,0.9302126084908835,0.5386851603706342,0.7208363031598954,0.8254358774804065,0.6283783783783784,0.5,0.6103603603603603,0.5795795795795796,0.702507728529993
TFF2,0.0,337,0.0,432,0.0,342,7.521178988091233,0.9381349660230102,0.9268005844618692,0.7046804466619149,0.8213277784954519,0.6204954954954955,0.5135135135135135,0.6148648648648649,0.5829579579579579,0.7021428682267049
TANC2,0.0,233,0.0,772,0.0,245,2.3348835867590667,0.9589248469353427,0.7442615965787613,0.7880731765264908,0.8734989564393623,0.7376126126126126,0.13063063063063063,0.7240990990990991,0.5307807807807808,0.7021398686100715
LRRC8A,0.0,503,0.00011402757433540774,205,0.0,639,2.877465249276727,0.9832638094597321,0.5792070301734382,0.8365407460204324,0.9099022775399637,0.43355855855855857,0.7691441441441441,0.28040540540540543,0.49436936936936937,0.7021358234546665
OAS1,0.0,652,0.00036727203821610945,99,0.0,620,5.021170345825203,0.991808517795869,1.0038301354240904,0.8453314326443335,0.918569975152349,0.26576576576576577,0.8885135135135135,0.30180180180180183,0.4853603603603604,0.7019651677563546
MACC1,0.0,331,0.0,445,0.0,347,2.3221117742044,0.9199017694947185,0.8383746471846036,0.7310525065336184,0.8253860499179801,0.6272522522522522,0.4988738738738739,0.6092342342342343,0.5784534534534534,0.7019197516857167
LMO7,0.0,619,0.0001658669794901874,158,0.0,588,2.8534591805153746,0.9778308551436453,1.1695831907816565,0.853646947018294,0.9157389010585375,0.30292792792792794,0.8220720720720721,0.33783783783783783,0.4876126126126126,0.701675756835575
FAP,0.0,234,0.0,774,0.0,246,4.240519619188589,0.9605227746753684,1.612688954621051,0.7864100736516988,0.8734663888180643,0.7364864864864865,0.12837837837837837,0.722972972972973,0.5292792792792793,0.7013728340486718
ARHGAP11A,0.0,334,0.0,435,0.0,350,1.8284873074076564,0.9200699724147211,0.5052684343074367,0.7251128534093609,0.8224748894053917,0.6238738738738738,0.5101351351351351,0.6058558558558559,0.579954954954955,0.7012149221801733
TFRC,0.0,335,0.0,434,0.0,351,1.8524954921617445,0.9435511000470967,0.561765369446424,0.7020669992872417,0.8224549204528548,0.6227477477477478,0.5112612612612613,0.6047297297297297,0.5795795795795796,0.7010172500162173
KLF5,0.0,235,0.0,775,0.0,247,4.13770403687008,0.9588743860593419,0.5789218389166066,0.7878355904015205,0.8733549568198999,0.7353603603603603,0.12725225225225226,0.7218468468468469,0.5281531531531531,0.7007540549865265
ISM1,0.0,336,0.0,433,0.0,352,2.6124427033573308,0.898001749310368,0.5766185531004986,0.7457828462817772,0.8218881312578009,0.6216216216216216,0.5123873873873874,0.6036036036036037,0.5792042042042042,0.7005461677310025
DUSP10,0.0,300,0.0,469,0.0,319,1.6100519511538716,0.8904830787862477,0.5580499168448565,0.7265383701591827,0.8085018183020242,0.6621621621621622,0.47184684684684686,0.6407657657657657,0.5915915915915916,0.7000467049468079
DENND3,0.0,338,0.0,431,0.0,353,1.624282944223911,0.9088171970665411,0.5629675694939422,0.7336659539082917,0.8212377599176189,0.6193693693693694,0.5146396396396397,0.6024774774774775,0.5788288288288288,0.7000332943732239
LPCAT4,0.0,624,0.00017054615216033638,155,0.0,595,2.9989557222633385,0.9763506694476215,0.5654173152767861,0.8543597053932049,0.915355187360251,0.2972972972972973,0.8254504504504504,0.32995495495495497,0.48423423423423423,0.6997947107972426
SRGAP2D,0.0,299,0.0,482,0.0,318,4.662336052613874,0.8506526273296103,0.7129811617961499,0.7674031836540746,0.8090267532104786,0.6632882882882883,0.4572072072072072,0.6418918918918919,0.5874624624624625,0.6982446078364706
PLOD2,0.0,301,0.0,476,0.0,320,1.7869974803202582,0.8839736257821436,0.615793544784986,0.7312900926585887,0.8075815157990849,0.661036036036036,0.46396396396396394,0.6396396396396397,0.5882132132132133,0.697897364506149
CDCA7,0.0,344,0.0,407,0.0,438,3.6883079930027582,0.9364192962389827,0.5250957757186963,0.7474459491565693,0.8418619289926316,0.6126126126126126,0.5416666666666666,0.5067567567567568,0.5536786786786786,0.6977703038356551
SLC16A3,0.0,645,0.0002270437082197453,139,0.0,614,5.53551100047097,0.9916571351678665,0.8064416821097655,0.8467569493941554,0.9192070422676991,0.27364864864864863,0.8434684684684685,0.30855855855855857,0.4752252252252252,0.6972161337464622
KIF23,0.0,523,5.740115694716587e-05,272,0.0,561,3.5731127127766933,0.977376707259638,0.8984820836303151,0.8282252316464719,0.9028009640125348,0.41103603603603606,0.6936936936936937,0.36824324324324326,0.490990990990991,0.6968959775017629
LY75-CD302,0.0,302,0.0,473,0.0,321,4.3874276962928045,0.8559510193096952,0.5420829674507006,0.7538607745307674,0.8049018038800675,0.6599099099099099,0.46734234234234234,0.6385135135135135,0.5885885885885886,0.6967451962343281
PDPN,0.0,348,0.0,477,0.0,409,3.6073191717688218,0.9544506492632713,0.6795012544547374,0.7578997386552625,0.856170992563612,0.6081081081081081,0.46283783783783783,0.5394144144144144,0.5367867867867868,0.6964788896751994
DNAJC13,0.0,172,0.0,729,0.0,395,1.6900645731009898,0.961750655991388,0.5044061962461388,0.7971014492753624,0.8794256550155058,0.8063063063063063,0.17905405405405406,0.5551801801801802,0.5135135135135135,0.6964695842645097
FAM83D,0.0,492,9.3167701863354e-05,222,0.0,668,5.538229805557425,0.9857532126757721,0.874063157519601,0.8372535043953433,0.9115033385657156,0.44594594594594594,0.75,0.24774774774774774,0.48123123123123124,0.6963672848984734
FXYD3,0.0,640,0.0004623506473792805,84,0.0,663,4.841785712843975,0.9786382291596583,1.324048503207413,0.8477072938940367,0.9131727615202684,0.27927927927927926,0.9054054054054054,0.2533783783783784,0.4793543543543543,0.6962635579373113
NHS,0.0,606,0.0,664,0.0,168,3.5348118751261524,0.9734239386395748,0.5649131052506533,0.8911855547636018,0.9323047467015827,0.31756756756756754,0.25225225225225223,0.8108108108108109,0.4602102102102102,0.6962574784558965
SLCO1B3,0.0,316,0.0,361,0.0,337,4.930649226266567,0.8409977797214558,0.9260434687574244,0.7046804466619149,0.7728160714141584,0.6441441441441441,0.5934684684684685,0.6204954954954955,0.6193693693693694,0.696092720391764
PLXNA1,0.0,357,0.0,485,0.0,392,1.7636225122788132,0.922122048038754,0.5442308101686866,0.7880731765264908,0.8550974984460052,0.597972972972973,0.45382882882882886,0.5585585585585585,0.5367867867867867,0.695942142616396
TMEM45B,0.0,781,0.009680027520118388,31,0.0,549,5.602723635874319,0.9852149633317634,1.1203782252316463,0.8187217866476598,0.9019682774741272,0.1204954954954955,0.9650900900900901,0.38175675675675674,0.48911411411411415,0.6955411957941207
RAPH1,0.0,350,0.0,479,0.0,411,2.345613580703761,0.9592948933593487,0.5806875457353273,0.7526728439059158,0.8559794664743221,0.6058558558558559,0.4605855855855856,0.5371621621621622,0.5345345345345346,0.6952570005044283
F5,0.0,359,0.0,488,0.0,391,4.71020193433358,0.9625243894234004,0.8043156236635784,0.7474459491565693,0.8549715456091297,0.5957207207207207,0.45045045045045046,0.5596846846846847,0.5352852852852853,0.6951284154472075
OSBPL3,0.0,518,1.3838566827697574e-05,292,0.0,556,3.0891322848684655,0.9534918926192558,1.1600129080541697,0.8524590163934427,0.9029754544867924,0.4166666666666667,0.6711711711711712,0.3738738738738739,0.4872372372372373,0.6951063458620148
SLC20A1,0.0,345,0.0,425,0.0,436,1.918974238040772,0.8939480589383032,0.766329607982895,0.7918745545260157,0.8429112765757739,0.6114864864864865,0.5213963963963963,0.509009009009009,0.5472972972972973,0.6951042869365356
PLBD1,0.0,352,0.0,480,0.0,413,2.676030263069367,0.9310536230908969,0.5221267545735335,0.7804704205274412,0.8557608338741481,0.6036036036036037,0.4594594594594595,0.5349099099099099,0.5326576576576577,0.6942092457659029
CP,0.0,342,0.0,448,0.0,359,3.753040254322815,0.8799872165780799,1.6682183654074612,0.7593252554050843,0.8196545021561925,0.6148648648648649,0.4954954954954955,0.5957207207207207,0.5686936936936937,0.6941740979249431
TRANK1,0.0,358,0.0,506,0.0,380,2.469221260849088,0.9606068761353697,0.6831189427417437,0.749584224281302,0.8550904120614262,0.5968468468468469,0.43018018018018017,0.5720720720720721,0.533033033033033,0.6940617225472296
ANLN,0.0,664,0.00015187855375769666,166,0.0,580,5.4294164401534015,0.9854672677117675,1.4650795414587785,0.8488952245188881,0.9171812460368164,0.25225225225225223,0.8130630630630631,0.34684684684684686,0.4707207207207207,0.6939509833787685
PDLIM3,0.0,339,0.0,458,0.0,356,2.6445854100787183,0.9276391038148422,0.6560982489902596,0.7137087194107864,0.8205896645128231,0.6182432432432432,0.48423423423423423,0.5990990990990991,0.5671921921921922,0.6938909283525077
S100P,0.0,649,0.00019260308774672678,149,0.0,617,10.190372000941935,0.9730370719235686,0.9755156094084105,0.864575908766928,0.918806490344001,0.26914414414414417,0.8322072072072072,0.30518018018018017,0.4688438438438438,0.6938251670939224
MUC17,0.0,386,0.0,503,0.0,367,8.817488000403685,0.9308181390028931,1.303507802328344,0.7868852459016393,0.8588502378339332,0.5653153153153153,0.43355855855855857,0.5867117117117117,0.5285285285285285,0.6936893831812309
PRKCI,0.0,562,0.00011592283379970421,183,0.0,656,2.354031403485164,0.9755601157236091,0.7256816868614866,0.8496079828937991,0.9125840491845048,0.36711711711711714,0.793918918918919,0.26126126126126126,0.47409909909909914,0.693341574141802
EPPK1,0.0,354,0.0,483,0.0,415,2.901062669043934,0.9285305792908564,0.5128073057733413,0.7826086956521738,0.8555694820434085,0.6013513513513513,0.4560810810810811,0.5326576576576577,0.53003003003003,0.6927997560367193
CST2,0.0,671,0.00022141388149214388,145,0.0,563,9.29154367557021,0.9799502119356792,1.0435439059158949,0.8241862675219768,0.9020682392517217,0.24436936936936937,0.8367117117117117,0.36599099099099097,0.4823573573573574,0.6922127983045396
LPP,0.0,355,0.0,484,0.0,416,2.1456323622418085,0.9471170019511539,0.5533008695652173,0.7636018056545496,0.8553569796167835,0.6002252252252253,0.45495495495495497,0.5315315315315315,0.5289039039039038,0.6921304417603437
EGLN3,0.0,629,0.0001159171466548516,185,0.0,600,4.154983832335329,0.9774608087196395,1.3873387835590405,0.8524590163934427,0.9149599125499491,0.2916666666666667,0.7916666666666666,0.32432432432432434,0.4692192192192192,0.6920895658845841
STK38L,0.0,393,0.0,471,0.0,400,2.3572025062235076,0.9695552714795129,0.5692261392254716,0.7464956046566881,0.8580205092444796,0.5574324324324325,0.46959459459459457,0.5495495495495496,0.5255255255255254,0.6917730173850025
KNTC1,0.0,340,0.0,465,0.0,357,1.152938074412972,0.8421079189934737,0.558157875980041,0.7973390354003327,0.8197234529353975,0.6171171171171171,0.47635135135135137,0.597972972972973,0.5638138138138139,0.6917686333746057
FCGR3B,0.0,317,0.0,468,0.0,364,3.475989379667631,0.8849492027181594,0.9150871109527214,0.7438821572820148,0.814411436839548,0.6430180180180181,0.47297297297297297,0.5900900900900901,0.5686936936936937,0.6915525652666208
UBASH3B,0.0,390,0.0,478,0.0,398,3.7384615790890128,0.9690338424275046,0.5657570491803279,0.7474459491565693,0.8582241033330187,0.5608108108108109,0.4617117117117117,0.5518018018018018,0.5247747747747747,0.6914994390538967
SP140L,0.0,394,0.0,472,0.0,401,2.110228419565364,0.9352586960909642,0.5899578474697069,0.7807080066524116,0.8579826691948073,0.5563063063063063,0.46846846846846846,0.5484234234234234,0.5243993993993995,0.6911910342971034
B3GNT3,0.0,481,2.8519619480602583e-05,279,0.0,645,5.352081605328668,0.9840711834757452,0.7000509360893323,0.8351152292706105,0.9095932062587947,0.4583333333333333,0.6858108108108109,0.27364864864864863,0.4725975975975976,0.6910954019281962
GLRX,0.0,362,0.0,528,0.0,371,3.111454383368095,0.9843234878557492,0.6016876977904486,0.7253504395343312,0.8544354661747092,0.5923423423423423,0.40540540540540543,0.5822072072072072,0.5266516516516516,0.6905435589131804
COL10A1,0.0,572,9.316770186335403e-05,221,0.0,652,9.674559843234878,0.9776458319316422,1.4233047636018057,0.869327631266334,0.9234867315988627,0.35585585585585583,0.7511261261261262,0.26576576576576577,0.45758258258258255,0.6905346570907227
LUM,0.0,395,0.0,474,0.0,402,5.068747860458858,0.9761151853596178,0.9261459847944851,0.7398431931575196,0.8579743061417618,0.5551801801801802,0.46621621621621623,0.5472972972972973,0.5228978978978979,0.6904361020198299
DFNA5,0.0,389,0.0,487,0.0,397,2.878888256072125,0.9579156294153268,0.6427818151579947,0.7588500831551437,0.8583740107979283,0.5619369369369369,0.45157657657657657,0.5529279279279279,0.5221471471471472,0.6902605789725378
PPFIA2,0.0,410,0.0,410,0.0,421,3.377491468747897,0.9273531588508377,0.5955054193395108,0.7652649085293418,0.8463087835455299,0.5382882882882883,0.5382882882882883,0.5259009009009009,0.5341591591591591,0.6902339713523444
ARRDC3,0.0,298,0.0,533,0.0,317,1.8785169144856364,0.8845455157101528,0.5372148325017818,0.7369921596578761,0.8107471403669801,0.6644144144144144,0.3997747747747748,0.6430180180180181,0.5690690690690691,0.6899081047180247
ERV3-1,0.0,304,0.0,504,0.0,323,1.3723402543228151,0.8680111686738883,0.5894864480874311,0.7403183654074601,0.8041502924690496,0.6576576576576577,0.43243243243243246,0.6362612612612613,0.5754504504504504,0.68980037145975
S100A2,0.0,396,0.0,475,0.0,403,6.193504615488125,0.9715232456435443,0.5736943121881679,0.7445949156569256,0.8577108106632725,0.5540540540540541,0.4650900900900901,0.5461711711711712,0.5217717717717718,0.6897412912175221
C1orf116,0.0,363,0.0,530,0.0,372,2.755723830989705,0.9723642602435579,0.5467360893323829,0.7362794012829652,0.8542982842592188,0.5912162162162162,0.40315315315315314,0.581081081081081,0.5251501501501501,0.6897242172046845
DSG3,0.0,295,0.0,522,0.0,340,4.574161558904663,0.8806768485500908,1.042874725588026,0.7464956046566881,0.8135739553107154,0.6677927927927928,0.41216216216216217,0.6171171171171171,0.5656906906906908,0.6896323230007031
CD80,0.0,391,0.0,486,0.0,399,2.893447712440288,0.9250992397228017,0.5472848657638387,0.7911617961511048,0.8581304731118591,0.5596846846846847,0.4527027027027027,0.5506756756756757,0.521021021021021,0.6895757470664401
SKAP2,0.0,811,0.009541422333769594,45,0.0,537,3.6066204736594223,0.9846598936957545,0.8661472582561158,0.8191969588976005,0.901928414575578,0.08671171171171171,0.9493243243243243,0.3952702702702703,0.4771021021021021,0.6895152583388401
TFPI,0.0,332,0.0,507,0.0,348,2.7714470160801987,0.9362847339029805,0.5926854003326216,0.7120456165359943,0.8240387168170381,0.6261261261261262,0.42905405405405406,0.6081081081081081,0.5544294294294294,0.6892340731232338
FBN1,0.0,412,0.0,411,0.0,423,4.2643094159994615,0.9739958285675839,1.1920487669280089,0.7177476835352816,0.8458623019636027,0.536036036036036,0.5371621621621622,0.5236486486486487,0.5322822822822822,0.6890722921229424
RECQL,0.0,364,0.0,531,0.0,373,2.045290705106641,0.9489167731951826,0.5680894820622484,0.7593252554050843,0.8541191477067753,0.5900900900900901,0.40202702702702703,0.579954954954955,0.524024024024024,0.6890715858653997
TUBA1C,0.0,388,0.0,498,0.0,396,3.2701146201978073,0.9701608019915225,0.5767232596816338,0.7469707769066286,0.8585505937495056,0.5630630630630631,0.4391891891891892,0.5540540540540541,0.5187687687687688,0.6886596812591372
TMC7,0.0,610,0.0,666,0.0,199,4.302616726098364,0.9722296979075558,1.1375053599429785,0.8890472796388691,0.9306384887731955,0.3130630630630631,0.25,0.7759009009009009,0.4463213213213213,0.6884799050472584
TNFSF4,0.0,563,5.814737409829434e-05,263,0.0,573,3.4580312150978942,0.96812554665949,0.6477282608695654,0.8360655737704918,0.9020955600716369,0.36599099099099097,0.7038288288288288,0.3547297297297297,0.4748498498498499,0.6884727049607434
IRF6,0.0,365,0.0,532,0.0,374,2.2103964509183878,0.9647278476754355,0.6306501377999512,0.7429318127821335,0.853755111716609,0.588963963963964,0.4009009009009009,0.5788288288288288,0.5228978978978979,0.6883265048072534
ADAM12,0.0,414,0.0,413,0.0,424,6.4420776660162815,0.9798492901836775,0.902271855547637,0.7120456165359944,0.8458036020870807,0.5337837837837838,0.5349099099099099,0.5225225225225225,0.5304054054054054,0.688104503746243
S100A4,0.0,416,0.0,409,0.0,426,4.442569851308618,0.9796138060956738,0.5319141862675218,0.7101449275362319,0.8448176873884482,0.5315315315315315,0.5394144144144144,0.5202702702702703,0.5304054054054054,0.6876115463969268
GXYLT2,0.0,294,0.0,523,0.0,354,2.2560008342864832,0.9242750454147884,0.6655721715371836,0.7049180327868854,0.8142405638532464,0.668918918918919,0.41103603603603606,0.6013513513513513,0.5604354354354354,0.687337999644341
KRT19,0.0,573,6.465064210675484e-05,256,0.0,633,6.2655638935611915,0.9768552782076296,1.825134516512235,0.869327631266334,0.9230914547367604,0.3547297297297297,0.7117117117117117,0.28716216216216217,0.4512012012012012,0.6871463279689808
LCN2,0.0,367,0.0,534,0.0,376,5.819125344815987,0.946746955527148,1.121419857448326,0.7605131860299359,0.8536256037223545,0.5867117117117117,0.39864864864864863,0.5765765765765766,0.5206456456456455,0.687135624684
LAD1,0.0,415,0.0,416,0.0,425,2.7607435073672875,0.9388414182870215,0.6550329579472551,0.7517224994060346,0.8452588781458843,0.5326576576576577,0.5315315315315315,0.5213963963963963,0.5285285285285285,0.6868937033372065
ITGBL1,0.0,368,0.0,535,0.0,377,4.715615821166655,0.9641559577474266,0.8649435091470652,0.7429318127821336,0.8535381878233473,0.5855855855855856,0.3975225225225225,0.5754504504504504,0.5195195195195196,0.6865288536714335
TRIM16L,0.0,369,0.0,536,0.0,378,1.0537080838323356,0.8532765928816525,0.6994110643858402,0.8536469470182941,0.853461769939591,0.5844594594594594,0.3963963963963964,0.5743243243243243,0.5183933933933934,0.6859275816664923
CRABP2,0.0,417,0.0,417,0.0,427,5.740639181188185,0.9824564354437194,0.5564904252791623,0.7072938940365883,0.8448075092128038,0.5304054054054054,0.5304054054054054,0.5191441441441441,0.5266516516516516,0.6857295804322276
INSIG2,0.0,400,0.0,424,0.0,435,1.3897965753885493,0.9269494718428312,0.5845207483962929,0.759800427655025,0.8433742829841755,0.5495495495495496,0.5225225225225225,0.5101351351351351,0.5274024024024024,0.685388342693289
TRIO,0.0,421,0.0,421,0.0,420,1.49432117338357,0.9169077575186706,0.6383492325968154,0.7714421477785697,0.8441738806794266,0.5259009009009009,0.5259009009009009,0.527027027027027,0.5262762762762763,0.6852250784778514
THY1,0.0,418,0.0,419,0.0,428,5.051781252102537,0.9854336271277669,0.7120760394392986,0.7042052744119743,0.8447272465977372,0.5292792792792793,0.5281531531531531,0.5180180180180181,0.5251501501501502,0.6849386983739437
FRMD6,0.0,171,0.0,720,0.0,471,3.1506335127497813,0.9571755365673148,0.8949012544547399,0.8018531717747683,0.8795143198053611,0.8074324324324325,0.1891891891891892,0.46959459459459457,0.48873873873873874,0.68412652927205
ZNF217,0.0,373,0.0,537,0.0,381,2.013243927874588,0.9382695283590123,0.5931210976478969,0.7674031836540747,0.852835117261295,0.579954954954955,0.3952702702702703,0.5709459459459459,0.5153903903903904,0.6841127538258427
EPSTI1,0.0,830,0.009546768260641093,41,0.0,545,4.851975425553388,0.9898910045078383,0.9502394202898552,0.8092183416488476,0.8995546702657334,0.06531531531531531,0.9538288288288288,0.38626126126126126,0.4684684684684684,0.684011569367101
LIF,0.0,420,0.0,420,0.0,430,4.603734831460674,0.9607918993473726,0.7346996436208122,0.7277263007840342,0.8442035429980758,0.527027027027027,0.527027027027027,0.5157657657657657,0.5232732732732732,0.6837384081356745
BPNT1,0.0,678,0.03804258878186472,3,0.0,709,2.9939186436116527,0.9916066742918658,0.5199483772867666,0.7845093846519362,0.8880541061176946,0.23648648648648649,0.9966216216216216,0.20157657657657657,0.47822822822822825,0.6831411671729615
GLT8D2,0.0,422,0.0,422,0.0,431,3.6792723070712503,0.9753582722196057,0.6304993442622946,0.7132335471608459,0.8441070370664486,0.5247747747747747,0.5247747747747747,0.5146396396396397,0.5213963963963963,0.6827517167314225
LAMC2,0.0,746,0.009402551044518483,49,0.0,747,6.839174476888919,0.9764515911996231,2.6461097885483476,0.9092421002613447,0.9428468457304838,0.15990990990990991,0.9448198198198198,0.15878378378378377,0.42117117117117114,0.6820090084508275
TSPAN15,0.0,173,0.0,731,0.0,469,3.563311794388751,0.9801352351476822,0.6248909432169167,0.7778569731527678,0.8789957644971527,0.8051801801801802,0.1768018018018018,0.47184684684684686,0.4846096096096096,0.6818026870533811
DIO2,0.0,452,0.00011592060810810822,184,0.0,743,4.4232657202449035,0.9734743995155756,0.6084577643145646,0.7875980042765504,0.8805361261574874,0.49099099099099097,0.7927927927927928,0.16328828828828829,0.48235735735735735,0.6814467417574224
SERPINB9,0.0,398,0.0,529,0.0,379,3.304794735248604,0.9759806230236157,0.728619014017581,0.7301021620337372,0.8530297227225447,0.5518018018018018,0.40427927927927926,0.5731981981981982,0.5097597597597597,0.6813947412411523
FAS,0.0,424,0.0,423,0.0,434,2.5548592612527754,0.9679237031554867,0.5033692634830134,0.7194107864100735,0.8436254906427186,0.5225225225225225,0.5236486486486487,0.5112612612612613,0.5191441441441441,0.6813848173934314
CEP55,0.0,823,0.0005034433838724465,82,0.0,536,6.845627366615085,0.9911357061158581,0.7483175100974107,0.809455927773818,0.9002957259666228,0.0731981981981982,0.9076576576576577,0.3963963963963964,0.45908408408408413,0.6796899050253534
NDC80,0.0,832,0.008884529912963065,65,0.0,547,5.38584594294557,0.993675570207899,0.5874276930387268,0.8049417913993823,0.8993085191356163,0.06306306306306306,0.9268018018018018,0.38400900900900903,0.45795795795795796,0.6786332385467871
MIR4435-2HG,0.0,399,0.0,539,0.0,382,3.7865211935679204,0.988444459395815,0.6679905725825614,0.7167973390354002,0.8525647918938687,0.5506756756756757,0.393018018018018,0.5698198198198198,0.5045045045045046,0.6785346481991866
HMCN1,0.0,408,0.0,467,0.0,432,3.9005321334858376,0.9583024961313329,0.8783082988833444,0.7348538845331432,0.846562075936243,0.5405405405405406,0.4740990990990991,0.5135135135135135,0.5093843843843845,0.6779732301603137
CARD11,0.0,633,0.00011526873302254964,199,0.0,655,5.2412184821368495,0.9866446881517862,0.6847894511760519,0.8415300546448088,0.914087371309737,0.28716216216216217,0.7759009009009009,0.26238738738738737,0.44181681681681684,0.6779520940632769
RAD21,0.0,789,0.0,613,0.0006277342,46,2.3715047063177024,0.9808248671196932,0.5489200000000007,0.8156331670230459,0.8982290012539413,0.11148648648648649,0.3096846846846847,0.9481981981981982,0.45645645645645644,0.6773427288551989
GPRC5A,0.0,824,0.000439581794031853,93,0.0,538,6.639599569400525,0.9585716208033372,1.0094265930149682,0.8420052268947493,0.9002884238093367,0.07207207207207207,0.8952702702702703,0.39414414414414417,0.45382882882882886,0.6770586263190828
NCF2,0.0,409,0.0,466,0.0,443,3.769777087398237,0.9551066406512817,0.7260990021382758,0.7377049180327868,0.846387086137597,0.5394144144144144,0.4752252252252252,0.5011261261261262,0.5052552552552553,0.6758211706964261
SEC14L2,0.0,647,5.729333475677023e-05,275,0.0,604,3.7454586321738548,0.9941969992599071,0.6001732074126869,0.8439059158945118,0.9190514572864419,0.2713963963963964,0.6903153153153153,0.31981981981981983,0.42717717717717724,0.6731143172318096
SHROOM3,0.0,427,0.0,540,0.0,383,3.292753212675772,0.9824900760277199,0.572693083867903,0.7224994060346877,0.8524653291119657,0.5191441441441441,0.3918918918918919,0.5686936936936937,0.49324324324324326,0.6728542861776045
IGFBP7,0.0,431,0.0,542,0.0,387,3.1568578416201314,0.9719101123595506,0.5730670800665258,0.7327156094084105,0.8523040312260652,0.5146396396396397,0.38963963963963966,0.5641891891891891,0.4894894894894895,0.6708967603577773
CDK1,0.0,701,0.009436992598361966,46,0.0,712,5.157420998452533,0.9939446948799031,0.6671180470420524,0.7830838679021146,0.8885117325925328,0.21058558558558557,0.9481981981981982,0.1981981981981982,0.45232732732732733,0.67041952995993
TNFRSF11B,0.0,432,0.0,543,0.0,388,4.283438188790957,0.9619693197873915,0.5151139106676186,0.7424566405321928,0.8522057508184072,0.5135135135135135,0.3885135135135135,0.5630630630630631,0.48836336336336333,0.6702845570908853
HSPG2,0.0,433,0.0,544,0.0,389,2.816832194038889,0.9685124133754962,0.5901334449988109,0.7358042290330244,0.8521520467581325,0.5123873873873874,0.38738738738738737,0.5619369369369369,0.4872372372372373,0.6696946419976849
PLA2G16,0.0,675,0.000678194256725749,73,0.0,717,3.0838068492229023,0.9834824732557357,0.5186559277738176,0.7928248990258969,0.8881534607517988,0.23986486486486486,0.9177927927927928,0.19256756756756757,0.45007507507507505,0.669114267913437
HLA-DQB2,0.0,434,0.0,545,0.0,390,6.604890668101997,0.9891677319518267,0.6130153825136597,0.7146590639106676,0.8518729542353148,0.5112612612612613,0.38626126126126126,0.5608108108108109,0.48611111111111116,0.668992032673213
FOXL1,0.0,758,0.028173815134116688,10,0.0,693,7.549802613873378,0.9930868599878893,0.5104144880019001,0.7783321454027085,0.8857092766932134,0.1463963963963964,0.9887387387387387,0.2195945945945946,0.4515765765765765,0.668642926634895
MYH9,0.0,407,0.0,508,0.0,444,1.9812194947184292,0.9495727645831931,0.5153702851033497,0.7436445711570445,0.8465878264070503,0.5416666666666666,0.42792792792792794,0.5,0.48986486486486486,0.6682263456359576
WDR1,0.0,756,0.017972044627920788,20,0.0,691,2.7788564085312517,0.9867119693197874,0.5325775789973877,0.7854597291518176,0.8860846562653827,0.14864864864864866,0.9774774774774775,0.22184684684684686,0.44932432432432434,0.6677044902948535
XPO1,0.0,435,0.0,527,0.0,417,1.141412968445131,0.887623629146202,0.6014995105725855,0.8158707531480163,0.851747165578989,0.5101351351351351,0.40653153153153154,0.5304054054054054,0.48235735735735735,0.6670522614681732
CD55,0.0,634,6.63396940160863e-05,255,0.0,657,4.359248977326246,0.9848280966157572,0.8803673984319325,0.843193157519601,0.914010626936111,0.28603603603603606,0.7128378378378378,0.26013513513513514,0.4196696696696696,0.6668401483028903
ANXA3,0.0,437,0.0,526,0.0,418,2.540515239184552,0.9277063849828433,0.9217950510810162,0.774768353528154,0.8512370517626668,0.5078828828828829,0.40765765765765766,0.5292792792792793,0.48160660660660665,0.6664218291846368
ANXA2,0.0,637,5.8645542938736665e-05,257,0.0,660,3.898516773195184,0.9787727914956603,0.7341835804229024,0.8486576383939178,0.9137152148778759,0.28265765765765766,0.7105855855855856,0.25675675675675674,0.4166666666666667,0.6651909407722713
MSL3P1,0.0,401,0.0,520,0.0,463,3.609591034784364,0.9395983314270336,0.5834949893086243,0.7569493941553813,0.8482682533242766,0.5484234234234234,0.4144144144144144,0.4786036036036036,0.4804804804804805,0.6643743669023785
ECM1,0.0,816,0.00011595079653155878,182,0.0,529,4.932942878288367,0.9865942272757856,0.6543867284390599,0.8163459253979567,0.9014700746330652,0.08108108108108109,0.795045045045045,0.40427927927927926,0.42680180180180183,0.6641359382174334
XKR9,0.0,438,0.0,510,0.0,445,4.190510590055844,0.9445603175671129,0.5810775196008544,0.7578997386552625,0.8511495290047719,0.5067567567567568,0.42567567567567566,0.4988738738738739,0.4771021021021021,0.664125815553437
SQLE,0.0,476,0.0,572,0.0,499,3.2654175435645567,0.9859045953037745,0.9782975267284382,0.8287004038964124,0.907302498362238,0.46396396396396394,0.35585585585585583,0.4380630630630631,0.41929429429429427,0.6632983963282661
PLXDC2,0.0,406,0.0,525,0.0,458,4.1312500000000005,0.9761151853596177,0.8279725920646239,0.7177476835352816,0.8469054865285376,0.5427927927927928,0.40878378378378377,0.48423423423423423,0.4786036036036036,0.6627545450660706
KIF14,0.0,827,0.00015332482277426504,162,0.0,542,5.481003693736124,0.9801688757316827,0.6230120527441203,0.8191969588976005,0.8996824460592371,0.0686936936936937,0.8175675675675675,0.38963963963963966,0.42530030030030036,0.6624913731797687
BHLHE41,0.0,699,0.00044807378847546217,89,0.0,714,2.9870117674762833,0.9743995155755903,0.6870553789498688,0.802328344024709,0.8883639029724937,0.21283783783783783,0.8997747747747747,0.19594594594594594,0.4361861861861862,0.6622750445793399
PELI1,0.0,441,0.0,511,0.0,449,2.3473619895041375,0.9669985870954719,0.5619747992397253,0.7334283677833214,0.8501614909612326,0.5033783783783784,0.42454954954954954,0.49436936936936937,0.47409909909909914,0.6621302950301658
IGF2BP2,0.0,442,0.0,512,0.0,450,2.1714758393325715,0.916756374890668,0.6762206177239234,0.7835590401520551,0.850157624482271,0.5022522522522522,0.42342342342342343,0.49324324324324326,0.47297297297297297,0.6615652987276219
LTBP2,0.0,443,0.0,513,0.0,451,3.3715823555136915,0.9645428244634328,0.5783911499168433,0.7358042290330244,0.8501420982218589,0.5011261261261262,0.4222972972972973,0.49211711711711714,0.4718468468468469,0.660994472534353
YWHAZ,0.0,477,0.0,573,0.0,510,3.160261343604927,0.989436856623831,0.5303987954383445,0.8244238536469469,0.9069303464622982,0.46283783783783783,0.3547297297297297,0.42567567567567566,0.4144144144144144,0.6606723804383563
LRRN1,0.0,444,0.0,514,0.0,452,2.799190573908363,0.9184384040906951,1.0013465122356844,0.7816583511522928,0.850048297065707,0.5,0.42117117117117114,0.49099099099099097,0.47072072072072074,0.6603845088932139
MCM4,0.0,694,0.00023003356786138404,131,0.0,683,2.3107691213079455,0.9657875260714526,0.5262244689950109,0.8075552387740556,0.8866711973653327,0.21846846846846846,0.8524774774774775,0.23085585585585586,0.4339339339339339,0.6603025656496333
HTRA1,0.0,447,0.0,509,0.0,455,3.3527079728184086,0.9826078180717217,0.5063012972202428,0.7165597529104301,0.8495395879887488,0.4966216216216216,0.42680180180180183,0.48761261261261263,0.4703453453453454,0.6599424666670471
BCL2L1,0.0,478,0.0,574,0.0,512,2.7149177184955926,0.9883267173518132,0.7027311332858153,0.8253741981468283,0.9068504563614116,0.4617117117117117,0.3536036036036036,0.42342342342342343,0.41291291291291293,0.6598816846371622
ADAM17,0.0,445,0.0,515,0.0,453,2.279930303438068,0.9592444324833479,0.5059917011166535,0.7403183654074602,0.8497692421293754,0.4988738738738739,0.42004504504504503,0.48986486486486486,0.46959459459459457,0.659681918361985
HK2,0.0,479,0.0,575,0.0,513,4.496219958958488,0.9679741640314876,1.1644265027322396,0.8453314326443335,0.9066527982820971,0.4605855855855856,0.3524774774774775,0.4222972972972973,0.4117867867867868,0.659219792534442
IL1RAP,0.0,510,0.0,554,0.0,495,3.2245796743591475,0.9592107918993474,1.080105597529105,0.8477072938940367,0.9034590428568455,0.42567567567567566,0.3761261261261261,0.44256756756756754,0.4147897897897898,0.6591244163233176
B3GALT5,0.0,446,0.0,516,0.0,454,2.5629895478705507,0.926125277534818,0.6508524233784754,0.7733428367783322,0.8497334797203031,0.49774774774774777,0.4189189189189189,0.48873873873873874,0.4684684684684685,0.6591009740943858
MGLL,0.0,820,0.00011524873361222189,201,0.0,533,4.436892696629213,0.988444459395815,0.714215312425754,0.8130197196483726,0.9007320873427869,0.07657657657657657,0.7736486486486487,0.3997747747747748,0.4166666666666667,0.6586993770047268
PLS3,0.0,814,9.685352378385662e-05,217,0.0,527,2.9422902307744043,0.9788400726636614,0.7812248039914467,0.8246614397719173,0.9017507539521848,0.08333333333333333,0.7556306306306306,0.40653153153153154,0.41516516516516516,0.658457959558675
GSDMC,0.0,448,0.0,517,0.0,456,5.286438303168942,0.9614647110273835,0.5584694535519112,0.7377049180327869,0.8494896034400391,0.4954954954954955,0.4177927927927928,0.4864864864864865,0.46659159159159164,0.6580405975158153
ARHGAP26,0.0,451,0.0,519,0.0,459,2.9690167429186567,0.960876000807374,0.6425210073651701,0.7377049180327869,0.8492826674541957,0.49211711711711714,0.4155405405405405,0.4831081081081081,0.4635885885885886,0.6564356280213921
HDAC1,0.0,726,0.0003241930331755339,117,0.0,688,2.0955722397900827,0.980185696023683,0.5642397980517924,0.7925873129009267,0.8863864713487438,0.18243243243243243,0.8682432432432432,0.22522522522522523,0.42530030030030025,0.6558433858245221
SUGCT,0.0,683,0.00023014588908901534,130,0.0,725,4.688423709883604,0.9765020520756243,0.6060376977904487,0.7987645521501544,0.8876332975540321,0.23085585585585586,0.8536036036036037,0.18355855855855857,0.42267267267267267,0.6551529851133524
CFL1,0.0,535,0.0,553,0.0,493,3.58724077238781,0.9953575994079257,0.6054602779757685,0.8118317890235209,0.9035946782792132,0.3975225225225225,0.37725225225225223,0.44481981981981983,0.4065315315315315,0.6550631049053723
MCM6,0.0,766,0.00886037357256301,66,0.0,701,2.956104161340241,0.9934569064118952,0.558072934188643,0.7757186980280352,0.8845875565569139,0.1373873873873874,0.9256756756756757,0.21058558558558557,0.42454954954954954,0.6545685530532317
CDHR2,0.0,737,0.0,747,0.00074781984,42,6.94920761286416,0.979933391643679,0.6869931836540739,0.7835590401520551,0.8817109908116437,0.17004504504504506,0.15878378378378377,0.9527027027027027,0.4271771771771771,0.6544440839944105
ANTXR1,0.0,591,8.722106114744152e-05,231,0.0,823,5.168165858171299,0.9841048240597456,1.5510739605607045,0.8681397006414825,0.9261222623393481,0.3344594594594595,0.7398648648648649,0.0731981981981982,0.3825075075075075,0.6543148849234278
ARNTL2,0.0,455,0.0,645,0.0,501,4.286391425015138,0.9888145058198211,1.0824010525065333,0.8277500593965313,0.9082822821822347,0.48761261261261263,0.27364864864864863,0.4358108108108108,0.399024024024024,0.6536531531031293
SLC4A11,0.0,507,0.0,576,0.0,514,4.723084387404966,0.9855513691717688,0.6147454074602052,0.8277500593965312,0.9066507140456858,0.42905405405405406,0.35135135135135137,0.42117117117117114,0.40052552552552556,0.6535881197856057
NET1,0.0,511,0.0,555,0.0,523,2.369693763035727,0.9539796810872637,0.7418537633642188,0.8526966025184131,0.9033381417771794,0.42454954954954954,0.375,0.41103603603603606,0.40352852852852855,0.653433335152854
CTNNB1,0.0,467,0.0,634,0.0,502,2.4802590392249213,0.9871492969117943,0.6492924661439758,0.8291755761463531,0.9081623997796044,0.4740990990990991,0.28603603603603606,0.4346846846846847,0.3982732732732733,0.6532178365264388
FRMD5,0.0,470,0.0,633,0.0,504,4.893648973962188,0.9896891610038351,0.5289905179377543,0.8260869565217392,0.9078880570935937,0.47072072072072074,0.28716216216216217,0.43243243243243246,0.3967717717717718,0.6523299144326827
ADAM9,0.0,558,0.0,550,0.0,489,3.659453623090897,0.9786045885756576,1.1977588952245197,0.8291755761463531,0.9038900803853598,0.3716216216216216,0.38063063063063063,0.44932432432432434,0.4005255255255255,0.6522078029554427
ADAM10,0.0,547,0.0,582,0.0,474,2.6538054665949,0.968815178631501,0.6802026562128791,0.8422428130197196,0.9055289949153386,0.38400900900900903,0.34459459459459457,0.46621621621621623,0.3982732732732733,0.651901134094306
AP2B1,0.0,559,0.0,551,0.0,490,2.4487024490345157,0.9872502186637959,0.5454609028272737,0.820503682584937,0.9038768680696394,0.3704954954954955,0.3795045045045045,0.44819819819819817,0.3993993993993994,0.6516381337345194
APLP2,0.0,548,0.0,583,0.0,475,2.8094102872905857,0.986375563479782,0.6503290639106645,0.8246614397719173,0.9055184971918578,0.38288288288288286,0.34346846846846846,0.4650900900900901,0.3971471471471471,0.6513328221695025
SLC9A2,0.0,553,0.0,571,0.0,481,7.286334878557491,0.9715568862275448,0.8622680898075554,0.8377286766452839,0.9046427585292123,0.37725225225225223,0.356981981981982,0.4583333333333333,0.3975225225225225,0.6510826405258674
LTBP1,0.0,560,0.0,552,0.0,491,4.470019646101057,0.9812285541276996,1.0991608220479936,0.8263245426467094,0.9037765462752969,0.36936936936936937,0.3783783783783784,0.44707207207207206,0.3982732732732733,0.6510249097742851
REEP3,0.0,554,0.0,570,0.0,482,2.7386520487115655,0.9761992868196192,0.733354144689951,0.8329769541458779,0.904588118677572,0.3761261261261261,0.3581081081081081,0.4572072072072072,0.3971471471471471,0.6508676329123596
SYTL2,0.0,474,0.0,632,0.0,508,3.6551183744869813,0.9680750857834893,1.0646255238774058,0.8469945355191256,0.9075348105811267,0.46621621621621623,0.2882882882882883,0.42792792792792794,0.39414414414414417,0.6508394773626355
MST1R,0.0,549,0.0,585,0.0,477,3.6691549989907823,0.9383704501110138,0.9465005702067,0.872416250890948,0.9053933505006624,0.38175675675675674,0.34121621621621623,0.46283783783783783,0.39527027027027034,0.6503318103854664
MAST2,0.0,679,0.000149251003188174,168,0.0,720,2.256668771445872,0.9672508914754759,0.5096147517224985,0.8087431693989071,0.8879970200316493,0.23536036036036037,0.8108108108108109,0.1891891891891892,0.4117867867867868,0.6498919034092181
BUB1,0.0,550,0.0,586,0.0,478,5.4066601392720175,0.9909506829038552,0.7324040722261809,0.8189593727726301,0.9049550041571683,0.38063063063063063,0.3400900900900901,0.4617117117117117,0.39414414414414417,0.6495495741506563
PLA2R1,0.0,557,0.0,568,0.0,488,3.877465293009486,0.9725324631635605,1.1130026443335703,0.8358279876455215,0.9041802252673826,0.37274774774774777,0.36036036036036034,0.45045045045045046,0.3945195195195195,0.6493498723934511
FER1L4,0.0,831,9.054947241659096e-05,226,0.0,546,4.3183540166857295,0.9406411895310504,0.7939779341886433,0.8583986695177002,0.8995199295004671,0.06418918918918919,0.7454954954954955,0.38513513513513514,0.3982732732732733,0.6488966013868702
CELSR1,0.0,551,0.0,587,0.0,479,4.249699206082218,0.97687209849963,0.5829459705393205,0.8325017818959373,0.9046869369805732,0.3795045045045045,0.33896396396396394,0.4605855855855856,0.393018018018018,0.6488524774992956
UBE2C,0.0,764,0.00034628014606349124,103,0.0,699,7.228459308349594,0.9942306398439077,0.6159906985032073,0.7757186980280352,0.8849741919737502,0.13963963963963963,0.884009009009009,0.21283783783783783,0.4121621621621621,0.6485681770679561
SPATS2L,0.0,544,0.0,581,0.0,497,3.057249135436991,0.9828601224517257,0.7190276882870075,0.8289379900213828,0.9058990546176188,0.38738738738738737,0.34572072072072074,0.4403153153153153,0.3911411411411412,0.6485200978793799
TMSB10,0.0,464,0.0,694,0.0,472,4.12497482675099,0.9942138195519074,0.9130854240912303,0.8227607507721549,0.908487275857488,0.4774774774774775,0.21846846846846846,0.46846846846846846,0.38813813813813813,0.6483127069978131
AFAP1,0.0,552,0.0,588,0.0,480,3.395162144250824,0.9808585077036935,0.7368828177714448,0.8284628177714422,0.9046606608874536,0.3783783783783784,0.33783783783783783,0.4594594594594595,0.3918918918918919,0.6482762763896728
LAMP5,0.0,734,0.009220137565795847,57,0.0,774,7.3425998553454885,0.9836338558837381,1.1619840532192942,0.7809455927773818,0.882289574943091,0.17342342342342343,0.9358108108108109,0.12837837837837837,0.4125375375375375,0.6474135562403143
CDH11,0.0,514,0.0,556,0.0,552,5.223393615017158,0.9709177151315347,1.5109820028510326,0.8353528153955809,0.9031352648604035,0.42117117117117114,0.3738738738738739,0.3783783783783784,0.3911411411411412,0.6471382030007724
PATL1,0.0,682,0.0001182894112334634,176,0.0,724,1.901299650137927,0.9567213886833076,0.5015419434545016,0.8187217866476597,0.8877215839224171,0.23198198198198197,0.8018018018018018,0.18468468468468469,0.4061561561561562,0.6469388700392866
CD109,0.0,542,0.0,580,0.0,511,4.755369797483684,0.9781840812756509,1.2498031432644332,0.8339272986457591,0.9060556895693939,0.38963963963963966,0.34684684684684686,0.42454954954954954,0.387012012012012,0.6465338507907029
HOXB6,0.0,519,0.0,549,0.0,557,4.328007387472246,0.9805389221556885,0.6587087004038983,0.8253741981468282,0.9029565590426915,0.4155405405405405,0.38175675675675674,0.37274774774774777,0.390015015015015,0.6464857870288532
SIM2,0.0,677,0.0,877,0.0016040144,32,3.94934299939447,0.9876202650878019,0.5562519173200289,0.7885483487764314,0.8880842559923712,0.2376126126126126,0.012387387387387387,0.963963963963964,0.4046546546546546,0.6463694553235129
ATAD2,0.0,757,0.00022973563754172724,132,0.0,692,2.4249287896117875,0.9771580434636344,0.5902421240199578,0.7949631741506297,0.8860602876713014,0.14752252252252251,0.8513513513513513,0.22072072072072071,0.4065315315315315,0.6462959096014165
TMEM159,0.0,539,0.0,577,0.0,519,2.7826399549216174,0.9703458252035255,0.6533652340223339,0.8422428130197197,0.9062943190408959,0.393018018018018,0.3502252252252252,0.4155405405405405,0.38626126126126126,0.6462777901510786
CDCP1,0.0,517,0.0,557,0.0,555,3.0310737738007134,0.9752068895916033,1.006371568068424,0.8308386790211452,0.9030227841995023,0.4177927927927928,0.37274774774774777,0.375,0.38851351351351354,0.6457681488565079
MBOAT2,0.0,599,0.0,659,0.0,467,4.335037845657001,0.9850804009957613,1.5494434663815628,0.8928486576383939,0.9389645293170751,0.32545045045045046,0.25788288288288286,0.4740990990990991,0.3524774774774775,0.6457210033972762
CAPG,0.0,540,0.0,578,0.0,520,4.51640044405571,0.9675031958554801,1.2217559372772646,0.844856260394393,0.9061797281066871,0.3918918918918919,0.3490990990990991,0.4144144144144144,0.3851351351351351,0.6456574316209112
RHBDL2,0.0,541,0.0,579,0.0,521,5.441876155554061,0.9833815515037341,0.8943739581848411,0.8289379900213827,0.9061597706553152,0.39076576576576577,0.34797297297297297,0.4132882882882883,0.384009009009009,0.6450843898321621
SGIP1,0.0,524,0.0,560,0.0,551,3.275642659624571,0.9568559510193098,0.9302453266809221,0.8486576383939177,0.9027567946909448,0.4099099099099099,0.36936936936936937,0.3795045045045045,0.38626126126126126,0.644509027976103
FAM63B,0.0,522,0.0,558,0.0,560,1.910576522236426,0.95436654780327,0.6809806985032081,0.851271085768591,0.9028188166981844,0.41216216216216217,0.3716216216216216,0.36936936936936937,0.3843843843843844,0.6436016005412843
ACTB,0.0,715,0.009653264091245072,38,0.0,858,3.747788558837378,0.9937092107918993,0.65926992397244,0.7856973152767878,0.8897025532857844,0.19481981981981983,0.9572072072072072,0.033783783783783786,0.39527027027027023,0.6424864117780273
PSMD1,0.0,703,0.001109116285519347,67,0.0,846,2.563375479378322,0.9911188858238579,0.5154119933475894,0.7899738655262533,0.8905457359156951,0.20833333333333334,0.9245495495495496,0.0472972972972973,0.39339339339339346,0.6419695646545442
CTSB,0.0,769,0.0002305966136590336,129,0.0,704,3.5799245004373272,0.9947520688959162,0.839937251128533,0.7740555951532431,0.884403305715149,0.134009009009009,0.8547297297297297,0.2072072072072072,0.3986486486486487,0.6415259771818989
BICD1,0.0,527,0.0,561,0.0,565,3.4718237468882465,0.9844916907757518,0.6856169779044894,0.8206224756474222,0.9025570804395822,0.40653153153153154,0.36824324324324326,0.36373873873873874,0.3795045045045045,0.6410307924720433
ADAMTS6,0.0,528,0.0,562,0.0,566,4.13321961918859,0.9728015878355648,0.8631392991209319,0.832264195770967,0.9025328916453352,0.40540540540540543,0.36711711711711714,0.36261261261261263,0.37837837837837834,0.6404556350118568
RUNX1,0.0,529,0.0,563,0.0,567,4.336472189329207,0.9782009015676513,0.8497001259206458,0.8267997148966499,0.9025003046586397,0.40427927927927926,0.36599099099099097,0.3614864864864865,0.3772522522522522,0.6398762784554459
MMP14,0.0,530,0.0,564,0.0,568,3.923595818475409,0.9682769292874924,1.1871007341411257,0.8365407460204324,0.9024088375646094,0.40315315315315314,0.36486486486486486,0.36036036036036034,0.37612612612612617,0.6392674818453679
MLPH,0.0,568,0.0,657,0.0,498,3.403390220682231,0.9692525062235081,1.2436016274649564,0.8797814207650273,0.9245169634942586,0.36036036036036034,0.26013513513513514,0.4391891891891892,0.35322822822822825,0.6388725958612435
ASAP2,0.0,567,0.0,674,0.0,483,2.7446439144183548,0.9541142434232659,1.0285743098123072,0.8949869327631266,0.9245505880931906,0.3614864864864865,0.240990990990991,0.4560810810810811,0.3528528528528529,0.6387017204730218
CERS6,0.0,531,0.0,565,0.0,569,3.0099163493238237,0.9886967637758192,0.6952538251366116,0.8161083392729865,0.9024025422418731,0.40202702702702703,0.36373873873873874,0.35923423423423423,0.375,0.6387012711209366
GCNT3,0.0,776,0.0005584087725717464,77,0.0,763,7.346147423131265,0.9776458319316423,1.3391473461629841,0.7890235210263721,0.8833345756836086,0.12612612612612611,0.9132882882882883,0.14076576576576577,0.39339339339339335,0.638363984538501
MAL2,0.0,727,0.00011364146790639145,209,0.0,689,3.2228762228352283,0.9808585077036936,0.9085494250415778,0.7913993822760751,0.8861266652514123,0.18130630630630631,0.7646396396396397,0.22409909909909909,0.390015015015015,0.6380708401332136
PFKP,0.0,532,0.0,566,0.0,570,4.059363284666621,0.9869810939917917,0.8780606153480637,0.8175338560228083,0.9022574717138352,0.4009009009009009,0.36261261261261263,0.3581081081081081,0.3738738738738739,0.6380656727938545
LRCH1,0.0,533,0.0,567,0.0,571,2.8153096346632585,0.984054363183745,0.6563828462817751,0.8203848895224518,0.9022196234421366,0.3997747747747748,0.3614864864864865,0.356981981981982,0.3727477477477477,0.6374836855949422
RUNX2,0.0,571,0.0,654,0.0,505,4.49473860257014,0.9800847742716814,1.032596129722024,0.8674269422665716,0.9237558582673724,0.356981981981982,0.2635135135135135,0.4313063063063063,0.3506006006006006,0.6371782294339865
IGFBP3,0.0,569,0.0,656,0.0,509,5.8119553488528535,0.9907151988158514,0.9375906937514866,0.8572107388928486,0.9239629688465882,0.35923423423423423,0.26126126126126126,0.42680180180180183,0.34909909909909914,0.6365310339728437
YWHAB,0.0,805,0.009655112632193943,37,0.0,825,2.7529484256206684,0.9901769494718428,0.559412190544073,0.8032786885245903,0.8967277304725217,0.09346846846846847,0.9583333333333334,0.07094594594594594,0.37424924924924924,0.6354884898608855
GAN,0.0,706,0.00038133729992750697,97,0.0,849,1.5933329206755031,0.9388245979950213,0.6000540817296249,0.8417676407697791,0.8902961190823758,0.20495495495495494,0.8907657657657657,0.04391891891891892,0.37987987987987987,0.6350879994811278
AEBP1,0.0,708,0.00040901015679735945,96,0.0,850,4.3908285473995825,0.972381080535558,1.0748111974340695,0.8080304110239962,0.8902057379913313,0.20270270270270271,0.8918918918918919,0.04279279279279279,0.37912912912912905,0.6346674335602301
MCU,0.0,161,0.0,721,0.0,746,2.973367916975038,0.9853999865437664,0.5127623901164187,0.7751247327156092,0.8802618896533989,0.8186936936936937,0.18806306306306306,0.15990990990990991,0.3888888888888889,0.6345753892711439
DHFR,0.0,794,0.0092178390983288,59,0.0,827,3.366793255062908,0.9928345556078852,0.527560441910194,0.8028035162746496,0.8978176611948697,0.10585585585585586,0.9335585585585585,0.0686936936936937,0.36936936936936937,0.6335935152821195
ANXA2P1,0.0,162,0.0,722,0.0,749,3.394557128439751,0.9165881719706654,0.6048300166310305,0.8436683297695414,0.8801282508453712,0.8175675675675675,0.18693693693693694,0.15653153153153154,0.387012012012012,0.6335701314286916
PGM2,0.0,763,0.0,855,0.0016639318,31,2.3424064522640116,0.9677386799434838,0.6218648134948914,0.802328344024709,0.8850333997122896,0.14076576576576577,0.037162162162162164,0.9650900900900901,0.38100600600600604,0.6330197028591478
TMEM154,0.0,163,0.0,723,0.0,750,4.754500713180382,0.9751564287156025,0.7309199429793303,0.7847469707769067,0.879951599387115,0.8164414414414415,0.1858108108108108,0.1554054054054054,0.38588588588588596,0.6329187426365005
ACTA2,0.0,164,0.0,724,0.0,751,4.272731699522304,0.9784195653636547,1.2272148206224784,0.7814207650273224,0.8799199527941237,0.8153153153153153,0.18468468468468469,0.15427927927927929,0.3847597597597598,0.6323398562769418
CHEK1,0.0,710,0.0003439611486486492,104,0.0,853,2.5454727174863754,0.9881585144318106,0.5795240342124011,0.792112140650986,0.890135161650738,0.20045045045045046,0.8828828828828829,0.039414414414414414,0.37424924924924924,0.6321922054499937
TMC5,0.0,158,0.0,740,0.0,744,5.790512097154007,0.9632140213954115,1.5531858256117834,0.7978142076502732,0.8805140898074586,0.8220720720720721,0.16666666666666666,0.16216216216216217,0.3836336336336337,0.6320738617205461
MB21D1,0.0,159,0.0,739,0.0,745,3.0440612056785303,0.9716746282715468,0.5144426490852938,0.7892611071513423,0.8804659052267454,0.8209459459459459,0.1677927927927928,0.16103603603603603,0.38325825825825827,0.6318620817425018
FAM72A,0.0,687,7.737334320123797e-05,246,0.0,729,3.7644702179909846,0.9877043665478034,0.6139802518412925,0.7871228320266097,0.8874132687605111,0.22635135135135134,0.722972972972973,0.17905405405405406,0.37612612612612617,0.6317696974433187
TGFBI,0.0,165,0.0,725,0.0,752,4.555111562268721,0.9878221085918052,1.0156461297220254,0.7719173200285104,0.879869434578696,0.8141891891891891,0.18355855855855857,0.15315315315315314,0.3836336336336336,0.6317515341061648
HTRA3,0.0,166,0.0,726,0.0,753,5.3676340409069505,0.9799165713516786,0.7118044024708956,0.7797576621525304,0.8798367703808206,0.8130630630630631,0.18243243243243243,0.15202702702702703,0.3825075075075075,0.631172138944164
CAMK2N1,0.0,833,0.00011582669457196883,186,0.0,679,4.664332887034919,0.99249814976788,0.6916227346162991,0.8058921358992635,0.8991951353080343,0.061936936936936936,0.7905405405405406,0.23536036036036037,0.36261261261261263,0.6309038739603234
TNFRSF10A,0.0,167,0.0,727,0.0,754,3.2218149633317634,0.9570409742313127,0.5802390757899722,0.8025659301496793,0.8798034269169396,0.8119369369369369,0.18130630630630631,0.15090090090090091,0.38138138138138133,0.6305924041491604
SCEL,0.0,462,0.0,692,0.0,577,5.868026461683375,0.9481598600551705,1.5458680185317162,0.8690900451413637,0.9086249525920632,0.4797297297297297,0.22072072072072071,0.3502252252252252,0.3502252252252252,0.6294250889086442
ITGB5,0.0,463,0.0,693,0.0,575,3.8341612157707052,0.9937428513758999,0.8385426799714901,0.8232359230220955,0.9084893865362323,0.4786036036036036,0.2195945945945946,0.3524774774774775,0.3502252252252252,0.6293573058807288
PSMB9,0.0,170,0.0,728,0.0,757,4.340868680616296,0.9904124335598465,0.600773098123069,0.7688287004038964,0.8796201227725771,0.8085585585585585,0.18018018018018017,0.14752252252252251,0.37875375375375375,0.6291869382631654
KCND2,0.0,848,0.0,825,0.0044545317,16,4.247832870214628,0.9702449034515239,0.6789639225469224,0.8137324780232834,0.8919886786652923,0.04504504504504504,0.07094594594594594,0.9819819819819819,0.365990990990991,0.6289898348281416
TSPAN5,0.0,465,0.0,695,0.0,574,3.9371332200767006,0.9880071318038081,0.8227689712520796,0.8289379900213827,0.9084725604313527,0.47635135135135137,0.21734234234234234,0.3536036036036036,0.34909909909909914,0.6287858297652259
C1GALT1,0.0,780,0.0007796358471074383,71,0.0,842,3.0850003061293143,0.9870315548677925,0.612866923259682,0.7949631741506296,0.8909970891969475,0.12162162162162163,0.920045045045045,0.0518018018018018,0.3644894894894895,0.6277432893432185
CCL20,0.19126282348235474,6,0.0,808,0.0,882,5.77103797349122,0.9553757653232862,1.2631830814920422,0.8282252316464719,0.8918004636940465,0.9932432432432432,0.09009009009009009,0.006756756756756757,0.36336336336336333,0.627581913528705
AGMO,0.0,755,0.0,866,0.0003870494,52,6.957455251295161,0.9775280898876405,0.661601967213115,0.7886671418389166,0.8830826175038873,0.14977477477477477,0.024774774774774775,0.9414414414414415,0.371996996996997,0.6275398072504421
FANCD2,0.0,836,0.0003481574024135376,102,0.0,788,2.1546701372535826,0.9566204669313059,0.650276961273462,0.8360655737704917,0.8963430201525585,0.05855855855855856,0.8851351351351351,0.11261261261261261,0.3521021021021021,0.6242225611273303
TRIP13,0.0,735,0.00011629474819658869,179,0.0,775,3.4009496736863354,0.973810805355581,0.5100766500356388,0.7902114516512235,0.8820109257630011,0.17229729729729729,0.7984234234234234,0.12725225225225226,0.365990990990991,0.6240009583769961
TRIM59,0.0,583,0.0,641,0.0,576,3.099943756307609,0.9862410011437798,0.8159134948918982,0.8557852221430269,0.9210131115950131,0.34346846846846846,0.27815315315315314,0.35135135135135137,0.32432432432432434,0.6226687179596687
ANO1,0.0,579,0.0,639,0.0,585,4.975728224449978,0.9918421583798694,1.2046539866951784,0.8515086718935614,0.9216754151300751,0.34797297297297297,0.28040540540540543,0.34121621621621623,0.3231981981981982,0.6224368066641367
INPP4B,0.0,578,0.0,638,0.0,590,3.9145344311377244,0.9779149566036466,1.1802286695177004,0.8662390116417201,0.922076984110947,0.3490990990990991,0.28153153153153154,0.3355855855855856,0.32207207207207206,0.6220745280915095
ACSL3,0.0,753,0.00011540744657299168,193,0.0,766,2.5927602536500025,0.9880575926798089,0.5613017343787101,0.7778569731527678,0.8829554664265915,0.15202702702702703,0.7826576576576577,0.1373873873873874,0.3573573573573574,0.6201564118919745
BMPR2,0.0,745,0.00011410763087990619,203,0.0,759,2.8008653939312382,0.9825741774877211,0.6411256593014949,0.77952007602756,0.8810461309941326,0.16103603603603603,0.7713963963963963,0.14527027027027026,0.35923423423423423,0.6201401826141835
ADSS,0.0,720,9.03718884103638e-05,227,0.0,786,2.0692172744398842,0.9757619592276121,0.5240052482774997,0.8020907578997386,0.8889260628424803,0.1891891891891892,0.7443693693693694,0.11486486486486487,0.3494744744744745,0.6192002686584774
CYB5B,0.0,856,0.028744214610959492,7,0.0,877,2.7247610442037278,0.9895882392518334,0.5036471109527216,0.7930624851508671,0.891325220770697,0.036036036036036036,0.9921171171171171,0.012387387387387387,0.34684684684684686,0.6190860338087719
NT5E,0.0,881,0.008903508771929825,64,0.0,806,4.9467025970530845,0.9889658884478234,1.2388019648372541,0.7997148966500357,0.894340382988657,0.007882882882882882,0.9279279279279279,0.09234234234234234,0.3427177177177177,0.6185290503531874
ZNFX1,0.0,849,0.019081378706203786,16,0.0,880,2.791127847675436,0.9870988360357936,0.6081581872178683,0.796863863150392,0.8919809187746847,0.04391891891891892,0.9819819819819819,0.009009009009009009,0.3449699699699699,0.6184754443723273
PRR5L,0.0,457,0.0,689,0.0,648,4.326172677117675,0.984188925519747,0.5995189569969108,0.8339272986457591,0.9090581107201438,0.48536036036036034,0.22409909909909909,0.2702702702702703,0.32657657657657657,0.6178173436483602
MTMR11,0.0,586,0.0,635,0.0,607,3.7229446006862688,0.968562874251497,0.9570635091470665,0.8728914231408885,0.9207271486946284,0.3400900900900901,0.2849099099099099,0.31644144144144143,0.3138138138138138,0.6172704812542211
PLAU,0.0,581,0.0,640,0.0,609,5.273675967166788,0.9865437663997847,1.2945164124495125,0.8560228082679971,0.9212832873188859,0.34572072072072074,0.27927927927927926,0.3141891891891892,0.3130630630630631,0.6171731751909745
SULF1,0.0,584,0.0,642,0.0,605,6.5344602469218875,0.9883098970598129,1.980705744832501,0.8534093608933239,0.9208596289359545,0.34234234234234234,0.27702702702702703,0.3186936936936937,0.3126876876876877,0.6167736583118211
ACSL5,0.0,459,0.0,690,0.0,650,4.702043214694207,0.9755264751396084,1.4213504656688052,0.8420052268947493,0.9087658495565164,0.4831081081081081,0.22297297297297297,0.268018018018018,0.32469969969969975,0.616732774628108
HSD17B6,0.0,585,0.0,643,0.0,606,4.950228042790823,0.9813462961717017,0.7389667854597288,0.8602993585174625,0.9208228273338621,0.34121621621621623,0.2759009009009009,0.31756756756756754,0.31156156156156156,0.6161921944477118
HK1,0.0,496,0.0,682,0.0,631,3.3195967200430605,0.9854672677117674,0.5666542931812772,0.8372535043953434,0.9113603839239263,0.44144144144144143,0.23198198198198197,0.2894144144144144,0.32094594594594594,0.6161531649349361
FLNB,0.0,460,0.0,691,0.0,651,2.2288007905537244,0.9512043329072193,0.9558756806842466,0.8662390116417202,0.908721672270961,0.481981981981982,0.22184684684684686,0.2668918918918919,0.3235735735735736,0.6161476229222673
FHL2,0.0,843,0.009543104842794635,42,0.0,874,5.055613119827759,0.9918253380878692,0.6143230648610114,0.7933000712758375,0.8925626407045099,0.05067567567567568,0.9527027027027027,0.015765765765765764,0.33971471471471476,0.6161386777096123
CENPI,0.0,497,0.0,683,0.0,632,4.5403305927470905,0.9775112695956403,0.8494076764076977,0.8439059158945118,0.9107085912826806,0.4403153153153153,0.23085585585585586,0.2882882882882883,0.31981981981981983,0.6152642055512502
MICAL2,0.0,587,0.0,644,0.0,608,2.6516088239251827,0.9743322344075893,1.1337778878593472,0.8664765977666904,0.9204044160862187,0.33896396396396394,0.2747747747747748,0.3153153153153153,0.3096846846846847,0.6150445503854517
PON2,0.0,761,1.8650316075348596e-05,289,0.0,696,2.1190161441162623,0.9662080333714593,0.5852466191494416,0.8047042052744119,0.8854561013212964,0.14301801801801803,0.6745495495495496,0.21621621621621623,0.34459459459459457,0.6150253479579455
ANOS1,0.0,482,0.0,687,0.0,644,5.108434747359214,0.9908834017358542,0.6632415371822291,0.828462817771442,0.9096731093426299,0.4572072072072072,0.22635135135135134,0.2747747747747748,0.3194444444444444,0.6145587768935372
EDNRA,0.0,498,0.0,684,0.0,634,4.7408723339837175,0.978688690035659,1.3237653670705622,0.8422428130197196,0.9104657512897203,0.4391891891891892,0.22972972972972974,0.28603603603603606,0.3183183183183183,0.6143920348040193
GJB2,0.0,480,0.0,688,0.0,646,6.0584751631568325,0.9525331359752406,0.8351379258731284,0.8664765977666905,0.9095048668699403,0.4594594594594595,0.22522522522522523,0.2725225225225225,0.31906906906906907,0.6142869679695047
MSMO1,0.0,741,9.668415388754375e-05,219,0.0,781,2.6835345858844115,0.9762665679876202,0.7644454977429325,0.7868852459016393,0.8815758484173387,0.16554054054054054,0.7533783783783784,0.1204954954954955,0.34647147147147145,0.6140236599444051
INHBA,0.0,802,0.00019896002537461192,147,0.0,833,7.309090600820831,0.99249814976788,1.375062176288906,0.8011404133998574,0.8968192672958225,0.09684684684684684,0.8344594594594594,0.061936936936936936,0.3310810810810811,0.6139501741884518
GBP4,0.0,716,0.00011550533584431899,191,0.0,859,3.917404265626051,0.986947453407791,0.8328966239011626,0.792112140650986,0.8895296683646009,0.19369369369369369,0.7849099099099099,0.03265765765765766,0.33708708708708707,0.613308377725844
ENO2,0.0,493,0.0,680,0.0,654,3.387081050259033,0.9735753212675772,0.9961736231884055,0.8493703967688286,0.9114728589704176,0.44481981981981983,0.23423423423423423,0.2635135135135135,0.3141891891891892,0.6128310240798034
BCAS1,0.0,495,0.0,681,0.0,653,6.018169185225056,0.967688219067483,1.2100414849132815,0.8550724637681159,0.9113803413649267,0.44256756756756754,0.23310810810810811,0.26463963963963966,0.31343843843843844,0.6124093899016826
S100A11,0.0,564,0.0,637,0.0,658,4.405438838054228,0.9760815447756173,0.577888301259204,0.8688524590163934,0.9224670018930556,0.36486486486486486,0.28265765765765766,0.25900900900900903,0.3021771771771772,0.6123220895351165
UNC5B,0.0,504,0.0,685,0.0,640,3.425378914081948,0.9846430734037542,0.526084920408648,0.8351152292706105,0.9098791510664723,0.43243243243243246,0.2286036036036036,0.27927927927927926,0.3134384384384385,0.6116587947524554
DDX60,0.0,506,0.0,686,0.0,641,3.5993737098836034,0.9789241741236628,1.1346662841530035,0.8405797101449276,0.9097519419916832,0.43018018018018017,0.22747747747747749,0.27815315315315314,0.3119369369369369,0.61084443946431
LPCAT2,0.0,489,0.0,678,0.0,676,2.94841848213685,0.9665949000874656,0.9375151556189101,0.8569731527678783,0.9117840264211029,0.44932432432432434,0.23648648648648649,0.23873873873873874,0.3081831831831832,0.6099836048021431
CORO2A,0.0,575,0.0,636,0.0,664,6.426852216914485,0.9971405503599542,0.7989425207887861,0.8486576383939177,0.9228990942224046,0.3524774774774775,0.28378378378378377,0.25225225225225223,0.29617117117117114,0.6095351326967878
COL11A1,0.0,491,0.0,679,0.0,678,7.314547698984054,0.9567886698513086,1.8544359539082924,0.8662390116417202,0.9115138407456497,0.44707207207207206,0.23536036036036037,0.23648648648648649,0.30630630630630634,0.608910073525978
EFNA5,0.0,617,0.0,647,0.0,611,4.962883008141022,0.984945838659759,1.0036847540983596,0.8538845331432644,0.9194151858972227,0.30518018018018017,0.2713963963963964,0.3119369369369369,0.29617117117117114,0.6077931785341969
DTL,0.0,882,0.00031273705712841457,119,0.0,807,5.011429415326651,0.9911861669918589,0.624555996673795,0.7973390354003326,0.8942623036996805,0.006756756756756757,0.865990990990991,0.09121621621621621,0.32132132132132135,0.607791812510501
IL2RG,0.0,844,0.00045463320463320423,85,0.0,875,6.170027652560048,0.9872333983717957,0.9880894844381078,0.7978142076502731,0.8925237848061983,0.04954954954954955,0.9042792792792793,0.01463963963963964,0.3228228228228229,0.6076733038145106
CSTB,0.0,670,0.0,589,0.0,572,3.4831587297315476,0.9902778712238443,0.508502449512946,0.8139700641482538,0.9021239641928371,0.24549549549549549,0.3367117117117117,0.35585585585585583,0.3126876876876877,0.6074058259402624
SDR16C5,0.0,488,0.0,697,0.0,675,7.407328298459262,0.961128305187378,1.1970759444048458,0.8626752197671655,0.9119017624752371,0.45045045045045046,0.21509009009009009,0.23986486486486486,0.30180180180180183,0.6068517821385195
PGM2L1,0.0,771,2.833639424548494e-05,284,0.0,732,2.5237682769292875,0.9566036466393055,0.8300380684248045,0.8120693751484913,0.8843365070460234,0.13175675675675674,0.6801801801801802,0.17567567567567569,0.3292042042042042,0.6067703556251138
PLEC,0.0,490,0.0,696,0.0,677,2.833289598331426,0.9724483617035592,0.7823936635780475,0.8510334996436207,0.9117409306649549,0.44819819819819817,0.21621621621621623,0.2376126126126126,0.30067567567567566,0.6062083031703153
DPY19L1,0.0,871,0.00016777544351073766,157,0.0,796,2.6287886395747826,0.9815313193837045,0.6382441268709904,0.810168686148729,0.895849989521252,0.019144144144144143,0.8231981981981982,0.1036036036036036,0.31531531531531526,0.6055826524182837
VSIG2,0.0,705,5.844287843881284e-05,258,0.0,848,6.695888912063514,0.9642568794994282,0.5949681848420054,0.8165835115229271,0.8904201866907001,0.20608108108108109,0.7094594594594594,0.04504504504504504,0.3201951951951952,0.6053076909429477
ITGB1,0.0,484,0.0,716,0.0,670,3.259179660902914,0.9832301688757317,0.6156063316702305,0.8415300546448088,0.912380110019237,0.45495495495495497,0.19369369369369369,0.24549549549549549,0.2980480480480481,0.6052140790336425
LDHA,0.0,713,7.731092436974789e-05,249,0.0,856,2.968822902509589,0.9538787593352619,0.8336096056070303,0.8256117842717986,0.8897452646166856,0.19707207207207209,0.7195945945945946,0.036036036036036036,0.3175675675675676,0.6036564160921266
NTM,0.0,648,0.0,648,0.0,615,6.183792565430936,0.982944223911727,0.8669481848420029,0.8548348776431457,0.9188895507708357,0.2702702702702703,0.2702702702702703,0.30743243243243246,0.28265765765765766,0.6007736042142466
SLC44A1,0.0,659,0.0,653,0.0,603,2.5379702482675093,0.9809594294556954,0.7494909384651942,0.854359705393205,0.9176595674099188,0.25788288288288286,0.26463963963963966,0.32094594594594594,0.28115615615615613,0.5994078617830375
S100A16,0.0,662,0.0,677,0.0,578,4.610167886698512,0.9810939917916974,1.003682416250892,0.8536469470182941,0.917370469393904,0.2545045045045045,0.2376126126126126,0.3490990990990991,0.28040540540540543,0.5988879373996547
TPM4,0.0,653,0.0,649,0.0,621,3.788808723003431,0.9852822444997645,0.7787695141363766,0.8517462580185317,0.9185142506246654,0.26463963963963966,0.26914414414414417,0.30067567567567566,0.27815315315315314,0.5983337018889092
CCNA2,0.0,712,2.8472171547113613e-05,280,0.0,855,3.630361094664603,0.9827255601157235,0.6004362461392252,0.796863863150392,0.889794214438832,0.1981981981981982,0.6846846846846847,0.037162162162162164,0.3066816816816817,0.5982379480602569
MALL,0.0,621,0.0,705,0.0,592,5.500075048778847,0.9932046020318912,0.9815872677595623,0.8377286766452839,0.9154666390821029,0.30067567567567566,0.20608108108108109,0.3333333333333333,0.28003003003003,0.5977483345560665
PGK1,0.0,654,0.0,650,0.0,623,2.925468387943213,0.9882426158918117,0.9298134925160371,0.8486576383939178,0.9184501270808684,0.2635135135135135,0.268018018018018,0.29842342342342343,0.2766516516516516,0.59755088936626
LGALS3,0.0,658,0.0,652,0.0,616,3.856489682432886,0.9663257754154614,0.8723374221905464,0.8695652173913042,0.917945496402412,0.25900900900900903,0.26576576576576577,0.3063063063063063,0.27702702702702703,0.5974862617147195
ITGA3,0.0,622,0.0,706,0.0,593,3.74167134158649,0.9861737199757789,1.4295748538845352,0.8446186742694226,0.9153961971083844,0.29954954954954954,0.20495495495495494,0.3322072072072072,0.2789039039039039,0.5971500505061441
ANXA2P2,0.0,623,0.0,707,0.0,594,4.624608635537913,0.9851981430397632,0.7397769137562378,0.8455690187693039,0.9153835806256411,0.29842342342342343,0.20382882882882883,0.3310810810810811,0.27777777777777773,0.5965806792017094
PTTG1IP,0.0,660,0.0,675,0.0,602,2.8698436688420914,0.9904965350198478,0.6899011119030654,0.8446186742694227,0.9175576034297531,0.25675675675675674,0.23986486486486486,0.32207207207207206,0.2728978978978979,0.5952277506638255
LY6E,0.0,646,0.0,702,0.0,586,4.299814566372873,0.9802193366076835,0.8835633951057247,0.8522214302684723,0.9162203834223637,0.2725225225225225,0.20945945945945946,0.3400900900900901,0.274024024024024,0.5951222037231938
ITGA11,0.0,626,0.0,708,0.0,597,4.820473090896859,0.9742817735315885,1.0946880304110245,0.8557852221430268,0.9150334978334008,0.29504504504504503,0.20270270270270271,0.3277027027027027,0.27515015015015015,0.5950918239917755
CTHRC1,0.0,661,0.0,676,0.0,601,6.700609399179171,0.9911020655318576,0.9325141886433839,0.8436683297695414,0.9173851975691172,0.25563063063063063,0.23873873873873874,0.32319819819819817,0.2725225225225225,0.5949538600458198
HEPH,0.0,644,0.0,703,0.0,587,4.833707538854874,0.9864764852317837,1.0680199215965782,0.8450938465193633,0.9157851652604062,0.2747747747747748,0.20833333333333334,0.33896396396396394,0.274024024024024,0.5949045946422151
SEMA7A,0.0,627,0.0,709,0.0,598,5.637596400457513,0.9829778644957275,0.8801817486338788,0.8469945355191257,0.9149861999952442,0.2939189189189189,0.20157657657657657,0.32657657657657657,0.274024024024024,0.5945051120096341
MYOF,0.0,643,0.0,704,0.0,589,4.0181080367355175,0.9699084976115185,1.3879785174625798,0.8614872891423141,0.9156978933544851,0.2759009009009009,0.2072072072072072,0.3367117117117117,0.2732732732732733,0.5944855833138792
AP1S3,0.0,628,0.0,710,0.0,599,3.698219444257552,0.9732052748435712,0.8418990639106658,0.8567355666429081,0.9149704207422165,0.2927927927927928,0.20045045045045046,0.32545045045045046,0.2728978978978979,0.5939341593200572
CTNNA1,0.0,665,0.0,698,0.0,581,2.3181202348112757,0.977006660835632,0.5959443810881462,0.8569731527678783,0.9169899067628279,0.2511261261261261,0.21396396396396397,0.34572072072072074,0.27027027027027023,0.5936300885165491
HOXB5,0.0,667,0.0,700,0.0,583,4.148390102940187,0.9780663392316491,0.8431782181040615,0.8545972915181753,0.916331815360115,0.24887387387387389,0.21171171171171171,0.34346846846846846,0.268018018018018,0.5921749166890665
PCDH7,0.0,668,0.0,701,0.0,584,5.858164986880173,0.9875025230438,0.940491952957947,0.8450938465193631,0.916298184755833,0.24774774774774774,0.21058558558558557,0.34234234234234234,0.2668918918918919,0.5915950383238624
SLC6A6,0.0,561,0.0,715,0.0,669,4.1028615555406045,0.9808416874116934,1.1973531789023513,0.844143502019482,0.9124925946753429,0.36824324324324326,0.19481981981981983,0.24662162162162163,0.2698948948948949,0.5911937447851189
ZDHHC7,0.0,812,0.0,559,0.0,548,1.883827252237098,0.945434972751127,0.6554998812069384,0.8583986695177002,0.9019168210907968,0.08558558558558559,0.3704954954954955,0.38288288288288286,0.2796546546546546,0.5907857378727257
XAF1,0.0,383,0.0,741,0.0,742,2.624950941936352,0.903434703626455,0.955202126395819,0.8576859111427892,0.8805603073704023,0.5686936936936937,0.16554054054054054,0.16441441441441443,0.29954954954954954,0.5900549284599759
TBC1D2,0.0,577,0.0,714,0.0,666,3.7927535692659626,0.9904124335598465,0.6551602162033747,0.8353528153955809,0.9128826238117435,0.3502252252252252,0.19594594594594594,0.25,0.2653903903903904,0.5891365071010669
NRP2,0.0,813,0.0,590,0.0,526,4.907358699455022,0.9920776424678732,1.0663103563791871,0.8115942028985508,0.9018359154938839,0.08445945945945946,0.3355855855855856,0.40765765765765766,0.27590090090090086,0.5888684081973924
FN1,0.0,614,0.0,669,0.0,719,5.713524386059341,0.9833815515037341,2.188027540983608,0.8709907341411262,0.9271861427941727,0.30855855855855857,0.24662162162162163,0.19031531531531531,0.2484984984984985,0.5878423206463356
MYO1E,0.0,630,0.0,711,0.0,627,3.597931147816727,0.9857027517997712,0.9547910168686142,0.8427179852696601,0.9142103681266175,0.2905405405405405,0.19932432432432431,0.2939189189189189,0.26126126126126126,0.5877358146939393
EFNB2,0.0,631,0.0,712,0.0,628,4.075987859113234,0.989941465383839,0.9566288976003801,0.8384414350201949,0.9141914501127848,0.2894144144144144,0.1981981981981982,0.2927927927927928,0.26013513513513514,0.5871632926239599
MUC13,0.0,453,0.0,547,0.0,888,5.7893371963937295,0.9718596514835499,1.505711387502969,0.7902114516512238,0.8810351084711965,0.48986486486486486,0.38400900900900903,0.0,0.2912912912912913,0.5861631998812439
VCAN,0.0,815,0.0,602,0.0,528,5.671135201507098,0.979748368431676,1.760345001187929,0.823711095272036,0.9017297187615022,0.08220720720720721,0.32207207207207206,0.40540540540540543,0.2698948948948949,0.5858123068281985
CYP2C18,0.0,838,0.00010008606434518573,215,0.0,869,7.460715104622216,0.9623898270873982,1.2591827583749113,0.8234735091470657,0.8929315492438787,0.05630630630630631,0.7578828828828829,0.021396396396396396,0.2785285285285285,0.5857300388862037
LOXL2,0.0,817,0.0,615,0.0,530,3.618464596649397,0.9805725627396891,0.989198118317888,0.8222855785222143,0.9014290695002753,0.07995495495495496,0.30743243243243246,0.40315315315315314,0.26351351351351354,0.5824712915068945
CACNB3,0.0,818,0.0,616,0.0,531,3.3222298391980085,0.9840543631837448,0.5358074507008794,0.8184842005226896,0.9012692810348641,0.07882882882882883,0.3063063063063063,0.40202702702702703,0.26238738738738737,0.5818283342111258
RRAS,0.0,822,0.0,619,0.0,525,3.251439766534348,0.9809426091636951,0.6709074388215734,0.819672131147541,0.9003073692739155,0.07432432432432433,0.30292792792792794,0.40878378378378377,0.262012012012012,0.5811596906429638
F2R,0.0,819,0.0,617,0.0,532,4.617614909506828,0.9862746417277803,0.5866062817771436,0.8153955808980755,0.9008351095099312,0.0777027027027027,0.30518018018018017,0.4009009009009009,0.26126126126126126,0.5810481853855962
HTATIP2,0.0,821,0.0,618,0.0,534,2.792838356993876,0.9866110475677856,0.5765069565217393,0.8144452363981943,0.9005281260321201,0.07545045045045046,0.30405405405405406,0.39864864864864863,0.2593843843843844,0.5799562552082522
APOL1,0.0,611,0.0,667,0.0,777,5.538457172172508,0.9944493036399111,1.427977479211215,0.8660014255167499,0.9302253645743589,0.3119369369369369,0.24887387387387389,0.125,0.22860360360360357,0.5794144840889812
PRC1,0.0,879,2.251511130768086e-05,287,0.0,804,2.4482746753683644,0.9726165646235618,0.6831079496317427,0.8168210976478973,0.8947188168811476,0.010135135135135136,0.6768018018018018,0.0945945945945946,0.2605105105105105,0.577614663695829
THBS2,0.0,825,0.0,620,0.0,540,5.747605308484156,0.9833479109197336,1.531692259444048,0.8170586837728677,0.9002032949020781,0.07094594594594594,0.30180180180180183,0.3918918918918919,0.25487987987987987,0.5775415873909789
BROX,0.0,642,0.0,713,0.0,665,2.2698960573235554,0.9870651954517932,0.5496361986220011,0.8389166072701353,0.9129908996705567,0.27702702702702703,0.19707207207207209,0.2511261261261261,0.2417417417417417,0.5773663207061492
STRA6,0.0,826,0.0,621,0.0,541,7.166420561124941,0.9880071318038081,0.5524671798526972,0.8123069612734616,0.9001570411340466,0.06981981981981981,0.30067567567567566,0.39076576576576577,0.25375375375375375,0.5769553974439001
HPGD,0.0,454,0.0,742,0.0,741,5.805965491488932,0.9837852385117406,1.06094794488002,0.7776193870277976,0.8806918517195259,0.48873873873873874,0.16441441441441443,0.16554054054054054,0.2728978978978979,0.5767948748087119
VSIG1,0.0,828,0.0,622,0.0,543,7.909741357733969,0.9665949000874655,1.5999806058446198,0.8327393680209076,0.8996671004444888,0.06756756756756757,0.29954954954954954,0.3885135135135135,0.2518768768768769,0.5757719886606829
P4HA1,0.0,829,0.0,623,0.0,544,2.3486283253717275,0.9580165511673282,1.0484702399619854,0.8412924685198384,0.8996545097559925,0.06644144144144144,0.29842342342342343,0.38738738738738737,0.25075075075075076,0.5752026302533716
FBXO32,0.0,592,0.0,671,0.0,810,3.5568255601157244,0.9771075825876337,1.4525453456878106,0.8753860774530767,0.9262468300202179,0.3333333333333333,0.24436936936936937,0.08783783783783784,0.22184684684684683,0.5740468384335323
SLC6A14,0.0,589,0.0,673,0.0,815,9.35250386866716,0.9661407522034582,2.660688793062485,0.8854834877643145,0.9258121199837793,0.3367117117117117,0.24211711711711711,0.08220720720720721,0.22034534534534533,0.5730787326645623
CTTNBP2NL,0.0,858,2.837807959154785e-05,281,0.0,851,3.0338280629751733,0.9798324698916773,0.5663344214777855,0.8026847232121644,0.8912585833781742,0.033783783783783786,0.6835585585585585,0.041666666666666664,0.253003003003003,0.5721307931905886
ZNF185,0.0,590,0.0,672,0.0,821,3.3814714963331762,0.9741135706115859,0.6304616773580443,0.8781183178902353,0.9261159442486101,0.3355855855855856,0.24324324324324326,0.07545045045045046,0.2180930930930931,0.5721045186708515
GPD2,0.0,852,5.7975398265779405e-05,266,0.0,884,2.190674140483079,0.9795465249276727,0.6034211926823483,0.8037538607745308,0.8916500853317729,0.04054054054054054,0.7004504504504504,0.0045045045045045045,0.24849849849849848,0.5700742919151357
ZNF860,0.0,855,5.594543778725148e-05,276,0.0,887,4.675365407387473,0.9825237166117203,0.6074531147540991,0.8004276550249466,0.8914755823199099,0.037162162162162164,0.6891891891891891,0.0011261261261261261,0.2424924924924925,0.5669840374062012
LEF1,0.0,615,0.0,670,0.0,879,5.724171200296037,0.9882594361838122,1.2323188073176512,0.864575908766928,0.9264176724719024,0.30743243243243246,0.24549549549549549,0.010135135135135136,0.1876876876876877,0.557052680079795
COL8A1,0.0,810,0.0,624,0.0,680,6.094759385722936,0.9793951422996704,1.3716093537657406,0.8187217866476597,0.8990584634666758,0.08783783783783784,0.2972972972972973,0.23423423423423423,0.20645645645645647,0.5527574599615661
CAPN2,0.0,809,0.0,625,0.0,681,2.552880067953981,0.9824059745677184,0.6304276669042528,0.8156331670230459,0.8990195651346059,0.08896396396396396,0.29617117117117114,0.23310810810810811,0.20608108108108106,0.5525503231078435
PARP4,0.0,808,0.0,626,0.0,682,2.377933395007737,0.9695384511875126,0.698420750772156,0.827512473271561,0.898525453503415,0.09009009009009009,0.29504504504504503,0.23198198198198197,0.20570570570570568,0.5521155796045603
MIR4697HG,0.0,888,0.0,888,0.00053669984,48,1.3147784431137723,0.8046827692928749,0.5267955713946297,0.7272511285340936,0.7659453856310295,0.0,0.0,0.9459459459459459,0.3153153153153153,0.5406303504731724
AHR,0.0,782,0.0,594,0.0,826,3.8331490345152393,0.9854336271277669,0.8032858066048929,0.8104062722736992,0.8979198848217428,0.11936936936936937,0.3310810810810811,0.06981981981981981,0.17342342342342343,0.5356716541225831
RAB31,0.0,793,0.0,593,0.0,824,4.348218206284062,0.9807071250756914,0.897613701591828,0.8153955808980755,0.8980513468035287,0.10698198198198199,0.3322072072072072,0.07207207207207207,0.1704204204204204,0.5342358836119746
ENDOD1,0.0,792,0.0,611,0.0,813,3.0904478066339225,0.9788400726636614,0.5010348182466142,0.817296269897838,0.8980681654031765,0.10810810810810811,0.3119369369369369,0.08445945945945946,0.16816816816816815,0.5331181667856724
ATP2C2,0.0,672,0.0,759,0.0,740,4.0667965114714395,0.9590257686873445,0.7867844238536454,0.8025659301496793,0.8807957893298408,0.24324324324324326,0.14527027027027026,0.16666666666666666,0.18506006006006004,0.5329279246949504
ACVR1,0.0,796,0.0,595,0.0,828,2.819571839467134,0.9826078180717217,0.5874714991684478,0.8130197196483725,0.897813763469528,0.1036036036036036,0.32995495495495497,0.06756756756756757,0.16704204204204207,0.532427902755785
RSAD2,0.0,788,0.0,614,0.0,820,3.316116803471708,0.9594630962793516,0.920433661202186,0.8370159182703731,0.8982395069842507,0.11261261261261261,0.30855855855855857,0.07657657657657657,0.16591591591591592,0.5320777114500833
GOLM1,0.0,806,0.0,601,0.0,811,3.2759502523043804,0.9868801722397901,0.6877088500831539,0.8063673081492041,0.8966237330591403,0.09234234234234234,0.32319819819819817,0.08671171171171171,0.16741741741741742,0.5320205752382788
PPEF1,0.0,797,0.0,596,0.0,829,4.225124402879634,0.9668472044674696,0.6020676835352812,0.8287004038964124,0.897773803279465,0.10247747747747747,0.32882882882882886,0.06644144144144144,0.16591591591591592,0.5318448595976905
PRR11,0.0,790,0.0,612,0.0,822,4.721218603242952,0.9942811007199085,0.6327068591114284,0.8020907578997385,0.8981858803714637,0.11036036036036036,0.3108108108108108,0.07432432432432433,0.16516516516516516,0.5316755227683144
NCAPG2,0.0,798,0.0,597,0.0,830,2.469461764112225,0.9763674897396217,0.5653157899738659,0.8189593727726301,0.8976634124242625,0.10135135135135136,0.3277027027027027,0.06531531531531531,0.16478978978978978,0.5312266011070261
CENPK,0.0,784,0.0,628,0.0,816,4.011076811545449,0.9783186436116531,0.8886348538845339,0.8184842005226894,0.8984014130387512,0.11711711711711711,0.2927927927927928,0.08108108108108109,0.16366366366366367,0.5310325383512075
RASA1,0.0,799,0.0,598,0.0,831,1.858021721725089,0.9610778443113771,0.6380353789498683,0.8341648847707295,0.8976213636210673,0.10022522522522523,0.32657657657657657,0.06418918918918919,0.16366366366366367,0.5306425136423655
ADAMTS12,0.0,785,0.0,629,0.0,817,4.891548677925049,0.975072327255601,1.143878336897127,0.8215728201473034,0.898322573259126,0.11599099099099099,0.2916666666666667,0.07995495495495496,0.16253753753753755,0.5304300553983318
PERP,0.0,800,0.0,599,0.0,832,3.053950783825607,0.9880744129718091,0.6594473200285087,0.8070800665241149,0.8975771699683848,0.0990990990990991,0.32545045045045046,0.06306306306306306,0.16253753753753752,0.5300573537529611
FANCI,0.0,786,0.0,630,0.0,818,2.7707615454484293,0.9823891542757182,0.662242998336898,0.8142076502732241,0.8982983858790942,0.11486486486486487,0.2905405405405405,0.07882882882882883,0.16141141141141138,0.5298548986452528
VCL,0.0,804,0.0,592,0.0,835,2.4556528661777564,0.9717082688555474,0.7184099120931338,0.8218104062722738,0.896759319332473,0.0945945945945946,0.3333333333333333,0.059684684684684686,0.16253753753753752,0.5296484284350053
CCNB2,0.0,787,0.0,631,0.0,819,5.042210748166589,0.9871156563277937,0.8004152839154202,0.8094559277738179,0.8982857411375769,0.11373873873873874,0.2894144144144144,0.0777027027027027,0.16028528528528527,0.529285513211431
PTBP3,0.0,834,0.0,603,0.0,799,2.6590755836641327,0.9849626589517593,0.6458501520551181,0.8082679971489665,0.8966153030132452,0.060810810810810814,0.32094594594594594,0.10022522522522523,0.16066066066066065,0.5286379818369529
CAST,0.0,803,0.0,600,0.0,834,2.470694116261858,0.9760983650676176,0.6318018341648841,0.8175338560228084,0.8968161013318104,0.09572072072072071,0.32432432432432434,0.060810810810810814,0.16028528528528527,0.5285506933085479
GALE,0.0,807,0.0,627,0.0,814,3.1068713045818486,0.9711700195115388,0.6361477619387017,0.8258493703967689,0.898509694703886,0.09121621621621621,0.2939189189189189,0.08333333333333333,0.15615615615615616,0.5273329254300211
ARMC9,0.0,873,0.0,591,0.0,787,2.518135157774339,0.9825068963197201,0.5988159040152059,0.8085055832739368,0.8955062341116004,0.016891891891891893,0.3344594594594595,0.11373873873873874,0.15503003003003005,0.5252681320708152
TWSG1,0.0,863,0.0,604,0.0,789,3.2554292134831466,0.9879230303438068,0.5639776645283909,0.804704205274412,0.896313606000912,0.028153153153153154,0.31981981981981983,0.11148648648648649,0.15315315315315314,0.5247333795770326
FAM26E,0.0,696,0.0,849,0.0,685,4.033395075018503,0.9831965282917311,0.7867639082917561,0.789736279401283,0.8864663530192736,0.21621621621621623,0.04391891891891892,0.2286036036036036,0.1629129129129129,0.5246896329660933
SPTLC2,0.0,865,0.0,605,0.0,790,2.9146929186570674,0.9888313261118212,0.6369566595390834,0.8037538607745308,0.8962923193624602,0.0259009009009009,0.3186936936936937,0.11036036036036036,0.15165165165165165,0.5239719855070559
OAS3,0.0,866,0.0,606,0.0,791,3.8812993271883203,0.9819013658077104,0.6038651793775234,0.8106438583986696,0.8962726081345286,0.024774774774774775,0.31756756756756754,0.10923423423423423,0.15052552552552553,0.523399066830027
HIST1H3H,0.0,867,0.0,607,0.0,792,5.632554810603512,0.9674695552714795,0.7661235245901641,0.8248990258968876,0.8961841103143044,0.02364864864864865,0.31644144144144143,0.10810810810810811,0.1493993993993994,0.5227917548568519
TMOD3,0.0,868,0.0,608,0.0,793,2.5545436015609226,0.9769057390836305,0.5153542694226667,0.8153955808980755,0.8961506504922531,0.02252252252252252,0.3153153153153153,0.10698198198198199,0.14827327327327328,0.5222119618827632
ARHGAP1,0.0,869,0.0,609,0.0,794,2.2928681793715953,0.9754423736796071,0.576031408885723,0.8168210976478973,0.8961317011914198,0.021396396396396396,0.3141891891891892,0.10585585585585586,0.14714714714714716,0.5216394241692834
CIT,0.0,695,0.0,868,0.0,684,2.715166739554599,0.9618515777433896,0.5104328629128054,0.8111190306486102,0.8864852945489655,0.21734234234234234,0.02252252252252252,0.22972972972972974,0.15653153153153154,0.5215084130402485
IGFBP5,0.0,732,0.0,744,0.0,761,4.156573383569939,0.9667631030074681,1.4884163554288419,0.7980517937752435,0.8824074140102623,0.17567567567567569,0.16216216216216217,0.14301801801801803,0.1602852852852853,0.5213463496477738
DGKH,0.0,870,0.0,610,0.0,795,2.752404982170491,0.9788905335396623,1.0195034640057035,0.8130197196483725,0.8959551182626394,0.02027027027027027,0.3130630630630631,0.10472972972972973,0.14602102102102102,0.5209880696418302
GABRP,0.0,697,0.0,867,0.0,686,7.356478880441365,0.9591435107313463,1.8618975124732708,0.8137324780232833,0.8864379900367533,0.21509009009009009,0.02364864864864865,0.22747747747747749,0.1554054054054054,0.5209216977210793
DPYSL3,0.0,748,0.0,755,0.0,736,5.0255295397968105,0.9904797147278477,1.1041630981230695,0.7714421477785698,0.8809606640949522,0.15765765765765766,0.14977477477477477,0.17117117117117117,0.15953453453453456,0.5202475993147434
C11orf80,0.0,731,0.0,743,0.0,771,2.276170614949876,0.9554094059072866,0.5339745735329053,0.809455927773818,0.8824326606023597,0.1768018018018018,0.16328828828828829,0.13175675675675674,0.15728228228228228,0.519857471442321
ALDOC,0.0,749,0.0,756,0.0,737,3.355505910650608,0.9835833950077373,0.5871031313851285,0.7780945592777382,0.8808388136496258,0.15653153153153154,0.14864864864864866,0.17004504504504506,0.15840840840840842,0.5196236110290171
MX2,0.0,750,0.0,757,0.0,738,3.072373134629616,0.9559644755432954,0.8187508030411026,0.8056545497742932,0.8808094746363776,0.1554054054054054,0.14752252252252251,0.16891891891891891,0.15728228228228228,0.5190458784593299
BZW1,0.0,674,0.0,875,0.0,716,2.7408931743255063,0.9814135773397026,0.5623715205511992,0.7950819672131146,0.8882475514472714,0.240990990990991,0.01463963963963964,0.19369369369369369,0.14977477477477477,0.5190111631110231
ZNF532,0.0,733,0.0,745,0.0,772,2.3092420069972417,0.9476720715871627,0.6714148134948905,0.8170586837728676,0.882365365483846,0.17454954954954954,0.16103603603603603,0.13063063063063063,0.1554054054054054,0.5188853854446257
ARPC1B,0.0,725,0.0,850,0.0,687,3.6635266500706463,0.9923299468478772,0.6546504846756962,0.7804704205274412,0.8864000866124526,0.18355855855855857,0.04279279279279279,0.22635135135135134,0.15090090090090091,0.5186504937566767
MOCOS,0.0,751,0.0,758,0.0,739,2.655476280024221,0.9421718361030748,0.5154678712283189,0.8194345450225706,0.8808021900784854,0.15427927927927929,0.1463963963963964,0.1677927927927928,0.15615615615615616,0.5184791731173207
VDR,0.0,676,0.0,876,0.0,718,4.114847547601426,0.9867960707797888,0.5728822903302451,0.7894986932763127,0.8881473226597861,0.23873873873873874,0.013513513513513514,0.19144144144144143,0.1478978978978979,0.518022610278842
KIF11,0.0,693,0.0,870,0.0,706,4.233859035860863,0.99312050057189,0.5949035043953432,0.7804704205274412,0.886794067038381,0.2195945945945946,0.02027027027027027,0.20495495495495494,0.14827327327327325,0.5175336701558272
SMURF1,0.0,736,0.0,746,0.0,776,1.7933488764044938,0.9374957949269999,0.5166524590163943,0.826086956521739,0.8817913593769845,0.17117117117117117,0.15990990990990991,0.12612612612612611,0.1524024024024024,0.5170968808896934
LBH,0.0,747,0.0,754,0.0,758,3.87246269932046,0.9798324698916773,0.6725544357329527,0.7821335234022333,0.8809828779993721,0.15878378378378377,0.15090090090090091,0.1463963963963964,0.15202702702702703,0.5165049525131996
KIAA1524,0.0,680,0.0,878,0.0,722,3.2100937226670254,0.9778813160196461,0.6360988334521265,0.7980517937752436,0.8879664535735128,0.23423423423423423,0.01126126126126126,0.18693693693693694,0.14414414414414414,0.5160552988588285
TUBB,0.0,738,0.0,748,0.0,778,2.582432934131737,0.9888649666958219,0.5332817177476823,0.7745307674031836,0.8816959491390683,0.16891891891891891,0.15765765765765766,0.12387387387387387,0.15015015015015015,0.5159230496446092
TPI1,0.0,673,0.0,881,0.0,727,2.5103876505416114,0.9896050595438336,0.5712524851508682,0.7854597291518175,0.887532326851111,0.24211711711711711,0.007882882882882882,0.18130630630630631,0.14376876876876876,0.5156505478099399
NPC1,0.0,681,0.0,879,0.0,723,2.012971789006257,0.9681087263674897,0.7948975766215263,0.8077928248990259,0.8879507116774729,0.23310810810810811,0.010135135135135136,0.1858108108108108,0.14301801801801803,0.5154843648477454
TBL1XR1,0.0,739,0.0,749,0.0,779,1.8060045011101393,0.9658043463634528,0.5236206343549545,0.797576621525303,0.8816898266501787,0.1677927927927928,0.15653153153153154,0.12274774774774774,0.14902402402402404,0.5153569253371013
IL1RN,0.0,700,0.0,873,0.0,713,6.045083583395007,0.9702785440355245,0.8281008766928002,0.8066048942741745,0.8884417111341799,0.21171171171171171,0.016891891891891893,0.19707207207207209,0.14189189189189189,0.515166801513036
SFXN1,0.0,698,0.0,874,0.0,715,2.0529107885352893,0.9756946780596111,0.519312064623425,0.800902827274887,0.888298689982581,0.21396396396396397,0.015765765765765764,0.19481981981981983,0.14151651651651653,0.5149076032495488
B4GALT4,0.0,740,0.0,750,0.0,780,2.478658628809796,0.9886294826078181,0.5415472772630077,0.7745307674031837,0.881580032174441,0.16666666666666666,0.1554054054054054,0.12162162162162163,0.1478978978978979,0.5147389650361694
TFAP2A,0.0,691,0.0,886,0.0,708,5.183940782479984,0.9813967570477024,0.6007826752197665,0.7928248990258969,0.887110805348805,0.22184684684684686,0.0022522522522522522,0.20270270270270271,0.14226726726726727,0.5146890363080362
ABLIM3,0.0,744,0.0,753,0.0,773,3.7066098600551705,0.9748200228755971,0.6525038417676425,0.7875980042765502,0.8812068130649029,0.16216216216216217,0.15202702702702703,0.12950450450450451,0.1478978978978979,0.5145523554814004
YEATS2,0.0,692,0.0,887,0.0,707,1.6033841283724684,0.9491354369911862,0.5707135923022104,0.8246614397719172,0.8868984358266231,0.22072072072072071,0.0011261261261261261,0.20382882882882883,0.14189189189189189,0.5143951638592574
NCAPG,0.0,684,0.0,880,0.0,726,4.816230686940726,0.988814505819821,0.775053578047042,0.7864100736516988,0.8876117399923992,0.22972972972972974,0.009009009009009009,0.18243243243243243,0.1403903903903904,0.5140010651913948
MPZL2,0.0,742,0.0,751,0.0,782,2.6869268350938578,0.9223238915427571,0.8982402542171508,0.8408172962698979,0.881570593700161,0.16441441441441443,0.15427927927927929,0.11936936936936937,0.14602102102102102,0.513795807360591
PMEPA1,0.0,743,0.0,752,0.0,783,3.483698751934334,0.9625243894234004,0.7845056711808036,0.8001900688999762,0.8813571988753226,0.16328828828828829,0.15315315315315314,0.11824324324324324,0.1448948948948949,0.5131260468851088
ARHGAP42,0.0,685,0.0,882,0.0,728,3.5523823588777503,0.9711363789275382,0.5448091589451174,0.8037538607745307,0.8874450629205975,0.2286036036036036,0.006756756756756757,0.18018018018018017,0.13851351351351351,0.5129792882170555
KIF18A,0.0,690,0.0,885,0.0,721,4.067732624638364,0.9806398439076903,0.595718127821335,0.7940128296507484,0.8873257617859792,0.22297297297297297,0.0033783783783783786,0.18806306306306306,0.13813813813813813,0.5127319499620586
PADI1,0.0,754,0.0,851,0.0,690,8.016432903855211,0.9536937361232591,1.143900392017105,0.8184842005226896,0.886088967263924,0.15090090090090091,0.041666666666666664,0.22297297297297297,0.13851351351351351,0.5123012403887188
DDX60L,0.0,723,0.0,871,0.0,710,2.099600719908497,0.9622216241673955,0.9631044452363966,0.8149204086481349,0.8885710034273899,0.1858108108108108,0.019144144144144143,0.20045045045045046,0.13513513513513511,0.5118530692812625
ARL4C,0.0,688,0.0,883,0.0,730,4.195261989504138,0.9767711767476283,0.8434686101211684,0.7980517937752435,0.8874114708887867,0.22522522522522523,0.00563063063063063,0.17792792792792791,0.13626126126126126,0.511836366075024
TES,0.0,724,0.0,872,0.0,711,2.386037764919599,0.9654679405234474,0.6598700403896425,0.8115942028985508,0.8885310575535794,0.18468468468468469,0.018018018018018018,0.19932432432432431,0.134009009009009,0.5112700332812942
KIF26B,0.0,689,0.0,884,0.0,731,5.4283354134427775,0.9888649666958218,0.678089204086481,0.785934901401758,0.8873998075127403,0.22409909909909909,0.0045045045045045045,0.1768018018018018,0.13513513513513511,0.5112674713239377
SHCBP1,0.0,759,0.0,852,0.0,694,4.5489043059947525,0.9823891542757182,0.7367754692325965,0.7890235210263721,0.8857060553201543,0.14527027027027026,0.04054054054054054,0.21846846846846846,0.13475975975975976,0.5102329075399571
DHRS9,0.0,760,0.0,853,0.0,695,7.499993325708135,0.9814303976317029,1.253235117605132,0.789736279401283,0.8855832996552976,0.14414414414414414,0.039414414414414414,0.21734234234234234,0.13363363363363365,0.5096084666444656
CHML,0.0,729,0.0,804,0.0,769,1.9418901231245376,0.9462087061831393,0.6346140841054879,0.8191969588976004,0.8827028173174772,0.17905405405405406,0.0945945945945946,0.134009009009009,0.1358858858858859,0.5092943516016816
TSC22D1,0.0,730,0.0,803,0.0,770,2.8048522169144854,0.9720110341115522,0.7015341910192454,0.7933000712758376,0.8826555156760723,0.17792792792792791,0.09572072072072071,0.13288288288288289,0.13551051051051052,0.5090830130932914
GPX8,0.0,762,0.0,854,0.0,697,3.4631343470362648,0.9711363789275381,1.0833929959610336,0.7990021382751248,0.8850692429041941,0.14189189189189189,0.038288288288288286,0.21509009009009009,0.13175675675675677,0.5084129998304754
ENTPD1,0.0,728,0.0,816,0.0,767,3.7863991522572835,0.9900423871358407,0.847431672606322,0.7757186980280353,0.8828803441891542,0.18018018018018017,0.08108108108108109,0.13626126126126126,0.1325075075075075,0.5076939258483308
AK4,0.0,765,0.0,856,0.0,700,4.60719602368297,0.9790250958756644,0.5861119493941551,0.7904490377761939,0.8847370194438512,0.13851351351351351,0.036036036036036036,0.21171171171171171,0.12875375375375375,0.5067453865988025
TAP1,0.0,767,0.0,857,0.0,702,3.1130749613133277,0.9774103478436386,0.5616076407697772,0.7916369684010455,0.8845235478776418,0.13626126126126126,0.03490990990990991,0.20945945945945946,0.12687687687687688,0.5057002123772594
ATP2C1,0.0,686,0.0,815,0.0,843,2.2060085817129784,0.9781840812756509,0.5056042385364687,0.8037538607745308,0.8909689224799526,0.22747747747747749,0.08220720720720721,0.05067567567567568,0.12012012012012012,0.5055445213000364
SULF2,0.0,768,0.0,858,0.0,703,4.770973366749646,0.9924981497678799,1.0905409788548361,0.776431456402946,0.8844645591615385,0.13513513513513514,0.033783783783783786,0.20833333333333334,0.12575075075075073,0.5051076549561446
IFI6,0.0,752,0.0,805,0.0,768,4.84530861871762,0.985753212675772,0.7802435471608451,0.7797576621525303,0.8827553611472441,0.15315315315315314,0.09346846846846847,0.13513513513513514,0.12725225225225226,0.5050038066997482
ADAM28,0.0,770,0.0,859,0.0,705,3.908382769292875,0.9571587162753146,1.2280712758374897,0.8115942028985507,0.8843764560294337,0.13288288288288289,0.03265765765765766,0.20608108108108109,0.12387387387387387,0.5041251649516538
MSLN,0.0,721,0.0,848,0.0,785,10.09677201439817,0.9719101123595505,0.8181836944642438,0.8056545497742932,0.8887823273593676,0.18806306306306306,0.04504504504504504,0.11599099099099099,0.11636636636636637,0.502574346862867
COL12A1,0.0,702,0.0,818,0.0,845,4.877151308618717,0.9741640314875866,1.6498282418626733,0.807080066524115,0.8906220449953663,0.20945945945945946,0.07882882882882883,0.04842342342342342,0.11223723723723723,0.5014296411163018
ADGRF1,0.0,707,0.0,820,0.0,839,6.8026349021059005,0.9629785373074076,1.3791107008790688,0.8175338560228083,0.8902561963566377,0.20382882882882883,0.07657657657657657,0.05518018018018018,0.11186186186186185,0.5010590291092497
WDHD1,0.0,704,0.0,819,0.0,847,2.7577899650137927,0.9780663392316491,0.6059575742456658,0.8028035162746496,0.8904348663405551,0.2072072072072072,0.0777027027027027,0.04617117117117117,0.11036036036036034,0.5003976133504577
CDC42BPA,0.0,872,0.0,717,0.0,797,2.0498219673013525,0.972751126959564,0.5564880755523856,0.8184842005226893,0.8956176026412983,0.018018018018018018,0.19256756756756757,0.10247747747747747,0.10435435435435436,0.49998597849782633
PI3,0.0,874,0.0,718,0.0,798,7.1382457511942405,0.9570073336473122,0.7328657448325022,0.8339272986457591,0.8954673107701048,0.015765765765765764,0.19144144144144143,0.10135135135135136,0.10285285285285285,0.4991600818114788
FOXQ1,0.0,722,0.0,869,0.0,784,3.88408662786786,0.944745340779116,0.9997454430981225,0.8327393680209075,0.8887423538927757,0.18693693693693694,0.021396396396396396,0.11711711711711711,0.10848348348348348,0.49861291868812957
COL5A2,0.0,772,0.0,860,0.0,733,5.343861939043261,0.9867119693197874,1.3648090710382519,0.781895937277263,0.884303889959324,0.13063063063063063,0.03153153153153153,0.17454954954954954,0.11223723723723723,0.4982705635982806
RAD51AP1,0.0,709,0.0,821,0.0,852,3.5941173921819285,0.9810771714996972,0.5669857044428608,0.799239724400095,0.8901582746996196,0.20157657657657657,0.07545045045045046,0.04054054054054054,0.10585585585585584,0.49800706527773775
ANXA8L1,0.0,773,0.0,861,0.0,734,6.098039366211398,0.9399010966830385,1.3290043066444914,0.8287004038964125,0.8843007475206434,0.12950450450450451,0.030405405405405407,0.17342342342342343,0.11111111111111112,0.49770592931587726
TGM2,0.0,711,0.0,822,0.0,854,3.9257936116530985,0.9523985736392383,1.2623196555001188,0.8277500593965312,0.8900743136061193,0.19932432432432431,0.07432432432432433,0.038288288288288286,0.10397897897897897,0.49702664629254917
RARRES3,0.0,714,0.0,823,0.0,857,4.833516648725021,0.9904124335598465,0.6068959824186289,0.789023521026372,0.8897178815501019,0.19594594594594594,0.0731981981981982,0.03490990990990991,0.10135135135135133,0.4955346164507266
ENO1,0.0,717,0.0,824,0.0,860,3.14004131736527,0.9921953845118752,0.8517053480636729,0.7864100736516988,0.8893024463513459,0.19256756756756757,0.07207207207207207,0.03153153153153153,0.09872372372372373,0.4940130850375348
NPR3,0.0,719,0.0,847,0.0,838,4.262338131601965,0.9692693265155083,1.209425557139462,0.8087431693989071,0.889006242839461,0.19031531531531531,0.04617117117117117,0.05630630630630631,0.0975975975975976,0.49330192021852926
SIPA1L1,0.0,774,0.0,862,0.0,760,1.744183347910921,0.9664771580434637,0.543499717272514,0.8009028272748873,0.8836895735534559,0.12837837837837837,0.02927927927927928,0.14414414414414414,0.10060060060060061,0.49214508707702825
SEC23A,0.0,775,0.0,863,0.0,762,2.6329562739689165,0.974315414115589,0.7339629745782839,0.7925873129009267,0.8834512982073318,0.12725225225225226,0.028153153153153154,0.14189189189189189,0.09909909909909909,0.49127519865321545
EIF2AK2,0.0,777,0.0,864,0.0,764,2.1841334992935475,0.9723306196595572,0.5679384057971024,0.7942504157757186,0.8832904481696067,0.125,0.02702702702702703,0.13963963963963963,0.09722222222222221,0.49025633519591444
TMEM133,0.0,875,0.0,762,0.0,800,3.471813947386127,0.9770739420036332,0.8582379187455453,0.8134948918983131,0.895284389370935,0.01463963963963964,0.14189189189189189,0.0990990990990991,0.0852102102102102,0.49024729979057263
DAPP1,0.0,778,0.0,865,0.0,765,5.662225597120367,0.9767207158716275,0.6131385958660021,0.789736279401283,0.8832284398012445,0.12387387387387387,0.0259009009009009,0.13851351351351351,0.0960960960960961,0.4896622679486703
MR1,0.0,718,0.0,846,0.0,861,3.348262366278679,0.9895545986678328,0.6360213566167738,0.7887859349014018,0.8891701467827369,0.19144144144144143,0.0472972972972973,0.030405405405405407,0.08971471471471472,0.4894424307487258
BGN,0.0,779,0.0,817,0.0,844,4.61890540604185,0.9838020588037408,1.2279140698503195,0.7978142076502732,0.8908080947729742,0.12274774774774774,0.07995495495495496,0.04954954954954955,0.08408408408408408,0.48744608942852913
SLC25A24,0.0,795,0.0,806,0.0,841,2.7196393729395143,0.9734239386395747,0.5698504632929433,0.8087431693989071,0.8910835078404362,0.10472972972972973,0.09234234234234234,0.05292792792792793,0.08333333333333333,0.4872084205868848
SLC16A4,0.0,876,0.0,829,0.0,801,4.397477450716544,0.9830115050797281,0.8753903064861,0.8073176526490853,0.8951645734781968,0.013513513513513514,0.06644144144144144,0.09797297297297297,0.05930930930930931,0.47723694139375306
MET,0.0,877,0.0,830,0.0,802,3.3430843436722073,0.9509352082352149,1.3542566809218348,0.8391541933951057,0.8950447007791478,0.012387387387387387,0.06531531531531531,0.09684684684684684,0.05818318318318318,0.47661394198116547
ZC2HC1A,0.0,878,0.0,831,0.0,803,2.0836656125950346,0.9548879768552782,0.6870425968163465,0.8351152292706105,0.8950016026634209,0.01126126126126126,0.06418918918918919,0.09572072072072071,0.05705705705705705,0.47602932986023894
SGPP2,0.0,880,0.0,832,0.0,805,4.03385828567584,0.9724483617035592,0.8674134663815627,0.8168210976478972,0.8946347278981276,0.009009009009009009,0.06306306306306306,0.09346846846846847,0.05518018018018018,0.4749074540391539
RHOF,0.0,860,0.0,814,0.0,840,3.729495653636547,0.9784195653636546,0.510287006414825,0.8037538607745308,0.8910867011082716,0.03153153153153153,0.08333333333333333,0.05405405405405406,0.05630630630630631,0.47369650370728894
FAT1,0.0,883,0.0,833,0.0,808,2.454949465114713,0.9630626387674092,0.7834249703017351,0.8246614397719173,0.8938620369727832,0.00563063063063063,0.061936936936936936,0.09009009009009009,0.052552552552552555,0.4732072947626679
LIPH,0.0,884,0.0,834,0.0,809,3.8112118448496264,0.960371392047366,1.4746664742219027,0.8265621287716798,0.8934667589734507,0.0045045045045045045,0.060810810810810814,0.08896396396396396,0.05142642642642642,0.4724465926999386
TNIK,0.0,886,0.0,836,0.0,812,2.5504338558837385,0.9642905200834287,0.7349490757899746,0.8225231646471847,0.8934068262341665,0.0022522522522522522,0.05855855855855856,0.08558558558558559,0.0487987987987988,0.4711028125164826
DCBLD1,0.0,857,0.0,812,0.0,863,2.0134696763775812,0.9581511135033304,0.7150127037301006,0.824423853646947,0.8912874826791831,0.03490990990990991,0.08558558558558559,0.028153153153153154,0.04954954954954954,0.47041851611436636
SLC22A3,0.0,859,0.0,813,0.0,862,4.567738168606607,0.965434299939447,1.1269864005702064,0.8170586837728676,0.8912464897735295,0.03265765765765766,0.08445945945945946,0.02927927927927928,0.0487987987987988,0.47002264428616414
KDM5B,0.0,845,0.0,828,0.0,865,1.9644627598735114,0.9668808450514701,0.5230161511047742,0.8180090282727488,0.8924449346178173,0.04842342342342342,0.06756756756756757,0.0259009009009009,0.04729729729729729,0.46987111595755726
TRAK1,0.0,850,0.0,807,0.0,881,2.911829657538855,0.9850972212877616,0.6629470087906855,0.7987645521501545,0.8919308721590578,0.04279279279279279,0.09121621621621621,0.007882882882882882,0.04729729729729729,0.4696140847281775
DCBLD2,0.0,837,0.0,840,0.0,867,2.6856495895848758,0.9487822108591806,1.0971434497505346,0.8374910905203137,0.8931366505050103,0.057432432432432436,0.05405405405405406,0.02364864864864865,0.04504504504504505,0.4690908477750277
ADAM19,0.0,851,0.0,809,0.0,883,4.797949818340847,0.981127632375698,0.7558750582086002,0.8023283440247089,0.8917279796131601,0.041666666666666664,0.08896396396396396,0.00563063063063063,0.04542042042042042,0.46857420001679023
CALU,0.0,846,0.0,827,0.0,876,2.468475967166791,0.9766534347036264,0.8357273889284871,0.8075552387740556,0.8921043282375055,0.0472972972972973,0.0686936936936937,0.013513513513513514,0.043168168168168174,0.46763624820283684
PTPN12,0.0,839,0.0,842,0.0,870,2.19288980353899,0.9651147143914418,0.6956480019006905,0.8203848895224519,0.8927497876439549,0.05518018018018018,0.0518018018018018,0.02027027027027027,0.04241741741741741,0.46758360253068615
MATN3,0.0,853,0.0,810,0.0,885,6.218921977393528,0.9836002152997375,1.2314796103587535,0.7994773105250653,0.8915387497647483,0.039414414414414414,0.08783783783783784,0.0033783783783783786,0.04354354354354354,0.4675411466541459
MAP4K4,0.0,847,0.0,826,0.0,878,3.130812887707731,0.9883603579358137,0.8538855452601561,0.7956759325255406,0.8920179558578709,0.04617117117117117,0.06981981981981981,0.01126126126126126,0.04241741741741742,0.4672176866376442
DEPDC1B,0.0,840,0.0,843,0.0,871,5.299510667429187,0.985753212675772,0.6201251817533855,0.7997148966500357,0.8927336198848791,0.05405405405405406,0.05067567567567568,0.019144144144144143,0.0412912912912913,0.4670124555880852
KCNK1,0.0,885,0.0,835,0.0,836,4.062231588508377,0.9800847742716814,0.7447138512710865,0.8068424803991446,0.8934636233698721,0.0033783783783783786,0.059684684684684686,0.05855855855855856,0.040540540540540536,0.4670020819552063
ANTXR2,0.0,854,0.0,811,0.0,886,3.418504262261992,0.9588575657673417,1.0283505060584446,0.8241862675219768,0.8915219137458209,0.038288288288288286,0.08671171171171171,0.0022522522522522522,0.04241741741741742,0.4669696655816192
ACTN1,0.0,841,0.0,844,0.0,872,2.860349465114715,0.9809257888716948,0.8875183131385134,0.8044666191494416,0.8926961810909317,0.05292792792792793,0.04954954954954955,0.018018018018018018,0.04016516516516517,0.4664306731280485
RAI14,0.0,887,0.0,837,0.0,837,2.7226537105564157,0.9717587297315481,0.9455792183416483,0.8149204086481351,0.893339568219661,0.0011261261261261261,0.057432432432432436,0.057432432432432436,0.03866366366366367,0.46600161594166234
TRIM31,0.0,842,0.0,845,0.0,873,6.657594378658413,0.966073471035457,1.2710533206620722,0.8191969588976004,0.892635205424484,0.0518018018018018,0.04842342342342342,0.016891891891891893,0.03903903903903904,0.46583712223176155
ITPR3,0.0,864,0.0,838,0.0,864,2.5856613436049245,0.9357969454349728,0.7933461582323575,0.8505583273936802,0.8931776363139412,0.02702702702702703,0.05630630630630631,0.02702702702702703,0.03678678678678679,0.464982211550364
KYNU,0.0,862,0.0,839,0.0,866,5.813112416739555,0.9851813227477628,1.1749380684248063,0.8011404133998574,0.8931608515886497,0.02927927927927928,0.05518018018018018,0.024774774774774775,0.03641141141141141,0.46478613150003056
PLEKHB2,0.0,861,0.0,841,0.0,868,2.426476061360425,0.987250218663796,0.5327591541933936,0.7987645521501544,0.8930072853894423,0.030405405405405407,0.05292792792792793,0.02252252252252252,0.03528528528528529,0.4641462853373638
