gene_A,gene_B,gene_A_auc,gene_B_auc,gene_A_log2fc,gene_B_log2fc,correlation,abs_correlation,tumor_AND_activation,normal_AND_activation,AND_sensitivity,AND_specificity,pair_score
UBE2S,CCR6,0.9958958487519344,0.9963836372199422,3.778860169548543,8.924084125008408,0.7136013100588994,0.7136013100588994,0.9325842696629213,0.005988023952095809,0.9325842696629213,0.9940119760479041,0.26446670062515426
RNASET2,AC000089.3,0.9965686604319453,0.9984525331359752,2.8389652694610765,3.0299632409338626,0.7234338064245995,0.7234338064245995,0.9438202247191011,0.0,0.9438202247191011,1.0,0.26037896111806674
IFI27,AC000089.3,0.9963331763439413,0.9984525331359752,6.051113907017427,3.0299632409338626,0.7244575639600407,0.7244575639600407,0.9382022471910112,0.0,0.9382022471910112,1.0,0.25784054775062276
CCR6,GAPDH,0.9963836372199422,0.9971741909439548,8.924084125008408,3.5851202650878014,0.7231655567861296,0.7231655567861296,0.9382022471910112,0.005988023952095809,0.9382022471910112,0.9940119760479041,0.2573398546296383
CCR6,MRPL17,0.9963836372199422,0.9952398573639238,8.924084125008408,2.2809577406983785,0.728086147375367,0.728086147375367,0.9382022471910112,0.005988023952095809,0.9382022471910112,0.9940119760479041,0.2525205137268135
PTTG1,CCR6,0.9954417008679272,0.9963836372199422,5.344155052815717,8.924084125008408,0.730828319966609,0.730828319966609,0.9382022471910112,0.0,0.9382022471910112,1.0,0.2515052708480155
MAN2B1,AC000089.3,0.9949202718159188,0.9984525331359752,2.349282665007065,3.0299632409338626,0.729690907337262,0.729690907337262,0.9325842696629213,0.0,0.9325842696629213,1.0,0.25125069619295076
DYNLRB1,CCR6,0.9958958487519344,0.9963836372199422,2.7184927538182064,8.924084125008408,0.7306223095039975,0.7306223095039975,0.9325842696629213,0.005988023952095809,0.9325842696629213,0.9940119760479041,0.24874914421624245
CCR6,POC1A,0.9963836372199422,0.9949539123999191,8.924084125008408,3.774388256072125,0.7342420017894945,0.7342420017894945,0.9382022471910112,0.0,0.9382022471910112,1.0,0.2482548261752267
CCR6,SHFM1,0.9963836372199422,0.996064051671937,8.924084125008408,2.8740591939716085,0.7358798916886705,0.7358798916886705,0.9438202247191011,0.005988023952095809,0.9438202247191011,0.9940119760479041,0.24685350345020618
UBE2T,CCR6,0.9959463096279352,0.9963836372199422,5.646122027854405,8.924084125008408,0.7377883747120706,0.7377883747120706,0.9325842696629213,0.0,0.9325842696629213,1.0,0.24359664100135986
BOLA2B,AC000089.3,0.9969050662719504,0.9984525331359752,2.9417004743322352,3.0299632409338626,0.7383890830218829,0.7383890830218829,0.9325842696629213,0.0,0.9325842696629213,1.0,0.24340791290039346
MISP,AC000089.3,0.996366816927942,0.9984525331359752,7.767093157505214,3.0299632409338626,0.7482763878712202,0.7482763878712202,0.9662921348314607,0.0,0.9662921348314607,1.0,0.24260847967108298
CCR6,PIGU,0.9963836372199422,0.9947352486039158,8.924084125008408,2.392829610442038,0.7375479489236599,0.7375479489236599,0.9325842696629213,0.005988023952095809,0.9325842696629213,0.9940119760479041,0.24221267708445762
EPHX4,AC000089.3,0.9968377851039494,0.9984525331359752,7.818003390970866,3.0299632409338626,0.743392620742031,0.743392620742031,0.9438202247191011,0.0,0.9438202247191011,1.0,0.24162091253638793
HLA-A,AC000089.3,0.9976787997039628,0.9984525331359752,4.352046642669716,3.0299632409338626,0.7439951720298953,0.7439951720298953,0.9438202247191011,0.0,0.9438202247191011,1.0,0.24115515568220017
LGALS3BP,AC000089.3,0.997746080871964,0.9984525331359752,4.172795868936285,3.0299632409338626,0.744525078599403,0.744525078599403,0.9438202247191011,0.0,0.9438202247191011,1.0,0.24066409807386155
AC000089.3,GRN,0.9984525331359752,0.9967368633519478,3.0299632409338626,3.5322372199421377,0.7434606235484726,0.7434606235484726,0.9382022471910112,0.0,0.9382022471910112,1.0,0.24010689745555538
CCR6,CKS2,0.9963836372199422,0.9946511471439144,8.924084125008408,4.81815380475005,0.744476405420232,0.744476405420232,0.9438202247191011,0.0,0.9438202247191011,1.0,0.24008727338683425
CCR6,TCEB2,0.9963836372199422,0.9960304110879364,8.924084125008408,2.6273445132207485,0.742888715225489,0.742888715225489,0.9382022471910112,0.005988023952095809,0.9382022471910112,0.9940119760479041,0.2388684677997052
CCR6,BOLA2B,0.9963836372199422,0.9969050662719504,8.924084125008408,2.9417004743322352,0.7409550765727562,0.7409550765727562,0.9213483146067416,0.0,0.9213483146067416,1.0,0.23786970901283533
SMYD3,CCR6,0.9947857094799164,0.9963836372199422,3.0911119121307946,8.924084125008408,0.7424125021247279,0.7424125021247279,0.9325842696629213,0.005988023952095809,0.9325842696629213,0.9940119760479041,0.2377292856369357
RNASET2,CCDC96,0.9965686604319453,0.9951725761959228,2.8389652694610765,2.658767960707798,0.7457617647775899,0.7457617647775899,0.9382022471910112,0.0,0.9382022471910112,1.0,0.23754191506273864
BLOC1S1,AC000089.3,0.995122115319922,0.9984525331359752,2.293008490883402,3.0299632409338626,0.7496925249594164,0.7496925249594164,0.949438202247191,0.0,0.949438202247191,1.0,0.2368879819624314
CCR6,CCNB1,0.9963836372199422,0.9945165848079124,8.924084125008408,3.72830410078719,0.7437566617584678,0.7437566617584678,0.9269662921348315,0.0,0.9269662921348315,1.0,0.23644820683906506
TEX264,CCR6,0.9965686604319453,0.9963836372199422,1.974107619592277,8.924084125008408,0.7474931159810102,0.7474931159810102,0.9325842696629213,0.0,0.9325842696629213,1.0,0.23465413763101597
CCR6,ATP5E,0.9963836372199422,0.9953575994079256,8.924084125008408,2.903379583529571,0.7446239691665605,0.7446239691665605,0.9269662921348315,0.005988023952095809,0.9269662921348315,0.9940119760479041,0.23433578329098695
COX7B,CCR6,0.9969387068559512,0.9963836372199422,2.605707387472245,8.924084125008408,0.7473062538154374,0.7473062538154374,0.9325842696629213,0.005988023952095809,0.9325842696629213,0.9940119760479041,0.2334649749917559
GTF3A,CCR6,0.9957276458319316,0.9963836372199422,1.6110134562336,8.924084125008408,0.7457034892703692,0.7457034892703692,0.9269662921348315,0.005988023952095809,0.9269662921348315,0.9940119760479041,0.23338855737375294
CCR6,NDUFC2,0.9963836372199422,0.9971741909439548,8.924084125008408,2.232745428244634,0.7475275403895033,0.7475275403895033,0.9325842696629213,0.005988023952095809,0.9325842696629213,0.9940119760479041,0.233288083833014
CCR6,TPX2,0.9963836372199422,0.9954080602839264,8.924084125008408,6.654686059341989,0.7475134754977615,0.7475134754977615,0.9269662921348315,0.0,0.9269662921348315,1.0,0.23308593520731
COX6B1,CCR6,0.9954921617439276,0.9963836372199422,2.311949498755298,8.924084125008408,0.749297608161695,0.749297608161695,0.9325842696629213,0.0,0.9325842696629213,1.0,0.2328513833974235
AC000089.3,S100A6,0.9984525331359752,0.9968377851039494,3.0299632409338626,6.411394479580163,0.749866518820752,0.749866518820752,0.9325842696629213,0.0,0.9325842696629213,1.0,0.23272123483686497
CCR6,SPA17,0.9963836372199422,0.9945502253919128,8.924084125008408,2.7632888784229293,0.7435884887424327,0.7435884887424327,0.9157303370786517,0.005988023952095809,0.9157303370786517,0.9940119760479041,0.23233978064854258
CCDC96,AC000089.3,0.9951725761959228,0.9984525331359752,2.658767960707798,3.0299632409338626,0.7518983070048771,0.7518983070048771,0.9382022471910112,0.0,0.9382022471910112,1.0,0.23202762563318186
PSMB3,AC000089.3,0.9950548341519208,0.9984525331359752,2.7755753481800447,3.0299632409338626,0.7522615537780848,0.7522615537780848,0.9382022471910112,0.0,0.9382022471910112,1.0,0.23167422965320777
CCR6,S100A6,0.9963836372199422,0.9968377851039494,8.924084125008408,6.411394479580163,0.7507532572313468,0.7507532572313468,0.9325842696629213,0.0,0.9325842696629213,1.0,0.23165577310037844
UQCR10,CCR6,0.9952903182399246,0.9963836372199422,2.180370561124943,8.924084125008408,0.7495199640740986,0.7495199640740986,0.9325842696629213,0.005988023952095809,0.9325842696629213,0.9940119760479041,0.23122834359275923
KIF4A,CCR6,0.996434098095943,0.9963836372199422,6.418663964206419,8.924084125008408,0.7515316588372042,0.7515316588372042,0.9325842696629213,0.0,0.9325842696629213,1.0,0.2308855376713495
CCR6,MRPL14,0.9963836372199422,0.9965350198479448,8.924084125008408,2.674413590795937,0.7518865877917582,0.7518865877917582,0.9325842696629213,0.0,0.9325842696629213,1.0,0.23056740115428181
AC000089.3,MDK,0.9984525331359752,0.9973592141559576,3.0299632409338626,5.13613744533405,0.7540231003066091,0.7540231003066091,0.9382022471910112,0.0,0.9382022471910112,1.0,0.23029280577830522
SERTAD3,AC000089.3,0.9945502253919128,0.9984525331359752,3.3380839063446146,3.0299632409338626,0.7543361173994121,0.7543361173994121,0.9382022471910112,0.0,0.9382022471910112,1.0,0.22967603618213026
NUDT1,CCR6,0.9945838659759132,0.9963836372199422,3.1617194577137866,8.924084125008408,0.752901416561013,0.752901416561013,0.9382022471910112,0.005988023952095809,0.9382022471910112,0.9940119760479041,0.22939952655145213
CCR6,NDUFA13,0.9963836372199422,0.998990782479984,8.924084125008408,2.554904174796474,0.7540527942319232,0.7540527942319232,0.9382022471910112,0.005988023952095809,0.9382022471910112,0.9940119760479041,0.22883601869585646
AC009065.4,AC000089.3,1.0,0.9984525331359752,11.75384606741573,3.0299632409338626,0.7658555652361381,0.7658555652361381,0.9775280898876404,0.0,0.9775280898876404,1.0,0.22870566782751234
PSMB3,CCR6,0.9950548341519208,0.9963836372199422,2.7755753481800447,8.924084125008408,0.7542765222134644,0.7542765222134644,0.9325842696629213,0.0,0.9325842696629213,1.0,0.22817687932371852
CCR6,BLOC1S1,0.9963836372199422,0.995122115319922,8.924084125008408,2.293008490883402,0.7558924557332596,0.7558924557332596,0.9438202247191011,0.005988023952095809,0.9438202247191011,0.9940119760479041,0.2280413837258343
MAD2L1,CCR6,0.9951389356119222,0.9963836372199422,4.156349323824261,8.924084125008408,0.7549100942285132,0.7549100942285132,0.9325842696629213,0.0,0.9325842696629213,1.0,0.22759816076698597
TEX264,AC000089.3,0.9965686604319453,0.9984525331359752,1.974107619592277,3.0299632409338626,0.7571641411848122,0.7571641411848122,0.9382022471910112,0.0,0.9382022471910112,1.0,0.2272619898241367
ATOX1,AC000089.3,0.9969723474399516,0.9984525331359752,2.821290462894436,3.0299632409338626,0.7559781465662933,0.7559781465662933,0.9325842696629213,0.0,0.9325842696629213,1.0,0.2270503598477936
MAN2B1,SPA17,0.9949202718159188,0.9945502253919128,2.349282665007065,2.7632888784229293,0.753420489208381,0.753420489208381,0.9157303370786517,0.0,0.9157303370786517,1.0,0.2246115558863657
CCR6,PKM,0.9963836372199422,0.9953239588239252,8.924084125008408,4.02694682432887,0.7574567212245196,0.7574567212245196,0.9325842696629213,0.005988023952095809,0.9325842696629213,0.9940119760479041,0.22390538099153232
CCR6,EPHX4,0.9963836372199422,0.9968377851039494,8.924084125008408,7.818003390970866,0.7592003999201514,0.7592003999201514,0.9438202247191011,0.011976047904191617,0.9438202247191011,0.9880239520958084,0.2237886540447842
LGALS3BP,CCR6,0.997746080871964,0.9963836372199422,4.172795868936285,8.924084125008408,0.7597315860333455,0.7597315860333455,0.9382022471910112,0.005988023952095809,0.9382022471910112,0.9940119760479041,0.22341286473374317
CCR6,NDUFA1,0.9963836372199422,0.995879028459934,8.924084125008408,2.1289500067281164,0.7609746852512944,0.7609746852512944,0.9438202247191011,0.005988023952095809,0.9438202247191011,0.9940119760479041,0.2233785131657982
CCR6,OCIAD2,0.9963836372199422,0.996938706855951,8.924084125008408,3.9669676209379,0.7615455635194562,0.7615455635194562,0.9382022471910112,0.0,0.9382022471910112,1.0,0.22297153061481978
CCR6,PSMB6,0.9963836372199422,0.9951052950279218,8.924084125008408,1.9886599845253323,0.7593636731518094,0.7593636731518094,0.9325842696629213,0.005988023952095809,0.9325842696629213,0.9940119760479041,0.22212057745713498
CD63,AC000089.3,0.9978470026239656,0.9984525331359752,2.327627726569334,3.0299632409338626,0.764803547587313,0.764803547587313,0.9438202247191011,0.0,0.9438202247191011,1.0,0.22157244818068486
RNASET2,PSMB6,0.9965686604319453,0.9951052950279218,2.8389652694610765,1.9886599845253323,0.7636679592588028,0.7636679592588028,0.9382022471910112,0.0,0.9382022471910112,1.0,0.22080419621989347
TP53TG1,CCR6,0.9946006862679136,0.9963836372199422,2.8377416134024083,8.924084125008408,0.7607820243163373,0.7607820243163373,0.9325842696629213,0.005988023952095809,0.9325842696629213,0.9940119760479041,0.2207554114779064
TCEB2,AC000089.3,0.9960304110879364,0.9984525331359752,2.6273445132207485,3.0299632409338626,0.7656535899758721,0.7656535899758721,0.9438202247191011,0.0,0.9438202247191011,1.0,0.2205707477415227
CCR6,MGST2,0.9963836372199422,0.9968377851039494,8.924084125008408,2.420642397228016,0.761258577159201,0.761258577159201,0.9325842696629213,0.005988023952095809,0.9325842696629213,0.9940119760479041,0.2205631882711368
CCR6,COX7A2,0.9963836372199422,0.9967705039359482,8.924084125008408,2.320042726905739,0.7626972783955938,0.7626972783955938,0.9382022471910112,0.005988023952095809,0.9382022471910112,0.9940119760479041,0.22054727465556745
UQCR10,AC000089.3,0.9952903182399246,0.9984525331359752,2.180370561124943,3.0299632409338626,0.7643249921144054,0.7643249921144054,0.9382022471910112,0.0,0.9382022471910112,1.0,0.22041906036718292
TP53TG1,AC000089.3,0.9946006862679136,0.9984525331359752,2.8377416134024083,3.0299632409338626,0.7643718449212261,0.7643718449212261,0.9382022471910112,0.0,0.9382022471910112,1.0,0.2202990130936671
SNRPD1,CCR6,0.9946847877279148,0.9963836372199422,3.0110962154343013,8.924084125008408,0.7654714193524179,0.7654714193524179,0.9382022471910112,0.0,0.9382022471910112,1.0,0.219052610757766
PSMB6,AC000089.3,0.9951052950279218,0.9984525331359752,1.9886599845253323,3.0299632409338626,0.7657776388926444,0.7657776388926444,0.9382022471910112,0.0,0.9382022471910112,1.0,0.21904011852042746
COX7B,AC000089.3,0.9969387068559512,0.9984525331359752,2.605707387472245,3.0299632409338626,0.7662495714966677,0.7662495714966677,0.9382022471910112,0.0,0.9382022471910112,1.0,0.2187998148383278
MGST2,AC000089.3,0.9968377851039494,0.9984525331359752,2.420642397228016,3.0299632409338626,0.7662601994409666,0.7662601994409666,0.9382022471910112,0.0,0.9382022471910112,1.0,0.21877880082624337
UBE2T,AC000089.3,0.9959463096279352,0.9984525331359752,5.646122027854405,3.0299632409338626,0.7648299560177299,0.7648299560177299,0.9325842696629213,0.0,0.9325842696629213,1.0,0.21870167233927598
PSMB6,LINC00920,0.9951052950279218,0.9959799502119356,1.9886599845253323,5.25366450581982,0.764556828191446,0.764556828191446,0.9325842696629213,0.0,0.9325842696629213,1.0,0.21859188940943944
CCR6,MDK,0.9963836372199422,0.9973592141559576,8.924084125008408,5.13613744533405,0.7649856380272224,0.7649856380272224,0.9325842696629213,0.0,0.9325842696629213,1.0,0.21848500530771434
MRPL14,AC000089.3,0.9965350198479448,0.9984525331359752,2.674413590795937,3.0299632409338626,0.7684710626923731,0.7684710626923731,0.9438202247191011,0.0,0.9438202247191011,1.0,0.2179740294330452
KIF4A,BLOC1S1,0.996434098095943,0.995122115319922,6.418663964206419,2.293008490883402,0.7691647127215853,0.7691647127215853,0.9438202247191011,0.0,0.9438202247191011,1.0,0.21694720143267918
DNASE2,RNASET2,0.9956603646639306,0.9965686604319453,2.26181778914082,2.8389652694610765,0.767955472545658,0.767955472545658,0.9382022471910112,0.0,0.9382022471910112,1.0,0.21685880823717946
CCR6,LINC01420,0.9963836372199422,0.994869810939918,8.924084125008408,2.968724063109736,0.7665173897625861,0.7665173897625861,0.9382022471910112,0.005988023952095809,0.9382022471910112,0.9940119760479041,0.21678996278545534
CCR6,MND1,0.9963836372199422,0.9950548341519208,8.924084125008408,5.538897867186975,0.7657766997239955,0.7657766997239955,0.9269662921348315,0.0,0.9269662921348315,1.0,0.21618767703684738
MRPL17,AC000089.3,0.9952398573639238,0.9984525331359752,2.2809577406983785,3.0299632409338626,0.770337929766707,0.770337929766707,0.9438202247191011,0.0,0.9438202247191011,1.0,0.2160760889443137
AC000089.3,ATP5L,0.9984525331359752,0.997611518535962,3.0299632409338626,2.3200297147278457,0.7693584345847907,0.7693584345847907,0.9382022471910112,0.0,0.9382022471910112,1.0,0.21596258811878935
NPC2,COX7B,0.9945838659759134,0.9969387068559512,2.7663828399381023,2.605707387472245,0.7664759850786178,0.7664759850786178,0.9325842696629213,0.005988023952095809,0.9325842696629213,0.9940119760479041,0.21555916319593768
COX6B1,AC000089.3,0.9954921617439276,0.9984525331359752,2.311949498755298,3.0299632409338626,0.7696530204624102,0.7696530204624102,0.9382022471910112,0.0,0.9382022471910112,1.0,0.21545774162277517
AC000089.3,NDUFC2,0.9984525331359752,0.9971741909439548,3.0299632409338626,2.232745428244634,0.7699807869976916,0.7699807869976916,0.9382022471910112,0.0,0.9382022471910112,1.0,0.2153326561312167
NUDT1,AC000089.3,0.9945838659759132,0.9984525331359752,3.1617194577137866,3.0299632409338626,0.7711312753085474,0.7711312753085474,0.9438202247191011,0.0,0.9438202247191011,1.0,0.21525882421339412
ATP5E,AC000089.3,0.9953575994079256,0.9984525331359752,2.903379583529571,3.0299632409338626,0.7714727631060487,0.7714727631060487,0.9438202247191011,0.0,0.9438202247191011,1.0,0.21502108606988377
RNASET2,SPA17,0.9965686604319453,0.9945502253919128,2.8389652694610765,2.7632888784229293,0.7656282111614419,0.7656282111614419,0.9213483146067416,0.0,0.9213483146067416,1.0,0.21497916738754774
NPC2,BOLA2B,0.9945838659759134,0.9969050662719504,2.7663828399381023,2.9417004743322352,0.7657495685920394,0.7657495685920394,0.9213483146067416,0.0,0.9213483146067416,1.0,0.21490778429722338
MISP,CCR6,0.996366816927942,0.9963836372199422,7.767093157505214,8.924084125008408,0.7729140068768652,0.7729140068768652,0.9550561797752809,0.005988023952095809,0.9550561797752809,0.9940119760479041,0.21479976625601985
PKM,AC000089.3,0.9953239588239252,0.9984525331359752,4.02694682432887,3.0299632409338626,0.7704734116550542,0.7704734116550542,0.9382022471910112,0.0,0.9382022471910112,1.0,0.21467226851786234
CCR6,CKLF,0.9963836372199422,0.9949875529839196,8.924084125008408,3.8934817230707113,0.7703371118530091,0.7703371118530091,0.9438202247191011,0.005988023952095809,0.9438202247191011,0.9940119760479041,0.21453291924610704
GBA,AC000089.3,0.9949202718159188,0.9984525331359752,2.296132345421516,3.0299632409338626,0.7695090406094529,0.7695090406094529,0.9325842696629213,0.0,0.9325842696629213,1.0,0.21423997780685505
NPC2,EPHX4,0.9945838659759134,0.9968377851039494,2.7663828399381023,7.818003390970866,0.7667146846820311,0.7667146846820311,0.9269662921348315,0.005988023952095809,0.9269662921348315,0.9940119760479041,0.2140307580490066
DYNLRB1,AC000089.3,0.9958958487519344,0.9984525331359752,2.7184927538182064,3.0299632409338626,0.7713666394830888,0.7713666394830888,0.9382022471910112,0.0,0.9382022471910112,1.0,0.21389818433412072
PSMB6,EPHX4,0.9951052950279218,0.9968377851039494,1.9886599845253323,7.818003390970866,0.7698069205693803,0.7698069205693803,0.9382022471910112,0.005988023952095809,0.9382022471910112,0.9940119760479041,0.2138096374622682
UBE2S,AC000089.3,0.9958958487519344,0.9984525331359752,3.778860169548543,3.0299632409338626,0.7715258115600019,0.7715258115600019,0.9382022471910112,0.0,0.9382022471910112,1.0,0.2137492707277624
BLOC1S1,MND1,0.995122115319922,0.9950548341519208,2.293008490883402,5.538897867186975,0.7683553944846713,0.7683553944846713,0.9269662921348315,0.0,0.9269662921348315,1.0,0.21367210525395336
CCR6,CD63,0.9963836372199422,0.9978470026239656,8.924084125008408,2.327627726569334,0.7703279252971693,0.7703279252971693,0.9382022471910112,0.005988023952095809,0.9382022471910112,0.9940119760479041,0.21357069856505065
CCR6,IFI27,0.9963836372199422,0.9963331763439413,8.924084125008408,6.051113907017427,0.7704946566221662,0.7704946566221662,0.9438202247191011,0.011976047904191617,0.9438202247191011,0.9880239520958084,0.21323826649422795
MAN2B1,MAD2L1,0.9949202718159188,0.9951389356119222,2.349282665007065,4.156349323824261,0.7692675072122677,0.7692675072122677,0.9269662921348315,0.0,0.9269662921348315,1.0,0.2128181687770387
MAN2B1,SHFM1,0.9949202718159188,0.996064051671937,2.349282665007065,2.8740591939716085,0.7726874328368604,0.7726874328368604,0.9382022471910112,0.0,0.9382022471910112,1.0,0.21230379647429704
NPC2,SHFM1,0.9945838659759134,0.996064051671937,2.7663828399381023,2.8740591939716085,0.7699820364846428,0.7699820364846428,0.9382022471910112,0.011976047904191617,0.9382022471910112,0.9880239520958084,0.2122218784140967
RNASET2,SHFM1,0.9965686604319453,0.996064051671937,2.8389652694610765,2.8740591939716085,0.7757530311048976,0.7757530311048976,0.949438202247191,0.0,0.949438202247191,1.0,0.2121243593875797
TPX2,BLOC1S1,0.9954080602839264,0.995122115319922,6.654686059341989,2.293008490883402,0.7714604223070021,0.7714604223070021,0.9325842696629213,0.0,0.9325842696629213,1.0,0.21212325187958886
PTTG1,AC000089.3,0.9954417008679272,0.9984525331359752,5.344155052815717,3.0299632409338626,0.7736168874499602,0.7736168874499602,0.9382022471910112,0.0,0.9382022471910112,1.0,0.21174473349951292
AC009065.4,RGS10,1.0,0.995189396487923,11.75384606741573,4.373259220884075,0.7779351095585927,0.7779351095585927,0.9550561797752809,0.0,0.9550561797752809,1.0,0.21157431883696964
AC000089.3,NDUFA13,0.9984525331359752,0.998990782479984,3.0299632409338626,2.554904174796474,0.7742570290716254,0.7742570290716254,0.9382022471910112,0.0,0.9382022471910112,1.0,0.21152181924383237
CCR6,CCDC51,0.9963836372199422,0.994634326851914,8.924084125008408,2.608153639911189,0.7736180327233229,0.7736180327233229,0.9438202247191011,0.005988023952095809,0.9438202247191011,0.9940119760479041,0.21143063239911353
CCNB1,AC000089.3,0.9945165848079124,0.9984525331359752,3.72830410078719,3.0299632409338626,0.7713870876725691,0.7713870876725691,0.9269662921348315,0.0,0.9269662921348315,1.0,0.21117148384338266
CORO2A,PSMB6,0.9971405503599542,0.9951052950279218,6.426852216914485,1.9886599845253323,0.7700470199127936,0.7700470199127936,0.9269662921348315,0.011976047904191617,0.9269662921348315,0.9880239520958084,0.2097893277657949
MISP,NPC2,0.996366816927942,0.9945838659759134,7.767093157505214,2.7663828399381023,0.7767732526845587,0.7767732526845587,0.949438202247191,0.005988023952095809,0.949438202247191,0.9940119760479041,0.2097176859704115
OCIAD2,AC000089.3,0.996938706855951,0.9984525331359752,3.9669676209379,3.0299632409338626,0.7772991985823172,0.7772991985823172,0.9438202247191011,0.0,0.9438202247191011,1.0,0.20970516391120314
NPC2,COX7A2,0.9945838659759134,0.9967705039359482,2.7663828399381023,2.320042726905739,0.7730320808870056,0.7730320808870056,0.9382022471910112,0.011976047904191617,0.9382022471910112,0.9880239520958084,0.20948212639508834
GBA,CCR6,0.9949202718159188,0.9963836372199422,2.296132345421516,8.924084125008408,0.7719605298761811,0.7719605298761811,0.9269662921348315,0.005988023952095809,0.9269662921348315,0.9940119760479041,0.20920551671551535
CCR6,SERTAD3,0.9963836372199422,0.9945502253919128,8.924084125008408,3.3380839063446146,0.7743865024181353,0.7743865024181353,0.9325842696629213,0.005988023952095809,0.9325842696629213,0.9940119760479041,0.20819563433305815
AC000089.3,CKLF,0.9984525331359752,0.9949875529839196,3.0299632409338626,3.8934817230707113,0.7800385340871675,0.7800385340871675,0.949438202247191,0.0,0.949438202247191,1.0,0.20815483314703548
AC000089.3,POC1A,0.9984525331359752,0.9949539123999191,3.0299632409338626,3.774388256072125,0.7774270885290817,0.7774270885290817,0.9382022471910112,0.0,0.9382022471910112,1.0,0.20812997794029686
RNASET2,COMMD1,0.9965686604319453,0.9963331763439413,2.8389652694610765,1.9911958453878764,0.7760887545472307,0.7760887545472307,0.9325842696629213,0.0,0.9325842696629213,1.0,0.20807499991022937
CCR6,GRN,0.9963836372199422,0.9967368633519478,8.924084125008408,3.5322372199421377,0.7761776427175444,0.7761776427175444,0.9325842696629213,0.0,0.9325842696629213,1.0,0.2080152196024552
TP53TG1,KIF4A,0.9946006862679136,0.996434098095943,2.8377416134024083,6.418663964206419,0.7759939814006613,0.7759939814006613,0.9382022471910112,0.005988023952095809,0.9382022471910112,0.9940119760479041,0.20796805235879573
DHRS7B,AC000089.3,0.9949875529839196,0.9984525331359752,1.7343585581645686,3.0299632409338626,0.7764495764404838,0.7764495764404838,0.9325842696629213,0.0,0.9325842696629213,1.0,0.20779580434936815
TP53TG1,RNASET2,0.9946006862679136,0.9965686604319453,2.8377416134024083,2.8389652694610765,0.778355391909799,0.778355391909799,0.9382022471910112,0.0,0.9382022471910112,1.0,0.20702931338459404
TEX264,RNASET2,0.9965686604319453,0.9965686604319453,1.974107619592277,2.8389652694610765,0.7787072388352027,0.7787072388352027,0.9382022471910112,0.0,0.9382022471910112,1.0,0.2069049601295909
RNASET2,AC009065.4,0.9965686604319453,1.0,2.8389652694610765,11.75384606741573,0.785516816213501,0.785516816213501,0.9662921348314607,0.0,0.9662921348314607,1.0,0.20689783512724638
RNASET2,CCR6,0.9965686604319453,0.9963836372199422,2.8389652694610765,8.924084125008408,0.7814783151270435,0.7814783151270435,0.949438202247191,0.0,0.949438202247191,1.0,0.20674173224235998
RNASET2,CTSB,0.9965686604319453,0.9947520688959162,2.8389652694610765,3.5799245004373272,0.7773652516034414,0.7773652516034414,0.9325842696629213,0.0,0.9325842696629213,1.0,0.2067246445658038
CCDC96,CCR6,0.9951725761959228,0.9963836372199422,2.658767960707798,8.924084125008408,0.7761667895370824,0.7761667895370824,0.9325842696629213,0.005988023952095809,0.9325842696629213,0.9940119760479041,0.20661735616802518
NPC2,SNRPD1,0.9945838659759134,0.9946847877279148,2.7663828399381023,3.0110962154343013,0.7786574377738757,0.7786574377738757,0.9382022471910112,0.0,0.9382022471910112,1.0,0.20654983165189691
CCDC96,MND1,0.9951725761959228,0.9950548341519208,2.658767960707798,5.538897867186975,0.7750978429760641,0.7750978429760641,0.9213483146067416,0.0,0.9213483146067416,1.0,0.2062007184243941
ATOX1,LINC00920,0.9969723474399516,0.9959799502119356,2.821290462894436,5.25366450581982,0.7768515557621336,0.7768515557621336,0.9269662921348315,0.0,0.9269662921348315,1.0,0.20612217350874854
RNASET2,NAGA,0.9965686604319453,0.9948361703559174,2.8389652694610765,2.921225973894907,0.780743505269782,0.780743505269782,0.9438202247191011,0.0,0.9438202247191011,1.0,0.20604937749516325
UBE2S,LINC00920,0.9958958487519344,0.9959799502119356,3.778860169548543,5.25366450581982,0.7783362766498594,0.7783362766498594,0.9325842696629213,0.0,0.9325842696629213,1.0,0.20588038371964892
LINC01420,AC000089.3,0.994869810939918,0.9984525331359752,2.968724063109736,3.0299632409338626,0.7812093466191374,0.7812093466191374,0.9438202247191011,0.0,0.9438202247191011,1.0,0.20580957885932094
MAN2B1,NDUFA1,0.9949202718159188,0.995879028459934,2.349282665007065,2.1289500067281164,0.779818671320582,0.779818671320582,0.9382022471910112,0.0,0.9382022471910112,1.0,0.20562430184406857
RNASET2,ATP5E,0.9965686604319453,0.9953575994079256,2.8389652694610765,2.903379583529571,0.7788096578362802,0.7788096578362802,0.9325842696629213,0.0,0.9325842696629213,1.0,0.20544591365869105
SPA17,RGS10,0.9945502253919128,0.995189396487923,2.7632888784229293,4.373259220884075,0.7731874225812704,0.7731874225812704,0.9157303370786517,0.005988023952095809,0.9157303370786517,0.9940119760479041,0.20539629494731215
MAN2B1,AC009065.4,0.9949202718159188,1.0,2.349282665007065,11.75384606741573,0.7846873494077724,0.7846873494077724,0.9550561797752809,0.0,0.9550561797752809,1.0,0.20511339085849703
CCR6,AC000089.3,0.9963836372199422,0.9984525331359752,8.924084125008408,3.0299632409338626,0.7808458103927763,0.7808458103927763,0.9382022471910112,0.0,0.9382022471910112,1.0,0.20508008320325638
NPC2,MGST2,0.9945838659759134,0.9968377851039494,2.7663828399381023,2.420642397228016,0.7767547050492414,0.7767547050492414,0.9269662921348315,0.005988023952095809,0.9269662921348315,0.9940119760479041,0.20481940598815115
CCR6,ATOX1,0.9963836372199422,0.9969723474399516,8.924084125008408,2.821290462894436,0.7770721522306697,0.7770721522306697,0.9269662921348315,0.005988023952095809,0.9269662921348315,0.9940119760479041,0.20472682474365286
NPC2,AC009065.4,0.9945838659759134,1.0,2.7663828399381023,11.75384606741573,0.7854084965422654,0.7854084965422654,0.9550561797752809,0.0,0.9550561797752809,1.0,0.20439193145307027
SHFM1,AC000089.3,0.996064051671937,0.9984525331359752,2.8740591939716085,3.0299632409338626,0.785545448423114,0.785545448423114,0.9550561797752809,0.0,0.9550561797752809,1.0,0.20425459878454857
DNASE2,GTF3A,0.9956603646639306,0.9957276458319316,2.26181778914082,1.6110134562336,0.7800338536802851,0.7800338536802851,0.9382022471910112,0.005988023952095809,0.9382022471910112,0.9940119760479041,0.20425364920883635
NPC2,NDUFA1,0.9945838659759134,0.995879028459934,2.7663828399381023,2.1289500067281164,0.7787619024379707,0.7787619024379707,0.9382022471910112,0.011976047904191617,0.9382022471910112,0.9880239520958084,0.20410232293654926
NAGA,BOLA2B,0.9948361703559174,0.9969050662719504,2.921225973894907,2.9417004743322352,0.7819451040018193,0.7819451040018193,0.9382022471910112,0.0,0.9382022471910112,1.0,0.20373480621001588
RNASET2,PIGU,0.9965686604319453,0.9947352486039158,2.8389652694610765,2.392829610442038,0.7820087696284187,0.7820087696284187,0.9382022471910112,0.0,0.9382022471910112,1.0,0.20363060053970772
TP53TG1,MND1,0.9946006862679136,0.9950548341519208,2.8377416134024083,5.538897867186975,0.7778975348139945,0.7778975348139945,0.9269662921348315,0.005988023952095809,0.9269662921348315,0.9940119760479041,0.2035901832611189
DNASE2,BOLA2B,0.9956603646639306,0.9969050662719504,2.26181778914082,2.9417004743322352,0.7810629095503346,0.7810629095503346,0.9325842696629213,0.0,0.9325842696629213,1.0,0.20341830152985332
DHRS7B,EPHX4,0.9949875529839196,0.9968377851039494,1.7343585581645686,7.818003390970866,0.7811261208803087,0.7811261208803087,0.9325842696629213,0.0,0.9325842696629213,1.0,0.20328403751080415
RNASET2,HPSE,0.9965686604319453,0.9949875529839196,2.8389652694610765,4.325412251900693,0.7827927360073504,0.7827927360073504,0.9382022471910112,0.0,0.9382022471910112,1.0,0.20292398743259762
BLOC1S1,LINC00920,0.995122115319922,0.9959799502119356,2.293008490883402,5.25366450581982,0.7815384994178747,0.7815384994178747,0.9325842696629213,0.0,0.9325842696629213,1.0,0.20282735415171618
CCDC96,TPX2,0.9951725761959228,0.9954080602839264,2.658767960707798,6.654686059341989,0.7788986933292777,0.7788986933292777,0.9213483146067416,0.0,0.9213483146067416,1.0,0.20275190078791505
NPC2,MRPL17,0.9945838659759134,0.9952398573639238,2.7663828399381023,2.2809577406983785,0.7816055416591075,0.7816055416591075,0.9382022471910112,0.005988023952095809,0.9382022471910112,0.9940119760479041,0.20263492900545466
RNASET2,BLOC1S1,0.9965686604319453,0.995122115319922,2.8389652694610765,2.293008490883402,0.7861986032031031,0.7861986032031031,0.949438202247191,0.0,0.949438202247191,1.0,0.20214786405479862
KIF4A,AC000089.3,0.996434098095943,0.9984525331359752,6.418663964206419,3.0299632409338626,0.7830131350546583,0.7830131350546583,0.9325842696629213,0.0,0.9325842696629213,1.0,0.201841170060046
RNASET2,DHRS7B,0.9965686604319453,0.9949875529839196,2.8389652694610765,1.7343585581645686,0.7816809880029914,0.7816809880029914,0.9269662921348315,0.0,0.9269662921348315,1.0,0.20151996207910147
TP53TG1,TPX2,0.9946006862679136,0.9954080602839264,2.8377416134024083,6.654686059341989,0.7802179089484756,0.7802179089484756,0.9269662921348315,0.005988023952095809,0.9269662921348315,0.9940119760479041,0.20149897876995804
AC000089.3,MND1,0.9984525331359752,0.9950548341519208,3.0299632409338626,5.538897867186975,0.7805990047495645,0.7805990047495645,0.9213483146067416,0.0,0.9213483146067416,1.0,0.20148851143037794
MAN2B1,EPHX4,0.9949202718159188,0.9968377851039494,2.349282665007065,7.818003390970866,0.7857186372964711,0.7857186372964711,0.9438202247191011,0.0,0.9438202247191011,1.0,0.201409645907033
GTF3A,CORO2A,0.9957276458319316,0.9971405503599542,1.6110134562336,6.426852216914485,0.7780587155563685,0.7780587155563685,0.9213483146067416,0.011976047904191617,0.9213483146067416,0.9880239520958084,0.20131586183396719
CORO2A,ATP5E,0.9971405503599542,0.9953575994079256,6.426852216914485,2.903379583529571,0.7780278564395497,0.7780278564395497,0.9213483146067416,0.011976047904191617,0.9213483146067416,0.9880239520958084,0.20130646655140705
NPC2,NDUFC2,0.9945838659759134,0.9971741909439548,2.7663828399381023,2.232745428244634,0.7819945505998771,0.7819945505998771,0.9325842696629213,0.005988023952095809,0.9325842696629213,0.9940119760479041,0.20125822551457714
MAN2B1,MND1,0.9949202718159188,0.9950548341519208,2.349282665007065,5.538897867186975,0.7794560709729469,0.7794560709729469,0.9157303370786517,0.0,0.9157303370786517,1.0,0.20094645885223686
GTF3A,NAGA,0.9957276458319316,0.9948361703559174,1.6110134562336,2.921225973894907,0.7849067096630422,0.7849067096630422,0.9438202247191011,0.005988023952095809,0.9438202247191011,0.9940119760479041,0.20084169092127854
MAN2B1,CCNB1,0.9949202718159188,0.9945165848079124,2.349282665007065,3.72830410078719,0.7825218989464297,0.7825218989464297,0.9269662921348315,0.0,0.9269662921348315,1.0,0.20053013120182095
TEX264,MND1,0.9965686604319453,0.9950548341519208,1.974107619592277,5.538897867186975,0.7841849006474626,0.7841849006474626,0.9325842696629213,0.0,0.9325842696629213,1.0,0.2004228149190257
RNASET2,DYNLRB1,0.9965686604319453,0.9958958487519344,2.8389652694610765,2.7184927538182064,0.7857030817416503,0.7857030817416503,0.9382022471910112,0.0,0.9382022471910112,1.0,0.2002963305549416
TPX2,AC000089.3,0.9954080602839264,0.9984525331359752,6.654686059341989,3.0299632409338626,0.782067162983124,0.782067162983124,0.9213483146067416,0.0,0.9213483146067416,1.0,0.20017568006006964
CORO2A,AC000089.3,0.9971405503599542,0.9984525331359752,6.426852216914485,3.0299632409338626,0.7852734028073409,0.7852734028073409,0.9325842696629213,0.0,0.9325842696629213,1.0,0.19980940287990903
NDUFC2,LINC00920,0.9971741909439548,0.9959799502119356,2.232745428244634,5.25366450581982,0.7838913896936512,0.7838913896936512,0.9269662921348315,0.0,0.9269662921348315,1.0,0.1996396974980469
AC009065.4,CTSB,1.0,0.9947520688959162,11.75384606741573,3.5799245004373272,0.7905906775815872,0.7905906775815872,0.9550561797752809,0.0,0.9550561797752809,1.0,0.19947288048830775
NDUFA1,AC000089.3,0.995879028459934,0.9984525331359752,2.1289500067281164,3.0299632409338626,0.7896268734982693,0.7896268734982693,0.949438202247191,0.0,0.949438202247191,1.0,0.19917018661822397
HLA-A,CCR6,0.9976787997039628,0.9963836372199422,4.352046642669716,8.924084125008408,0.7859910180633564,0.7859910180633564,0.9382022471910112,0.005988023952095809,0.9382022471910112,0.9940119760479041,0.19898889651498633
TP53TG1,CTSB,0.9946006862679136,0.9947520688959162,2.8377416134024083,3.5799245004373272,0.7829604420794531,0.7829604420794531,0.9269662921348315,0.005988023952095809,0.9269662921348315,0.9940119760479041,0.19891899621313447
AC000089.3,COX7A2,0.9984525331359752,0.9967705039359482,3.0299632409338626,2.320042726905739,0.7887950519971154,0.7887950519971154,0.9438202247191011,0.0,0.9438202247191011,1.0,0.19886338278151897
TEX264,LINC00920,0.9965686604319453,0.9959799502119356,1.974107619592277,5.25366450581982,0.7860167892126192,0.7860167892126192,0.9325842696629213,0.0,0.9325842696629213,1.0,0.19881388649723328
AC000089.3,SPA17,0.9984525331359752,0.9945502253919128,3.0299632409338626,2.7632888784229293,0.7848317612882659,0.7848317612882659,0.9269662921348315,0.0,0.9269662921348315,1.0,0.19875589155761816
DHRS7B,MND1,0.9949875529839196,0.9950548341519208,1.7343585581645686,5.538897867186975,0.7833068703781771,0.7833068703781771,0.9213483146067416,0.0,0.9213483146067416,1.0,0.19865583180775828
AC000089.3,CFL1,0.9984525331359752,0.9953575994079256,3.0299632409338626,3.58724077238781,0.7876156352622885,0.7876156352622885,0.9382022471910112,0.0,0.9382022471910112,1.0,0.19864279335429053
GTF3A,HPSE,0.9957276458319316,0.9949875529839196,1.6110134562336,4.325412251900693,0.7835296348486236,0.7835296348486236,0.9269662921348315,0.005988023952095809,0.9269662921348315,0.9940119760479041,0.19853320110243058
GTF3A,AC009065.4,0.9957276458319316,1.0,1.6110134562336,11.75384606741573,0.7928998279352371,0.7928998279352371,0.9606741573033708,0.0,0.9606741573033708,1.0,0.19853077849072961
NPC2,AC000089.3,0.9945838659759134,0.9984525331359752,2.7663828399381023,3.0299632409338626,0.7864019481441431,0.7864019481441431,0.9325842696629213,0.0,0.9325842696629213,1.0,0.19850461486872611
RNASET2,SNRPD1,0.9965686604319453,0.9946847877279148,2.8389652694610765,3.0110962154343013,0.7888247747510904,0.7888247747510904,0.9438202247191011,0.0,0.9438202247191011,1.0,0.19843980459099675
AC009065.4,NDUFA1,1.0,0.995879028459934,11.75384606741573,2.1289500067281164,0.7955128466534991,0.7955128466534991,0.9719101123595506,0.0,0.9719101123595506,1.0,0.1983336247893232
DNASE2,UBE2T,0.9956603646639306,0.9959463096279352,2.26181778914082,5.646122027854405,0.7877703156752058,0.7877703156752058,0.9382022471910112,0.0,0.9382022471910112,1.0,0.19827875088749253
AC009065.4,CCR6,1.0,0.9963836372199422,11.75384606741573,8.924084125008408,0.793489589079657,0.793489589079657,0.9606741573033708,0.0,0.9606741573033708,1.0,0.19803049129875447
CD63,LINC00920,0.9978470026239656,0.9959799502119356,2.327627726569334,5.25366450581982,0.7870533391668832,0.7870533391668832,0.9325842696629213,0.0,0.9325842696629213,1.0,0.1979777512724398
CCDC96,IFI27,0.9951725761959228,0.9963331763439413,2.658767960707798,6.051113907017427,0.7855433989213902,0.7855433989213902,0.9325842696629213,0.005988023952095809,0.9325842696629213,0.9940119760479041,0.19795692124427547
CCR6,ATP5L,0.9963836372199422,0.997611518535962,8.924084125008408,2.3200297147278457,0.7859315224674006,0.7859315224674006,0.9325842696629213,0.005988023952095809,0.9325842696629213,0.9940119760479041,0.19784565922768677
GTF3A,EPHX4,0.9957276458319316,0.9968377851039494,1.6110134562336,7.818003390970866,0.7872719469317406,0.7872719469317406,0.9382022471910112,0.005988023952095809,0.9382022471910112,0.9940119760479041,0.19764937569062302
TEX264,TPX2,0.9965686604319453,0.9954080602839264,1.974107619592277,6.654686059341989,0.7859637696290401,0.7859637696290401,0.9269662921348315,0.0,0.9269662921348315,1.0,0.19760844401022667
IFI27,ATP5E,0.9963331763439413,0.9953575994079256,6.051113907017427,2.903379583529571,0.7833718093625829,0.7833718093625829,0.9269662921348315,0.011976047904191617,0.9269662921348315,0.9880239520958084,0.19757787202563948
NDUFA13,LINC00920,0.998990782479984,0.9959799502119356,2.554904174796474,5.25366450581982,0.7863800227553757,0.7863800227553757,0.9269662921348315,0.0,0.9269662921348315,1.0,0.1975205742023062
RNASET2,CCDC51,0.9965686604319453,0.994634326851914,2.8389652694610765,2.608153639911189,0.7898762287298662,0.7898762287298662,0.9438202247191011,0.0,0.9438202247191011,1.0,0.19744675735059006
BOLA2B,CTSB,0.9969050662719504,0.9947520688959162,2.9417004743322352,3.5799245004373272,0.7848702931170051,0.7848702931170051,0.9213483146067416,0.0,0.9213483146067416,1.0,0.19738257577195092
AC009065.4,COMMD1,1.0,0.9963331763439413,11.75384606741573,1.9911958453878764,0.7930238332600061,0.7930238332600061,0.9550561797752809,0.0,0.9550561797752809,1.0,0.19731144950517604
MAD2L1,AC000089.3,0.9951389356119222,0.9984525331359752,4.156349323824261,3.0299632409338626,0.7878422280470994,0.7878422280470994,0.9325842696629213,0.0,0.9325842696629213,1.0,0.19722102083197057
PIGU,AC000089.3,0.9947352486039158,0.9984525331359752,2.392829610442038,3.0299632409338626,0.7890794830322502,0.7890794830322502,0.9382022471910112,0.0,0.9382022471910112,1.0,0.19721208133570084
AC009065.4,DHRS7B,1.0,0.9949875529839196,11.75384606741573,1.7343585581645686,0.7930284328094628,0.7930284328094628,0.9550561797752809,0.0,0.9550561797752809,1.0,0.1971740703998271
CCR6,CFL1,0.9963836372199422,0.9953575994079256,8.924084125008408,3.58724077238781,0.7877174587864318,0.7877174587864318,0.9325842696629213,0.0,0.9325842696629213,1.0,0.19715385935702884
TEX264,RGS10,0.9965686604319453,0.995189396487923,1.974107619592277,4.373259220884075,0.7864498152003913,0.7864498152003913,0.9325842696629213,0.005988023952095809,0.9325842696629213,0.9940119760479041,0.19714521526568343
MISP,RGS10,0.996366816927942,0.995189396487923,7.767093157505214,4.373259220884075,0.79040418157051,0.79040418157051,0.949438202247191,0.005988023952095809,0.949438202247191,0.9940119760479041,0.1969715519431057
NAGA,ATP5E,0.9948361703559174,0.9953575994079256,2.921225973894907,2.903379583529571,0.7890735631972421,0.7890735631972421,0.9438202247191011,0.005988023952095809,0.9438202247191011,0.9940119760479041,0.19691431052762273
AC000089.3,CTSB,0.9984525331359752,0.9947520688959162,3.0299632409338626,3.5799245004373272,0.788155291569952,0.788155291569952,0.9325842696629213,0.0,0.9325842696629213,1.0,0.19689178294374549
COX7A2,LINC00920,0.9967705039359482,0.9959799502119356,2.320042726905739,5.25366450581982,0.7894042915414499,0.7894042915414499,0.9382022471910112,0.0,0.9382022471910112,1.0,0.19686517933507294
GBA,MND1,0.9949202718159188,0.9950548341519208,2.296132345421516,5.538897867186975,0.7866800306555631,0.7866800306555631,0.9269662921348315,0.0,0.9269662921348315,1.0,0.19674925763822076
BLOC1S1,CTSB,0.995122115319922,0.9947520688959162,2.293008490883402,3.5799245004373272,0.7866795911205433,0.7866795911205433,0.9325842696629213,0.005988023952095809,0.9325842696629213,0.9940119760479041,0.19674682474527844
KIF4A,CCDC96,0.996434098095943,0.9951725761959228,6.418663964206419,2.658767960707798,0.7881727986847757,0.7881727986847757,0.9325842696629213,0.0,0.9325842696629213,1.0,0.19671767886901848
NPC2,UQCR10,0.9945838659759134,0.9952903182399246,2.7663828399381023,2.180370561124943,0.7854201486454431,0.7854201486454431,0.9325842696629213,0.011976047904191617,0.9325842696629213,0.9880239520958084,0.19671619749559172
CCR6,LINC00920,0.9963836372199422,0.9959799502119356,8.924084125008408,5.25366450581982,0.7883043849984223,0.7883043849984223,0.9325842696629213,0.0,0.9325842696629213,1.0,0.1966701949477287
NAGA,AC000089.3,0.9948361703559174,0.9984525331359752,2.921225973894907,3.0299632409338626,0.7910058351012983,0.7910058351012983,0.9438202247191011,0.0,0.9438202247191011,1.0,0.1965910082641434
AC009065.4,LINC00920,1.0,0.9959799502119356,11.75384606741573,5.25366450581982,0.7925475505307991,0.7925475505307991,0.949438202247191,0.0,0.949438202247191,1.0,0.19656737957844572
MISP,PSMB6,0.996366816927942,0.9951052950279218,7.767093157505214,1.9886599845253323,0.7920573401131566,0.7920573401131566,0.9550561797752809,0.005988023952095809,0.9550561797752809,0.9940119760479041,0.1965659837715659
DNASE2,MND1,0.9956603646639306,0.9950548341519208,2.26181778914082,5.538897867186975,0.7857793404001382,0.7857793404001382,0.9213483146067416,0.0,0.9213483146067416,1.0,0.19645556451233562
NPC2,LINC00920,0.9945838659759134,0.9959799502119356,2.7663828399381023,5.25366450581982,0.7873198370357604,0.7873198370357604,0.9269662921348315,0.0,0.9269662921348315,1.0,0.19621718279465125
MISP,ATP5E,0.996366816927942,0.9953575994079256,7.767093157505214,2.903379583529571,0.7925476949112759,0.7925476949112759,0.9550561797752809,0.005988023952095809,0.9550561797752809,0.9940119760479041,0.19612730128927244
SNRPD1,MAN2B1,0.9946847877279148,0.9949202718159188,3.0110962154343013,2.349282665007065,0.7898623417442947,0.7898623417442947,0.9382022471910112,0.0,0.9382022471910112,1.0,0.19612693350298538
SHFM1,RGS10,0.996064051671937,0.995189396487923,2.8740591939716085,4.373259220884075,0.7875000630147193,0.7875000630147193,0.9382022471910112,0.011976047904191617,0.9382022471910112,0.9880239520958084,0.1961188295567117
CCDC96,RGS10,0.9951725761959228,0.995189396487923,2.658767960707798,4.373259220884075,0.7861546263505961,0.7861546263505961,0.9269662921348315,0.005988023952095809,0.9269662921348315,0.9940119760479041,0.196090921685508
NPC2,CCDC96,0.9945838659759134,0.9951725761959228,2.7663828399381023,2.658767960707798,0.7861516143519734,0.7861516143519734,0.9269662921348315,0.005988023952095809,0.9269662921348315,0.9940119760479041,0.1960340257674963
EPHX4,ATP5E,0.9968377851039494,0.9953575994079256,7.818003390970866,2.903379583529571,0.7891032469243551,0.7891032469243551,0.9382022471910112,0.005988023952095809,0.9382022471910112,0.9940119760479041,0.19591149247822892
DNASE2,LINC00920,0.9956603646639306,0.9959799502119356,2.26181778914082,5.25366450581982,0.789303946030408,0.789303946030408,0.9325842696629213,0.0,0.9325842696629213,1.0,0.19567052071629976
NPC2,TCEB2,0.9945838659759134,0.9960304110879364,2.7663828399381023,2.6273445132207485,0.7879508585307291,0.7879508585307291,0.9382022471910112,0.011976047904191617,0.9382022471910112,0.9880239520958084,0.19563996627499253
AC009065.4,HPSE,1.0,0.9949875529839196,11.75384606741573,4.325412251900693,0.7946821954820932,0.7946821954820932,0.9550561797752809,0.0,0.9550561797752809,1.0,0.19559859255973494
MAD2L1,BLOC1S1,0.9951389356119222,0.995122115319922,4.156349323824261,2.293008490883402,0.7917559001506664,0.7917559001506664,0.9438202247191011,0.0,0.9438202247191011,1.0,0.19558792227744495
SMYD3,AC000089.3,0.9947857094799164,0.9984525331359752,3.0911119121307946,3.0299632409338626,0.790921341579397,0.790921341579397,0.9382022471910112,0.0,0.9382022471910112,1.0,0.19549488054032238
GTF3A,LINC00920,0.9957276458319316,0.9959799502119356,1.6110134562336,5.25366450581982,0.7871430807228167,0.7871430807228167,0.9213483146067416,0.0,0.9213483146067416,1.0,0.19530222991898152
MAN2B1,KIF4A,0.9949202718159188,0.996434098095943,2.349282665007065,6.418663964206419,0.7897083320137849,0.7897083320137849,0.9325842696629213,0.0,0.9325842696629213,1.0,0.1952669340226602
MAN2B1,CCDC96,0.9949202718159188,0.9951725761959228,2.349282665007065,2.658767960707798,0.7883841750690713,0.7883841750690713,0.9269662921348315,0.0,0.9269662921348315,1.0,0.19518903947750724
PSMB6,MND1,0.9951052950279218,0.9950548341519208,1.9886599845253323,5.538897867186975,0.7897728734492157,0.7897728734492157,0.9325842696629213,0.0,0.9325842696629213,1.0,0.1950899357453569
NPC2,MRPL14,0.9945838659759134,0.9965350198479448,2.7663828399381023,2.674413590795937,0.7899436517314811,0.7899436517314811,0.9325842696629213,0.0,0.9325842696629213,1.0,0.19502536211429924
BLOC1S1,RGS10,0.995122115319922,0.995189396487923,2.293008490883402,4.373259220884075,0.7886215331517435,0.7886215331517435,0.9382022471910112,0.011976047904191617,0.9382022471910112,0.9880239520958084,0.19499152900618633
MAN2B1,PIGU,0.9949202718159188,0.9947352486039158,2.349282665007065,2.392829610442038,0.7901136327059634,0.7901136327059634,0.9325842696629213,0.0,0.9325842696629213,1.0,0.19472432727998842
TEX264,KIF4A,0.9965686604319453,0.996434098095943,1.974107619592277,6.418663964206419,0.7919799466762076,0.7919799466762076,0.9382022471910112,0.0,0.9382022471910112,1.0,0.19448207358784805
NDUFA13,MND1,0.998990782479984,0.9950548341519208,2.554904174796474,5.538897867186975,0.7896901161238267,0.7896901161238267,0.9269662921348315,0.0,0.9269662921348315,1.0,0.19436976922138197
MISP,CCDC96,0.996366816927942,0.9951725761959228,7.767093157505214,2.658767960707798,0.7944324957950559,0.7944324957950559,0.9550561797752809,0.005988023952095809,0.9550561797752809,0.9940119760479041,0.19432733943574512
AC009065.4,COX7A2,1.0,0.9967705039359482,11.75384606741573,2.320042726905739,0.798595500186507,0.798595500186507,0.9662921348314607,0.0,0.9662921348314607,1.0,0.19430132895803262
RNASET2,NDUFA13,0.9965686604319453,0.998990782479984,2.8389652694610765,2.554904174796474,0.792483056924297,0.792483056924297,0.9382022471910112,0.0,0.9382022471910112,1.0,0.19426058993893927
AC000089.3,GAPDH,0.9984525331359752,0.9971741909439548,3.0299632409338626,3.5851202650878014,0.7937600161756588,0.7937600161756588,0.9438202247191011,0.0,0.9438202247191011,1.0,0.19422783121723644
MISP,COMMD1,0.996366816927942,0.9963331763439413,7.767093157505214,1.9911958453878764,0.7934834747961306,0.7934834747961306,0.949438202247191,0.005988023952095809,0.949438202247191,0.9940119760479041,0.194189190785721
MAN2B1,COX7B,0.9949202718159188,0.9969387068559512,2.349282665007065,2.605707387472245,0.7909914851532476,0.7909914851532476,0.9325842696629213,0.0,0.9325842696629213,1.0,0.19412463715763628
HPSE,CCR6,0.9949875529839196,0.9963836372199422,4.325412251900693,8.924084125008408,0.791110901542131,0.791110901542131,0.9382022471910112,0.005988023952095809,0.9382022471910112,0.9940119760479041,0.1939662123999024
SMYD3,LINC00920,0.9947857094799164,0.9959799502119356,3.0911119121307946,5.25366450581982,0.7910491282003176,0.7910491282003176,0.9325842696629213,0.0,0.9325842696629213,1.0,0.1939645745603541
NAGA,SHFM1,0.9948361703559174,0.996064051671937,2.921225973894907,2.8740591939716085,0.7948620163072063,0.7948620163072063,0.9550561797752809,0.005988023952095809,0.9550561797752809,0.9940119760479041,0.193859066817784
MAN2B1,CORO2A,0.9949202718159188,0.9971405503599542,2.349282665007065,6.426852216914485,0.7901934390242438,0.7901934390242438,0.9269662921348315,0.0,0.9269662921348315,1.0,0.19371158991184684
AC000089.3,LINC00920,0.9984525331359752,0.9959799502119356,3.0299632409338626,5.25366450581982,0.7904891357188474,0.7904891357188474,0.9269662921348315,0.0,0.9269662921348315,1.0,0.1936688766869195
TEX264,NPC2,0.9965686604319453,0.9945838659759134,1.974107619592277,2.7663828399381023,0.7903132563111244,0.7903132563111244,0.9325842696629213,0.005988023952095809,0.9325842696629213,0.9940119760479041,0.19351971311467434
CCDC96,EPHX4,0.9951725761959228,0.9968377851039494,2.658767960707798,7.818003390970866,0.7917239344573154,0.7917239344573154,0.9382022471910112,0.005988023952095809,0.9382022471910112,0.9940119760479041,0.19345904880595124
MISP,NAGA,0.996366816927942,0.9948361703559174,7.767093157505214,2.921225973894907,0.7965699443520434,0.7965699443520434,0.9606741573033708,0.005988023952095809,0.9606741573033708,0.9940119760479041,0.19340530499541816
NPC2,PIGU,0.9945838659759134,0.9947352486039158,2.7663828399381023,2.392829610442038,0.7903658453051002,0.7903658453051002,0.9325842696629213,0.005988023952095809,0.9325842696629213,0.9940119760479041,0.19329303454094535
RNASET2,NDUFC2,0.9965686604319453,0.9971741909439548,2.8389652694610765,2.232745428244634,0.7933644896615235,0.7933644896615235,0.9382022471910112,0.0,0.9382022471910112,1.0,0.1932593762738314
RNASET2,COX7B,0.9965686604319453,0.9969387068559512,2.8389652694610765,2.605707387472245,0.7933552088642558,0.7933552088642558,0.9382022471910112,0.0,0.9382022471910112,1.0,0.19324522910480157
RNASET2,CD63,0.9965686604319453,0.9978470026239656,2.8389652694610765,2.327627726569334,0.794752710306299,0.794752710306299,0.9438202247191011,0.0,0.9438202247191011,1.0,0.19317565385758914
BLOC1S1,CKS2,0.995122115319922,0.9946511471439144,2.293008490883402,4.81815380475005,0.7971143424852996,0.7971143424852996,0.9550561797752809,0.0,0.9550561797752809,1.0,0.19277639784332817
PSMB6,IFI27,0.9951052950279218,0.9963331763439413,1.9886599845253323,6.051113907017427,0.7900152253038457,0.7900152253038457,0.9325842696629213,0.011976047904191617,0.9325842696629213,0.9880239520958084,0.19265499010423534
NPC2,CORO2A,0.9945838659759134,0.9971405503599542,2.7663828399381023,6.426852216914485,0.7875721374159432,0.7875721374159432,0.9213483146067416,0.011976047904191617,0.9213483146067416,0.9880239520958084,0.19257595038589442
EPHX4,RGS10,0.9968377851039494,0.995189396487923,7.818003390970866,4.373259220884075,0.7927662729350171,0.7927662729350171,0.9382022471910112,0.005988023952095809,0.9382022471910112,0.9940119760479041,0.1924924889452308
RNASET2,GBA,0.9965686604319453,0.9949202718159188,2.8389652694610765,2.296132345421516,0.7927190344355671,0.7927190344355671,0.9325842696629213,0.0,0.9325842696629213,1.0,0.19248434353561322
GTF3A,SPA17,0.9957276458319316,0.9945502253919128,1.6110134562336,2.7632888784229293,0.7901929336328805,0.7901929336328805,0.9269662921348315,0.005988023952095809,0.9269662921348315,0.9940119760479041,0.19237976450259173
NPC2,SPA17,0.9945838659759134,0.9945502253919128,2.7663828399381023,2.7632888784229293,0.7864629630471129,0.7864629630471129,0.9157303370786517,0.011976047904191617,0.9157303370786517,0.9880239520958084,0.19215086877253348
RNASET2,CCNB1,0.9965686604319453,0.9945165848079124,2.8389652694610765,3.72830410078719,0.7918695227744296,0.7918695227744296,0.9269662921348315,0.0,0.9269662921348315,1.0,0.192069975218014
MND1,COMMD1,0.9950548341519208,0.9963331763439413,5.538897867186975,1.9911958453878764,0.7919472417335711,0.7919472417335711,0.9269662921348315,0.0,0.9269662921348315,1.0,0.1920274488196333
TP53TG1,EPHX4,0.9946006862679136,0.9968377851039494,2.8377416134024083,7.818003390970866,0.7932697609424729,0.7932697609424729,0.9382022471910112,0.005988023952095809,0.9382022471910112,0.9940119760479041,0.19196806603466351
OCIAD2,RGS10,0.996938706855951,0.995189396487923,3.9669676209379,4.373259220884075,0.7933587843988793,0.7933587843988793,0.9325842696629213,0.0,0.9325842696629213,1.0,0.19195184916502836
NPC2,BLOC1S1,0.9945838659759134,0.995122115319922,2.7663828399381023,2.293008490883402,0.7919089789907647,0.7919089789907647,0.9382022471910112,0.011976047904191617,0.9382022471910112,0.9880239520958084,0.19190053823243092
PSMB3,LINC00920,0.9950548341519208,0.9959799502119356,2.7755753481800447,5.25366450581982,0.793313511882873,0.793313511882873,0.9325842696629213,0.0,0.9325842696629213,1.0,0.19188853340356266
TEX264,SNRPD1,0.9965686604319453,0.9946847877279148,1.974107619592277,3.0110962154343013,0.7970453840609882,0.7970453840609882,0.949438202247191,0.0,0.949438202247191,1.0,0.19185016662539162
UQCR10,AC009065.4,0.9952903182399246,1.0,2.180370561124943,11.75384606741573,0.8000206462160122,0.8000206462160122,0.9606741573033708,0.0,0.9606741573033708,1.0,0.19166259692549026
DNASE2,AC009065.4,0.9956603646639306,1.0,2.26181778914082,11.75384606741573,0.8000595211637475,0.8000595211637475,0.9606741573033708,0.0,0.9606741573033708,1.0,0.19166087753603842
RNASET2,UQCR10,0.9965686604319453,0.9952903182399246,2.8389652694610765,2.180370561124943,0.7950011188842985,0.7950011188842985,0.9382022471910112,0.0,0.9382022471910112,1.0,0.19154752794566166
MISP,CTSB,0.996366816927942,0.9947520688959162,7.767093157505214,3.5799245004373272,0.7961731938800575,0.7961731938800575,0.949438202247191,0.005988023952095809,0.949438202247191,0.9940119760479041,0.19150795314942562
DNASE2,COX7B,0.9956603646639306,0.9969387068559512,2.26181778914082,2.605707387472245,0.7952198943712696,0.7952198943712696,0.9438202247191011,0.005988023952095809,0.9438202247191011,0.9940119760479041,0.1914073395840205
MAD2L1,CCDC96,0.9951389356119222,0.9951725761959228,4.156349323824261,2.658767960707798,0.7950413459182484,0.7950413459182484,0.9382022471910112,0.0,0.9382022471910112,1.0,0.1913611572101495
COX6B1,LINC00920,0.9954921617439276,0.9959799502119356,2.311949498755298,5.25366450581982,0.7939328385672701,0.7939328385672701,0.9325842696629213,0.0,0.9325842696629213,1.0,0.19135556983261026
NDUFA1,EPHX4,0.995879028459934,0.9968377851039494,2.1289500067281164,7.818003390970866,0.7965292295305909,0.7965292295305909,0.949438202247191,0.005988023952095809,0.949438202247191,0.9940119760479041,0.19132685747325556
IFI27,SPA17,0.9963331763439413,0.9945502253919128,6.051113907017427,2.7632888784229293,0.7889285718330964,0.7889285718330964,0.9157303370786517,0.005988023952095809,0.9157303370786517,0.9940119760479041,0.1912513449128683
MAN2B1,CKS2,0.9949202718159188,0.9946511471439144,2.349282665007065,4.81815380475005,0.7964971891215648,0.7964971891215648,0.9438202247191011,0.0,0.9438202247191011,1.0,0.1910685595558693
RNASET2,MAD2L1,0.9965686604319453,0.9951389356119222,2.8389652694610765,4.156349323824261,0.7942927240413487,0.7942927240413487,0.9325842696629213,0.0,0.9325842696629213,1.0,0.19104396494006767
MAN2B1,TPX2,0.9949202718159188,0.9954080602839264,2.349282665007065,6.654686059341989,0.7929537069543144,0.7929537069543144,0.9269662921348315,0.0,0.9269662921348315,1.0,0.19099681745038596
AC009065.4,MND1,1.0,0.9950548341519208,11.75384606741573,5.538897867186975,0.797262233669085,0.797262233669085,0.9438202247191011,0.0,0.9438202247191011,1.0,0.19087488036981448
MND1,GRN,0.9950548341519208,0.9967368633519478,5.538897867186975,3.5322372199421377,0.7935147914960383,0.7935147914960383,0.9269662921348315,0.0,0.9269662921348315,1.0,0.19061927374344131
DHRS7B,LINC00920,0.9949875529839196,0.9959799502119356,1.7343585581645686,5.25366450581982,0.7923172074621303,0.7923172074621303,0.9213483146067416,0.0,0.9213483146067416,1.0,0.19048401491629746
RNASET2,NDUFA1,0.9965686604319453,0.995879028459934,2.8389652694610765,2.1289500067281164,0.7986276191858116,0.7986276191858116,0.949438202247191,0.0,0.949438202247191,1.0,0.19046866565848478
RNASET2,UBE2S,0.9965686604319453,0.9958958487519344,2.8389652694610765,3.778860169548543,0.7962225372207224,0.7962225372207224,0.9382022471910112,0.0,0.9382022471910112,1.0,0.19046413908425466
SNRPD1,AC009065.4,0.9946847877279148,1.0,3.0110962154343013,11.75384606741573,0.802381476065245,0.802381476065245,0.9662921348314607,0.0,0.9662921348314607,1.0,0.19044973628127781
NPC2,NDUFA13,0.9945838659759134,0.998990782479984,2.7663828399381023,2.554904174796474,0.7926652031186175,0.7926652031186175,0.9325842696629213,0.011976047904191617,0.9325842696629213,0.9880239520958084,0.19042776094533426
NDUFA1,CTSB,0.995879028459934,0.9947520688959162,2.1289500067281164,3.5799245004373272,0.7937911485665557,0.7937911485665557,0.9325842696629213,0.005988023952095809,0.9325842696629213,0.9940119760479041,0.19026013234195202
GTF3A,AC000089.3,0.9957276458319316,0.9984525331359752,1.6110134562336,3.0299632409338626,0.7966803019478994,0.7966803019478994,0.9382022471910112,0.0,0.9382022471910112,1.0,0.19019991763714286
GRN,LINC00920,0.9967368633519478,0.9959799502119356,3.5322372199421377,5.25366450581982,0.7953547820263518,0.7953547820263518,0.9325842696629213,0.0,0.9325842696629213,1.0,0.19015391704346837
PTTG1,DNASE2,0.9954417008679272,0.9956603646639306,5.344155052815717,2.26181778914082,0.7976310084300106,0.7976310084300106,0.9438202247191011,0.0,0.9438202247191011,1.0,0.19015019459340915
TCEB2,LINC00920,0.9960304110879364,0.9959799502119356,2.6273445132207485,5.25366450581982,0.7954382626894353,0.7954382626894353,0.9325842696629213,0.0,0.9325842696629213,1.0,0.19000896247525978
RGS10,NDUFC2,0.995189396487923,0.9971741909439548,4.373259220884075,2.232745428244634,0.7944037859363932,0.7944037859363932,0.9325842696629213,0.005988023952095809,0.9325842696629213,0.9940119760479041,0.1898599735397353
MAN2B1,LINC00920,0.9949202718159188,0.9959799502119356,2.349282665007065,5.25366450581982,0.7918657803482472,0.7918657803482472,0.9213483146067416,0.005988023952095809,0.9213483146067416,0.9940119760479041,0.18974854354943999
GTF3A,CTSB,0.9957276458319316,0.9947520688959162,1.6110134562336,3.5799245004373272,0.7943615255838233,0.7943615255838233,0.9325842696629213,0.005988023952095809,0.9325842696629213,0.9940119760479041,0.1897194409426594
SPA17,CTSB,0.9945502253919128,0.9947520688959162,2.7632888784229293,3.5799245004373272,0.7879476200261326,0.7879476200261326,0.9101123595505618,0.011976047904191617,0.9101123595505618,0.9880239520958084,0.18966029611358765
NUDT1,CORO2A,0.9945838659759132,0.9971405503599542,3.1617194577137866,6.426852216914485,0.7933279033346031,0.7933279033346031,0.9325842696629213,0.011976047904191617,0.9325842696629213,0.9880239520958084,0.18964292968500662
MAN2B1,UBE2S,0.9949202718159188,0.9958958487519344,2.349282665007065,3.778860169548543,0.7957372096336552,0.7957372096336552,0.9325842696629213,0.0,0.9325842696629213,1.0,0.18961753617505483
AC009065.4,GBA,1.0,0.9949202718159188,11.75384606741573,2.296132345421516,0.8013318100647242,0.8013318100647242,0.9550561797752809,0.0,0.9550561797752809,1.0,0.1892573705319261
CCDC51,AC000089.3,0.994634326851914,0.9984525331359752,2.608153639911189,3.0299632409338626,0.7987953850068201,0.7987953850068201,0.9438202247191011,0.0,0.9438202247191011,1.0,0.1892445788887283
RNASET2,NUDT1,0.9965686604319453,0.9945838659759132,2.8389652694610765,3.1617194577137866,0.7974888884015412,0.7974888884015412,0.9382022471910112,0.0,0.9382022471910112,1.0,0.18915588600557345
ATP5E,LINC00920,0.9953575994079256,0.9959799502119356,2.903379583529571,5.25366450581982,0.7938048905049249,0.7938048905049249,0.9213483146067416,0.0,0.9213483146067416,1.0,0.18915468120793705
CCDC96,CKS2,0.9951725761959228,0.9946511471439144,2.658767960707798,4.81815380475005,0.7986450933812965,0.7986450933812965,0.9438202247191011,0.0,0.9438202247191011,1.0,0.1890758689891292
NAGA,NDUFA13,0.9948361703559174,0.998990782479984,2.921225973894907,2.554904174796474,0.7991056350550813,0.7991056350550813,0.949438202247191,0.005988023952095809,0.949438202247191,0.9940119760479041,0.1890094599067124
MND1,LINC00920,0.9950548341519208,0.9959799502119356,5.538897867186975,5.25366450581982,0.7953206308209928,0.7953206308209928,0.9269662921348315,0.0,0.9269662921348315,1.0,0.18888038681661246
RNASET2,RGS10,0.9965686604319453,0.995189396487923,2.8389652694610765,4.373259220884075,0.799057432297004,0.799057432297004,0.9438202247191011,0.0,0.9438202247191011,1.0,0.18887210207219723
TP53TG1,RGS10,0.9946006862679136,0.995189396487923,2.8377416134024083,4.373259220884075,0.7940838382395691,0.7940838382395691,0.9325842696629213,0.011976047904191617,0.9325842696629213,0.9880239520958084,0.18876577679650688
MGST2,RGS10,0.9968377851039494,0.995189396487923,2.420642397228016,4.373259220884075,0.7943258608193114,0.7943258608193114,0.9269662921348315,0.005988023952095809,0.9269662921348315,0.9940119760479041,0.18875588966089135
DNASE2,AC000089.3,0.9956603646639306,0.9984525331359752,2.26181778914082,3.0299632409338626,0.7983799537836728,0.7983799537836728,0.9382022471910112,0.0,0.9382022471910112,1.0,0.18860357719298748
IFI27,SHFM1,0.9963331763439413,0.996064051671937,6.051113907017427,2.8740591939716085,0.7970763776592668,0.7970763776592668,0.9438202247191011,0.011976047904191617,0.9438202247191011,0.9880239520958084,0.18851038997300554
PTTG1,CCDC96,0.9954417008679272,0.9951725761959228,5.344155052815717,2.658767960707798,0.7981680679764824,0.7981680679764824,0.9382022471910112,0.0,0.9382022471910112,1.0,0.18847053581662046
GTF3A,GBA,0.9957276458319316,0.9949202718159188,1.6110134562336,2.296132345421516,0.7983144623082208,0.7983144623082208,0.9438202247191011,0.005988023952095809,0.9438202247191011,0.9940119760479041,0.18833026255152177
DNASE2,S100A6,0.9956603646639306,0.9968377851039494,2.26181778914082,6.411394479580163,0.7961077279538405,0.7961077279538405,0.9269662921348315,0.0,0.9269662921348315,1.0,0.18829233382766974
KIF4A,DHRS7B,0.996434098095943,0.9949875529839196,6.418663964206419,1.7343585581645686,0.7960312691378283,0.7960312691378283,0.9269662921348315,0.0,0.9269662921348315,1.0,0.18826117477265356
DYNLRB1,LINC00920,0.9958958487519344,0.9959799502119356,2.7184927538182064,5.25366450581982,0.7973263403413319,0.7973263403413319,0.9325842696629213,0.0,0.9325842696629213,1.0,0.18824248816970732
RNASET2,LINC00920,0.9965686604319453,0.9959799502119356,2.8389652694610765,5.25366450581982,0.7974827620080155,0.7974827620080155,0.9325842696629213,0.0,0.9325842696629213,1.0,0.18816073943239486
BLOC1S1,EPHX4,0.995122115319922,0.9968377851039494,2.293008490883402,7.818003390970866,0.8000611932295684,0.8000611932295684,0.949438202247191,0.005988023952095809,0.949438202247191,0.9940119760479041,0.1879342828186112
UBE2T,CCDC96,0.9959463096279352,0.9951725761959228,5.646122027854405,2.658767960707798,0.7989113471032114,0.7989113471032114,0.9382022471910112,0.0,0.9382022471910112,1.0,0.18782406242354377
DNASE2,KIF4A,0.9956603646639306,0.996434098095943,2.26181778914082,6.418663964206419,0.7990354776066526,0.7990354776066526,0.9382022471910112,0.0,0.9382022471910112,1.0,0.18780009030688757
NPC2,DHRS7B,0.9945838659759134,0.9949875529839196,2.7663828399381023,1.7343585581645686,0.7938719869735802,0.7938719869735802,0.9213483146067416,0.005988023952095809,0.9213483146067416,0.9940119760479041,0.1877941318238399
RNASET2,LINC01420,0.9965686604319453,0.994869810939918,2.8389652694610765,2.968724063109736,0.800243868497608,0.800243868497608,0.9438202247191011,0.0,0.9438202247191011,1.0,0.18772680783127843
AC000089.3,CKS2,0.9984525331359752,0.9946511471439144,3.0299632409338626,4.81815380475005,0.8006207691131167,0.8006207691131167,0.9438202247191011,0.0,0.9438202247191011,1.0,0.18752928215488623
TP53TG1,UBE2T,0.9946006862679136,0.9959463096279352,2.8377416134024083,5.646122027854405,0.7980197838147063,0.7980197838147063,0.9382022471910112,0.005988023952095809,0.9382022471910112,0.9940119760479041,0.18747327158604793
RNASET2,CORO2A,0.9965686604319453,0.9971405503599542,2.8389652694610765,6.426852216914485,0.8007715037872287,0.8007715037872287,0.9438202247191011,0.0,0.9438202247191011,1.0,0.1874444370108774
MISP,MND1,0.996366816927942,0.9950548341519208,7.767093157505214,5.538897867186975,0.7996368755569677,0.7996368755569677,0.9382022471910112,0.0,0.9382022471910112,1.0,0.18717484972942466
MAD2L1,GRN,0.9951389356119222,0.9967368633519478,4.156349323824261,3.5322372199421377,0.7996863842642995,0.7996863842642995,0.9382022471910112,0.0,0.9382022471910112,1.0,0.1871712748472209
MISP,MAD2L1,0.996366816927942,0.9951389356119222,7.767093157505214,4.156349323824261,0.8020202563892134,0.8020202563892134,0.949438202247191,0.0,0.949438202247191,1.0,0.18717120199591317
ATOX1,CORO2A,0.9969723474399516,0.9971405503599542,2.821290462894436,6.426852216914485,0.7937841073769956,0.7937841073769956,0.9213483146067416,0.011976047904191617,0.9213483146067416,0.9880239520958084,0.18716868884084137
DNASE2,SNRPD1,0.9956603646639306,0.9946847877279148,2.26181778914082,3.0110962154343013,0.8007522650398349,0.8007522650398349,0.9438202247191011,0.0,0.9438202247191011,1.0,0.1871462254261442
MAD2L1,AC009065.4,0.9951389356119222,1.0,4.156349323824261,11.75384606741573,0.8035819195463377,0.8035819195463377,0.9550561797752809,0.0,0.9550561797752809,1.0,0.18713435728964503
NPC2,CCNB1,0.9945838659759134,0.9945165848079124,2.7663828399381023,3.72830410078719,0.7957961389449127,0.7957961389449127,0.9269662921348315,0.005988023952095809,0.9269662921348315,0.9940119760479041,0.18713121111105704
BOLA2B,LINC00920,0.9969050662719504,0.9959799502119356,2.9417004743322352,5.25366450581982,0.7962042592144087,0.7962042592144087,0.9213483146067416,0.0,0.9213483146067416,1.0,0.18709888323177967
MAN2B1,ATP5E,0.9949202718159188,0.9953575994079256,2.349282665007065,2.903379583529571,0.7984729400178638,0.7984729400178638,0.9325842696629213,0.0,0.9325842696629213,1.0,0.18702737291362592
MDK,LINC00920,0.9973592141559576,0.9959799502119356,5.13613744533405,5.25366450581982,0.7963873429643369,0.7963873429643369,0.9269662921348315,0.005988023952095809,0.9269662921348315,0.9940119760479041,0.18698705174983254
MAD2L1,NDUFA13,0.9951389356119222,0.998990782479984,4.156349323824261,2.554904174796474,0.8002295099308462,0.8002295099308462,0.9382022471910112,0.0,0.9382022471910112,1.0,0.18687500355186001
CTSB,LINC00920,0.9947520688959162,0.9959799502119356,3.5799245004373272,5.25366450581982,0.7962386415797025,0.7962386415797025,0.9213483146067416,0.0,0.9213483146067416,1.0,0.18686522111272022
NAGA,MND1,0.9948361703559174,0.9950548341519208,2.921225973894907,5.538897867186975,0.7974880905695179,0.7974880905695179,0.9269662921348315,0.0,0.9269662921348315,1.0,0.18677287481863683
RNASET2,COX7A2,0.9965686604319453,0.9967705039359482,2.8389652694610765,2.320042726905739,0.8014512831876176,0.8014512831876176,0.9438202247191011,0.0,0.9438202247191011,1.0,0.18677019322245728
CCDC96,SMYD3,0.9951725761959228,0.9947857094799164,2.658767960707798,3.0911119121307946,0.7999167532880977,0.7999167532880977,0.9438202247191011,0.005988023952095809,0.9438202247191011,0.9940119760479041,0.18676934653337623
TEX264,ATP5E,0.9965686604319453,0.9953575994079256,1.974107619592277,2.903379583529571,0.8003061572336108,0.8003061572336108,0.9438202247191011,0.005988023952095809,0.9438202247191011,0.9940119760479041,0.1865902007590367
CCR6,CORO2A,0.9963836372199422,0.9971405503599542,8.924084125008408,6.426852216914485,0.8005070616501305,0.8005070616501305,0.9438202247191011,0.005988023952095809,0.9438202247191011,0.9940119760479041,0.18655201191032075
GBA,LINC00920,0.9949202718159188,0.9959799502119356,2.296132345421516,5.25366450581982,0.7978403337903553,0.7978403337903553,0.9269662921348315,0.0,0.9269662921348315,1.0,0.18654256886631082
CCR6,COMMD1,0.9963836372199422,0.9963331763439413,8.924084125008408,1.9911958453878764,0.7968191042407556,0.7968191042407556,0.9269662921348315,0.005988023952095809,0.9269662921348315,0.9940119760479041,0.18653228871538857
CTSB,NDUFA13,0.9947520688959162,0.998990782479984,3.5799245004373272,2.554904174796474,0.797053978492375,0.797053978492375,0.9269662921348315,0.005988023952095809,0.9269662921348315,0.9940119760479041,0.18641259333806484
EPHX4,LINC00920,0.9968377851039494,0.9959799502119356,7.818003390970866,5.25366450581982,0.7982596063873991,0.7982596063873991,0.9269662921348315,0.0,0.9269662921348315,1.0,0.18633497939025775
HLA-A,LINC00920,0.9976787997039628,0.9959799502119356,4.352046642669716,5.25366450581982,0.7996929076458005,0.7996929076458005,0.9325842696629213,0.0,0.9325842696629213,1.0,0.18621096038988444
EPHX4,SPA17,0.9968377851039494,0.9945502253919128,7.818003390970866,2.7632888784229293,0.7958346026755031,0.7958346026755031,0.9213483146067416,0.005988023952095809,0.9213483146067416,0.9940119760479041,0.1861759134090833
NPC2,COX6B1,0.9945838659759134,0.9954921617439276,2.7663828399381023,2.311949498755298,0.798177698238692,0.798177698238692,0.9325842696629213,0.005988023952095809,0.9325842696629213,0.9940119760479041,0.18616092583805097
AC009065.4,CKS2,1.0,0.9946511471439144,11.75384606741573,4.81815380475005,0.8069472504478292,0.8069472504478292,0.9662921348314607,0.0,0.9662921348314607,1.0,0.18604645167642184
DNASE2,ATP5E,0.9956603646639306,0.9953575994079256,2.26181778914082,2.903379583529571,0.7996484735384154,0.7996484735384154,0.9382022471910112,0.005988023952095809,0.9382022471910112,0.9940119760479041,0.18600555915776024
TP53TG1,LINC00920,0.9946006862679136,0.9959799502119356,2.8377416134024083,5.25366450581982,0.7996370821327465,0.7996370821327465,0.9325842696629213,0.0,0.9325842696629213,1.0,0.18597527640302272
DNASE2,TPX2,0.9956603646639306,0.9954080602839264,2.26181778914082,6.654686059341989,0.7984848534924553,0.7984848534924553,0.9269662921348315,0.0,0.9269662921348315,1.0,0.1859635491134431
TEX264,HPSE,0.9965686604319453,0.9949875529839196,1.974107619592277,4.325412251900693,0.7998953166356605,0.7998953166356605,0.9325842696629213,0.0,0.9325842696629213,1.0,0.18582661357018407
MISP,DNASE2,0.996366816927942,0.9956603646639306,7.767093157505214,2.26181778914082,0.8035929153423597,0.8035929153423597,0.9550561797752809,0.005988023952095809,0.9550561797752809,0.9940119760479041,0.18571327544155872
DNASE2,CKS2,0.9956603646639306,0.9946511471439144,2.26181778914082,4.81815380475005,0.803478528329676,0.803478528329676,0.949438202247191,0.0,0.949438202247191,1.0,0.18568112951602303
NAGA,BLOC1S1,0.9948361703559174,0.995122115319922,2.921225973894907,2.293008490883402,0.803433169679067,0.803433169679067,0.9550561797752809,0.005988023952095809,0.9550561797752809,0.9940119760479041,0.1856712869138789
CCDC96,CCNB1,0.9951725761959228,0.9945165848079124,2.658767960707798,3.72830410078719,0.7998852044968472,0.7998852044968472,0.9325842696629213,0.0,0.9325842696629213,1.0,0.18566178586650076
MAN2B1,MRPL17,0.9949202718159188,0.9952398573639238,2.349282665007065,2.2809577406983785,0.8012441936182356,0.8012441936182356,0.9382022471910112,0.0,0.9382022471910112,1.0,0.1855557083645056
RNASET2,ATP5L,0.9965686604319453,0.997611518535962,2.8389652694610765,2.3200297147278457,0.8016910300537641,0.8016910300537641,0.9382022471910112,0.0,0.9382022471910112,1.0,0.1855125209797204
RNASET2,EPHX4,0.9965686604319453,0.9968377851039494,2.8389652694610765,7.818003390970866,0.8040036501565068,0.8040036501565068,0.949438202247191,0.0,0.949438202247191,1.0,0.18547293656303415
AC009065.4,SMYD3,1.0,0.9947857094799164,11.75384606741573,3.0911119121307946,0.8064608322000787,0.8064608322000787,0.9606741573033708,0.0,0.9606741573033708,1.0,0.18544333542690472
CCNB1,BLOC1S1,0.9945165848079124,0.995122115319922,3.72830410078719,2.293008490883402,0.8014674682222094,0.8014674682222094,0.9382022471910112,0.0,0.9382022471910112,1.0,0.1852987005975516
DNASE2,UBE2S,0.9956603646639306,0.9958958487519344,2.26181778914082,3.778860169548543,0.8016888602063642,0.8016888602063642,0.9438202247191011,0.005988023952095809,0.9438202247191011,0.9940119760479041,0.18526380546357438
CTSB,MND1,0.9947520688959162,0.9950548341519208,3.5799245004373272,5.538897867186975,0.8004624757646613,0.8004624757646613,0.9325842696629213,0.0,0.9325842696629213,1.0,0.18513716225093152
MRPL17,LINC00920,0.9952398573639238,0.9959799502119356,2.2809577406983785,5.25366450581982,0.8020885487525322,0.8020885487525322,0.9382022471910112,0.0,0.9382022471910112,1.0,0.1848658109895983
TPX2,DHRS7B,0.9954080602839264,0.9949875529839196,6.654686059341989,1.7343585581645686,0.7973291628356591,0.7973291628356591,0.9157303370786517,0.0,0.9157303370786517,1.0,0.18470058615832538
SPA17,MND1,0.9945502253919128,0.9950548341519208,2.7632888784229293,5.538897867186975,0.7935898368022586,0.7935898368022586,0.9044943820224719,0.005988023952095809,0.9044943820224719,0.9940119760479041,0.18461434715208125
COX7B,NAGA,0.9969387068559512,0.9948361703559174,2.605707387472245,2.921225973894907,0.8035759842812866,0.8035759842812866,0.949438202247191,0.005988023952095809,0.949438202247191,0.9940119760479041,0.18461337389452848
DYNLRB1,MND1,0.9958958487519344,0.9950548341519208,2.7184927538182064,5.538897867186975,0.8013943034859414,0.8013943034859414,0.9325842696629213,0.0,0.9325842696629213,1.0,0.18437850679534065
NPC2,MAD2L1,0.9945838659759134,0.9951389356119222,2.7663828399381023,4.156349323824261,0.7989438637519247,0.7989438637519247,0.9269662921348315,0.005988023952095809,0.9269662921348315,0.9940119760479041,0.1843043018968647
PIGU,LINC00920,0.9947352486039158,0.9959799502119356,2.392829610442038,5.25366450581982,0.8015594882866868,0.8015594882866868,0.9325842696629213,0.0,0.9325842696629213,1.0,0.1842033654295757
MISP,GTF3A,0.996366816927942,0.9957276458319316,7.767093157505214,1.6110134562336,0.805216859493185,0.805216859493185,0.9550561797752809,0.005988023952095809,0.9550561797752809,0.9940119760479041,0.18418397109322315
DNASE2,ATP5L,0.9956603646639306,0.997611518535962,2.26181778914082,2.3200297147278457,0.8031105794761632,0.8031105794761632,0.9438202247191011,0.005988023952095809,0.9438202247191011,0.9940119760479041,0.18409407966890637
SERTAD3,MND1,0.9945502253919128,0.9950548341519208,3.3380839063446146,5.538897867186975,0.8016617766584705,0.8016617766584705,0.9325842696629213,0.0,0.9325842696629213,1.0,0.18400574612855664
AC009065.4,NAGA,1.0,0.9948361703559174,11.75384606741573,2.921225973894907,0.8090929033174806,0.8090929033174806,0.9662921348314607,0.0,0.9662921348314607,1.0,0.18399573494962612
CCDC96,CTSB,0.9951725761959228,0.9947520688959162,2.658767960707798,3.5799245004373272,0.7982244479840038,0.7982244479840038,0.9213483146067416,0.005988023952095809,0.9213483146067416,0.9940119760479041,0.18386143350946385
MND1,NDUFC2,0.9950548341519208,0.9971741909439548,5.538897867186975,2.232745428244634,0.8010554449887183,0.8010554449887183,0.9269662921348315,0.0,0.9269662921348315,1.0,0.18369835473290075
SHFM1,CTSB,0.996064051671937,0.9947520688959162,2.8740591939716085,3.5799245004373272,0.8010519039979808,0.8010519039979808,0.9325842696629213,0.005988023952095809,0.9325842696629213,0.9940119760479041,0.18357800371584113
MISP,COX7A2,0.996366816927942,0.9967705039359482,7.767093157505214,2.320042726905739,0.8071021394217407,0.8071021394217407,0.9606741573033708,0.005988023952095809,0.9606741573033708,0.9940119760479041,0.18357027625640934
CCR6,DHRS7B,0.9963836372199422,0.9949875529839196,8.924084125008408,1.7343585581645686,0.8002118487838994,0.8002118487838994,0.9213483146067416,0.0,0.9213483146067416,1.0,0.18328030457875563
AC009065.4,ATP5L,1.0,0.997611518535962,11.75384606741573,2.3200297147278457,0.8091439138313054,0.8091439138313054,0.9606741573033708,0.0,0.9606741573033708,1.0,0.18313154509935473
AC009065.4,CKLF,1.0,0.9949875529839196,11.75384606741573,3.8934817230707113,0.8111071266364775,0.8111071266364775,0.9719101123595506,0.0,0.9719101123595506,1.0,0.18312678398571336
CCDC96,LINC00920,0.9951725761959228,0.9959799502119356,2.658767960707798,5.25366450581982,0.8003703730516203,0.8003703730516203,0.9213483146067416,0.0,0.9213483146067416,1.0,0.18311476941358548
PSMB3,AC009065.4,0.9950548341519208,1.0,2.7755753481800447,11.75384606741573,0.8090786823376934,0.8090786823376934,0.9606741573033708,0.0,0.9606741573033708,1.0,0.18295967166957167
NPC2,CKS2,0.9945838659759134,0.9946511471439144,2.7663828399381023,4.81815380475005,0.8040148325979632,0.8040148325979632,0.9382022471910112,0.0,0.9382022471910112,1.0,0.1828840253569189
RNASET2,OCIAD2,0.9965686604319453,0.996938706855951,2.8389652694610765,3.9669676209379,0.8056016714527691,0.8056016714527691,0.9438202247191011,0.0,0.9438202247191011,1.0,0.1828814495077419
EPHX4,ATP5L,0.9968377851039494,0.997611518535962,7.818003390970866,2.3200297147278457,0.8033721363892805,0.8033721363892805,0.9382022471910112,0.005988023952095809,0.9382022471910112,0.9940119760479041,0.18286313128838227
IFI27,LINC00920,0.9963331763439413,0.9959799502119356,6.051113907017427,5.25366450581982,0.8032246910586323,0.8032246910586323,0.9325842696629213,0.0,0.9325842696629213,1.0,0.1828042504035726
UBE2S,NAGA,0.9958958487519344,0.9948361703559174,3.778860169548543,2.921225973894907,0.8054835077020543,0.8054835077020543,0.949438202247191,0.005988023952095809,0.949438202247191,0.9940119760479041,0.18272482500586698
NPC2,UBE2S,0.9945838659759134,0.9958958487519344,2.7663828399381023,3.778860169548543,0.8019735526125791,0.8019735526125791,0.9325842696629213,0.005988023952095809,0.9325842696629213,0.9940119760479041,0.18269668162470587
PIGU,MND1,0.9947352486039158,0.9950548341519208,2.392829610442038,5.538897867186975,0.803201665005444,0.803201665005444,0.9325842696629213,0.0,0.9325842696629213,1.0,0.18259411319004135
CORO2A,NDUFA13,0.9971405503599542,0.998990782479984,6.426852216914485,2.554904174796474,0.8002691902274304,0.8002691902274304,0.9269662921348315,0.011976047904191617,0.9269662921348315,0.9880239520958084,0.18257259725065844
MAD2L1,SERTAD3,0.9951389356119222,0.9945502253919128,4.156349323824261,3.3380839063446146,0.8057542358314277,0.8057542358314277,0.9438202247191011,0.0,0.9438202247191011,1.0,0.18238792184897581
TP53TG1,CKS2,0.9946006862679136,0.9946511471439144,2.8377416134024083,4.81815380475005,0.8071214880731317,0.8071214880731317,0.949438202247191,0.0,0.949438202247191,1.0,0.18214209201541934
MGST2,CTSB,0.9968377851039494,0.9947520688959162,2.420642397228016,3.5799245004373272,0.8003085094562102,0.8003085094562102,0.9213483146067416,0.005988023952095809,0.9213483146067416,0.9940119760479041,0.18211466981493715
RNASET2,POC1A,0.9965686604319453,0.9949539123999191,2.8389652694610765,3.774388256072125,0.8050666718995989,0.8050666718995989,0.9382022471910112,0.0,0.9382022471910112,1.0,0.1821116813461644
MISP,ATOX1,0.996366816927942,0.9969723474399516,7.767093157505214,2.821290462894436,0.8064584197738688,0.8064584197738688,0.949438202247191,0.005988023952095809,0.949438202247191,0.9940119760479041,0.18204711711956298
GTF3A,IFI27,0.9957276458319316,0.9963331763439413,1.6110134562336,6.051113907017427,0.8004618731799747,0.8004618731799747,0.9269662921348315,0.011976047904191617,0.9269662921348315,0.9880239520958084,0.18202452420891332
SPA17,LINC00920,0.9945502253919128,0.9959799502119356,2.7632888784229293,5.25366450581982,0.8003915494355328,0.8003915494355328,0.9157303370786517,0.0,0.9157303370786517,1.0,0.18192203089078218
UBE2T,NPC2,0.9959463096279352,0.9945838659759134,5.646122027854405,2.7663828399381023,0.8016845093736935,0.8016845093736935,0.9269662921348315,0.005988023952095809,0.9269662921348315,0.9940119760479041,0.18186577077247268
MISP,NDUFA1,0.996366816927942,0.995879028459934,7.767093157505214,2.1289500067281164,0.8099854307316521,0.8099854307316521,0.9662921348314607,0.005988023952095809,0.9662921348314607,0.9940119760479041,0.18180251933729255
RNASET2,CKLF,0.9965686604319453,0.9949875529839196,2.8389652694610765,3.8934817230707113,0.8078021083986607,0.8078021083986607,0.949438202247191,0.0,0.949438202247191,1.0,0.1817096095024406
KIF4A,GBA,0.996434098095943,0.9949202718159188,6.418663964206419,2.296132345421516,0.8043851142185985,0.8043851142185985,0.9325842696629213,0.0,0.9325842696629213,1.0,0.1816387656320792
DNASE2,SHFM1,0.9956603646639306,0.996064051671937,2.26181778914082,2.8740591939716085,0.8068023672291276,0.8068023672291276,0.949438202247191,0.005988023952095809,0.949438202247191,0.9940119760479041,0.18157638757641315
KIF4A,NDUFA13,0.996434098095943,0.998990782479984,6.418663964206419,2.554904174796474,0.8060947515897025,0.8060947515897025,0.9382022471910112,0.0,0.9382022471910112,1.0,0.18150618158542497
UBE2S,DHRS7B,0.9958958487519344,0.9949875529839196,3.778860169548543,1.7343585581645686,0.8080152142520548,0.8080152142520548,0.949438202247191,0.0,0.949438202247191,1.0,0.1814468136039503
MAN2B1,CCDC51,0.9949202718159188,0.994634326851914,2.349282665007065,2.608153639911189,0.8044610397769372,0.8044610397769372,0.9325842696629213,0.0,0.9325842696629213,1.0,0.18140416469119802
DNASE2,COX7A2,0.9956603646639306,0.9967705039359482,2.26181778914082,2.320042726905739,0.807080002127874,0.807080002127874,0.949438202247191,0.005988023952095809,0.949438202247191,0.9940119760479041,0.18137976446613005
MISP,SPA17,0.996366816927942,0.9945502253919128,7.767093157505214,2.7632888784229293,0.8058924825122029,0.8058924825122029,0.9438202247191011,0.005988023952095809,0.9438202247191011,0.9940119760479041,0.1812785505788154
EPHX4,NDUFA13,0.9968377851039494,0.998990782479984,7.818003390970866,2.554904174796474,0.805250316519243,0.805250316519243,0.9382022471910112,0.005988023952095809,0.9382022471910112,0.9940119760479041,0.18124168253349646
ATP5L,LINC00920,0.997611518535962,0.9959799502119356,2.3200297147278457,5.25366450581982,0.8050482321040209,0.8050482321040209,0.9325842696629213,0.0,0.9325842696629213,1.0,0.18122638790709986
RNASET2,TCEB2,0.9965686604319453,0.9960304110879364,2.8389652694610765,2.6273445132207485,0.807425412691995,0.807425412691995,0.9438202247191011,0.0,0.9438202247191011,1.0,0.18108320946591822
RNASET2,MND1,0.9965686604319453,0.9950548341519208,2.8389652694610765,5.538897867186975,0.803842026288365,0.803842026288365,0.9269662921348315,0.0,0.9269662921348315,1.0,0.1810702719115712
RNASET2,GTF3A,0.9965686604319453,0.9957276458319316,2.8389652694610765,1.6110134562336,0.8051295093084789,0.8051295093084789,0.9325842696629213,0.0,0.9325842696629213,1.0,0.18103314595942344
AC009065.4,CD63,1.0,0.9978470026239656,11.75384606741573,2.327627726569334,0.8124642456779829,0.8124642456779829,0.9662921348314607,0.0,0.9662921348314607,1.0,0.18101924741858255
TEX264,UBE2T,0.9965686604319453,0.9959463096279352,1.974107619592277,5.646122027854405,0.8075701370757804,0.8075701370757804,0.9438202247191011,0.0,0.9438202247191011,1.0,0.18093948390617176
MISP,PIGU,0.996366816927942,0.9947352486039158,7.767093157505214,2.392829610442038,0.8085627651949094,0.8085627651949094,0.9550561797752809,0.005988023952095809,0.9550561797752809,0.9940119760479041,0.18092995522647304
CD63,MND1,0.9978470026239656,0.9950548341519208,2.327627726569334,5.538897867186975,0.804152176366656,0.804152176366656,0.9269662921348315,0.0,0.9269662921348315,1.0,0.18090001524952085
TPX2,NDUFA13,0.9954080602839264,0.998990782479984,6.654686059341989,2.554904174796474,0.8043952641931726,0.8043952641931726,0.9269662921348315,0.0,0.9269662921348315,1.0,0.18081119856973507
UBE2T,MAN2B1,0.9959463096279352,0.9949202718159188,5.646122027854405,2.349282665007065,0.8052626264840085,0.8052626264840085,0.9325842696629213,0.0,0.9325842696629213,1.0,0.18077965569979978
GBA,TPX2,0.9949202718159188,0.9954080602839264,2.296132345421516,6.654686059341989,0.8028522300943275,0.8028522300943275,0.9213483146067416,0.0,0.9213483146067416,1.0,0.18076337611456192
MAN2B1,COX7A2,0.9949202718159188,0.9967705039359482,2.349282665007065,2.320042726905739,0.8065397774827655,0.8065397774827655,0.9382022471910112,0.0,0.9382022471910112,1.0,0.18075073340065756
MISP,MAN2B1,0.996366816927942,0.9949202718159188,7.767093157505214,2.349282665007065,0.8087980091751397,0.8087980091751397,0.949438202247191,0.0,0.949438202247191,1.0,0.18074362755199902
AC000089.3,RGS10,0.9984525331359752,0.995189396487923,3.0299632409338626,4.373259220884075,0.8056866391200004,0.8056866391200004,0.9325842696629213,0.0,0.9325842696629213,1.0,0.1806374993827534
NAGA,COX7A2,0.9948361703559174,0.9967705039359482,2.921225973894907,2.320042726905739,0.8089359757577941,0.8089359757577941,0.9550561797752809,0.005988023952095809,0.9550561797752809,0.9940119760479041,0.1806229928351788
CORO2A,BLOC1S1,0.9971405503599542,0.995122115319922,6.426852216914485,2.293008490883402,0.8043983395273033,0.8043983395273033,0.9382022471910112,0.011976047904191617,0.9382022471910112,0.9880239520958084,0.1806146941243901
PSMB3,CORO2A,0.9950548341519208,0.9971405503599542,2.7755753481800447,6.426852216914485,0.8044123527243411,0.8044123527243411,0.9269662921348315,0.0,0.9269662921348315,1.0,0.1805956554720989
GTF3A,MAD2L1,0.9957276458319316,0.9951389356119222,1.6110134562336,4.156349323824261,0.8055279757099651,0.8055279757099651,0.9325842696629213,0.0,0.9325842696629213,1.0,0.18053332526593105
LINC01420,LINC00920,0.994869810939918,0.9959799502119356,2.968724063109736,5.25366450581982,0.806721996713024,0.806721996713024,0.9382022471910112,0.0,0.9382022471910112,1.0,0.18050423296495452
UBE2T,COMMD1,0.9959463096279352,0.9963331763439413,5.646122027854405,1.9911958453878764,0.8057337848692498,0.8057337848692498,0.9325842696629213,0.0,0.9325842696629213,1.0,0.18047025507561015
NUDT1,LINC00920,0.9945838659759132,0.9959799502119356,3.1617194577137866,5.25366450581982,0.8068612637129018,0.8068612637129018,0.9382022471910112,0.0,0.9382022471910112,1.0,0.180348263069878
NPC2,MND1,0.9945838659759134,0.9950548341519208,2.7663828399381023,5.538897867186975,0.802107553791834,0.802107553791834,0.9213483146067416,0.005988023952095809,0.9213483146067416,0.9940119760479041,0.18029716739554705
ATP5E,CTSB,0.9953575994079256,0.9947520688959162,2.903379583529571,3.5799245004373272,0.8033805122654988,0.8033805122654988,0.9269662921348315,0.005988023952095809,0.9269662921348315,0.9940119760479041,0.18027235532767652
RNASET2,NPC2,0.9965686604319453,0.9945838659759134,2.8389652694610765,2.7663828399381023,0.8058499632956659,0.8058499632956659,0.9325842696629213,0.0,0.9325842696629213,1.0,0.18026030278168034
MRPL14,LINC00920,0.9965350198479448,0.9959799502119356,2.674413590795937,5.25366450581982,0.8060274475702007,0.8060274475702007,0.9325842696629213,0.0,0.9325842696629213,1.0,0.1802187460857264
TPX2,CD63,0.9954080602839264,0.9978470026239656,6.654686059341989,2.327627726569334,0.8061209194876299,0.8061209194876299,0.9325842696629213,0.0,0.9325842696629213,1.0,0.1801988094512714
NPC2,OCIAD2,0.9945838659759134,0.996938706855951,2.7663828399381023,3.9669676209379,0.8060319269840968,0.8060319269840968,0.9325842696629213,0.0,0.9325842696629213,1.0,0.18012482614072614
KIF4A,CD63,0.996434098095943,0.9978470026239656,6.418663964206419,2.327627726569334,0.808612733924068,0.808612733924068,0.9438202247191011,0.0,0.9438202247191011,1.0,0.18011865529724402
NDUFA1,RGS10,0.995879028459934,0.995189396487923,2.1289500067281164,4.373259220884075,0.8048310474045322,0.8048310474045322,0.9382022471910112,0.011976047904191617,0.9382022471910112,0.9880239520958084,0.18010711219688733
AC009065.4,IFI27,1.0,0.9963331763439413,11.75384606741573,6.051113907017427,0.8122401322985435,0.8122401322985435,0.9606741573033708,0.0,0.9606741573033708,1.0,0.18004534909101325
PTTG1,TP53TG1,0.9954417008679272,0.9946006862679136,5.344155052815717,2.8377416134024083,0.8071742975519416,0.8071742975519416,0.9438202247191011,0.005988023952095809,0.9438202247191011,0.9940119760479041,0.18000233946124816
HPSE,AC000089.3,0.9949875529839196,0.9984525331359752,4.325412251900693,3.0299632409338626,0.806397726109022,0.806397726109022,0.9325842696629213,0.0,0.9325842696629213,1.0,0.1799582375487292
HPSE,BOLA2B,0.9949875529839196,0.9969050662719504,4.325412251900693,2.9417004743322352,0.8039434572157298,0.8039434572157298,0.9213483146067416,0.0,0.9213483146067416,1.0,0.17990412136720485
HPSE,BLOC1S1,0.9949875529839196,0.995122115319922,4.325412251900693,2.293008490883402,0.8061595677852911,0.8061595677852911,0.9382022471910112,0.005988023952095809,0.9382022471910112,0.9940119760479041,0.1798785877273656
AC009065.4,ATP5E,1.0,0.9953575994079256,11.75384606741573,2.903379583529571,0.8124307540953825,0.8124307540953825,0.9606741573033708,0.0,0.9606741573033708,1.0,0.17977466336938125
AC009065.4,SERTAD3,1.0,0.9945502253919128,11.75384606741573,3.3380839063446146,0.812355131032395,0.812355131032395,0.9606741573033708,0.0,0.9606741573033708,1.0,0.1797743729873548
CCDC96,MRPL14,0.9951725761959228,0.9965350198479448,2.658767960707798,2.674413590795937,0.8087503726379118,0.8087503726379118,0.9438202247191011,0.0,0.9438202247191011,1.0,0.17975685498225238
MISP,AC009065.4,0.996366816927942,1.0,7.767093157505214,11.75384606741573,0.8179652170236136,0.8179652170236136,0.9887640449438202,0.0,0.9887640449438202,1.0,0.17966248102778024
AC009065.4,MGST2,1.0,0.9968377851039494,11.75384606741573,2.420642397228016,0.8127663515506435,0.8127663515506435,0.9606741573033708,0.0,0.9606741573033708,1.0,0.17958613281230093
SNRPD1,NAGA,0.9946847877279148,0.9948361703559174,3.0110962154343013,2.921225973894907,0.810024008422945,0.810024008422945,0.949438202247191,0.0,0.949438202247191,1.0,0.1794254090871549
RNASET2,CFL1,0.9965686604319453,0.9953575994079256,2.8389652694610765,3.58724077238781,0.8079828173354165,0.8079828173354165,0.9382022471910112,0.0,0.9382022471910112,1.0,0.17942370628606416
NPC2,DYNLRB1,0.9945838659759134,0.9958958487519344,2.7663828399381023,2.7184927538182064,0.8043479483798216,0.8043479483798216,0.9325842696629213,0.011976047904191617,0.9325842696629213,0.9880239520958084,0.1794187081800438
TEX264,ATP5L,0.9965686604319453,0.997611518535962,1.974107619592277,2.3200297147278457,0.8115906601126474,0.8115906601126474,0.9606741573033708,0.005988023952095809,0.9606741573033708,0.9940119760479041,0.17939261168439122
AC009065.4,COX6B1,1.0,0.9954921617439276,11.75384606741573,2.311949498755298,0.8129512862770538,0.8129512862770538,0.9606741573033708,0.0,0.9606741573033708,1.0,0.1792878522439054
NPC2,POC1A,0.9945838659759134,0.9949539123999191,2.7663828399381023,3.774388256072125,0.8056719264079731,0.8056719264079731,0.9325842696629213,0.005988023952095809,0.9325842696629213,0.9940119760479041,0.1791997677998659
CCDC96,PKM,0.9951725761959228,0.9953239588239252,2.658767960707798,4.02694682432887,0.8093276449441675,0.8093276449441675,0.949438202247191,0.005988023952095809,0.949438202247191,0.9940119760479041,0.1790925334977331
TP53TG1,MAD2L1,0.9946006862679136,0.9951389356119222,2.8377416134024083,4.156349323824261,0.8082268275174372,0.8082268275174372,0.9438202247191011,0.005988023952095809,0.9438202247191011,0.9940119760479041,0.1789925691235549
AC009065.4,PSMB6,1.0,0.9951052950279218,11.75384606741573,1.9886599845253323,0.8132589013837435,0.8132589013837435,0.9606741573033708,0.0,0.9606741573033708,1.0,0.17895829900256977
DHRS7B,IFI27,0.9949875529839196,0.9963331763439413,1.7343585581645686,6.051113907017427,0.8040406834325489,0.8040406834325489,0.9213483146067416,0.005988023952095809,0.9213483146067416,0.9940119760479041,0.1786868520189584
MAN2B1,MGST2,0.9949202718159188,0.9968377851039494,2.349282665007065,2.420642397228016,0.8064802658086725,0.8064802658086725,0.9269662921348315,0.0,0.9269662921348315,1.0,0.17864702474301603
MISP,CD63,0.996366816927942,0.9978470026239656,7.767093157505214,2.327627726569334,0.8124572235566658,0.8124572235566658,0.9606741573033708,0.005988023952095809,0.9606741573033708,0.9940119760479041,0.17857053179366
SMYD3,EPHX4,0.9947857094799164,0.9968377851039494,3.0911119121307946,7.818003390970866,0.8077281024556419,0.8077281024556419,0.9382022471910112,0.005988023952095809,0.9382022471910112,0.9940119760479041,0.17855875261403337
UQCR10,LINC00920,0.9952903182399246,0.9959799502119356,2.180370561124943,5.25366450581982,0.807855388026109,0.807855388026109,0.9325842696629213,0.0,0.9325842696629213,1.0,0.1784088977783526
UBE2S,GBA,0.9958958487519344,0.9949202718159188,3.778860169548543,2.296132345421516,0.811298871698566,0.811298871698566,0.9550561797752809,0.005988023952095809,0.9550561797752809,0.9940119760479041,0.17831841122205574
TP53TG1,CCNB1,0.9946006862679136,0.9945165848079124,2.8377416134024083,3.72830410078719,0.8066353907564077,0.8066353907564077,0.9325842696629213,0.005988023952095809,0.9325842696629213,0.9940119760479041,0.17827362073068725
CORO2A,ATP5L,0.9971405503599542,0.997611518535962,6.426852216914485,2.3200297147278457,0.8048374323263872,0.8048374323263872,0.9269662921348315,0.011976047904191617,0.9269662921348315,0.9880239520958084,0.1782735311300539
MISP,ATP5L,0.996366816927942,0.997611518535962,7.767093157505214,2.3200297147278457,0.8116864353620895,0.8116864353620895,0.9550561797752809,0.005988023952095809,0.9550561797752809,0.9940119760479041,0.17823483155370612
AC009065.4,GRN,1.0,0.9967368633519478,11.75384606741573,3.5322372199421377,0.8142324202153013,0.8142324202153013,0.9606741573033708,0.0,0.9606741573033708,1.0,0.17817094003307507
KIF4A,COMMD1,0.996434098095943,0.9963331763439413,6.418663964206419,1.9911958453878764,0.8071332640119474,0.8071332640119474,0.9269662921348315,0.0,0.9269662921348315,1.0,0.17813442631412832
UBE2S,COMMD1,0.9958958487519344,0.9963331763439413,3.778860169548543,1.9911958453878764,0.8094243840366752,0.8094243840366752,0.9438202247191011,0.005988023952095809,0.9438202247191011,0.9940119760479041,0.1780973657756099
AC009065.4,MRPL14,1.0,0.9965350198479448,11.75384606741573,2.674413590795937,0.8153841548029943,0.8153841548029943,0.9662921348314607,0.0,0.9662921348314607,1.0,0.17808377535561687
RNASET2,MRPL17,0.9965686604319453,0.9952398573639238,2.8389652694610765,2.2809577406983785,0.810628353273075,0.810628353273075,0.9438202247191011,0.0,0.9438202247191011,1.0,0.17800074693424958
TEX264,CTSB,0.9965686604319453,0.9947520688959162,1.974107619592277,3.5799245004373272,0.8071858298930014,0.8071858298930014,0.9269662921348315,0.0,0.9269662921348315,1.0,0.17795660360664453
NPC2,GAPDH,0.9945838659759134,0.9971741909439548,2.7663828399381023,3.5851202650878014,0.8084011476249594,0.8084011476249594,0.9382022471910112,0.005988023952095809,0.9382022471910112,0.9940119760479041,0.17794573206129644
UBE2T,AC009065.4,0.9959463096279352,1.0,5.646122027854405,11.75384606741573,0.813404172210979,0.813404172210979,0.9550561797752809,0.0,0.9550561797752809,1.0,0.17784829538614955
AC009065.4,CCNB1,1.0,0.9945165848079124,11.75384606741573,3.72830410078719,0.812308764477977,0.812308764477977,0.949438202247191,0.0,0.949438202247191,1.0,0.1777126535677751
TP53TG1,AC009065.4,0.9946006862679136,1.0,2.8377416134024083,11.75384606741573,0.8146555766278373,0.8146555766278373,0.9606741573033708,0.0,0.9606741573033708,1.0,0.1775749087169718
CCDC96,BOLA2B,0.9951725761959228,0.9969050662719504,2.658767960707798,2.9417004743322352,0.8100305425317782,0.8100305425317782,0.9382022471910112,0.0,0.9382022471910112,1.0,0.17752377190643473
PTTG1,TEX264,0.9954417008679272,0.9965686604319453,5.344155052815717,1.974107619592277,0.8111593250969962,0.8111593250969962,0.9438202247191011,0.0,0.9438202247191011,1.0,0.17751964498594452
MAD2L1,RGS10,0.9951389356119222,0.995189396487923,4.156349323824261,4.373259220884075,0.808738819908634,0.808738819908634,0.9325842696629213,0.0,0.9325842696629213,1.0,0.1775046139440214
NAGA,TCEB2,0.9948361703559174,0.9960304110879364,2.921225973894907,2.6273445132207485,0.812180009410308,0.812180009410308,0.9550561797752809,0.005988023952095809,0.9550561797752809,0.9940119760479041,0.17749025418740397
GBA,CKS2,0.9949202718159188,0.9946511471439144,2.296132345421516,4.81815380475005,0.8109729943621216,0.8109729943621216,0.9438202247191011,0.0,0.9438202247191011,1.0,0.1774772423461197
MISP,UQCR10,0.996366816927942,0.9952903182399246,7.767093157505214,2.180370561124943,0.8122899377043145,0.8122899377043145,0.9550561797752809,0.005988023952095809,0.9550561797752809,0.9940119760479041,0.17745681013714046
AC009065.4,GAPDH,1.0,0.9971741909439548,11.75384606741573,3.5851202650878014,0.8161187779337392,0.8161187779337392,0.9662921348314607,0.0,0.9662921348314607,1.0,0.17743192954077203
RNASET2,ATOX1,0.9965686604319453,0.9969723474399516,2.8389652694610765,2.821290462894436,0.8091536626376563,0.8091536626376563,0.9325842696629213,0.0,0.9325842696629213,1.0,0.1774055054939376
MAD2L1,DHRS7B,0.9951389356119222,0.9949875529839196,4.156349323824261,1.7343585581645686,0.8089964749103539,0.8089964749103539,0.9325842696629213,0.0,0.9325842696629213,1.0,0.1772475140436802
TPX2,NDUFA1,0.9954080602839264,0.995879028459934,6.654686059341989,2.1289500067281164,0.80910979605541,0.80910979605541,0.9325842696629213,0.0,0.9325842696629213,1.0,0.1772456599665797
NDUFA13,RGS10,0.998990782479984,0.995189396487923,2.554904174796474,4.373259220884075,0.8071075272337744,0.8071075272337744,0.9325842696629213,0.011976047904191617,0.9325842696629213,0.9880239520958084,0.17721694229250914
TP53TG1,HPSE,0.9946006862679136,0.9949875529839196,2.8377416134024083,4.325412251900693,0.8078300803541474,0.8078300803541474,0.9325842696629213,0.005988023952095809,0.9325842696629213,0.9940119760479041,0.17721411923018585
MISP,NUDT1,0.996366816927942,0.9945838659759132,7.767093157505214,3.1617194577137866,0.813612426398007,0.813612426398007,0.9606741573033708,0.005988023952095809,0.9606741573033708,0.9940119760479041,0.17718019953537067
NPC2,NUDT1,0.9945838659759134,0.9945838659759132,2.7663828399381023,3.1617194577137866,0.8078682065297376,0.8078682065297376,0.9382022471910112,0.011976047904191617,0.9382022471910112,0.9880239520958084,0.1771350843701067
RGS10,LINC00920,0.995189396487923,0.9959799502119356,4.373259220884075,5.25366450581982,0.8092341097477666,0.8092341097477666,0.9382022471910112,0.005988023952095809,0.9382022471910112,0.9940119760479041,0.17711975856455617
AC009065.4,PKM,1.0,0.9953239588239252,11.75384606741573,4.02694682432887,0.815248892457723,0.815248892457723,0.9606741573033708,0.0,0.9606741573033708,1.0,0.17707064952814522
MAD2L1,ATP5E,0.9951389356119222,0.9953575994079256,4.156349323824261,2.903379583529571,0.8093824287739505,0.8093824287739505,0.9325842696629213,0.0,0.9325842696629213,1.0,0.17692224746216906
DNASE2,TCEB2,0.9956603646639306,0.9960304110879364,2.26181778914082,2.6273445132207485,0.8118260299844717,0.8118260299844717,0.949438202247191,0.005988023952095809,0.949438202247191,0.9940119760479041,0.17685192162282345
SNRPD1,AC000089.3,0.9946847877279148,0.9984525331359752,3.0110962154343013,3.0299632409338626,0.8119852565544675,0.8119852565544675,0.9438202247191011,0.0,0.9438202247191011,1.0,0.17684321893736507
TEX264,MAD2L1,0.9965686604319453,0.9951389356119222,1.974107619592277,4.156349323824261,0.811922440291556,0.811922440291556,0.9438202247191011,0.0,0.9438202247191011,1.0,0.17677540653147727
MAN2B1,HPSE,0.9949202718159188,0.9949875529839196,2.349282665007065,4.325412251900693,0.8083768780986604,0.8083768780986604,0.9269662921348315,0.0,0.9269662921348315,1.0,0.17673184746592155
MISP,LINC01420,0.996366816927942,0.994869810939918,7.767093157505214,2.968724063109736,0.8142036810246642,0.8142036810246642,0.9606741573033708,0.005988023952095809,0.9606741573033708,0.9940119760479041,0.17664351865093184
SMYD3,COX7A2,0.9947857094799164,0.9967705039359482,3.0911119121307946,2.320042726905739,0.8132111416572005,0.8132111416572005,0.9606741573033708,0.011976047904191617,0.9606741573033708,0.9880239520958084,0.1765456911454982
CCDC96,HPSE,0.9951725761959228,0.9949875529839196,2.658767960707798,4.325412251900693,0.8074639017689699,0.8074639017689699,0.9269662921348315,0.005988023952095809,0.9269662921348315,0.9940119760479041,0.17653293876110762
COX7B,RGS10,0.9969387068559512,0.995189396487923,2.605707387472245,4.373259220884075,0.8088179522774578,0.8088179522774578,0.9325842696629213,0.005988023952095809,0.9325842696629213,0.9940119760479041,0.17652819399964337
MAD2L1,PSMB6,0.9951389356119222,0.9951052950279218,4.156349323824261,1.9886599845253323,0.8121810854179037,0.8121810854179037,0.9438202247191011,0.0,0.9438202247191011,1.0,0.17640260076838543
HPSE,SHFM1,0.9949875529839196,0.996064051671937,4.325412251900693,2.8740591939716085,0.8100102145686473,0.8100102145686473,0.9382022471910112,0.005988023952095809,0.9382022471910112,0.9940119760479041,0.17638874030089485
AC009065.4,PIGU,1.0,0.9947352486039158,11.75384606741573,2.392829610442038,0.8159165910544958,0.8159165910544958,0.9606741573033708,0.0,0.9606741573033708,1.0,0.17637865345690196
ATOX1,MND1,0.9969723474399516,0.9950548341519208,2.821290462894436,5.538897867186975,0.8090199412021529,0.8090199412021529,0.9269662921348315,0.0,0.9269662921348315,1.0,0.17632635467446262
KIF4A,AC009065.4,0.996434098095943,1.0,6.418663964206419,11.75384606741573,0.8150612302828303,0.8150612302828303,0.9550561797752809,0.0,0.9550561797752809,1.0,0.17631199777234852
IFI27,COX7A2,0.9963331763439413,0.9967705039359482,6.051113907017427,2.320042726905739,0.8091553708583498,0.8091553708583498,0.9382022471910112,0.011976047904191617,0.9382022471910112,0.9880239520958084,0.17629653622511
PTTG1,AC009065.4,0.9954417008679272,1.0,5.344155052815717,11.75384606741573,0.816074912173182,0.816074912173182,0.9606741573033708,0.0,0.9606741573033708,1.0,0.1762893710803604
RNASET2,PSMB3,0.9965686604319453,0.9950548341519208,2.8389652694610765,2.7755753481800447,0.8113405644711945,0.8113405644711945,0.9382022471910112,0.0,0.9382022471910112,1.0,0.176259382679142
KIF4A,SMYD3,0.996434098095943,0.9947857094799164,6.418663964206419,3.0911119121307946,0.8101873306504909,0.8101873306504909,0.9382022471910112,0.005988023952095809,0.9382022471910112,0.9940119760479041,0.17623919098775254
CORO2A,BOLA2B,0.9971405503599542,0.9969050662719504,6.426852216914485,2.9417004743322352,0.8070479925838406,0.8070479925838406,0.9157303370786517,0.0,0.9157303370786517,1.0,0.17616596081794564
TP53TG1,NPC2,0.9946006862679136,0.9945838659759134,2.8377416134024083,2.7663828399381023,0.8066635500051539,0.8066635500051539,0.9325842696629213,0.017964071856287425,0.9325842696629213,0.9820359281437125,0.17610605351161093
MAD2L1,ATOX1,0.9951389356119222,0.9969723474399516,4.156349323824261,2.821290462894436,0.8116316446065159,0.8116316446065159,0.9382022471910112,0.0,0.9382022471910112,1.0,0.17603053726665893
SNRPD1,CCDC96,0.9946847877279148,0.9951725761959228,3.0110962154343013,2.658767960707798,0.8125888047290823,0.8125888047290823,0.9438202247191011,0.0,0.9438202247191011,1.0,0.17598544914210515
GBA,EPHX4,0.9949202718159188,0.9968377851039494,2.296132345421516,7.818003390970866,0.8094332378040451,0.8094332378040451,0.9325842696629213,0.005988023952095809,0.9325842696629213,0.9940119760479041,0.175927383958296
TCEB2,MND1,0.9960304110879364,0.9950548341519208,2.6273445132207485,5.538897867186975,0.8094515091987482,0.8094515091987482,0.9269662921348315,0.0,0.9269662921348315,1.0,0.17584471238376603
NAGA,NDUFA1,0.9948361703559174,0.995879028459934,2.921225973894907,2.1289500067281164,0.8139160247682515,0.8139160247682515,0.9550561797752809,0.005988023952095809,0.9550561797752809,0.9940119760479041,0.17583634495900183
TPX2,COX7A2,0.9954080602839264,0.9967705039359482,6.654686059341989,2.320042726905739,0.810737775684011,0.810737775684011,0.9325842696629213,0.0,0.9325842696629213,1.0,0.17581271990341354
CORO2A,COX7A2,0.9971405503599542,0.9967705039359482,6.426852216914485,2.320042726905739,0.8086446728921418,0.8086446728921418,0.9325842696629213,0.011976047904191617,0.9325842696629213,0.9880239520958084,0.17578098802889763
BOLA2B,RGS10,0.9969050662719504,0.995189396487923,2.9417004743322352,4.373259220884075,0.8084712910054097,0.8084712910054097,0.9213483146067416,0.0,0.9213483146067416,1.0,0.1757671292871291
TCEB2,RGS10,0.9960304110879364,0.995189396487923,2.6273445132207485,4.373259220884075,0.8095967772597765,0.8095967772597765,0.9382022471910112,0.011976047904191617,0.9382022471910112,0.9880239520958084,0.17572252896121027
CCNB1,GRN,0.9945165848079124,0.9967368633519478,3.72830410078719,3.5322372199421377,0.8119707961970727,0.8119707961970727,0.9382022471910112,0.0,0.9382022471910112,1.0,0.1756379344701249
EPHX4,COX7A2,0.9968377851039494,0.9967705039359482,7.818003390970866,2.320042726905739,0.8122032475789512,0.8122032475789512,0.9438202247191011,0.005988023952095809,0.9438202247191011,0.9940119760479041,0.1756219556903556
NDUFA1,IFI27,0.995879028459934,0.9963331763439413,2.1289500067281164,6.051113907017427,0.8109641734971079,0.8109641734971079,0.9438202247191011,0.011976047904191617,0.9438202247191011,0.9880239520958084,0.17559270680753877
RGS10,COX7A2,0.995189396487923,0.9967705039359482,4.373259220884075,2.320042726905739,0.8098529645358191,0.8098529645358191,0.9382022471910112,0.011976047904191617,0.9382022471910112,0.9880239520958084,0.17555131888147602
DNASE2,PSMB3,0.9956603646639306,0.9950548341519208,2.26181778914082,2.7755753481800447,0.8131723902335508,0.8131723902335508,0.9438202247191011,0.0,0.9438202247191011,1.0,0.17551307435349778
BOLA2B,COMMD1,0.9969050662719504,0.9963331763439413,2.9417004743322352,1.9911958453878764,0.8113005355243209,0.8113005355243209,0.9325842696629213,0.0,0.9325842696629213,1.0,0.17538319147857967
AC009065.4,LINC01420,1.0,0.994869810939918,11.75384606741573,2.968724063109736,0.818048607501674,0.818048607501674,0.9662921348314607,0.0,0.9662921348314607,1.0,0.1753672091909639
CORO2A,MND1,0.9971405503599542,0.9950548341519208,6.426852216914485,5.538897867186975,0.8112937348997121,0.8112937348997121,0.9325842696629213,0.0,0.9325842696629213,1.0,0.17529774876396195
HPSE,EPHX4,0.9949875529839196,0.9968377851039494,4.325412251900693,7.818003390970866,0.810199577372162,0.810199577372162,0.9325842696629213,0.005988023952095809,0.9325842696629213,0.9940119760479041,0.17522583364675612
CCDC96,CKLF,0.9951725761959228,0.9949875529839196,2.658767960707798,3.8934817230707113,0.8123288384607515,0.8123288384607515,0.9438202247191011,0.005988023952095809,0.9438202247191011,0.9940119760479041,0.17520095290852375
DNASE2,COX6B1,0.9956603646639306,0.9954921617439276,2.26181778914082,2.311949498755298,0.81355023311052,0.81355023311052,0.9438202247191011,0.0,0.9438202247191011,1.0,0.17519659353242767
DNASE2,NUDT1,0.9956603646639306,0.9945838659759132,2.26181778914082,3.1617194577137866,0.812605907051236,0.812605907051236,0.9438202247191011,0.005988023952095809,0.9438202247191011,0.9940119760479041,0.17494968755198312
BOLA2B,SPA17,0.9969050662719504,0.9945502253919128,2.9417004743322352,2.7632888784229293,0.8093179968103602,0.8093179968103602,0.9213483146067416,0.0,0.9213483146067416,1.0,0.17493395567820255
CCDC96,S100A6,0.9951725761959228,0.9968377851039494,2.658767960707798,6.411394479580163,0.8117283231804273,0.8117283231804273,0.9325842696629213,0.0,0.9325842696629213,1.0,0.1748777970224879
AC009065.4,TPX2,1.0,0.9954080602839264,11.75384606741573,6.654686059341989,0.8143242849674527,0.8143242849674527,0.9438202247191011,0.0,0.9438202247191011,1.0,0.1748421390083922
TP53TG1,SNRPD1,0.9946006862679136,0.9946847877279148,2.8377416134024083,3.0110962154343013,0.8148820581263293,0.8148820581263293,0.949438202247191,0.0,0.949438202247191,1.0,0.17481646385942484
RNASET2,COX6B1,0.9965686604319453,0.9954921617439276,2.8389652694610765,2.311949498755298,0.8129291977029385,0.8129291977029385,0.9382022471910112,0.0,0.9382022471910112,1.0,0.17481354356809106
PTTG1,NAGA,0.9954417008679272,0.9948361703559174,5.344155052815717,2.921225973894907,0.8150175725389208,0.8150175725389208,0.949438202247191,0.0,0.949438202247191,1.0,0.17477563763493945
GTF3A,MND1,0.9957276458319316,0.9950548341519208,1.6110134562336,5.538897867186975,0.80957284829699,0.80957284829699,0.9213483146067416,0.0,0.9213483146067416,1.0,0.1746411295535591
MAD2L1,TCEB2,0.9951389356119222,0.9960304110879364,4.156349323824261,2.6273445132207485,0.8143208342768741,0.8143208342768741,0.9438202247191011,0.0,0.9438202247191011,1.0,0.17447397584904542
HPSE,NUDT1,0.9949875529839196,0.9945838659759132,4.325412251900693,3.1617194577137866,0.8108266482612583,0.8108266482612583,0.9382022471910112,0.011976047904191617,0.9382022471910112,0.9880239520958084,0.17444295641842394
MRPL17,RGS10,0.9952398573639238,0.995189396487923,2.2809577406983785,4.373259220884075,0.8120844129224598,0.8120844129224598,0.9382022471910112,0.005988023952095809,0.9382022471910112,0.9940119760479041,0.1744084976810789
NPC2,CCR6,0.9945838659759134,0.9963836372199422,2.7663828399381023,8.924084125008408,0.8098667679958522,0.8098667679958522,0.9269662921348315,0.005988023952095809,0.9269662921348315,0.9940119760479041,0.17440051589449115
MAD2L1,NDUFA1,0.9951389356119222,0.995879028459934,4.156349323824261,2.1289500067281164,0.8143861548659154,0.8143861548659154,0.9438202247191011,0.0,0.9438202247191011,1.0,0.1743993370986673
UBE2S,BLOC1S1,0.9958958487519344,0.995122115319922,3.778860169548543,2.293008490883402,0.8156182962214563,0.8156182962214563,0.9550561797752809,0.005988023952095809,0.9550561797752809,0.9940119760479041,0.17425431554400875
GTF3A,CCDC96,0.9957276458319316,0.9951725761959228,1.6110134562336,2.658767960707798,0.8134152898375756,0.8134152898375756,0.9438202247191011,0.005988023952095809,0.9438202247191011,0.9940119760479041,0.1742514689551714
MISP,SMYD3,0.996366816927942,0.9947857094799164,7.767093157505214,3.0911119121307946,0.8156641726234214,0.8156641726234214,0.9550561797752809,0.005988023952095809,0.9550561797752809,0.9940119760479041,0.17422273295296112
MISP,GBA,0.996366816927942,0.9949202718159188,7.767093157505214,2.296132345421516,0.8146550806054564,0.8146550806054564,0.949438202247191,0.005988023952095809,0.949438202247191,0.9940119760479041,0.17415778284594435
NAGA,LINC00920,0.9948361703559174,0.9959799502119356,2.921225973894907,5.25366450581982,0.8124127976052513,0.8124127976052513,0.9325842696629213,0.0,0.9325842696629213,1.0,0.17413755619547355
TPX2,COMMD1,0.9954080602839264,0.9963331763439413,6.654686059341989,1.9911958453878764,0.810220958244986,0.810220958244986,0.9213483146067416,0.0,0.9213483146067416,1.0,0.17413056714335415
NPC2,PSMB3,0.9945838659759134,0.9950548341519208,2.7663828399381023,2.7755753481800447,0.8123650754745023,0.8123650754745023,0.9325842696629213,0.0,0.9325842696629213,1.0,0.1740788410590681
RNASET2,GAPDH,0.9965686604319453,0.9971741909439548,2.8389652694610765,3.5851202650878014,0.8150699387986284,0.8150699387986284,0.9438202247191011,0.0,0.9438202247191011,1.0,0.17399466827010307
ATOX1,EPHX4,0.9969723474399516,0.9968377851039494,2.821290462894436,7.818003390970866,0.8118060373401086,0.8118060373401086,0.9325842696629213,0.005988023952095809,0.9325842696629213,0.9940119760479041,0.17391586161304504
UBE2S,CORO2A,0.9958958487519344,0.9971405503599542,3.778860169548543,6.426852216914485,0.8106010588251308,0.8106010588251308,0.9269662921348315,0.005988023952095809,0.9269662921348315,0.9940119760479041,0.1739075113359926
DNASE2,EPHX4,0.9956603646639306,0.9968377851039494,2.26181778914082,7.818003390970866,0.8128807008630251,0.8128807008630251,0.9382022471910112,0.005988023952095809,0.9382022471910112,0.9940119760479041,0.17384996155759352
UBE2T,BLOC1S1,0.9959463096279352,0.995122115319922,5.646122027854405,2.293008490883402,0.8150119022980893,0.8150119022980893,0.9438202247191011,0.0,0.9438202247191011,1.0,0.17381580150189477
MAD2L1,COMMD1,0.9951389356119222,0.9963331763439413,4.156349323824261,1.9911958453878764,0.8117623930737077,0.8117623930737077,0.9269662921348315,0.0,0.9269662921348315,1.0,0.17374590129628786
COX7B,CTSB,0.9969387068559512,0.9947520688959162,2.605707387472245,3.5799245004373272,0.8106597820665046,0.8106597820665046,0.9269662921348315,0.005988023952095809,0.9269662921348315,0.9940119760479041,0.17373621180209559
AC009065.4,OCIAD2,1.0,0.996938706855951,11.75384606741573,3.9669676209379,0.820135727248059,0.820135727248059,0.9662921348314607,0.0,0.9662921348314607,1.0,0.17353540353112834
EPHX4,COMMD1,0.9968377851039494,0.9963331763439413,7.818003390970866,1.9911958453878764,0.8121586230710695,0.8121586230710695,0.9325842696629213,0.005988023952095809,0.9325842696629213,0.9940119760479041,0.1735343771398928
LINC01420,MND1,0.994869810939918,0.9950548341519208,2.968724063109736,5.538897867186975,0.81299922264918,0.81299922264918,0.9325842696629213,0.0,0.9325842696629213,1.0,0.173515442733952
EPHX4,SHFM1,0.9968377851039494,0.996064051671937,7.818003390970866,2.8740591939716085,0.8155316087648873,0.8155316087648873,0.949438202247191,0.005988023952095809,0.949438202247191,0.9940119760479041,0.17347471842017467
DNASE2,IFI27,0.9956603646639306,0.9963331763439413,2.26181778914082,6.051113907017427,0.8121444946364449,0.8121444946364449,0.9325842696629213,0.005988023952095809,0.9325842696629213,0.9940119760479041,0.17344491027851075
MAN2B1,CCR6,0.9949202718159188,0.9963836372199422,2.349282665007065,8.924084125008408,0.8143642343481097,0.8143642343481097,0.9382022471910112,0.0,0.9382022471910112,1.0,0.17340661996773088
NAGA,CCR6,0.9948361703559174,0.9963836372199422,2.921225973894907,8.924084125008408,0.813256513776597,0.813256513776597,0.9382022471910112,0.005988023952095809,0.9382022471910112,0.9940119760479041,0.1733894847326753
HLA-A,SPA17,0.9976787997039628,0.9945502253919128,4.352046642669716,2.7632888784229293,0.8122421265249853,0.8122421265249853,0.9325842696629213,0.005988023952095809,0.9325842696629213,0.9940119760479041,0.17337526101932338
PTTG1,NPC2,0.9954417008679272,0.9945838659759134,5.344155052815717,2.7663828399381023,0.8133406830882013,0.8133406830882013,0.9382022471910112,0.005988023952095809,0.9382022471910112,0.9940119760479041,0.17320739030538854
AC009065.4,NDUFA13,1.0,0.998990782479984,11.75384606741573,2.554904174796474,0.8196275904379297,0.8196275904379297,0.9606741573033708,0.0,0.9606741573033708,1.0,0.1731916743986978
NAGA,ATP5L,0.9948361703559174,0.997611518535962,2.921225973894907,2.3200297147278457,0.8158140866293073,0.8158140866293073,0.949438202247191,0.005988023952095809,0.949438202247191,0.9940119760479041,0.17316960389681293
CCDC96,CORO2A,0.9951725761959228,0.9971405503599542,2.658767960707798,6.426852216914485,0.81137724071777,0.81137724071777,0.9269662921348315,0.005988023952095809,0.9269662921348315,0.9940119760479041,0.1731319630024386
TPX2,SPA17,0.9954080602839264,0.9945502253919128,6.654686059341989,2.7632888784229293,0.8076583005016053,0.8076583005016053,0.9101123595505618,0.005988023952095809,0.9101123595505618,0.9940119760479041,0.17313068812844173
MISP,RNASET2,0.996366816927942,0.9965686604319453,7.767093157505214,2.8389652694610765,0.8191433016544709,0.8191433016544709,0.9606741573033708,0.0,0.9606741573033708,1.0,0.17313064580651014
RNASET2,MGST2,0.9965686604319453,0.9968377851039494,2.8389652694610765,2.420642397228016,0.8149282577277602,0.8149282577277602,0.9382022471910112,0.0,0.9382022471910112,1.0,0.17306228948497412
RNASET2,MRPL14,0.9965686604319453,0.9965350198479448,2.8389652694610765,2.674413590795937,0.8149328712947334,0.8149328712947334,0.9382022471910112,0.0,0.9382022471910112,1.0,0.17303169067038465
COMMD1,LINC00920,0.9963331763439413,0.9959799502119356,1.9911958453878764,5.25366450581982,0.811493162178569,0.811493162178569,0.9213483146067416,0.0,0.9213483146067416,1.0,0.17301292747105895
CCR6,CTSB,0.9963836372199422,0.9947520688959162,8.924084125008408,3.5799245004373272,0.8102820765327535,0.8102820765327535,0.9269662921348315,0.011976047904191617,0.9269662921348315,0.9880239520958084,0.17298587482751024
AC009065.4,S100A6,1.0,0.9968377851039494,11.75384606741573,6.411394479580163,0.8186949031958937,0.8186949031958937,0.9550561797752809,0.0,0.9550561797752809,1.0,0.172882774011693
GBA,CCNB1,0.9949202718159188,0.9945165848079124,2.296132345421516,3.72830410078719,0.8125145751923863,0.8125145751923863,0.9269662921348315,0.0,0.9269662921348315,1.0,0.17287477062271636
AC009065.4,SPA17,1.0,0.9945502253919128,11.75384606741573,2.7632888784229293,0.8163963277122799,0.8163963277122799,0.9438202247191011,0.0,0.9438202247191011,1.0,0.1728166666253788
RNASET2,SERTAD3,0.9965686604319453,0.9945502253919128,2.8389652694610765,3.3380839063446146,0.8151760252873147,0.8151760252873147,0.9382022471910112,0.0,0.9382022471910112,1.0,0.1726322657381394
CCNB1,NDUFA13,0.9945165848079124,0.998990782479984,3.72830410078719,2.554904174796474,0.8143151026165476,0.8143151026165476,0.9325842696629213,0.0,0.9325842696629213,1.0,0.17260466015182457
AC000089.3,COMMD1,0.9984525331359752,0.9963331763439413,3.0299632409338626,1.9911958453878764,0.814438428263928,0.814438428263928,0.9325842696629213,0.0,0.9325842696629213,1.0,0.17260063166743342
UBE2S,CTSB,0.9958958487519344,0.9947520688959162,3.778860169548543,3.5799245004373272,0.8119067259583074,0.8119067259583074,0.9269662921348315,0.005988023952095809,0.9269662921348315,0.9940119760479041,0.17250166175790202
DNASE2,CCNB1,0.9956603646639306,0.9945165848079124,2.26181778914082,3.72830410078719,0.8142110045928856,0.8142110045928856,0.9325842696629213,0.0,0.9325842696629213,1.0,0.17241290459750466
RNASET2,KIF4A,0.9965686604319453,0.996434098095943,2.8389652694610765,6.418663964206419,0.814510501372507,0.814510501372507,0.9325842696629213,0.0,0.9325842696629213,1.0,0.1723793811389411
SERTAD3,LINC00920,0.9945502253919128,0.9959799502119356,3.3380839063446146,5.25366450581982,0.8142825349172031,0.8142825349172031,0.9325842696629213,0.0,0.9325842696629213,1.0,0.17237711306667852
PTTG1,BLOC1S1,0.9954417008679272,0.995122115319922,5.344155052815717,2.293008490883402,0.8176215037569334,0.8176215037569334,0.949438202247191,0.0,0.949438202247191,1.0,0.17234014043483645
AC009065.4,NUDT1,1.0,0.9945838659759132,11.75384606741573,3.1617194577137866,0.8212780981665827,0.8212780981665827,0.9662921348314607,0.0,0.9662921348314607,1.0,0.172229891476618
SMYD3,MND1,0.9947857094799164,0.9950548341519208,3.0911119121307946,5.538897867186975,0.8121493319855535,0.8121493319855535,0.9269662921348315,0.005988023952095809,0.9269662921348315,0.9940119760479041,0.1722092924746929
NPC2,KIF4A,0.9945838659759134,0.996434098095943,2.7663828399381023,6.418663964206419,0.8134662696216542,0.8134662696216542,0.9325842696629213,0.005988023952095809,0.9325842696629213,0.9940119760479041,0.17214018325523248
MAN2B1,LINC01420,0.9949202718159188,0.994869810939918,2.349282665007065,2.968724063109736,0.8155933429314653,0.8155933429314653,0.9382022471910112,0.0,0.9382022471910112,1.0,0.1721275273895061
OCIAD2,PSMB6,0.996938706855951,0.9951052950279218,3.9669676209379,1.9886599845253323,0.8179928300748975,0.8179928300748975,0.949438202247191,0.0,0.949438202247191,1.0,0.17211714383204466
CTSB,COX7A2,0.9947520688959162,0.9967705039359482,3.5799245004373272,2.320042726905739,0.8135582818858874,0.8135582818858874,0.9325842696629213,0.005988023952095809,0.9325842696629213,0.9940119760479041,0.1720988770898832
GTF3A,KIF4A,0.9957276458319316,0.996434098095943,1.6110134562336,6.418663964206419,0.8158891551440989,0.8158891551440989,0.9382022471910112,0.0,0.9382022471910112,1.0,0.17205624481633647
MAD2L1,ATP5L,0.9951389356119222,0.997611518535962,4.156349323824261,2.3200297147278457,0.8170396900184842,0.8170396900184842,0.9438202247191011,0.0,0.9438202247191011,1.0,0.1720557091447364
PIGU,RGS10,0.9947352486039158,0.995189396487923,2.392829610442038,4.373259220884075,0.8134611067146987,0.8134611067146987,0.9325842696629213,0.005988023952095809,0.9325842696629213,0.9940119760479041,0.17205041857385467
SHFM1,LINC00920,0.996064051671937,0.9959799502119356,2.8740591939716085,5.25366450581982,0.8148182665474922,0.8148182665474922,0.9325842696629213,0.0,0.9325842696629213,1.0,0.17201058086938018
DNASE2,BLOC1S1,0.9956603646639306,0.995122115319922,2.26181778914082,2.293008490883402,0.8169357786960604,0.8169357786960604,0.949438202247191,0.005988023952095809,0.949438202247191,0.9940119760479041,0.17197115424119752
POC1A,LINC00920,0.9949539123999191,0.9959799502119356,3.774388256072125,5.25366450581982,0.814799055271318,0.814799055271318,0.9325842696629213,0.0,0.9325842696629213,1.0,0.17193255661004087
MISP,LINC00920,0.996366816927942,0.9959799502119356,7.767093157505214,5.25366450581982,0.8172122441901166,0.8172122441901166,0.9438202247191011,0.0,0.9438202247191011,1.0,0.17185861756341722
SMYD3,CORO2A,0.9947857094799164,0.9971405503599542,3.0911119121307946,6.426852216914485,0.8115939674156446,0.8115939674156446,0.9269662921348315,0.011976047904191617,0.9269662921348315,0.9880239520958084,0.17185789209645552
MISP,KIF4A,0.996366816927942,0.996434098095943,7.767093157505214,6.418663964206419,0.8183379152329164,0.8183379152329164,0.949438202247191,0.0,0.949438202247191,1.0,0.17185608516454895
MND1,COX7A2,0.9950548341519208,0.9967705039359482,5.538897867186975,2.320042726905739,0.8150001896901092,0.8150001896901092,0.9325842696629213,0.0,0.9325842696629213,1.0,0.1718227343060969
TP53TG1,NAGA,0.9946006862679136,0.9948361703559174,2.8377416134024083,2.921225973894907,0.8169799277153397,0.8169799277153397,0.949438202247191,0.005988023952095809,0.949438202247191,0.9940119760479041,0.17181346861192526
MAD2L1,GBA,0.9951389356119222,0.9949202718159188,4.156349323824261,2.296132345421516,0.8160237744124779,0.8160237744124779,0.9382022471910112,0.0,0.9382022471910112,1.0,0.1717489835400873
CCDC96,TCEB2,0.9951725761959228,0.9960304110879364,2.658767960707798,2.6273445132207485,0.8172341044188726,0.8172341044188726,0.949438202247191,0.005988023952095809,0.949438202247191,0.9940119760479041,0.17172717181902677
MAD2L1,IFI27,0.9951389356119222,0.9963331763439413,4.156349323824261,6.051113907017427,0.8151666515521958,0.8151666515521958,0.9325842696629213,0.0,0.9325842696629213,1.0,0.17163768584178357
MISP,DHRS7B,0.996366816927942,0.9949875529839196,7.767093157505214,1.7343585581645686,0.8184752963270193,0.8184752963270193,0.949438202247191,0.0,0.949438202247191,1.0,0.17160146632623216
UBE2T,DHRS7B,0.9959463096279352,0.9949875529839196,5.646122027854405,1.7343585581645686,0.8151659381024102,0.8151659381024102,0.9325842696629213,0.0,0.9325842696629213,1.0,0.17159195843858754
HLA-A,MAD2L1,0.9976787997039628,0.9951389356119222,4.352046642669716,4.156349323824261,0.8175422674172876,0.8175422674172876,0.9438202247191011,0.0,0.9438202247191011,1.0,0.17158887896996397
KIF4A,SPA17,0.996434098095943,0.9945502253919128,6.418663964206419,2.7632888784229293,0.8117931485497193,0.8117931485497193,0.9213483146067416,0.005988023952095809,0.9213483146067416,0.9940119760479041,0.17158872090805188
SNRPD1,BLOC1S1,0.9946847877279148,0.995122115319922,3.0110962154343013,2.293008490883402,0.8194362852769379,0.8194362852769379,0.9550561797752809,0.0,0.9550561797752809,1.0,0.1715695994924286
MAD2L1,LINC00920,0.9951389356119222,0.9959799502119356,4.156349323824261,5.25366450581982,0.8152336212743772,0.8152336212743772,0.9325842696629213,0.0,0.9325842696629213,1.0,0.17154506500060282
AC009065.4,SHFM1,1.0,0.996064051671937,11.75384606741573,2.8740591939716085,0.823149867021506,0.823149867021506,0.9719101123595506,0.0,0.9719101123595506,1.0,0.17154417242729442
HPSE,ATP5E,0.9949875529839196,0.9953575994079256,4.325412251900693,2.903379583529571,0.8130309200988626,0.8130309200988626,0.9269662921348315,0.005988023952095809,0.9269662921348315,0.9940119760479041,0.1714445757935758
CCNB1,DHRS7B,0.9945165848079124,0.9949875529839196,3.72830410078719,1.7343585581645686,0.8130146839830166,0.8130146839830166,0.9213483146067416,0.0,0.9213483146067416,1.0,0.17137449951467612
CCDC96,GAPDH,0.9951725761959228,0.9971741909439548,2.658767960707798,3.5851202650878014,0.8179105449402141,0.8179105449402141,0.949438202247191,0.005988023952095809,0.949438202247191,0.9940119760479041,0.17118986489144095
GTF3A,OCIAD2,0.9957276458319316,0.996938706855951,1.6110134562336,3.9669676209379,0.8180359343734188,0.8180359343734188,0.9438202247191011,0.0,0.9438202247191011,1.0,0.17111162000943683
GTF3A,LGALS3BP,0.9957276458319316,0.997746080871964,1.6110134562336,4.172795868936285,0.8160057371041238,0.8160057371041238,0.9438202247191011,0.011976047904191617,0.9438202247191011,0.9880239520958084,0.17101789420735702
MAD2L1,CD63,0.9951389356119222,0.9978470026239656,4.156349323824261,2.327627726569334,0.8182334848573339,0.8182334848573339,0.9438202247191011,0.0,0.9438202247191011,1.0,0.17095326478990908
CCNB1,LINC00920,0.9945165848079124,0.9959799502119356,3.72830410078719,5.25366450581982,0.8159498473595764,0.8159498473595764,0.9325842696629213,0.0,0.9325842696629213,1.0,0.17082667899636453
NPC2,S100A6,0.9945838659759134,0.9968377851039494,2.7663828399381023,6.411394479580163,0.8116847133426307,0.8116847133426307,0.9157303370786517,0.005988023952095809,0.9157303370786517,0.9940119760479041,0.17067818800366788
HLA-A,MND1,0.9976787997039628,0.9950548341519208,4.352046642669716,5.538897867186975,0.8163437215329761,0.8163437215329761,0.9325842696629213,0.0,0.9325842696629213,1.0,0.1706526830511987
HPSE,COX6B1,0.9949875529839196,0.9954921617439276,4.325412251900693,2.311949498755298,0.8161649563899509,0.8161649563899509,0.9325842696629213,0.0,0.9325842696629213,1.0,0.17062558308111622
DNASE2,CCR6,0.9956603646639306,0.9963836372199422,2.26181778914082,8.924084125008408,0.8152342279598565,0.8152342279598565,0.9325842696629213,0.005988023952095809,0.9325842696629213,0.9940119760479041,0.1705965150911706
COX6B1,RGS10,0.9954921617439276,0.995189396487923,2.311949498755298,4.373259220884075,0.8151466749369974,0.8151466749369974,0.9325842696629213,0.005988023952095809,0.9325842696629213,0.9940119760479041,0.17056062037208053
CCDC51,CD63,0.994634326851914,0.9978470026239656,2.608153639911189,2.327627726569334,0.819713435538807,0.819713435538807,0.9550561797752809,0.005988023952095809,0.9550561797752809,0.9940119760479041,0.17050933622151462
CCDC51,BLOC1S1,0.994634326851914,0.995122115319922,2.608153639911189,2.293008490883402,0.820617880509411,0.820617880509411,0.9606741573033708,0.005988023952095809,0.9606741573033708,0.9940119760479041,0.17041852414095487
MAN2B1,OCIAD2,0.9949202718159188,0.996938706855951,2.349282665007065,3.9669676209379,0.8166121178156892,0.8166121178156892,0.9325842696629213,0.0,0.9325842696629213,1.0,0.17032849649326065
HLA-A,EPHX4,0.9976787997039628,0.9968377851039494,4.352046642669716,7.818003390970866,0.8180121699730205,0.8180121699730205,0.9438202247191011,0.005988023952095809,0.9438202247191011,0.9940119760479041,0.17026716273214568
NPC2,CD63,0.9945838659759134,0.9978470026239656,2.7663828399381023,2.327627726569334,0.8156820245377039,0.8156820245377039,0.9382022471910112,0.011976047904191617,0.9382022471910112,0.9880239520958084,0.17020993244823254
MISP,SHFM1,0.996366816927942,0.996064051671937,7.767093157505214,2.8740591939716085,0.82212095595195,0.82212095595195,0.9662921348314607,0.005988023952095809,0.9662921348314607,0.9940119760479041,0.17020727323053905
CKS2,LINC00920,0.9946511471439144,0.9959799502119356,4.81815380475005,5.25366450581982,0.817844875824923,0.817844875824923,0.9382022471910112,0.0,0.9382022471910112,1.0,0.17009778185162727
CCNB1,ATP5L,0.9945165848079124,0.997611518535962,3.72830410078719,2.3200297147278457,0.8168903632605573,0.8168903632605573,0.9325842696629213,0.0,0.9325842696629213,1.0,0.17009304397395358
DNASE2,SERTAD3,0.9956603646639306,0.9945502253919128,2.26181778914082,3.3380839063446146,0.8178158826887494,0.8178158826887494,0.9438202247191011,0.005988023952095809,0.9438202247191011,0.9940119760479041,0.17008281935145197
CD63,RGS10,0.9978470026239656,0.995189396487923,2.327627726569334,4.373259220884075,0.8159916468224706,0.8159916468224706,0.9382022471910112,0.011976047904191617,0.9382022471910112,0.9880239520958084,0.16997565176367851
DNASE2,MRPL14,0.9956603646639306,0.9965350198479448,2.26181778914082,2.674413590795937,0.8192046259264619,0.8192046259264619,0.9438202247191011,0.0,0.9438202247191011,1.0,0.16997244730738004
RNASET2,MDK,0.9965686604319453,0.9973592141559576,2.8389652694610765,5.13613744533405,0.8182956957699149,0.8182956957699149,0.9382022471910112,0.0,0.9382022471910112,1.0,0.16995781258953238
CORO2A,NDUFA1,0.9971405503599542,0.995879028459934,6.426852216914485,2.1289500067281164,0.8160168325849104,0.8160168325849104,0.9382022471910112,0.011976047904191617,0.9382022471910112,0.9880239520958084,0.16995095237980107
EPHX4,MND1,0.9968377851039494,0.9950548341519208,7.818003390970866,5.538897867186975,0.8159245024932561,0.8159245024932561,0.9269662921348315,0.0,0.9269662921348315,1.0,0.1699400929872847
NAGA,MRPL17,0.9948361703559174,0.9952398573639238,2.921225973894907,2.2809577406983785,0.8201088831458229,0.8201088831458229,0.9550561797752809,0.005988023952095809,0.9550561797752809,0.9940119760479041,0.16992994884730842
TEX264,SHFM1,0.9965686604319453,0.996064051671937,1.974107619592277,2.8740591939716085,0.8203970983964023,0.8203970983964023,0.9550561797752809,0.005988023952095809,0.9550561797752809,0.9940119760479041,0.16987565514361508
AC009065.4,CCDC51,1.0,0.994634326851914,11.75384606741573,2.608153639911189,0.8237264890263307,0.8237264890263307,0.9662921348314607,0.0,0.9662921348314607,1.0,0.16987473509909998
COX7B,LINC00920,0.9969387068559512,0.9959799502119356,2.605707387472245,5.25366450581982,0.8172339676782097,0.8172339676782097,0.9325842696629213,0.0,0.9325842696629213,1.0,0.16984123799138523
CKS2,SPA17,0.9946511471439144,0.9945502253919128,4.81815380475005,2.7632888784229293,0.8169113732528225,0.8169113732528225,0.9325842696629213,0.0,0.9325842696629213,1.0,0.1698236643402156
DNASE2,MRPL17,0.9956603646639306,0.9952398573639238,2.26181778914082,2.2809577406983785,0.8192350771310063,0.8192350771310063,0.949438202247191,0.005988023952095809,0.949438202247191,0.9940119760479041,0.1698212286894706
HPSE,TCEB2,0.9949875529839196,0.9960304110879364,4.325412251900693,2.6273445132207485,0.8171012350285438,0.8171012350285438,0.9382022471910112,0.005988023952095809,0.9382022471910112,0.9940119760479041,0.16980248490546193
NPC2,IFI27,0.9945838659759134,0.9963331763439413,2.7663828399381023,6.051113907017427,0.8137552563454307,0.8137552563454307,0.9269662921348315,0.011976047904191617,0.9269662921348315,0.9880239520958084,0.16980036055422193
SNRPD1,GBA,0.9946847877279148,0.9949202718159188,3.0110962154343013,2.296132345421516,0.8191539888363059,0.8191539888363059,0.9438202247191011,0.0,0.9438202247191011,1.0,0.1697989868539716
IFI27,MND1,0.9963331763439413,0.9950548341519208,6.051113907017427,5.538897867186975,0.8160594926868882,0.8160594926868882,0.9269662921348315,0.0,0.9269662921348315,1.0,0.1697724492971811
NAGA,CKS2,0.9948361703559174,0.9946511471439144,2.921225973894907,4.81815380475005,0.8213118917238177,0.8213118917238177,0.9550561797752809,0.0,0.9550561797752809,1.0,0.16976014967582934
SNRPD1,RGS10,0.9946847877279148,0.995189396487923,3.0110962154343013,4.373259220884075,0.8181640451072264,0.8181640451072264,0.9382022471910112,0.0,0.9382022471910112,1.0,0.16973517497573617
HPSE,NDUFC2,0.9949875529839196,0.9971741909439548,4.325412251900693,2.232745428244634,0.8161863774952722,0.8161863774952722,0.9325842696629213,0.005988023952095809,0.9325842696629213,0.9940119760479041,0.16972741502764738
DNASE2,GAPDH,0.9956603646639306,0.9971741909439548,2.26181778914082,3.5851202650878014,0.8195244795714777,0.8195244795714777,0.949438202247191,0.005988023952095809,0.949438202247191,0.9940119760479041,0.16971407898014362
CD63,CORO2A,0.9978470026239656,0.9971405503599542,2.327627726569334,6.426852216914485,0.8153777872747463,0.8153777872747463,0.9325842696629213,0.011976047904191617,0.9325842696629213,0.9880239520958084,0.16968744296164648
TPX2,NDUFC2,0.9954080602839264,0.9971741909439548,6.654686059341989,2.232745428244634,0.8162717411365272,0.8162717411365272,0.9269662921348315,0.0,0.9269662921348315,1.0,0.16967824484258143
DNASE2,MDK,0.9956603646639306,0.9973592141559576,2.26181778914082,5.13613744533405,0.8206608531393866,0.8206608531393866,0.949438202247191,0.0,0.949438202247191,1.0,0.16967715401462855
KIF4A,GRN,0.996434098095943,0.9967368633519478,6.418663964206419,3.5322372199421377,0.8197433301073697,0.8197433301073697,0.9438202247191011,0.0,0.9438202247191011,1.0,0.16954897889400158
EPHX4,GRN,0.9968377851039494,0.9967368633519478,7.818003390970866,3.5322372199421377,0.8187261100992388,0.8187261100992388,0.9382022471910112,0.0,0.9382022471910112,1.0,0.16952518604672723
MRPL14,RGS10,0.9965350198479448,0.995189396487923,2.674413590795937,4.373259220884075,0.8174964320176962,0.8174964320176962,0.9325842696629213,0.0,0.9325842696629213,1.0,0.16949570466717806
PIGU,EPHX4,0.9947352486039158,0.9968377851039494,2.392829610442038,7.818003390970866,0.8175690645219988,0.8175690645219988,0.9382022471910112,0.005988023952095809,0.9382022471910112,0.9940119760479041,0.16941537148204036
NPC2,LGALS3BP,0.9945838659759134,0.997746080871964,2.7663828399381023,4.172795868936285,0.8165701374894562,0.8165701374894562,0.9382022471910112,0.011976047904191617,0.9382022471910112,0.9880239520958084,0.16938121729573305
DNASE2,POC1A,0.9956603646639306,0.9949539123999191,2.26181778914082,3.774388256072125,0.8197313269679793,0.8197313269679793,0.9438202247191011,0.0,0.9438202247191011,1.0,0.16934277031781575
HPSE,DHRS7B,0.9949875529839196,0.9949875529839196,4.325412251900693,1.7343585581645686,0.8143175234493086,0.8143175234493086,0.9213483146067416,0.005988023952095809,0.9213483146067416,0.9940119760479041,0.16920143049841657
CCDC96,NUDT1,0.9951725761959228,0.9945838659759132,2.658767960707798,3.1617194577137866,0.8188332940333494,0.8188332940333494,0.9438202247191011,0.005988023952095809,0.9438202247191011,0.9940119760479041,0.1690943933768983
SNRPD1,GRN,0.9946847877279148,0.9967368633519478,3.0110962154343013,3.5322372199421377,0.8201131610878987,0.8201131610878987,0.9438202247191011,0.0,0.9438202247191011,1.0,0.16905261709733385
KIF4A,PSMB6,0.996434098095943,0.9951052950279218,6.418663964206419,1.9886599845253323,0.8190772522850457,0.8190772522850457,0.9382022471910112,0.0,0.9382022471910112,1.0,0.16902406776447343
DNASE2,NDUFA1,0.9956603646639306,0.995879028459934,2.26181778914082,2.1289500067281164,0.8201611618230444,0.8201611618230444,0.949438202247191,0.005988023952095809,0.949438202247191,0.9940119760479041,0.1690054512726183
PSMB3,MND1,0.9950548341519208,0.9950548341519208,2.7755753481800447,5.538897867186975,0.8179000645630508,0.8179000645630508,0.9325842696629213,0.0,0.9325842696629213,1.0,0.16898372974819087
PTTG1,DHRS7B,0.9954417008679272,0.9949875529839196,5.344155052815717,1.7343585581645686,0.8180070614646207,0.8180070614646207,0.9325842696629213,0.0,0.9325842696629213,1.0,0.1689115601965632
ATP5L,CTSB,0.997611518535962,0.9947520688959162,2.3200297147278457,3.5799245004373272,0.8160629701510607,0.8160629701510607,0.9269662921348315,0.005988023952095809,0.9269662921348315,0.9940119760479041,0.16883532899552192
TCEB2,CTSB,0.9960304110879364,0.9947520688959162,2.6273445132207485,3.5799245004373272,0.8170625363372254,0.8170625363372254,0.9325842696629213,0.005988023952095809,0.9325842696629213,0.9940119760479041,0.16880144908261918
HPSE,LINC00920,0.9949875529839196,0.9959799502119356,4.325412251900693,5.25366450581982,0.817116344380769,0.817116344380769,0.9269662921348315,0.0,0.9269662921348315,1.0,0.16876135817018517
PTTG1,COMMD1,0.9954417008679272,0.9963331763439413,5.344155052815717,1.9911958453878764,0.818316638433026,0.818316638433026,0.9325842696629213,0.0,0.9325842696629213,1.0,0.16873823303173832
CORO2A,SHFM1,0.9971405503599542,0.996064051671937,6.426852216914485,2.8740591939716085,0.8173534932686298,0.8173534932686298,0.9382022471910112,0.011976047904191617,0.9382022471910112,0.9880239520958084,0.16873190036722643
PSMB6,MDK,0.9951052950279218,0.9973592141559576,1.9886599845253323,5.13613744533405,0.8205668460340284,0.8205668460340284,0.949438202247191,0.005988023952095809,0.949438202247191,0.9940119760479041,0.16870253508147917
HPSE,ATOX1,0.9949875529839196,0.9969723474399516,4.325412251900693,2.821290462894436,0.8162901473281313,0.8162901473281313,0.9269662921348315,0.005988023952095809,0.9269662921348315,0.9940119760479041,0.16859263696569457
PTTG1,MAN2B1,0.9954417008679272,0.9949202718159188,5.344155052815717,2.349282665007065,0.8183538916333915,0.8183538916333915,0.9325842696629213,0.0,0.9325842696629213,1.0,0.16858396093286093
AC009065.4,POC1A,1.0,0.9949539123999191,11.75384606741573,3.774388256072125,0.8240755960165922,0.8240755960165922,0.9606741573033708,0.0,0.9606741573033708,1.0,0.16857961893336598
AC009065.4,BLOC1S1,1.0,0.995122115319922,11.75384606741573,2.293008490883402,0.8263222605686805,0.8263222605686805,0.9719101123595506,0.0,0.9719101123595506,1.0,0.16838745984811226
CCNB1,RGS10,0.9945165848079124,0.995189396487923,3.72830410078719,4.373259220884075,0.818558409104966,0.818558409104966,0.9325842696629213,0.0,0.9325842696629213,1.0,0.16833865027389625
SHFM1,GRN,0.996064051671937,0.9967368633519478,2.8740591939716085,3.5322372199421377,0.8220898248433907,0.8220898248433907,0.949438202247191,0.0,0.949438202247191,1.0,0.16830670116197044
CCDC96,POC1A,0.9951725761959228,0.9949539123999191,2.658767960707798,3.774388256072125,0.8197468464284239,0.8197468464284239,0.9382022471910112,0.0,0.9382022471910112,1.0,0.168279039666142
NPC2,ATP5E,0.9945838659759134,0.9953575994079256,2.7663828399381023,2.903379583529571,0.8154160719435025,0.8154160719435025,0.9269662921348315,0.011976047904191617,0.9269662921348315,0.9880239520958084,0.16820372324574587
SPA17,GRN,0.9945502253919128,0.9967368633519478,2.7632888784229293,3.5322372199421377,0.8177661952671262,0.8177661952671262,0.9269662921348315,0.0,0.9269662921348315,1.0,0.1681886817754068
TEX264,CKS2,0.9965686604319453,0.9946511471439144,1.974107619592277,4.81815380475005,0.8220868662256862,0.8220868662256862,0.949438202247191,0.0,0.949438202247191,1.0,0.1681759616963004
TEX264,COX7A2,0.9965686604319453,0.9967705039359482,1.974107619592277,2.320042726905739,0.8233168772469501,0.8233168772469501,0.9606741573033708,0.005988023952095809,0.9606741573033708,0.9940119760479041,0.16815663014418591
KIF4A,ATP5E,0.996434098095943,0.9953575994079256,6.418663964206419,2.903379583529571,0.819013685166029,0.819013685166029,0.9325842696629213,0.0,0.9325842696629213,1.0,0.16809227111008057
PKM,BLOC1S1,0.9953239588239252,0.995122115319922,4.02694682432887,2.293008490883402,0.8221587055695916,0.8221587055695916,0.9550561797752809,0.005988023952095809,0.9550561797752809,0.9940119760479041,0.16802486961483193
PTTG1,LINC00920,0.9954417008679272,0.9959799502119356,5.344155052815717,5.25366450581982,0.8201685465030354,0.8201685465030354,0.9382022471910112,0.0,0.9382022471910112,1.0,0.1679946116756062
UBE2S,RGS10,0.9958958487519344,0.995189396487923,3.778860169548543,4.373259220884075,0.8179725190730794,0.8179725190730794,0.9325842696629213,0.005988023952095809,0.9325842696629213,0.9940119760479041,0.16798732710863892
ATP5E,RGS10,0.9953575994079256,0.995189396487923,2.903379583529571,4.373259220884075,0.8157393557480352,0.8157393557480352,0.9269662921348315,0.011976047904191617,0.9269662921348315,0.9880239520958084,0.1679602220592608
COX6B1,NAGA,0.9954921617439276,0.9948361703559174,2.311949498755298,2.921225973894907,0.8222478364565854,0.8222478364565854,0.949438202247191,0.0,0.949438202247191,1.0,0.1679485765604861
HLA-A,CCDC96,0.9976787997039628,0.9951725761959228,4.352046642669716,2.658767960707798,0.8203675549181856,0.8203675549181856,0.9438202247191011,0.005988023952095809,0.9438202247191011,0.9940119760479041,0.16792315790442236
UBE2T,CTSB,0.9959463096279352,0.9947520688959162,5.646122027854405,3.5799245004373272,0.8180992936348634,0.8180992936348634,0.9269662921348315,0.0,0.9269662921348315,1.0,0.1678316230343101
DHRS7B,CORO2A,0.9949875529839196,0.9971405503599542,1.7343585581645686,6.426852216914485,0.8149091316455361,0.8149091316455361,0.9157303370786517,0.005988023952095809,0.9157303370786517,0.9940119760479041,0.1678152709389751
GBA,BOLA2B,0.9949202718159188,0.9969050662719504,2.296132345421516,2.9417004743322352,0.821608766559802,0.821608766559802,0.9438202247191011,0.0,0.9438202247191011,1.0,0.1676810731693848
SNRPD1,CTSB,0.9946847877279148,0.9947520688959162,3.0110962154343013,3.5799245004373272,0.8204062831388536,0.8204062831388536,0.9382022471910112,0.0,0.9382022471910112,1.0,0.16760530911082056
KIF4A,ATOX1,0.996434098095943,0.9969723474399516,6.418663964206419,2.821290462894436,0.8197006400385441,0.8197006400385441,0.9325842696629213,0.0,0.9325842696629213,1.0,0.16759001247568814
MISP,HPSE,0.996366816927942,0.9949875529839196,7.767093157505214,4.325412251900693,0.8216695941254906,0.8216695941254906,0.949438202247191,0.005988023952095809,0.949438202247191,0.9940119760479041,0.1675723163648239
LGALS3BP,AC009065.4,0.997746080871964,1.0,4.172795868936285,11.75384606741573,0.826468104893382,0.826468104893382,0.9662921348314607,0.0,0.9662921348314607,1.0,0.16749353398076214
NDUFA1,LINC00920,0.995879028459934,0.9959799502119356,2.1289500067281164,5.25366450581982,0.8196735028298763,0.8196735028298763,0.9325842696629213,0.0,0.9325842696629213,1.0,0.1674851182915896
CORO2A,NDUFC2,0.9971405503599542,0.9971741909439548,6.426852216914485,2.232745428244634,0.81784474306544,0.81784474306544,0.9269662921348315,0.005988023952095809,0.9269662921348315,0.9940119760479041,0.16736358570761578
NAGA,EPHX4,0.9948361703559174,0.9968377851039494,2.921225973894907,7.818003390970866,0.8208892602080078,0.8208892602080078,0.9438202247191011,0.005988023952095809,0.9438202247191011,0.9940119760479041,0.16733653526418546
COX7B,GBA,0.9969387068559512,0.9949202718159188,2.605707387472245,2.296132345421516,0.8230358829846378,0.8230358829846378,0.9550561797752809,0.005988023952095809,0.9550561797752809,0.9940119760479041,0.1673147933630094
ATOX1,TPX2,0.9969723474399516,0.9954080602839264,2.821290462894436,6.654686059341989,0.8178940725363465,0.8178940725363465,0.9213483146067416,0.0,0.9213483146067416,1.0,0.16714377036368233
MISP,MRPL17,0.996366816927942,0.9952398573639238,7.767093157505214,2.2809577406983785,0.8242599229289561,0.8242599229289561,0.9606741573033708,0.005988023952095809,0.9606741573033708,0.9940119760479041,0.16711372308442493
TEX264,GAPDH,0.9965686604319453,0.9971741909439548,1.974107619592277,3.5851202650878014,0.8246076454081145,0.8246076454081145,0.9550561797752809,0.0,0.9550561797752809,1.0,0.16698548605647467
HPSE,NDUFA13,0.9949875529839196,0.998990782479984,4.325412251900693,2.554904174796474,0.8193217810132114,0.8193217810132114,0.9325842696629213,0.005988023952095809,0.9325842696629213,0.9940119760479041,0.1669844164715186
SPA17,MDK,0.9945502253919128,0.9973592141559576,2.7632888784229293,5.13613744533405,0.8203453723384097,0.8203453723384097,0.9325842696629213,0.0,0.9325842696629213,1.0,0.16686532102190516
TP53TG1,UBE2S,0.9946006862679136,0.9958958487519344,2.8377416134024083,3.778860169548543,0.8233946276223629,0.8233946276223629,0.9550561797752809,0.005988023952095809,0.9550561797752809,0.9940119760479041,0.1668613976642086
NPC2,CCDC51,0.9945838659759134,0.994634326851914,2.7663828399381023,2.608153639911189,0.8191036570147657,0.8191036570147657,0.9325842696629213,0.005988023952095809,0.9325842696629213,0.9940119760479041,0.1667868923142181
MGST2,MND1,0.9968377851039494,0.9950548341519208,2.420642397228016,5.538897867186975,0.8172124561189906,0.8172124561189906,0.9157303370786517,0.0,0.9157303370786517,1.0,0.16670557586068552
AC009065.4,CORO2A,1.0,0.9971405503599542,11.75384606741573,6.426852216914485,0.825319157556343,0.825319157556343,0.9550561797752809,0.0,0.9550561797752809,1.0,0.1665914970466156
PTTG1,GBA,0.9954417008679272,0.9949202718159188,5.344155052815717,2.296132345421516,0.8216124865484236,0.8216124865484236,0.9382022471910112,0.0,0.9382022471910112,1.0,0.16655703868071026
UBE2T,NAGA,0.9959463096279352,0.9948361703559174,5.646122027854405,2.921225973894907,0.8227289561078738,0.8227289561078738,0.9438202247191011,0.0,0.9438202247191011,1.0,0.16654089564419688
HLA-A,AC009065.4,0.9976787997039628,1.0,4.352046642669716,11.75384606741573,0.8274756092665342,0.8274756092665342,0.9662921348314607,0.0,0.9662921348314607,1.0,0.1665154793865591
GBA,SHFM1,0.9949202718159188,0.996064051671937,2.296132345421516,2.8740591939716085,0.822800687768531,0.822800687768531,0.949438202247191,0.005988023952095809,0.949438202247191,0.9940119760479041,0.16647851602720845
GTF3A,HLA-A,0.9957276458319316,0.9976787997039628,1.6110134562336,4.352046642669716,0.8209502134246939,0.8209502134246939,0.9438202247191011,0.011976047904191617,0.9438202247191011,0.9880239520958084,0.16641651487002068
CCDC96,NAGA,0.9951725761959228,0.9948361703559174,2.658767960707798,2.921225973894907,0.8228699862884409,0.8228699862884409,0.949438202247191,0.005988023952095809,0.949438202247191,0.9940119760479041,0.16633186803966551
KIF4A,EPHX4,0.996434098095943,0.9968377851039494,6.418663964206419,7.818003390970866,0.821072183792686,0.821072183792686,0.9325842696629213,0.0,0.9325842696629213,1.0,0.1663039222976233
DHRS7B,RGS10,0.9949875529839196,0.995189396487923,1.7343585581645686,4.373259220884075,0.8175637917394319,0.8175637917394319,0.9213483146067416,0.005988023952095809,0.9213483146067416,0.9940119760479041,0.1662601607843181
HPSE,PSMB6,0.9949875529839196,0.9951052950279218,4.325412251900693,1.9886599845253323,0.818764630271075,0.818764630271075,0.9325842696629213,0.011976047904191617,0.9325842696629213,0.9880239520958084,0.16616588318184747
TP53TG1,PKM,0.9946006862679136,0.9953239588239252,2.8377416134024083,4.02694682432887,0.8231840100277635,0.8231840100277635,0.949438202247191,0.005988023952095809,0.949438202247191,0.9940119760479041,0.16602997068840047
SNRPD1,IFI27,0.9946847877279148,0.9963331763439413,3.0110962154343013,6.051113907017427,0.822238514174033,0.822238514174033,0.9382022471910112,0.0,0.9382022471910112,1.0,0.16602723044138765
CD63,IFI27,0.9978470026239656,0.9963331763439413,2.327627726569334,6.051113907017427,0.8204258552355996,0.8204258552355996,0.9382022471910112,0.011976047904191617,0.9382022471910112,0.9880239520958084,0.16597479781968066
TP53TG1,CFL1,0.9946006862679136,0.9953575994079256,2.8377416134024083,3.58724077238781,0.8211395846395116,0.8211395846395116,0.9438202247191011,0.011976047904191617,0.9438202247191011,0.9880239520958084,0.16595294523954515
CCNB1,COX7A2,0.9945165848079124,0.9967705039359482,3.72830410078719,2.320042726905739,0.8223766516879679,0.8223766516879679,0.9382022471910112,0.0,0.9382022471910112,1.0,0.16592063591456435
UQCR10,CORO2A,0.9952903182399246,0.9971405503599542,2.180370561124943,6.426852216914485,0.8181500877053233,0.8181500877053233,0.9269662921348315,0.011976047904191617,0.9269662921348315,0.9880239520958084,0.16591963239803326
TEX264,PSMB6,0.9965686604319453,0.9951052950279218,1.974107619592277,1.9886599845253323,0.8256586644905114,0.8256586644905114,0.9606741573033708,0.005988023952095809,0.9606741573033708,0.9940119760479041,0.16578924052676283
MISP,CCNB1,0.996366816927942,0.9945165848079124,7.767093157505214,3.72830410078719,0.8235643610126642,0.8235643610126642,0.9438202247191011,0.0,0.9438202247191011,1.0,0.1657644604005724
CCNB1,ATP5E,0.9945165848079124,0.9953575994079256,3.72830410078719,2.903379583529571,0.8202819387206705,0.8202819387206705,0.9269662921348315,0.0,0.9269662921348315,1.0,0.16574914198093976
KIF4A,NDUFA1,0.996434098095943,0.995879028459934,6.418663964206419,2.1289500067281164,0.8238112692636352,0.8238112692636352,0.9438202247191011,0.0,0.9438202247191011,1.0,0.16565136047062579
GTF3A,CKLF,0.9957276458319316,0.9949875529839196,1.6110134562336,3.8934817230707113,0.8226454642224155,0.8226454642224155,0.9438202247191011,0.005988023952095809,0.9438202247191011,0.9940119760479041,0.16561601583132152
COX6B1,MND1,0.9954921617439276,0.9950548341519208,2.311949498755298,5.538897867186975,0.8215852071419126,0.8215852071419126,0.9325842696629213,0.0,0.9325842696629213,1.0,0.16560040160452139
SNRPD1,SPA17,0.9946847877279148,0.9945502253919128,3.0110962154343013,2.7632888784229293,0.8215849296800101,0.8215849296800101,0.9325842696629213,0.0,0.9325842696629213,1.0,0.16549151064127582
PTTG1,MISP,0.9954417008679272,0.996366816927942,5.344155052815717,7.767093157505214,0.8260107570415306,0.8260107570415306,0.9550561797752809,0.0,0.9550561797752809,1.0,0.16548891444387873
MAD2L1,COX7A2,0.9951389356119222,0.9967705039359482,4.156349323824261,2.320042726905739,0.8249951179974039,0.8249951179974039,0.949438202247191,0.0,0.949438202247191,1.0,0.1654841716750578
SNRPD1,COMMD1,0.9946847877279148,0.9963331763439413,3.0110962154343013,1.9911958453878764,0.8250647423341534,0.8250647423341534,0.949438202247191,0.0,0.949438202247191,1.0,0.16534430240173725
BOLA2B,MND1,0.9969050662719504,0.9950548341519208,2.9417004743322352,5.538897867186975,0.8198209948897517,0.8198209948897517,0.9213483146067416,0.0,0.9213483146067416,1.0,0.16534026377745142
GTF3A,CCNB1,0.9957276458319316,0.9945165848079124,1.6110134562336,3.72830410078719,0.8218473978122339,0.8218473978122339,0.9325842696629213,0.0,0.9325842696629213,1.0,0.16533189134970316
MISP,GRN,0.996366816927942,0.9967368633519478,7.767093157505214,3.5322372199421377,0.8263399337571494,0.8263399337571494,0.9550561797752809,0.0,0.9550561797752809,1.0,0.16528322447996274
MAD2L1,BOLA2B,0.9951389356119222,0.9969050662719504,4.156349323824261,2.9417004743322352,0.8220771956687348,0.8220771956687348,0.9325842696629213,0.0,0.9325842696629213,1.0,0.16526794707199852
MAN2B1,POC1A,0.9949202718159188,0.9949539123999191,2.349282665007065,3.774388256072125,0.8229930276880691,0.8229930276880691,0.9382022471910112,0.0,0.9382022471910112,1.0,0.16522755048641305
PTTG1,SPA17,0.9954417008679272,0.9945502253919128,5.344155052815717,2.7632888784229293,0.8198221037502715,0.8198221037502715,0.9269662921348315,0.005988023952095809,0.9269662921348315,0.9940119760479041,0.1651879598042733
TEX264,NDUFA1,0.9965686604319453,0.995879028459934,1.974107619592277,2.1289500067281164,0.8255066815637523,0.8255066815637523,0.9550561797752809,0.005988023952095809,0.9550561797752809,0.9940119760479041,0.16502748084606952
LINC00920,CFL1,0.9959799502119356,0.9953575994079256,5.25366450581982,3.58724077238781,0.821247550503702,0.821247550503702,0.9269662921348315,0.0,0.9269662921348315,1.0,0.1649798221539424
GTF3A,MGST2,0.9957276458319316,0.9968377851039494,1.6110134562336,2.420642397228016,0.8224647750469017,0.8224647750469017,0.9382022471910112,0.005988023952095809,0.9382022471910112,0.9940119760479041,0.1649511000968675
UQCR10,MND1,0.9952903182399246,0.9950548341519208,2.180370561124943,5.538897867186975,0.8223908132202228,0.8223908132202228,0.9325842696629213,0.0,0.9325842696629213,1.0,0.1648359408200739
PTTG1,CORO2A,0.9954417008679272,0.9971405503599542,5.344155052815717,6.426852216914485,0.8226688528783892,0.8226688528783892,0.9325842696629213,0.0,0.9325842696629213,1.0,0.164762878632502
PTTG1,RNASET2,0.9954417008679272,0.9965686604319453,5.344155052815717,2.8389652694610765,0.823771193389686,0.823771193389686,0.9382022471910112,0.0,0.9382022471910112,1.0,0.16467776589171884
DNASE2,NDUFA13,0.9956603646639306,0.998990782479984,2.26181778914082,2.554904174796474,0.8240061246087381,0.8240061246087381,0.9438202247191011,0.005988023952095809,0.9438202247191011,0.9940119760479041,0.16467034914109396
NDUFA1,MND1,0.995879028459934,0.9950548341519208,2.1289500067281164,5.538897867186975,0.8215616481730237,0.8215616481730237,0.9269662921348315,0.0,0.9269662921348315,1.0,0.16465653907798003
TPX2,TCEB2,0.9954080602839264,0.9960304110879364,6.654686059341989,2.6273445132207485,0.8226899920667191,0.8226899920667191,0.9325842696629213,0.0,0.9325842696629213,1.0,0.16464867194426752
AC009065.4,ATOX1,1.0,0.9969723474399516,11.75384606741573,2.821290462894436,0.827342809422784,0.827342809422784,0.9550561797752809,0.0,0.9550561797752809,1.0,0.16464769095166545
CORO2A,COMMD1,0.9971405503599542,0.9963331763439413,6.426852216914485,1.9911958453878764,0.8196495989384452,0.8196495989384452,0.9269662921348315,0.011976047904191617,0.9269662921348315,0.9880239520958084,0.16463760810448255
GBA,ATP5E,0.9949202718159188,0.9953575994079256,2.296132345421516,2.903379583529571,0.82263312677869,0.82263312677869,0.9382022471910112,0.005988023952095809,0.9382022471910112,0.9940119760479041,0.16460548942373412
COX6B1,CTSB,0.9954921617439276,0.9947520688959162,2.311949498755298,3.5799245004373272,0.8215918743700313,0.8215918743700313,0.9269662921348315,0.0,0.9269662921348315,1.0,0.164571622334724
GTF3A,GRN,0.9957276458319316,0.9967368633519478,1.6110134562336,3.5322372199421377,0.8239603253831987,0.8239603253831987,0.9382022471910112,0.0,0.9382022471910112,1.0,0.16453853440543975
BLOC1S1,GAPDH,0.995122115319922,0.9971741909439548,2.293008490883402,3.5851202650878014,0.827031031396828,0.827031031396828,0.9606741573033708,0.005988023952095809,0.9606741573033708,0.9940119760479041,0.16453559075683774
CORO2A,RGS10,0.9971405503599542,0.995189396487923,6.426852216914485,4.373259220884075,0.8218232463953369,0.8218232463953369,0.9382022471910112,0.011976047904191617,0.9382022471910112,0.9880239520958084,0.16453043689996194
TPX2,PSMB6,0.9954080602839264,0.9951052950279218,6.654686059341989,1.9886599845253323,0.821707924465878,0.821707924465878,0.9269662921348315,0.0,0.9269662921348315,1.0,0.16448681176122154
CCDC96,COX6B1,0.9951725761959228,0.9954921617439276,2.658767960707798,2.311949498755298,0.8259675356746098,0.8259675356746098,0.949438202247191,0.0,0.949438202247191,1.0,0.16446182305673215
MAD2L1,CORO2A,0.9951389356119222,0.9971405503599542,4.156349323824261,6.426852216914485,0.8219308500406205,0.8219308500406205,0.9269662921348315,0.0,0.9269662921348315,1.0,0.16442690983288222
MAD2L1,COX7B,0.9951389356119222,0.9969387068559512,4.156349323824261,2.605707387472245,0.8250954380926766,0.8250954380926766,0.9438202247191011,0.0,0.9438202247191011,1.0,0.16442455762169791
PIGU,IFI27,0.9947352486039158,0.9963331763439413,2.392829610442038,6.051113907017427,0.8218716804180486,0.8218716804180486,0.9325842696629213,0.005988023952095809,0.9325842696629213,0.9940119760479041,0.16438752736929638
TP53TG1,DNASE2,0.9946006862679136,0.9956603646639306,2.8377416134024083,2.26181778914082,0.8239278885952679,0.8239278885952679,0.9438202247191011,0.005988023952095809,0.9438202247191011,0.9940119760479041,0.1643809616736621
RNASET2,TPX2,0.9965686604319453,0.9954080602839264,2.8389652694610765,6.654686059341989,0.8220107202083727,0.8220107202083727,0.9269662921348315,0.0,0.9269662921348315,1.0,0.16432818205200675
MAN2B1,NDUFA13,0.9949202718159188,0.998990782479984,2.349282665007065,2.554904174796474,0.824354641452871,0.824354641452871,0.9382022471910112,0.0,0.9382022471910112,1.0,0.16428916876730978
TEX264,PSMB3,0.9965686604319453,0.9950548341519208,1.974107619592277,2.7755753481800447,0.8282861409867264,0.8282861409867264,0.9606741573033708,0.0,0.9606741573033708,1.0,0.16427016817011528
TEX264,GTF3A,0.9965686604319453,0.9957276458319316,1.974107619592277,1.6110134562336,0.8252713104103805,0.8252713104103805,0.949438202247191,0.005988023952095809,0.949438202247191,0.9940119760479041,0.1642655428199421
CCDC96,GBA,0.9951725761959228,0.9949202718159188,2.658767960707798,2.296132345421516,0.8240826267468715,0.8240826267468715,0.9438202247191011,0.005988023952095809,0.9438202247191011,0.9940119760479041,0.1642226179833618
NDUFA1,POC1A,0.995879028459934,0.9949539123999191,2.1289500067281164,3.774388256072125,0.8262531268293399,0.8262531268293399,0.949438202247191,0.0,0.949438202247191,1.0,0.1642058110759657
PSMB3,HPSE,0.9950548341519208,0.9949875529839196,2.7755753481800447,4.325412251900693,0.8230630614521367,0.8230630614521367,0.9325842696629213,0.0,0.9325842696629213,1.0,0.16418705970508246
NAGA,CCNB1,0.9948361703559174,0.9945165848079124,2.921225973894907,3.72830410078719,0.8251132867238767,0.8251132867238767,0.9438202247191011,0.0,0.9438202247191011,1.0,0.16418289129989783
AC009065.4,MRPL17,1.0,0.9952398573639238,11.75384606741573,2.2809577406983785,0.8297788601344552,0.8297788601344552,0.9662921348314607,0.0,0.9662921348314607,1.0,0.164091866533743
CCNB1,NDUFA1,0.9945165848079124,0.995879028459934,3.72830410078719,2.1289500067281164,0.8243032390589501,0.8243032390589501,0.9382022471910112,0.0,0.9382022471910112,1.0,0.1640475067260862
ATP5L,GRN,0.997611518535962,0.9967368633519478,2.3200297147278457,3.5322372199421377,0.8257271426707494,0.8257271426707494,0.9438202247191011,0.0,0.9438202247191011,1.0,0.16401745194276499
TP53TG1,SHFM1,0.9946006862679136,0.996064051671937,2.8377416134024083,2.8740591939716085,0.8253699318739022,0.8253699318739022,0.9550561797752809,0.011976047904191617,0.9550561797752809,0.9880239520958084,0.1640149906212495
TEX264,UBE2S,0.9965686604319453,0.9958958487519344,1.974107619592277,3.778860169548543,0.8286685731500293,0.8286685731500293,0.9606741573033708,0.0,0.9606741573033708,1.0,0.16397352704886098
UBE2S,MGST2,0.9958958487519344,0.9968377851039494,3.778860169548543,2.420642397228016,0.824604915480945,0.824604915480945,0.9438202247191011,0.005988023952095809,0.9438202247191011,0.9940119760479041,0.16395232118569994
MISP,NDUFA13,0.996366816927942,0.998990782479984,7.767093157505214,2.554904174796474,0.8269188019461089,0.8269188019461089,0.9550561797752809,0.005988023952095809,0.9550561797752809,0.9940119760479041,0.1639310317951995
CCNB1,PSMB6,0.9945165848079124,0.9951052950279218,3.72830410078719,1.9886599845253323,0.8233350889452845,0.8233350889452845,0.9325842696629213,0.0,0.9325842696629213,1.0,0.1638999938876304
AC009065.4,EPHX4,1.0,0.9968377851039494,11.75384606741573,7.818003390970866,0.83011970157932,0.83011970157932,0.9662921348314607,0.0,0.9662921348314607,1.0,0.16389445112066728
MAN2B1,GAPDH,0.9949202718159188,0.9971741909439548,2.349282665007065,3.5851202650878014,0.8256959435549963,0.8256959435549963,0.9438202247191011,0.0,0.9438202247191011,1.0,0.16386141706279106
KIF4A,NDUFC2,0.996434098095943,0.9971741909439548,6.418663964206419,2.232745428244634,0.8248113988182558,0.8248113988182558,0.9382022471910112,0.0,0.9382022471910112,1.0,0.16383706102816126
CORO2A,GRN,0.9971405503599542,0.9967368633519478,6.426852216914485,3.5322372199421377,0.8227394379897618,0.8227394379897618,0.9269662921348315,0.0,0.9269662921348315,1.0,0.1638115508542842
IFI27,ATP5L,0.9963331763439413,0.997611518535962,6.051113907017427,2.3200297147278457,0.8217379773886198,0.8217379773886198,0.9325842696629213,0.011976047904191617,0.9325842696629213,0.9880239520958084,0.1637561055179487
TEX264,PKM,0.9965686604319453,0.9953239588239252,1.974107619592277,4.02694682432887,0.8279407601473917,0.8279407601473917,0.9550561797752809,0.0,0.9550561797752809,1.0,0.163660112610454
PSMB3,MAD2L1,0.9950548341519208,0.9951389356119222,2.7755753481800447,4.156349323824261,0.8258580988864546,0.8258580988864546,0.9438202247191011,0.0,0.9438202247191011,1.0,0.16355277886901565
AC009065.4,TCEB2,1.0,0.9960304110879364,11.75384606741573,2.6273445132207485,0.8304770270888967,0.8304770270888967,0.9662921348314607,0.0,0.9662921348314607,1.0,0.16348358876707575
KIF4A,COX7A2,0.996434098095943,0.9967705039359482,6.418663964206419,2.320042726905739,0.8262643415802804,0.8262643415802804,0.9438202247191011,0.0,0.9438202247191011,1.0,0.16341808970525262
ATP5L,MND1,0.997611518535962,0.9950548341519208,2.3200297147278457,5.538897867186975,0.8241476347097196,0.8241476347097196,0.9325842696629213,0.0,0.9325842696629213,1.0,0.16339580102486054
TEX264,MAN2B1,0.9965686604319453,0.9949202718159188,1.974107619592277,2.349282665007065,0.8241613514462962,0.8241613514462962,0.9325842696629213,0.0,0.9325842696629213,1.0,0.1632865166508888
SPA17,POC1A,0.9945502253919128,0.9949539123999191,2.7632888784229293,3.774388256072125,0.8209722582649946,0.8209722582649946,0.9269662921348315,0.011976047904191617,0.9269662921348315,0.9880239520958084,0.16310474647399503
DHRS7B,CKS2,0.9949875529839196,0.9946511471439144,1.7343585581645686,4.81815380475005,0.8253229216423824,0.8253229216423824,0.9382022471910112,0.0,0.9382022471910112,1.0,0.1630334099605942
GTF3A,MDK,0.9957276458319316,0.9973592141559576,1.6110134562336,5.13613744533405,0.8256233425859058,0.8256233425859058,0.9438202247191011,0.005988023952095809,0.9438202247191011,0.9940119760479041,0.16302922915805887
NUDT1,SPA17,0.9945838659759132,0.9945502253919128,3.1617194577137866,2.7632888784229293,0.8221969861641755,0.8221969861641755,0.9325842696629213,0.011976047904191617,0.9325842696629213,0.9880239520958084,0.1629403864654005
LGALS3BP,LINC00920,0.997746080871964,0.9959799502119356,4.172795868936285,5.25366450581982,0.8258274802306137,0.8258274802306137,0.9382022471910112,0.0,0.9382022471910112,1.0,0.16289643779814042
CKS2,GRN,0.9946511471439144,0.9967368633519478,4.81815380475005,3.5322372199421377,0.827713421545019,0.827713421545019,0.949438202247191,0.0,0.949438202247191,1.0,0.16287110425021922
PSMB3,NAGA,0.9950548341519208,0.9948361703559174,2.7755753481800447,2.921225973894907,0.8276427640763169,0.8276427640763169,0.949438202247191,0.0,0.949438202247191,1.0,0.16281541334875538
CD63,EPHX4,0.9978470026239656,0.9968377851039494,2.327627726569334,7.818003390970866,0.826041238186956,0.826041238186956,0.9438202247191011,0.005988023952095809,0.9438202247191011,0.9940119760479041,0.1627689208153526
GTF3A,TPX2,0.9957276458319316,0.9954080602839264,1.6110134562336,6.654686059341989,0.8236748951565248,0.8236748951565248,0.9269662921348315,0.0,0.9269662921348315,1.0,0.16272300562597428
MRPL17,EPHX4,0.9952398573639238,0.9968377851039494,2.2809577406983785,7.818003390970866,0.8258796717651214,0.8258796717651214,0.9438202247191011,0.005988023952095809,0.9438202247191011,0.9940119760479041,0.16270715043179435
NAGA,NUDT1,0.9948361703559174,0.9945838659759132,2.921225973894907,3.1617194577137866,0.8256433395326475,0.8256433395326475,0.949438202247191,0.011976047904191617,0.949438202247191,0.9880239520958084,0.16269312812957024
RNASET2,PKM,0.9965686604319453,0.9953239588239252,2.8389652694610765,4.02694682432887,0.8259052326489027,0.8259052326489027,0.9382022471910112,0.0,0.9382022471910112,1.0,0.16267398796909835
DHRS7B,MDK,0.9949875529839196,0.9973592141559576,1.7343585581645686,5.13613744533405,0.8249685923133161,0.8249685923133161,0.9382022471910112,0.005988023952095809,0.9382022471910112,0.9940119760479041,0.16260691302223618
RNASET2,CKS2,0.9965686604319453,0.9946511471439144,2.8389652694610765,4.81815380475005,0.8271653860331766,0.8271653860331766,0.9438202247191011,0.0,0.9438202247191011,1.0,0.1624086706084222
MISP,UBE2S,0.996366816927942,0.9958958487519344,7.767093157505214,3.778860169548543,0.8282659140086995,0.8282659140086995,0.9550561797752809,0.005988023952095809,0.9550561797752809,0.9940119760479041,0.16240284754442977
GBA,RGS10,0.9949202718159188,0.995189396487923,2.296132345421516,4.373259220884075,0.822972046320048,0.822972046320048,0.9269662921348315,0.005988023952095809,0.9269662921348315,0.9940119760479041,0.16230968016668215
MND1,RGS10,0.9950548341519208,0.995189396487923,5.538897867186975,4.373259220884075,0.8251093289246492,0.8251093289246492,0.9325842696629213,0.0,0.9325842696629213,1.0,0.1623047043558267
MAD2L1,MDK,0.9951389356119222,0.9973592141559576,4.156349323824261,5.13613744533405,0.8264018916902979,0.8264018916902979,0.9382022471910112,0.0,0.9382022471910112,1.0,0.16225922164302717
DNASE2,SPA17,0.9956603646639306,0.9945502253919128,2.26181778914082,2.7632888784229293,0.8230384841799055,0.8230384841799055,0.9269662921348315,0.005988023952095809,0.9269662921348315,0.9940119760479041,0.16225699391729392
MISP,PSMB3,0.996366816927942,0.9950548341519208,7.767093157505214,2.7755753481800447,0.8294556595081978,0.8294556595081978,0.9550561797752809,0.0,0.9550561797752809,1.0,0.16218080803698562
KIF4A,MGST2,0.996434098095943,0.9968377851039494,6.418663964206419,2.420642397228016,0.8255250738602911,0.8255250738602911,0.9325842696629213,0.0,0.9325842696629213,1.0,0.16216519697531323
AC009065.4,NDUFC2,1.0,0.9971741909439548,11.75384606741573,2.232745428244634,0.8309723313501063,0.8309723313501063,0.9606741573033708,0.0,0.9606741573033708,1.0,0.1621510849789102
HPSE,MDK,0.9949875529839196,0.9973592141559576,4.325412251900693,5.13613744533405,0.8254669400770687,0.8254669400770687,0.9325842696629213,0.0,0.9325842696629213,1.0,0.16214394016184308
UBE2T,CD63,0.9959463096279352,0.9978470026239656,5.646122027854405,2.327627726569334,0.827749625620508,0.827749625620508,0.9438202247191011,0.0,0.9438202247191011,1.0,0.1620688659300014
MAD2L1,SMYD3,0.9951389356119222,0.9947857094799164,4.156349323824261,3.0911119121307946,0.8264616309741883,0.8264616309741883,0.9438202247191011,0.005988023952095809,0.9438202247191011,0.9940119760479041,0.1619880744121318
UBE2T,LINC00920,0.9959463096279352,0.9959799502119356,5.646122027854405,5.25366450581982,0.8246318526208731,0.8246318526208731,0.9269662921348315,0.0,0.9269662921348315,1.0,0.16190412627570783
HPSE,COX7A2,0.9949875529839196,0.9967705039359482,4.325412251900693,2.320042726905739,0.8257085525082482,0.8257085525082482,0.9382022471910112,0.005988023952095809,0.9382022471910112,0.9940119760479041,0.16187163352750333
MRPL17,CTSB,0.9952398573639238,0.9947520688959162,2.2809577406983785,3.5799245004373272,0.8245925608367566,0.8245925608367566,0.9325842696629213,0.005988023952095809,0.9325842696629213,0.9940119760479041,0.16178901447528451
MAD2L1,S100A6,0.9951389356119222,0.9968377851039494,4.156349323824261,6.411394479580163,0.8248137364235405,0.8248137364235405,0.9269662921348315,0.0,0.9269662921348315,1.0,0.16174030395372993
ATP5E,SPA17,0.9953575994079256,0.9945502253919128,2.903379583529571,2.7632888784229293,0.8246392518243634,0.8246392518243634,0.9325842696629213,0.005988023952095809,0.9325842696629213,0.9940119760479041,0.16173911277883976
COX7B,GRN,0.9969387068559512,0.9967368633519478,2.605707387472245,3.5322372199421377,0.8281805492300258,0.8281805492300258,0.9438202247191011,0.0,0.9438202247191011,1.0,0.16165386676897442
PTTG1,CTSB,0.9954417008679272,0.9947520688959162,5.344155052815717,3.5799245004373272,0.8258745207424292,0.8258745207424292,0.9325842696629213,0.0,0.9325842696629213,1.0,0.1615904823032109
CCDC96,UBE2S,0.9951725761959228,0.9958958487519344,2.658767960707798,3.778860169548543,0.8281401837349711,0.8281401837349711,0.949438202247191,0.005988023952095809,0.949438202247191,0.9940119760479041,0.16146888707550222
TP53TG1,GAPDH,0.9946006862679136,0.9971741909439548,2.8377416134024083,3.5851202650878014,0.8292717388910169,0.8292717388910169,0.9550561797752809,0.005988023952095809,0.9550561797752809,0.9940119760479041,0.16141214448768526
CCDC51,SHFM1,0.994634326851914,0.996064051671937,2.608153639911189,2.8740591939716085,0.8302519217084877,0.8302519217084877,0.9606741573033708,0.005988023952095809,0.9606741573033708,0.9940119760479041,0.1613422311527736
UBE2T,RNASET2,0.9959463096279352,0.9965686604319453,5.646122027854405,2.8389652694610765,0.8263653009570078,0.8263653009570078,0.9325842696629213,0.0,0.9325842696629213,1.0,0.16132296732974905
AC009065.4,CFL1,1.0,0.9953575994079256,11.75384606741573,3.58724077238781,0.8316895784306528,0.8316895784306528,0.9606741573033708,0.0,0.9606741573033708,1.0,0.161316154112891
KIF4A,TCEB2,0.996434098095943,0.9960304110879364,6.418663964206419,2.6273445132207485,0.8285132001570302,0.8285132001570302,0.9438202247191011,0.0,0.9438202247191011,1.0,0.16124289015940171
DHRS7B,TCEB2,0.9949875529839196,0.9960304110879364,1.7343585581645686,2.6273445132207485,0.8273959636435794,0.8273959636435794,0.9438202247191011,0.005988023952095809,0.9438202247191011,0.9940119760479041,0.16120445016221635
NPC2,MDK,0.9945838659759134,0.9973592141559576,2.7663828399381023,5.13613744533405,0.825412522447095,0.825412522447095,0.9325842696629213,0.005988023952095809,0.9325842696629213,0.9940119760479041,0.1611906035961591
SMYD3,TPX2,0.9947857094799164,0.9954080602839264,3.0911119121307946,6.654686059341989,0.8242250086736618,0.8242250086736618,0.9269662921348315,0.005988023952095809,0.9269662921348315,0.9940119760479041,0.161167700915129
MISP,CKS2,0.996366816927942,0.9946511471439144,7.767093157505214,4.81815380475005,0.8314903511700097,0.8314903511700097,0.9606741573033708,0.0,0.9606741573033708,1.0,0.16115584603295388
SNRPD1,DHRS7B,0.9946847877279148,0.9949875529839196,3.0110962154343013,1.7343585581645686,0.8275171266529284,0.8275171266529284,0.9382022471910112,0.0,0.9382022471910112,1.0,0.16098818874057166
KIF4A,LINC00920,0.996434098095943,0.9959799502119356,6.418663964206419,5.25366450581982,0.8267824962184188,0.8267824962184188,0.9325842696629213,0.0,0.9325842696629213,1.0,0.16092720224506388
HLA-A,SHFM1,0.9976787997039628,0.996064051671937,4.352046642669716,2.8740591939716085,0.8289352407904882,0.8289352407904882,0.9550561797752809,0.011976047904191617,0.9550561797752809,0.9880239520958084,0.16091483716841015
MISP,TEX264,0.996366816927942,0.9965686604319453,7.767093157505214,1.974107619592277,0.8309739772446892,0.8309739772446892,0.9550561797752809,0.0,0.9550561797752809,1.0,0.16085913693493464
CCDC51,DHRS7B,0.994634326851914,0.9949875529839196,2.608153639911189,1.7343585581645686,0.8287338356264952,0.8287338356264952,0.9438202247191011,0.0,0.9438202247191011,1.0,0.1608056868803325
SNRPD1,LINC00920,0.9946847877279148,0.9959799502119356,3.0110962154343013,5.25366450581982,0.8268505533235053,0.8268505533235053,0.9325842696629213,0.0,0.9325842696629213,1.0,0.1607227377814249
TPX2,SHFM1,0.9954080602839264,0.996064051671937,6.654686059341989,2.8740591939716085,0.8269695738987869,0.8269695738987869,0.9325842696629213,0.0,0.9325842696629213,1.0,0.16067740029400945
GBA,NDUFA13,0.9949202718159188,0.998990782479984,2.296132345421516,2.554904174796474,0.8293098306499349,0.8293098306499349,0.949438202247191,0.005988023952095809,0.949438202247191,0.9940119760479041,0.16059891760726314
ATOX1,CCNB1,0.9969723474399516,0.9945165848079124,2.821290462894436,3.72830410078719,0.8260100195550768,0.8260100195550768,0.9269662921348315,0.0,0.9269662921348315,1.0,0.1605965024224279
DYNLRB1,RGS10,0.9958958487519344,0.995189396487923,2.7184927538182064,4.373259220884075,0.8249326622518409,0.8249326622518409,0.9325842696629213,0.011976047904191617,0.9325842696629213,0.9880239520958084,0.16059075676825835
MISP,BLOC1S1,0.996366816927942,0.995122115319922,7.767093157505214,2.293008490883402,0.832190046106357,0.832190046106357,0.9662921348314607,0.005988023952095809,0.9662921348314607,0.9940119760479041,0.1604965425012265
TPX2,ATP5E,0.9954080602839264,0.9953575994079256,6.654686059341989,2.903379583529571,0.8250512284736596,0.8250512284736596,0.9213483146067416,0.0,0.9213483146067416,1.0,0.16044451987591546
NPC2,TPX2,0.9945838659759134,0.9954080602839264,2.7663828399381023,6.654686059341989,0.8239545493092818,0.8239545493092818,0.9213483146067416,0.005988023952095809,0.9213483146067416,0.9940119760479041,0.16042113622770926
BLOC1S1,IFI27,0.995122115319922,0.9963331763439413,2.293008490883402,6.051113907017427,0.8272711578526883,0.8272711578526883,0.9438202247191011,0.011976047904191617,0.9438202247191011,0.9880239520958084,0.16038442059815952
HLA-A,CCDC51,0.9976787997039628,0.994634326851914,4.352046642669716,2.608153639911189,0.8294386846135311,0.8294386846135311,0.949438202247191,0.005988023952095809,0.949438202247191,0.9940119760479041,0.160349074115677
PSMB3,CCDC96,0.9950548341519208,0.9951725761959228,2.7755753481800447,2.658767960707798,0.830294026218639,0.830294026218639,0.949438202247191,0.0,0.949438202247191,1.0,0.16033802876849684
DNASE2,CORO2A,0.9956603646639306,0.9971405503599542,2.26181778914082,6.426852216914485,0.8253624620261124,0.8253624620261124,0.9269662921348315,0.005988023952095809,0.9269662921348315,0.9940119760479041,0.16033453521285806
AC009065.4,BOLA2B,1.0,0.9969050662719504,11.75384606741573,2.9417004743322352,0.8319114033512102,0.8319114033512102,0.9550561797752809,0.0,0.9550561797752809,1.0,0.16028563185164843
CCDC96,SHFM1,0.9951725761959228,0.996064051671937,2.658767960707798,2.8740591939716085,0.8304464955752993,0.8304464955752993,0.9550561797752809,0.005988023952095809,0.9550561797752809,0.9940119760479041,0.1602581714269256
LGALS3BP,ATP5E,0.997746080871964,0.9953575994079256,4.172795868936285,2.903379583529571,0.8275752507078612,0.8275752507078612,0.9438202247191011,0.011976047904191617,0.9438202247191011,0.9880239520958084,0.16023458174873909
CCDC96,ATP5L,0.9951725761959228,0.997611518535962,2.658767960707798,2.3200297147278457,0.8296328465988726,0.8296328465988726,0.949438202247191,0.005988023952095809,0.949438202247191,0.9940119760479041,0.160204399637401
PTTG1,EPHX4,0.9954417008679272,0.9968377851039494,5.344155052815717,7.818003390970866,0.8286136030715642,0.8286136030715642,0.9382022471910112,0.0,0.9382022471910112,1.0,0.1601743923130648
NAGA,MRPL14,0.9948361703559174,0.9965350198479448,2.921225973894907,2.674413590795937,0.8295792307447473,0.8295792307447473,0.949438202247191,0.005988023952095809,0.949438202247191,0.9940119760479041,0.16014119487233272
UQCR10,RGS10,0.9952903182399246,0.995189396487923,2.180370561124943,4.373259220884075,0.825400183757547,0.825400183757547,0.9325842696629213,0.011976047904191617,0.9325842696629213,0.9880239520958084,0.16011318674801528
MGST2,PSMB6,0.9968377851039494,0.9951052950279218,2.420642397228016,1.9886599845253323,0.8286647028655193,0.8286647028655193,0.9438202247191011,0.005988023952095809,0.9438202247191011,0.9940119760479041,0.16009385669779355
COX7B,HPSE,0.9969387068559512,0.9949875529839196,2.605707387472245,4.325412251900693,0.8266519609319257,0.8266519609319257,0.9325842696629213,0.005988023952095809,0.9325842696629213,0.9940119760479041,0.16004492128417844
TP53TG1,HLA-A,0.9946006862679136,0.9976787997039628,2.8377416134024083,4.352046642669716,0.828760538548545,0.828760538548545,0.949438202247191,0.011976047904191617,0.949438202247191,0.9880239520958084,0.1600141158424194
GTF3A,BLOC1S1,0.9957276458319316,0.995122115319922,1.6110134562336,2.293008490883402,0.8286676126714771,0.8286676126714771,0.949438202247191,0.011976047904191617,0.949438202247191,0.9880239520958084,0.15998605643310485
DNASE2,PSMB6,0.9956603646639306,0.9951052950279218,2.26181778914082,1.9886599845253323,0.828703285987141,0.828703285987141,0.9438202247191011,0.005988023952095809,0.9438202247191011,0.9940119760479041,0.1599631962510593
COX6B1,CORO2A,0.9954921617439276,0.9971405503599542,2.311949498755298,6.426852216914485,0.8257642830721214,0.8257642830721214,0.9269662921348315,0.005988023952095809,0.9269662921348315,0.9940119760479041,0.15995212180068077
CCNB1,CTSB,0.9945165848079124,0.9947520688959162,3.72830410078719,3.5799245004373272,0.8265879154712885,0.8265879154712885,0.9269662921348315,0.0,0.9269662921348315,1.0,0.15988464030296834
GBA,COX7A2,0.9949202718159188,0.9967705039359482,2.296132345421516,2.320042726905739,0.8309500337017129,0.8309500337017129,0.9550561797752809,0.005988023952095809,0.9550561797752809,0.9940119760479041,0.1598186805382962
TP53TG1,IFI27,0.9946006862679136,0.9963331763439413,2.8377416134024083,6.051113907017427,0.8257828311970967,0.8257828311970967,0.9325842696629213,0.011976047904191617,0.9325842696629213,0.9880239520958084,0.15979873911402176
NAGA,ATOX1,0.9948361703559174,0.9969723474399516,2.921225973894907,2.821290462894436,0.8289956801402153,0.8289956801402153,0.9438202247191011,0.005988023952095809,0.9438202247191011,0.9940119760479041,0.15977380111900114
GBA,GAPDH,0.9949202718159188,0.9971741909439548,2.296132345421516,3.5851202650878014,0.830063523954042,0.830063523954042,0.949438202247191,0.005988023952095809,0.949438202247191,0.9940119760479041,0.15974411216372225
TPX2,MGST2,0.9954080602839264,0.9968377851039494,6.654686059341989,2.420642397228016,0.8259816064382883,0.8259816064382883,0.9213483146067416,0.0,0.9213483146067416,1.0,0.15970993579067513
CCDC96,ATP5E,0.9951725761959228,0.9953575994079256,2.658767960707798,2.903379583529571,0.8280749902444962,0.8280749902444962,0.9382022471910112,0.005988023952095809,0.9382022471910112,0.9940119760479041,0.1595753895973217
PIGU,CORO2A,0.9947352486039158,0.9971405503599542,2.392829610442038,6.426852216914485,0.8261403641129744,0.8261403641129744,0.9269662921348315,0.005988023952095809,0.9269662921348315,0.9940119760479041,0.15954624374664608
MDK,COMMD1,0.9973592141559576,0.9963331763439413,5.13613744533405,1.9911958453878764,0.828386576789196,0.828386576789196,0.9382022471910112,0.005988023952095809,0.9382022471910112,0.9940119760479041,0.15953923148837384
GTF3A,S100A6,0.9957276458319316,0.9968377851039494,1.6110134562336,6.411394479580163,0.828313794566048,0.828313794566048,0.9382022471910112,0.005988023952095809,0.9382022471910112,0.9940119760479041,0.1595166731856665
CCDC51,COX7A2,0.994634326851914,0.9967705039359482,2.608153639911189,2.320042726905739,0.8312548077191815,0.8312548077191815,0.9550561797752809,0.005988023952095809,0.9550561797752809,0.9940119760479041,0.1595076456348755
DHRS7B,ATP5E,0.9949875529839196,0.9953575994079256,1.7343585581645686,2.903379583529571,0.8281525509010478,0.8281525509010478,0.9382022471910112,0.005988023952095809,0.9382022471910112,0.9940119760479041,0.15948857411795125
CCDC96,SERTAD3,0.9951725761959228,0.9945502253919128,2.658767960707798,3.3380839063446146,0.8301482839664995,0.8301482839664995,0.949438202247191,0.005988023952095809,0.949438202247191,0.9940119760479041,0.15947434950551945
CD63,SPA17,0.9978470026239656,0.9945502253919128,2.327627726569334,2.7632888784229293,0.8283483727961186,0.8283483727961186,0.9382022471910112,0.005988023952095809,0.9382022471910112,0.9940119760479041,0.15947108301522778
SMYD3,RGS10,0.9947857094799164,0.995189396487923,3.0911119121307946,4.373259220884075,0.8260667542341052,0.8260667542341052,0.9325842696629213,0.011976047904191617,0.9325842696629213,0.9880239520958084,0.15946148642744623
MISP,NDUFC2,0.996366816927942,0.9971741909439548,7.767093157505214,2.232745428244634,0.8315389068444268,0.8315389068444268,0.9550561797752809,0.005988023952095809,0.9550561797752809,0.9940119760479041,0.15940991437899155
RNASET2,SMYD3,0.9965686604319453,0.9947857094799164,2.8389652694610765,3.0911119121307946,0.829372896340409,0.829372896340409,0.9382022471910112,0.0,0.9382022471910112,1.0,0.15939072404256863
LGALS3BP,MND1,0.997746080871964,0.9950548341519208,4.172795868936285,5.538897867186975,0.8295606492713549,0.8295606492713549,0.9382022471910112,0.0,0.9382022471910112,1.0,0.15933099132785442
COMMD1,S100A6,0.9963331763439413,0.9968377851039494,1.9911958453878764,6.411394479580163,0.8265396818915475,0.8265396818915475,0.9269662921348315,0.005988023952095809,0.9269662921348315,0.9940119760479041,0.15928330300718788
MAD2L1,SHFM1,0.9951389356119222,0.996064051671937,4.156349323824261,2.8740591939716085,0.8305250655256261,0.8305250655256261,0.9438202247191011,0.0,0.9438202247191011,1.0,0.15925031262241127
TP53TG1,MRPL14,0.9946006862679136,0.9965350198479448,2.8377416134024083,2.674413590795937,0.8326186898602068,0.8326186898602068,0.9550561797752809,0.0,0.9550561797752809,1.0,0.1591500380238345
UBE2S,NDUFA1,0.9958958487519344,0.995879028459934,3.778860169548543,2.1289500067281164,0.8316904719775214,0.8316904719775214,0.9550561797752809,0.005988023952095809,0.9550561797752809,0.9940119760479041,0.15912539423380198
NAGA,MDK,0.9948361703559174,0.9973592141559576,2.921225973894907,5.13613744533405,0.8317449242786306,0.8317449242786306,0.949438202247191,0.0,0.949438202247191,1.0,0.1591244115480466
GAPDH,RGS10,0.9971741909439548,0.995189396487923,3.5851202650878014,4.373259220884075,0.8288170960835731,0.8288170960835731,0.9382022471910112,0.005988023952095809,0.9382022471910112,0.9940119760479041,0.1590329354942523
NPC2,HLA-A,0.9945838659759134,0.9976787997039628,2.7663828399381023,4.352046642669716,0.8277742985918454,0.8277742985918454,0.9382022471910112,0.011976047904191617,0.9382022471910112,0.9880239520958084,0.15902979711429616
DYNLRB1,AC009065.4,0.9958958487519344,1.0,2.7184927538182064,11.75384606741573,0.8341238711675011,0.8341238711675011,0.9606741573033708,0.0,0.9606741573033708,1.0,0.15902590606009603
GBA,ATP5L,0.9949202718159188,0.997611518535962,2.296132345421516,2.3200297147278457,0.8318615427563356,0.8318615427563356,0.9550561797752809,0.005988023952095809,0.9550561797752809,0.9940119760479041,0.15902406753947265
TP53TG1,CORO2A,0.9946006862679136,0.9971405503599542,2.8377416134024083,6.426852216914485,0.826721523092434,0.826721523092434,0.9325842696629213,0.011976047904191617,0.9325842696629213,0.9880239520958084,0.15900218779767614
PKM,DHRS7B,0.9953239588239252,0.9949875529839196,4.02694682432887,1.7343585581645686,0.8307798073317999,0.8307798073317999,0.9438202247191011,0.0,0.9438202247191011,1.0,0.15893974938101263
UBE2S,CD63,0.9958958487519344,0.9978470026239656,3.778860169548543,2.327627726569334,0.8320595629264731,0.8320595629264731,0.9550561797752809,0.005988023952095809,0.9550561797752809,0.9940119760479041,0.15893332258823892
MRPL17,CORO2A,0.9952398573639238,0.9971405503599542,2.2809577406983785,6.426852216914485,0.8279182308609396,0.8279182308609396,0.9325842696629213,0.005988023952095809,0.9325842696629213,0.9940119760479041,0.15891205054020238
UQCR10,MAN2B1,0.9952903182399246,0.9949202718159188,2.180370561124943,2.349282665007065,0.82880721416497,0.82880721416497,0.9325842696629213,0.0,0.9325842696629213,1.0,0.1588702511838944
SMYD3,PSMB6,0.9947857094799164,0.9951052950279218,3.0911119121307946,1.9886599845253323,0.8307861376335708,0.8307861376335708,0.9550561797752809,0.011976047904191617,0.9550561797752809,0.9880239520958084,0.15886624249538495
BLOC1S1,POC1A,0.995122115319922,0.9949539123999191,2.293008490883402,3.774388256072125,0.8318836429927656,0.8318836429927656,0.949438202247191,0.0,0.949438202247191,1.0,0.15882407893022255
CCNB1,COMMD1,0.9945165848079124,0.9963331763439413,3.72830410078719,1.9911958453878764,0.8268484306890395,0.8268484306890395,0.9213483146067416,0.0,0.9213483146067416,1.0,0.15880302445660194
GBA,NUDT1,0.9949202718159188,0.9945838659759132,2.296132345421516,3.1617194577137866,0.8298521594549473,0.8298521594549473,0.9438202247191011,0.005988023952095809,0.9438202247191011,0.9940119760479041,0.1587896490807152
HPSE,SERTAD3,0.9949875529839196,0.9945502253919128,4.325412251900693,3.3380839063446146,0.8278624108464174,0.8278624108464174,0.9325842696629213,0.005988023952095809,0.9325842696629213,0.9940119760479041,0.15873679718922684
HLA-A,ATP5E,0.9976787997039628,0.9953575994079256,4.352046642669716,2.903379583529571,0.8292733158681886,0.8292733158681886,0.9438202247191011,0.011976047904191617,0.9438202247191011,0.9880239520958084,0.1586512114456328
SPA17,S100A6,0.9945502253919128,0.9968377851039494,2.7632888784229293,6.411394479580163,0.826008151877778,0.826008151877778,0.9157303370786517,0.0,0.9157303370786517,1.0,0.1586435412493298
MAD2L1,SPA17,0.9951389356119222,0.9945502253919128,4.156349323824261,2.7632888784229293,0.8269935055810765,0.8269935055810765,0.9269662921348315,0.005988023952095809,0.9269662921348315,0.9940119760479041,0.15858905215798327
TPX2,SERTAD3,0.9954080602839264,0.9945502253919128,6.654686059341989,3.3380839063446146,0.8281461285306274,0.8281461285306274,0.9269662921348315,0.0,0.9269662921348315,1.0,0.15850290969166161
GBA,LINC01420,0.9949202718159188,0.994869810939918,2.296132345421516,2.968724063109736,0.8322250148380379,0.8322250148380379,0.9550561797752809,0.005988023952095809,0.9550561797752809,0.9940119760479041,0.15846195561844828
UQCR10,TPX2,0.9952903182399246,0.9954080602839264,2.180370561124943,6.654686059341989,0.8282554943622219,0.8282554943622219,0.9269662921348315,0.0,0.9269662921348315,1.0,0.1584609521556977
PSMB6,CKS2,0.9951052950279218,0.9946511471439144,1.9886599845253323,4.81815380475005,0.8322464444742661,0.8322464444742661,0.949438202247191,0.0,0.949438202247191,1.0,0.15845588008137815
MAD2L1,CTSB,0.9951389356119222,0.9947520688959162,4.156349323824261,3.5799245004373272,0.827223098055842,0.827223098055842,0.9213483146067416,0.0,0.9213483146067416,1.0,0.1583830935009205
NPC2,CFL1,0.9945838659759134,0.9953575994079256,2.7663828399381023,3.58724077238781,0.8272600052090943,0.8272600052090943,0.9325842696629213,0.011976047904191617,0.9325842696629213,0.9880239520958084,0.1583648402477076
NUDT1,EPHX4,0.9945838659759132,0.9968377851039494,3.1617194577137866,7.818003390970866,0.8305342927098435,0.8305342927098435,0.9438202247191011,0.005988023952095809,0.9438202247191011,0.9940119760479041,0.15830548175274792
TPX2,ATP5L,0.9954080602839264,0.997611518535962,6.654686059341989,2.3200297147278457,0.8286788857097649,0.8286788857097649,0.9269662921348315,0.0,0.9269662921348315,1.0,0.1582546215801599
UBE2S,EPHX4,0.9958958487519344,0.9968377851039494,3.778860169548543,7.818003390970866,0.8296947168766674,0.8296947168766674,0.9382022471910112,0.005988023952095809,0.9382022471910112,0.9940119760479041,0.15824699131104905
HLA-A,KIF4A,0.9976787997039628,0.996434098095943,4.352046642669716,6.418663964206419,0.8318711452851161,0.8318711452851161,0.9438202247191011,0.0,0.9438202247191011,1.0,0.15821632070257993
DNASE2,MAD2L1,0.9956603646639306,0.9951389356119222,2.26181778914082,4.156349323824261,0.8306253617016967,0.8306253617016967,0.9382022471910112,0.0,0.9382022471910112,1.0,0.15817663540803156
PSMB3,EPHX4,0.9950548341519208,0.9968377851039494,2.7755753481800447,7.818003390970866,0.8307347038215225,0.8307347038215225,0.9382022471910112,0.0,0.9382022471910112,1.0,0.15816133461721738
TP53TG1,MISP,0.9946006862679136,0.996366816927942,2.8377416134024083,7.767093157505214,0.8336416375162455,0.8336416375162455,0.9606741573033708,0.005988023952095809,0.9606741573033708,0.9940119760479041,0.15814174898483888
TEX264,COX7B,0.9965686604319453,0.9969387068559512,1.974107619592277,2.605707387472245,0.834868977976438,0.834868977976438,0.9606741573033708,0.0,0.9606741573033708,1.0,0.158122119197105
TPX2,LINC01420,0.9954080602839264,0.994869810939918,6.654686059341989,2.968724063109736,0.8297092057948502,0.8297092057948502,0.9325842696629213,0.0,0.9325842696629213,1.0,0.1580385278006202
TEX264,IFI27,0.9965686604319453,0.9963331763439413,1.974107619592277,6.051113907017427,0.8289127225468543,0.8289127225468543,0.9325842696629213,0.005988023952095809,0.9325842696629213,0.9940119760479041,0.15803501781636567
CCDC51,NDUFA1,0.994634326851914,0.995879028459934,2.608153639911189,2.1289500067281164,0.8337635991207062,0.8337635991207062,0.9606741573033708,0.005988023952095809,0.9606741573033708,0.9940119760479041,0.15798976485346622
SNRPD1,PSMB6,0.9946847877279148,0.9951052950279218,3.0110962154343013,1.9886599845253323,0.8327960884108226,0.8327960884108226,0.949438202247191,0.0,0.949438202247191,1.0,0.15793937016349374
PKM,LINC00920,0.9953239588239252,0.9959799502119356,4.02694682432887,5.25366450581982,0.8290052932068375,0.8290052932068375,0.9269662921348315,0.0,0.9269662921348315,1.0,0.1578171366016146
MAN2B1,TCEB2,0.9949202718159188,0.9960304110879364,2.349282665007065,2.6273445132207485,0.8310318587152292,0.8310318587152292,0.9382022471910112,0.0,0.9382022471910112,1.0,0.15780901252456428
UBE2S,IFI27,0.9958958487519344,0.9963331763439413,3.778860169548543,6.051113907017427,0.8291138528454778,0.8291138528454778,0.9325842696629213,0.005988023952095809,0.9325842696629213,0.9940119760479041,0.15779594122557195
MAN2B1,DYNLRB1,0.9949202718159188,0.9958958487519344,2.349282665007065,2.7184927538182064,0.8300368314949598,0.8300368314949598,0.9325842696629213,0.0,0.9325842696629213,1.0,0.15777713206908894
DHRS7B,BOLA2B,0.9949875529839196,0.9969050662719504,1.7343585581645686,2.9417004743322352,0.8321520321994869,0.8321520321994869,0.9438202247191011,0.0,0.9438202247191011,1.0,0.15777612792354428
MGST2,ATP5E,0.9968377851039494,0.9953575994079256,2.420642397228016,2.903379583529571,0.830168859833212,0.830168859833212,0.9382022471910112,0.005988023952095809,0.9382022471910112,0.9940119760479041,0.1577637950993997
DNASE2,NPC2,0.9956603646639306,0.9945838659759134,2.26181778914082,2.7663828399381023,0.8290066483628626,0.8290066483628626,0.9325842696629213,0.005988023952095809,0.9325842696629213,0.9940119760479041,0.15773762793584142
TP53TG1,COX7B,0.9946006862679136,0.9969387068559512,2.8377416134024083,2.605707387472245,0.8331527700132813,0.8331527700132813,0.9550561797752809,0.005988023952095809,0.9550561797752809,0.9940119760479041,0.15772423964061108
SMYD3,NAGA,0.9947857094799164,0.9948361703559174,3.0911119121307946,2.921225973894907,0.8320799022262518,0.8320799022262518,0.949438202247191,0.005988023952095809,0.949438202247191,0.9940119760479041,0.15765274980971422
COX7B,CCDC96,0.9969387068559512,0.9951725761959228,2.605707387472245,2.658767960707798,0.8323503132117448,0.8323503132117448,0.949438202247191,0.005988023952095809,0.949438202247191,0.9940119760479041,0.15759580944612522
SNRPD1,ATOX1,0.9946847877279148,0.9969723474399516,3.0110962154343013,2.821290462894436,0.8323637673103114,0.8323637673103114,0.9438202247191011,0.0,0.9438202247191011,1.0,0.15755846916698113
KIF4A,SHFM1,0.996434098095943,0.996064051671937,6.418663964206419,2.8740591939716085,0.8324372706267936,0.8324372706267936,0.9438202247191011,0.0,0.9438202247191011,1.0,0.15755588748695648
PSMB6,S100A6,0.9951052950279218,0.9968377851039494,1.9886599845253323,6.411394479580163,0.8294505778711143,0.8294505778711143,0.9325842696629213,0.005988023952095809,0.9325842696629213,0.9940119760479041,0.1574624061316234
SMYD3,CKS2,0.9947857094799164,0.9946511471439144,3.0911119121307946,4.81815380475005,0.8332841282974423,0.8332841282974423,0.949438202247191,0.0,0.949438202247191,1.0,0.15745041645399238
UBE2S,OCIAD2,0.9958958487519344,0.996938706855951,3.778860169548543,3.9669676209379,0.8336307050718264,0.8336307050718264,0.949438202247191,0.0,0.949438202247191,1.0,0.15739144693068066
KIF4A,ATP5L,0.996434098095943,0.997611518535962,6.418663964206419,2.3200297147278457,0.8319182290134742,0.8319182290134742,0.9382022471910112,0.0,0.9382022471910112,1.0,0.1572252079160825
UBE2T,RGS10,0.9959463096279352,0.995189396487923,5.646122027854405,4.373259220884075,0.8307708215968348,0.8307708215968348,0.9325842696629213,0.0,0.9325842696629213,1.0,0.15712098623438767
SNRPD1,HLA-A,0.9946847877279148,0.9976787997039628,3.0110962154343013,4.352046642669716,0.8339316056860675,0.8339316056860675,0.949438202247191,0.0,0.949438202247191,1.0,0.15706965475670373
IFI27,NDUFA13,0.9963331763439413,0.998990782479984,6.051113907017427,2.554904174796474,0.8292497163338053,0.8292497163338053,0.9325842696629213,0.011976047904191617,0.9325842696629213,0.9880239520958084,0.15696412895779924
EPHX4,LINC01420,0.9968377851039494,0.994869810939918,7.818003390970866,2.968724063109736,0.8320295046013731,0.8320295046013731,0.9438202247191011,0.005988023952095809,0.9438202247191011,0.9940119760479041,0.15693126784983977
NAGA,MGST2,0.9948361703559174,0.9968377851039494,2.921225973894907,2.420642397228016,0.8320653824910577,0.8320653824910577,0.9438202247191011,0.005988023952095809,0.9438202247191011,0.9940119760479041,0.15689509784560116
DYNLRB1,MAD2L1,0.9958958487519344,0.9951389356119222,2.7184927538182064,4.156349323824261,0.8330297583695561,0.8330297583695561,0.9438202247191011,0.0,0.9438202247191011,1.0,0.15688347729970542
CCNB1,CD63,0.9945165848079124,0.9978470026239656,3.72830410078719,2.327627726569334,0.8321511130324375,0.8321511130324375,0.9382022471910112,0.0,0.9382022471910112,1.0,0.15687492631381597
CCNB1,SERTAD3,0.9945165848079124,0.9945502253919128,3.72830410078719,3.3380839063446146,0.830864973584669,0.830864973584669,0.9325842696629213,0.0,0.9325842696629213,1.0,0.15687040450143516
HPSE,CD63,0.9949875529839196,0.9978470026239656,4.325412251900693,2.327627726569334,0.8311878568348748,0.8311878568348748,0.9382022471910112,0.005988023952095809,0.9382022471910112,0.9940119760479041,0.156867515738045
MAD2L1,NAGA,0.9951389356119222,0.9948361703559174,4.156349323824261,2.921225973894907,0.8339841268655716,0.8339841268655716,0.949438202247191,0.0,0.949438202247191,1.0,0.156831741151353
GTF3A,TCEB2,0.9957276458319316,0.9960304110879364,1.6110134562336,2.6273445132207485,0.8321270596436785,0.8321270596436785,0.949438202247191,0.011976047904191617,0.949438202247191,0.9880239520958084,0.15682722565173812
TEX264,EPHX4,0.9965686604319453,0.9968377851039494,1.974107619592277,7.818003390970866,0.8323444967231707,0.8323444967231707,0.9382022471910112,0.0,0.9382022471910112,1.0,0.15677620411204077
LGALS3BP,RGS10,0.997746080871964,0.995189396487923,4.172795868936285,4.373259220884075,0.8303403701310561,0.8303403701310561,0.9382022471910112,0.011976047904191617,0.9382022471910112,0.9880239520958084,0.15671324367375927
DHRS7B,CKLF,0.9949875529839196,0.9949875529839196,1.7343585581645686,3.8934817230707113,0.8311463615134264,0.8311463615134264,0.9325842696629213,0.0,0.9325842696629213,1.0,0.1566809358575904
MGST2,LINC00920,0.9968377851039494,0.9959799502119356,2.420642397228016,5.25366450581982,0.8293520173839456,0.8293520173839456,0.9213483146067416,0.0,0.9213483146067416,1.0,0.15666161097055228
AC009065.4,COX7B,1.0,0.9969387068559512,11.75384606741573,2.605707387472245,0.8366761634181348,0.8366761634181348,0.9606741573033708,0.0,0.9606741573033708,1.0,0.15666082911476065
EPHX4,CTSB,0.9968377851039494,0.9947520688959162,7.818003390970866,3.5799245004373272,0.8313930817112549,0.8313930817112549,0.9382022471910112,0.005988023952095809,0.9382022471910112,0.9940119760479041,0.156578953402124
HPSE,MND1,0.9949875529839196,0.9950548341519208,4.325412251900693,5.538897867186975,0.8313239381639667,0.8313239381639667,0.9325842696629213,0.0,0.9325842696629213,1.0,0.1565214525739031
NUDT1,MGST2,0.9945838659759132,0.9968377851039494,3.1617194577137866,2.420642397228016,0.8324742300063016,0.8324742300063016,0.9438202247191011,0.005988023952095809,0.9438202247191011,0.9940119760479041,0.15649329972963152
UBE2T,GTF3A,0.9959463096279352,0.9957276458319316,5.646122027854405,1.6110134562336,0.8335089221713854,0.8335089221713854,0.9438202247191011,0.0,0.9438202247191011,1.0,0.15648347896812498
CCNB1,TCEB2,0.9945165848079124,0.9960304110879364,3.72830410078719,2.6273445132207485,0.8324453073327921,0.8324453073327921,0.9382022471910112,0.0,0.9382022471910112,1.0,0.15645718217099103
TEX264,NAGA,0.9965686604319453,0.9948361703559174,1.974107619592277,2.921225973894907,0.8345318427228288,0.8345318427228288,0.949438202247191,0.0,0.949438202247191,1.0,0.15642663154107264
TP53TG1,POC1A,0.9946006862679136,0.9949539123999191,2.8377416134024083,3.774388256072125,0.8323983083714894,0.8323983083714894,0.9438202247191011,0.005988023952095809,0.9438202247191011,0.9940119760479041,0.15641743512151018
CCDC51,ATP5E,0.994634326851914,0.9953575994079256,2.608153639911189,2.903379583529571,0.8324914194767794,0.8324914194767794,0.9438202247191011,0.005988023952095809,0.9438202247191011,0.9940119760479041,0.1563649007269201
HPSE,SPA17,0.9949875529839196,0.9945502253919128,4.325412251900693,2.7632888784229293,0.8252732145781617,0.8252732145781617,0.9157303370786517,0.017964071856287425,0.9157303370786517,0.9820359281437125,0.15630636393061864
RNASET2,MAN2B1,0.9965686604319453,0.9949202718159188,2.8389652694610765,2.349282665007065,0.8327073353145774,0.8327073353145774,0.9382022471910112,0.0,0.9382022471910112,1.0,0.15628642937622036
BLOC1S1,CKLF,0.995122115319922,0.9949875529839196,2.293008490883402,3.8934817230707113,0.8346047515686104,0.8346047515686104,0.9550561797752809,0.005988023952095809,0.9550561797752809,0.9940119760479041,0.15623940580828133
ATP5E,MND1,0.9953575994079256,0.9950548341519208,2.903379583529571,5.538897867186975,0.8286376417426271,0.8286376417426271,0.9157303370786517,0.0,0.9157303370786517,1.0,0.15616946142892338
RNASET2,HLA-A,0.9965686604319453,0.9976787997039628,2.8389652694610765,4.352046642669716,0.8340877304030997,0.8340877304030997,0.9438202247191011,0.0,0.9438202247191011,1.0,0.156140956566945
TEX264,CORO2A,0.9965686604319453,0.9971405503599542,1.974107619592277,6.426852216914485,0.8300392613675815,0.8300392613675815,0.9269662921348315,0.005988023952095809,0.9269662921348315,0.9940119760479041,0.15611189237389844
UQCR10,KIF4A,0.9952903182399246,0.996434098095943,2.180370561124943,6.418663964206419,0.8329244968153457,0.8329244968153457,0.9382022471910112,0.0,0.9382022471910112,1.0,0.15610201113417876
ATOX1,SPA17,0.9969723474399516,0.9945502253919128,2.821290462894436,2.7632888784229293,0.8298996088875679,0.8298996088875679,0.9269662921348315,0.005988023952095809,0.9269662921348315,0.9940119760479041,0.15606880627275788
LGALS3BP,MAD2L1,0.997746080871964,0.9951389356119222,4.172795868936285,4.156349323824261,0.8350536698530745,0.8350536698530745,0.949438202247191,0.0,0.949438202247191,1.0,0.15604922137268049
DNASE2,HLA-A,0.9956603646639306,0.9976787997039628,2.26181778914082,4.352046642669716,0.8351002309445569,0.8351002309445569,0.9550561797752809,0.005988023952095809,0.9550561797752809,0.9940119760479041,0.15602413639278664
RGS10,POC1A,0.995189396487923,0.9949539123999191,4.373259220884075,3.774388256072125,0.8328798548241136,0.8328798548241136,0.9382022471910112,0.0,0.9382022471910112,1.0,0.15601976815522442
CKS2,CTSB,0.9946511471439144,0.9947520688959162,4.81815380475005,3.5799245004373272,0.8328310210812946,0.8328310210812946,0.9382022471910112,0.0,0.9382022471910112,1.0,0.15600732082936944
UBE2T,SPA17,0.9959463096279352,0.9945502253919128,5.646122027854405,2.7632888784229293,0.8288592987356722,0.8288592987356722,0.9213483146067416,0.005988023952095809,0.9213483146067416,0.9940119760479041,0.15599123631408748
AC009065.4,CCDC96,1.0,0.9951725761959228,11.75384606741573,2.658767960707798,0.8372391431936277,0.8372391431936277,0.9606741573033708,0.0,0.9606741573033708,1.0,0.15598274060190045
TPX2,LINC00920,0.9954080602839264,0.9959799502119356,6.654686059341989,5.25366450581982,0.8300500161641545,0.8300500161641545,0.9213483146067416,0.0,0.9213483146067416,1.0,0.15590888503349887
MRPL14,SPA17,0.9965350198479448,0.9945502253919128,2.674413590795937,2.7632888784229293,0.8310618583054976,0.8310618583054976,0.9325842696629213,0.005988023952095809,0.9325842696629213,0.9940119760479041,0.1559075955204457
MISP,TPX2,0.996366816927942,0.9954080602839264,7.767093157505214,6.654686059341989,0.8331790136330071,0.8331790136330071,0.9382022471910112,0.0,0.9382022471910112,1.0,0.15586815980185162
DNASE2,ATOX1,0.9956603646639306,0.9969723474399516,2.26181778914082,2.821290462894436,0.833269090891248,0.833269090891248,0.9438202247191011,0.005988023952095809,0.9438202247191011,0.9940119760479041,0.15584550281109993
NPC2,ATP5L,0.9945838659759134,0.997611518535962,2.7663828399381023,2.3200297147278457,0.8304568435948663,0.8304568435948663,0.9325842696629213,0.011976047904191617,0.9325842696629213,0.9880239520958084,0.15561009109043464
GTF3A,UBE2S,0.9957276458319316,0.9958958487519344,1.6110134562336,3.778860169548543,0.8344276248047156,0.8344276248047156,0.949438202247191,0.005988023952095809,0.949438202247191,0.9940119760479041,0.15560496253714182
TCEB2,COMMD1,0.9960304110879364,0.9963331763439413,2.6273445132207485,1.9911958453878764,0.8325282570607045,0.8325282570607045,0.9438202247191011,0.011976047904191617,0.9438202247191011,0.9880239520958084,0.15557395517143963
TEX264,CKLF,0.9965686604319453,0.9949875529839196,1.974107619592277,3.8934817230707113,0.8344680114576175,0.8344680114576175,0.9438202247191011,0.0,0.9438202247191011,1.0,0.15557284193963994
OCIAD2,LINC00920,0.996938706855951,0.9959799502119356,3.9669676209379,5.25366450581982,0.8315912893760826,0.8315912893760826,0.9269662921348315,0.0,0.9269662921348315,1.0,0.15555646666713496
EPHX4,BOLA2B,0.9968377851039494,0.9969050662719504,7.818003390970866,2.9417004743322352,0.8326909895768987,0.8326909895768987,0.9325842696629213,0.0,0.9325842696629213,1.0,0.15554160062164177
DNASE2,MGST2,0.9956603646639306,0.9968377851039494,2.26181778914082,2.420642397228016,0.8326576796905433,0.8326576796905433,0.9382022471910112,0.005988023952095809,0.9382022471910112,0.9940119760479041,0.15547544313674092
TP53TG1,ATP5E,0.9946006862679136,0.9953575994079256,2.8377416134024083,2.903379583529571,0.8324458711907256,0.8324458711907256,0.9438202247191011,0.011976047904191617,0.9438202247191011,0.9880239520958084,0.15546257737858188
UBE2S,SPA17,0.9958958487519344,0.9945502253919128,3.778860169548543,2.7632888784229293,0.8315571912619028,0.8315571912619028,0.9325842696629213,0.005988023952095809,0.9325842696629213,0.9940119760479041,0.15540056645733924
HLA-A,CCNB1,0.9976787997039628,0.9945165848079124,4.352046642669716,3.72830410078719,0.8337446648316382,0.8337446648316382,0.9382022471910112,0.0,0.9382022471910112,1.0,0.15537244269458375
GTF3A,PIGU,0.9957276458319316,0.9947352486039158,1.6110134562336,2.392829610442038,0.8346739290563425,0.8346739290563425,0.949438202247191,0.005988023952095809,0.949438202247191,0.9940119760479041,0.15528294327554532
DHRS7B,CTSB,0.9949875529839196,0.9947520688959162,1.7343585581645686,3.5799245004373272,0.8296099889110116,0.8296099889110116,0.9213483146067416,0.005988023952095809,0.9213483146067416,0.9940119760479041,0.15524794004873113
MISP,HLA-A,0.996366816927942,0.9976787997039628,7.767093157505214,4.352046642669716,0.8369617126998812,0.8369617126998812,0.9606741573033708,0.005988023952095809,0.9606741573033708,0.9940119760479041,0.15522526965711864
CCNB1,IFI27,0.9945165848079124,0.9963331763439413,3.72830410078719,6.051113907017427,0.8318264404368104,0.8318264404368104,0.9269662921348315,0.0,0.9269662921348315,1.0,0.15517799999042542
TP53TG1,MAN2B1,0.9946006862679136,0.9949202718159188,2.8377416134024083,2.349282665007065,0.8327321617827139,0.8327321617827139,0.9325842696629213,0.0,0.9325842696629213,1.0,0.155174034769513
MAN2B1,MDK,0.9949202718159188,0.9973592141559576,2.349282665007065,5.13613744533405,0.8319905866118598,0.8319905866118598,0.9325842696629213,0.005988023952095809,0.9325842696629213,0.9940119760479041,0.15514350027881388
MAN2B1,NDUFC2,0.9949202718159188,0.9971741909439548,2.349282665007065,2.232745428244634,0.8329939542996343,0.8329939542996343,0.9325842696629213,0.0,0.9325842696629213,1.0,0.15513157846983724
DHRS7B,SHFM1,0.9949875529839196,0.996064051671937,1.7343585581645686,2.8740591939716085,0.833952671209058,0.833952671209058,0.9438202247191011,0.005988023952095809,0.9438202247191011,0.9940119760479041,0.15508339881947794
NAGA,SPA17,0.9948361703559174,0.9945502253919128,2.921225973894907,2.7632888784229293,0.8318310637311971,0.8318310637311971,0.9382022471910112,0.011976047904191617,0.9382022471910112,0.9880239520958084,0.1550596741856437
MAD2L1,NDUFC2,0.9951389356119222,0.9971741909439548,4.156349323824261,2.232745428244634,0.8341961804919997,0.8341961804919997,0.9382022471910112,0.0,0.9382022471910112,1.0,0.15495964058565923
UBE2T,LINC01420,0.9959463096279352,0.994869810939918,5.646122027854405,2.968724063109736,0.8351074757269987,0.8351074757269987,0.9438202247191011,0.0,0.9438202247191011,1.0,0.15491426079011586
COX7B,COMMD1,0.9969387068559512,0.9963331763439413,2.605707387472245,1.9911958453878764,0.8343920314583227,0.8343920314583227,0.9438202247191011,0.005988023952095809,0.9438202247191011,0.9940119760479041,0.15484552940124197
RNASET2,LGALS3BP,0.9965686604319453,0.997746080871964,2.8389652694610765,4.172795868936285,0.8355017202245396,0.8355017202245396,0.9438202247191011,0.0,0.9438202247191011,1.0,0.1548154658377987
MAN2B1,MRPL14,0.9949202718159188,0.9965350198479448,2.349282665007065,2.674413590795937,0.8343094995073688,0.8343094995073688,0.9382022471910112,0.0,0.9382022471910112,1.0,0.15478705731856432
KIF4A,SERTAD3,0.996434098095943,0.9945502253919128,6.418663964206419,3.3380839063446146,0.8343486593374436,0.8343486593374436,0.9382022471910112,0.0,0.9382022471910112,1.0,0.1547138768112097
EPHX4,GAPDH,0.9968377851039494,0.9971741909439548,7.818003390970866,3.5851202650878014,0.8346933067481219,0.8346933067481219,0.9438202247191011,0.005988023952095809,0.9438202247191011,0.9940119760479041,0.15462122207670265
CCNB1,CORO2A,0.9945165848079124,0.9971405503599542,3.72830410078719,6.426852216914485,0.8315020240638473,0.8315020240638473,0.9213483146067416,0.0,0.9213483146067416,1.0,0.15459773075750405
KIF4A,CTSB,0.996434098095943,0.9947520688959162,6.418663964206419,3.5799245004373272,0.8334982268168468,0.8334982268168468,0.9325842696629213,0.0,0.9325842696629213,1.0,0.15459264205605946
DNASE2,CCDC96,0.9956603646639306,0.9951725761959228,2.26181778914082,2.658767960707798,0.8335764876925842,0.8335764876925842,0.9382022471910112,0.005988023952095809,0.9382022471910112,0.9940119760479041,0.15449256778719936
DYNLRB1,EPHX4,0.9958958487519344,0.9968377851039494,2.7184927538182064,7.818003390970866,0.8337354550273404,0.8337354550273404,0.9382022471910112,0.005988023952095809,0.9382022471910112,0.9940119760479041,0.15449235350244567
HPSE,MRPL17,0.9949875529839196,0.9952398573639238,4.325412251900693,2.2809577406983785,0.8335307905845141,0.8335307905845141,0.9382022471910112,0.005988023952095809,0.9382022471910112,0.9940119760479041,0.15448798559148166
GBA,MDK,0.9949202718159188,0.9973592141559576,2.296132345421516,5.13613744533405,0.835736590866238,0.835736590866238,0.9438202247191011,0.0,0.9438202247191011,1.0,0.15443665228253906
TPX2,GRN,0.9954080602839264,0.9967368633519478,6.654686059341989,3.5322372199421377,0.8337546942423825,0.8337546942423825,0.9325842696629213,0.0,0.9325842696629213,1.0,0.15442884034436244
GTF3A,CD63,0.9957276458319316,0.9978470026239656,1.6110134562336,2.327627726569334,0.8348562283375984,0.8348562283375984,0.949438202247191,0.011976047904191617,0.949438202247191,0.9880239520958084,0.1544183405574545
ATP5E,GRN,0.9953575994079256,0.9967368633519478,2.903379583529571,3.5322372199421377,0.8347641142111089,0.8347641142111089,0.9382022471910112,0.0,0.9382022471910112,1.0,0.15441190267581062
MND1,S100A6,0.9950548341519208,0.9968377851039494,5.538897867186975,6.411394479580163,0.8307101417131513,0.8307101417131513,0.9157303370786517,0.0,0.9157303370786517,1.0,0.15439544026837282
GTF3A,CFL1,0.9957276458319316,0.9953575994079256,1.6110134562336,3.58724077238781,0.8347186238082854,0.8347186238082854,0.9438202247191011,0.005988023952095809,0.9438202247191011,0.9940119760479041,0.15437062944716923
DHRS7B,S100A6,0.9949875529839196,0.9968377851039494,1.7343585581645686,6.411394479580163,0.8317810560244346,0.8317810560244346,0.9269662921348315,0.005988023952095809,0.9269662921348315,0.9940119760479041,0.1543660239902761
SMYD3,CCDC51,0.9947857094799164,0.994634326851914,3.0911119121307946,2.608153639911189,0.8356114673503537,0.8356114673503537,0.949438202247191,0.005988023952095809,0.949438202247191,0.9940119760479041,0.15432146235772184
TEX264,SMYD3,0.9965686604319453,0.9947857094799164,1.974107619592277,3.0911119121307946,0.836741340718084,0.836741340718084,0.9550561797752809,0.005988023952095809,0.9550561797752809,0.9940119760479041,0.15431754918665477
SMYD3,DHRS7B,0.9947857094799164,0.9949875529839196,3.0911119121307946,1.7343585581645686,0.8346830039201742,0.8346830039201742,0.9438202247191011,0.005988023952095809,0.9438202247191011,0.9940119760479041,0.1543021568278059
PSMB3,RGS10,0.9950548341519208,0.995189396487923,2.7755753481800447,4.373259220884075,0.8337554148932047,0.8337554148932047,0.9325842696629213,0.0,0.9325842696629213,1.0,0.15428083196553286
CKS2,COMMD1,0.9946511471439144,0.9963331763439413,4.81815380475005,1.9911958453878764,0.8348740257404997,0.8348740257404997,0.9382022471910112,0.0,0.9382022471910112,1.0,0.1542231987844695
MAN2B1,CD63,0.9949202718159188,0.9978470026239656,2.349282665007065,2.327627726569334,0.8360455522740502,0.8360455522740502,0.9438202247191011,0.0,0.9438202247191011,1.0,0.1541839149768514
TEX264,BOLA2B,0.9965686604319453,0.9969050662719504,1.974107619592277,2.9417004743322352,0.8370779625587689,0.8370779625587689,0.949438202247191,0.0,0.949438202247191,1.0,0.1541796499794592
SERTAD3,SHFM1,0.9945502253919128,0.996064051671937,3.3380839063446146,2.8740591939716085,0.835859600003701,0.835859600003701,0.9550561797752809,0.011976047904191617,0.9550561797752809,0.9880239520958084,0.1541590404713162
GTF3A,RGS10,0.9957276458319316,0.995189396487923,1.6110134562336,4.373259220884075,0.8309384235259621,0.8309384235259621,0.9269662921348315,0.011976047904191617,0.9269662921348315,0.9880239520958084,0.15413437221293896
TEX264,MRPL14,0.9965686604319453,0.9965350198479448,1.974107619592277,2.674413590795937,0.8380767182050992,0.8380767182050992,0.9550561797752809,0.0,0.9550561797752809,1.0,0.15411258738098443
TP53TG1,COX7A2,0.9946006862679136,0.9967705039359482,2.8377416134024083,2.320042726905739,0.8369376822633672,0.8369376822633672,0.9606741573033708,0.011976047904191617,0.9606741573033708,0.9880239520958084,0.15410595326207222
SMYD3,ATP5L,0.9947857094799164,0.997611518535962,3.0911119121307946,2.3200297147278457,0.8360865032240758,0.8360865032240758,0.9550561797752809,0.011976047904191617,0.9550561797752809,0.9880239520958084,0.15408382131688222
UBE2T,GRN,0.9959463096279352,0.9967368633519478,5.646122027854405,3.5322372199421377,0.8352656090657931,0.8352656090657931,0.9382022471910112,0.0,0.9382022471910112,1.0,0.1539887526794641
CCDC96,MGST2,0.9951725761959228,0.9968377851039494,2.658767960707798,2.420642397228016,0.8352790546455233,0.8352790546455233,0.9438202247191011,0.005988023952095809,0.9438202247191011,0.9940119760479041,0.15391867630009112
CCNB1,LINC01420,0.9945165848079124,0.994869810939918,3.72830410078719,2.968724063109736,0.8351101462858507,0.8351101462858507,0.9382022471910112,0.0,0.9382022471910112,1.0,0.1538790688386377
CCNB1,SPA17,0.9945165848079124,0.9945502253919128,3.72830410078719,2.7632888784229293,0.832228170681617,0.832228170681617,0.9269662921348315,0.005988023952095809,0.9269662921348315,0.9940119760479041,0.15374251238881273
GAPDH,LINC00920,0.9971741909439548,0.9959799502119356,3.5851202650878014,5.25366450581982,0.8345809879365794,0.8345809879365794,0.9325842696629213,0.0,0.9325842696629213,1.0,0.1537391229234281
TEX264,AC009065.4,0.9965686604319453,1.0,1.974107619592277,11.75384606741573,0.8397364424410941,0.8397364424410941,0.9606741573033708,0.0,0.9606741573033708,1.0,0.15369691176903566
CCDC96,OCIAD2,0.9951725761959228,0.996938706855951,2.658767960707798,3.9669676209379,0.8374789988347703,0.8374789988347703,0.949438202247191,0.0,0.949438202247191,1.0,0.15369501827542079
DNASE2,RGS10,0.9956603646639306,0.995189396487923,2.26181778914082,4.373259220884075,0.8334762353138163,0.8334762353138163,0.9325842696629213,0.005988023952095809,0.9325842696629213,0.9940119760479041,0.1536612688271107
CCDC51,SERTAD3,0.994634326851914,0.9945502253919128,2.608153639911189,3.3380839063446146,0.8372846478558152,0.8372846478558152,0.9550561797752809,0.005988023952095809,0.9550561797752809,0.9940119760479041,0.15363640932895678
COX6B1,GBA,0.9954921617439276,0.9949202718159188,2.311949498755298,2.296132345421516,0.8384491382620204,0.8384491382620204,0.9550561797752809,0.0,0.9550561797752809,1.0,0.1535505153242949
TEX264,SERTAD3,0.9965686604319453,0.9945502253919128,1.974107619592277,3.3380839063446146,0.8384967716312784,0.8384967716312784,0.9606741573033708,0.005988023952095809,0.9606741573033708,0.9940119760479041,0.153538088356967
MRPL14,COMMD1,0.9965350198479448,0.9963331763439413,2.674413590795937,1.9911958453878764,0.8358749433344042,0.8358749433344042,0.9382022471910112,0.0,0.9382022471910112,1.0,0.15343341050482734
UQCR10,CTSB,0.9952903182399246,0.9947520688959162,2.180370561124943,3.5799245004373272,0.8327096367803689,0.8327096367803689,0.9269662921348315,0.005988023952095809,0.9269662921348315,0.9940119760479041,0.15337649680518986
ATOX1,SHFM1,0.9969723474399516,0.996064051671937,2.821290462894436,2.8740591939716085,0.8360424598792772,0.8360424598792772,0.949438202247191,0.011976047904191617,0.949438202247191,0.9880239520958084,0.15326775778152238
HPSE,ATP5L,0.9949875529839196,0.997611518535962,4.325412251900693,2.3200297147278457,0.8341215836105712,0.8341215836105712,0.9325842696629213,0.005988023952095809,0.9325842696629213,0.9940119760479041,0.15320026310756657
MISP,UBE2T,0.996366816927942,0.9959463096279352,7.767093157505214,5.646122027854405,0.8380686808063206,0.8380686808063206,0.949438202247191,0.0,0.949438202247191,1.0,0.1531528760906827
GBA,POC1A,0.9949202718159188,0.9949539123999191,2.296132345421516,3.774388256072125,0.8359646183974638,0.8359646183974638,0.9382022471910112,0.0,0.9382022471910112,1.0,0.15311919039849162
TPX2,CTSB,0.9954080602839264,0.9947520688959162,6.654686059341989,3.5799245004373272,0.8360631188848632,0.8360631188848632,0.9382022471910112,0.0,0.9382022471910112,1.0,0.15304923491874345
ATOX1,OCIAD2,0.9969723474399516,0.996938706855951,2.821290462894436,3.9669676209379,0.8373585311755043,0.8373585311755043,0.9438202247191011,0.0,0.9438202247191011,1.0,0.1530369679572533
DHRS7B,LINC01420,0.9949875529839196,0.994869810939918,1.7343585581645686,2.968724063109736,0.8370411288468689,0.8370411288468689,0.949438202247191,0.005988023952095809,0.949438202247191,0.9940119760479041,0.15301298154796855
MISP,SNRPD1,0.996366816927942,0.9946847877279148,7.767093157505214,3.0110962154343013,0.8400288213943574,0.8400288213943574,0.9606741573033708,0.0,0.9606741573033708,1.0,0.1529925817087318
NPC2,LINC01420,0.9945838659759134,0.994869810939918,2.7663828399381023,2.968724063109736,0.8341108561654248,0.8341108561654248,0.9382022471910112,0.011976047904191617,0.9382022471910112,0.9880239520958084,0.1529627712970476
CCDC51,ATOX1,0.994634326851914,0.9969723474399516,2.608153639911189,2.821290462894436,0.837245773817698,0.837245773817698,0.949438202247191,0.005988023952095809,0.949438202247191,0.9940119760479041,0.15295517354366348
NDUFA1,GRN,0.995879028459934,0.9967368633519478,2.1289500067281164,3.5322372199421377,0.8383462348956519,0.8383462348956519,0.949438202247191,0.0,0.949438202247191,1.0,0.15291360270440227
PSMB3,SPA17,0.9950548341519208,0.9945502253919128,2.7755753481800447,2.7632888784229293,0.8352464422869663,0.8352464422869663,0.9325842696629213,0.0,0.9325842696629213,1.0,0.15284800278824157
SERTAD3,SPA17,0.9945502253919128,0.9945502253919128,3.3380839063446146,2.7632888784229293,0.834213129516035,0.834213129516035,0.9325842696629213,0.005988023952095809,0.9325842696629213,0.9940119760479041,0.15284687234660171
PTTG1,GTF3A,0.9954417008679272,0.9957276458319316,5.344155052815717,1.6110134562336,0.8363668934977463,0.8363668934977463,0.9382022471910112,0.0,0.9382022471910112,1.0,0.15284310310117324
TP53TG1,CCDC51,0.9946006862679136,0.994634326851914,2.8377416134024083,2.608153639911189,0.8371989738844963,0.8371989738844963,0.949438202247191,0.005988023952095809,0.949438202247191,0.9940119760479041,0.15281696006952827
ATP5L,MDK,0.997611518535962,0.9973592141559576,2.3200297147278457,5.13613744533405,0.8377402915367786,0.8377402915367786,0.949438202247191,0.005988023952095809,0.949438202247191,0.9940119760479041,0.15274800389172571
NAGA,S100A6,0.9948361703559174,0.9968377851039494,2.921225973894907,6.411394479580163,0.8355270901157821,0.8355270901157821,0.9325842696629213,0.0,0.9325842696629213,1.0,0.15274630400333059
COX7B,IFI27,0.9969387068559512,0.9963331763439413,2.605707387472245,6.051113907017427,0.8347249677850533,0.8347249677850533,0.9325842696629213,0.005988023952095809,0.9325842696629213,0.9940119760479041,0.1526945365451367
IFI27,COMMD1,0.9963331763439413,0.9963331763439413,6.051113907017427,1.9911958453878764,0.8327326126153893,0.8327326126153893,0.9269662921348315,0.011976047904191617,0.9269662921348315,0.9880239520958084,0.15263259233309184
DNASE2,SMYD3,0.9956603646639306,0.9947857094799164,2.26181778914082,3.0911119121307946,0.8376148297165197,0.8376148297165197,0.949438202247191,0.005988023952095809,0.949438202247191,0.9940119760479041,0.15251940579377302
PIGU,BLOC1S1,0.9947352486039158,0.995122115319922,2.392829610442038,2.293008490883402,0.838534877195695,0.838534877195695,0.9550561797752809,0.005988023952095809,0.9550561797752809,0.9940119760479041,0.15250750429944748
ATP5E,NDUFC2,0.9953575994079256,0.9971741909439548,2.903379583529571,2.232745428244634,0.8368393890418838,0.8368393890418838,0.9438202247191011,0.005988023952095809,0.9438202247191011,0.9940119760479041,0.15250057553330346
TPX2,EPHX4,0.9954080602839264,0.9968377851039494,6.654686059341989,7.818003390970866,0.8359081410573169,0.8359081410573169,0.9325842696629213,0.0,0.9325842696629213,1.0,0.15243617928069828
CCDC96,MRPL17,0.9951725761959228,0.9952398573639238,2.658767960707798,2.2809577406983785,0.8377951867042779,0.8377951867042779,0.949438202247191,0.005988023952095809,0.949438202247191,0.9940119760479041,0.15234743158253158
MAD2L1,LINC01420,0.9951389356119222,0.994869810939918,4.156349323824261,2.968724063109736,0.8387786956242835,0.8387786956242835,0.949438202247191,0.0,0.949438202247191,1.0,0.15230498647935706
CD63,CKS2,0.9978470026239656,0.9946511471439144,2.327627726569334,4.81815380475005,0.839999438918927,0.839999438918927,0.9550561797752809,0.0,0.9550561797752809,1.0,0.15223634754409074
NUDT1,IFI27,0.9945838659759132,0.9963331763439413,3.1617194577137866,6.051113907017427,0.835053622149088,0.835053622149088,0.9382022471910112,0.011976047904191617,0.9382022471910112,0.9880239520958084,0.15220534137873962
CCR6,RGS10,0.9963836372199422,0.995189396487923,8.924084125008408,4.373259220884075,0.8371013684739311,0.8371013684739311,0.9438202247191011,0.005988023952095809,0.9438202247191011,0.9940119760479041,0.1521824507715079
TEX264,CFL1,0.9965686604319453,0.9953575994079256,1.974107619592277,3.58724077238781,0.8371359571214856,0.8371359571214856,0.9438202247191011,0.005988023952095809,0.9438202247191011,0.9940119760479041,0.1521771229205128
CCDC51,LINC00920,0.994634326851914,0.9959799502119356,2.608153639911189,5.25366450581982,0.8360628111812535,0.8360628111812535,0.9325842696629213,0.0,0.9325842696629213,1.0,0.15216777423684066
CCDC96,CFL1,0.9951725761959228,0.9953575994079256,2.658767960707798,3.58724077238781,0.8370484489334841,0.8370484489334841,0.9382022471910112,0.0,0.9382022471910112,1.0,0.152157630860707
DYNLRB1,HPSE,0.9958958487519344,0.9949875529839196,2.7184927538182064,4.325412251900693,0.8351361589711229,0.8351361589711229,0.9325842696629213,0.005988023952095809,0.9325842696629213,0.9940119760479041,0.15213213029398026
LGALS3BP,SMYD3,0.997746080871964,0.9947857094799164,4.172795868936285,3.0911119121307946,0.8381815521288554,0.8381815521288554,0.9550561797752809,0.011976047904191617,0.9550561797752809,0.9880239520958084,0.15212468321073724
CKS2,NDUFA13,0.9946511471439144,0.998990782479984,4.81815380475005,2.554904174796474,0.8393356953137638,0.8393356953137638,0.949438202247191,0.0,0.949438202247191,1.0,0.15205589594484023
HLA-A,TPX2,0.9976787997039628,0.9954080602839264,4.352046642669716,6.654686059341989,0.8373732259199106,0.8373732259199106,0.9382022471910112,0.0,0.9382022471910112,1.0,0.15204941248794368
PSMB6,CTSB,0.9951052950279218,0.9947520688959162,1.9886599845253323,3.5799245004373272,0.833137963923383,0.833137963923383,0.9269662921348315,0.011976047904191617,0.9269662921348315,0.9880239520958084,0.15204806743562427
UBE2T,GBA,0.9959463096279352,0.9949202718159188,5.646122027854405,2.296132345421516,0.8372039863213885,0.8372039863213885,0.9382022471910112,0.0,0.9382022471910112,1.0,0.1520380868499411
NPC2,SERTAD3,0.9945838659759134,0.9945502253919128,2.7663828399381023,3.3380839063446146,0.8341004566368605,0.8341004566368605,0.9325842696629213,0.011976047904191617,0.9325842696629213,0.9880239520958084,0.15203193200641318
CKLF,COX7A2,0.9949875529839196,0.9967705039359482,3.8934817230707113,2.320042726905739,0.8382449925802327,0.8382449925802327,0.949438202247191,0.005988023952095809,0.949438202247191,0.9940119760479041,0.15202767020509997
OCIAD2,COX7A2,0.996938706855951,0.9967705039359482,3.9669676209379,2.320042726905739,0.840406854690822,0.840406854690822,0.9550561797752809,0.0,0.9550561797752809,1.0,0.15194099731170477
PTTG1,CD63,0.9954417008679272,0.9978470026239656,5.344155052815717,2.327627726569334,0.8394975808146459,0.8394975808146459,0.949438202247191,0.0,0.949438202247191,1.0,0.1518757707265547
CCNB1,EPHX4,0.9945165848079124,0.9968377851039494,3.72830410078719,7.818003390970866,0.8354893902031835,0.8354893902031835,0.9269662921348315,0.0,0.9269662921348315,1.0,0.15183657888511154
CCDC96,COMMD1,0.9951725761959228,0.9963331763439413,2.658767960707798,1.9911958453878764,0.8364985357321412,0.8364985357321412,0.9382022471910112,0.005988023952095809,0.9382022471910112,0.9940119760479041,0.1518312969155334
UBE2T,CORO2A,0.9959463096279352,0.9971405503599542,5.646122027854405,6.426852216914485,0.8356789571906784,0.8356789571906784,0.9269662921348315,0.0,0.9269662921348315,1.0,0.15179356279510237
SMYD3,POC1A,0.9947857094799164,0.9949539123999191,3.0911119121307946,3.774388256072125,0.837419944322636,0.837419944322636,0.9438202247191011,0.005988023952095809,0.9438202247191011,0.9940119760479041,0.15174500936301707
CORO2A,SPA17,0.9971405503599542,0.9945502253919128,6.426852216914485,2.7632888784229293,0.8326466672813078,0.8326466672813078,0.9157303370786517,0.005988023952095809,0.9157303370786517,0.9940119760479041,0.15169997204432165
MAN2B1,CKLF,0.9949202718159188,0.9949875529839196,2.349282665007065,3.8934817230707113,0.8376326945643146,0.8376326945643146,0.9382022471910112,0.0,0.9382022471910112,1.0,0.15156468329648504
EPHX4,SERTAD3,0.9968377851039494,0.9945502253919128,7.818003390970866,3.3380839063446146,0.8368006261767149,0.8368006261767149,0.9382022471910112,0.005988023952095809,0.9382022471910112,0.9940119760479041,0.1515418086361019
MAN2B1,BOLA2B,0.9949202718159188,0.9969050662719504,2.349282665007065,2.9417004743322352,0.8358807835245857,0.8358807835245857,0.9269662921348315,0.0,0.9269662921348315,1.0,0.1515111637193023
SNRPD1,EPHX4,0.9946847877279148,0.9968377851039494,3.0110962154343013,7.818003390970866,0.8378290231058392,0.8378290231058392,0.9382022471910112,0.0,0.9382022471910112,1.0,0.15150425817659258
TP53TG1,MRPL17,0.9946006862679136,0.9952398573639238,2.8377416134024083,2.2809577406983785,0.8405383920388385,0.8405383920388385,0.9606741573033708,0.005988023952095809,0.9606741573033708,0.9940119760479041,0.15149982943416115
GBA,NDUFA1,0.9949202718159188,0.995879028459934,2.296132345421516,2.1289500067281164,0.8387303882020601,0.8387303882020601,0.949438202247191,0.005988023952095809,0.949438202247191,0.9940119760479041,0.15149850370524398
SHFM1,MND1,0.996064051671937,0.9950548341519208,2.8740591939716085,5.538897867186975,0.8358645285353123,0.8358645285353123,0.9269662921348315,0.0,0.9269662921348315,1.0,0.15147242729226268
NDUFA1,SERTAD3,0.995879028459934,0.9945502253919128,2.1289500067281164,3.3380839063446146,0.8387260872333182,0.8387260872333182,0.9550561797752809,0.011976047904191617,0.9550561797752809,0.9880239520958084,0.15145278550096578
DYNLRB1,KIF4A,0.9958958487519344,0.996434098095943,2.7184927538182064,6.418663964206419,0.837956438381525,0.837956438381525,0.9382022471910112,0.0,0.9382022471910112,1.0,0.1514465959678791
HLA-A,SMYD3,0.9976787997039628,0.9947857094799164,4.352046642669716,3.0911119121307946,0.8389094073589881,0.8389094073589881,0.9550561797752809,0.011976047904191617,0.9550561797752809,0.9880239520958084,0.15143531664615525
PIGU,CTSB,0.9947352486039158,0.9947520688959162,2.392829610442038,3.5799245004373272,0.8348083188579252,0.8348083188579252,0.9269662921348315,0.005988023952095809,0.9269662921348315,0.9940119760479041,0.15141012258936093
SMYD3,IFI27,0.9947857094799164,0.9963331763439413,3.0911119121307946,6.051113907017427,0.8349559980045207,0.8349559980045207,0.9325842696629213,0.011976047904191617,0.9325842696629213,0.9880239520958084,0.15139882362765658
MAN2B1,PKM,0.9949202718159188,0.9953239588239252,2.349282665007065,4.02694682432887,0.8368754916351446,0.8368754916351446,0.9325842696629213,0.0,0.9325842696629213,1.0,0.15138529082514882
NDUFA1,MDK,0.995879028459934,0.9973592141559576,2.1289500067281164,5.13613744533405,0.8400384080880632,0.8400384080880632,0.9550561797752809,0.005988023952095809,0.9550561797752809,0.9940119760479041,0.1513440908544236
NAGA,NDUFC2,0.9948361703559174,0.9971741909439548,2.921225973894907,2.232745428244634,0.8390346665172915,0.8390346665172915,0.949438202247191,0.005988023952095809,0.949438202247191,0.9940119760479041,0.1513046482551951
MAD2L1,COX6B1,0.9951389356119222,0.9954921617439276,4.156349323824261,2.311949498755298,0.8390143082203461,0.8390143082203461,0.9438202247191011,0.0,0.9438202247191011,1.0,0.1512297889888626
ATOX1,MGST2,0.9969723474399516,0.9968377851039494,2.821290462894436,2.420642397228016,0.8373685858946965,0.8373685858946965,0.9382022471910112,0.005988023952095809,0.9382022471910112,0.9940119760479041,0.15119809769093856
TEX264,CCNB1,0.9965686604319453,0.9945165848079124,1.974107619592277,3.72830410078719,0.8371657900278023,0.8371657900278023,0.9325842696629213,0.0,0.9325842696629213,1.0,0.1511797405076535
LGALS3BP,ATP5L,0.997746080871964,0.997611518535962,4.172795868936285,2.3200297147278457,0.8394330931770602,0.8394330931770602,0.9550561797752809,0.011976047904191617,0.9550561797752809,0.9880239520958084,0.15116219061897487
GBA,CORO2A,0.9949202718159188,0.9971405503599542,2.296132345421516,6.426852216914485,0.8344301901765464,0.8344301901765464,0.9213483146067416,0.005988023952095809,0.9213483146067416,0.9940119760479041,0.15103208268067736
GTF3A,PKM,0.9957276458319316,0.9953239588239252,1.6110134562336,4.02694682432887,0.8392882217425036,0.8392882217425036,0.949438202247191,0.005988023952095809,0.949438202247191,0.9940119760479041,0.15099360232796952
GTF3A,NDUFC2,0.9957276458319316,0.9971741909439548,1.6110134562336,2.232745428244634,0.8394451882974061,0.8394451882974061,0.949438202247191,0.005988023952095809,0.949438202247191,0.9940119760479041,0.1509863048331833
UBE2T,NDUFA13,0.9959463096279352,0.998990782479984,5.646122027854405,2.554904174796474,0.8396322934709602,0.8396322934709602,0.9438202247191011,0.0,0.9438202247191011,1.0,0.15097512828656703
HLA-A,NDUFA1,0.9976787997039628,0.995879028459934,4.352046642669716,2.1289500067281164,0.8394973607788793,0.8394973607788793,0.9550561797752809,0.011976047904191617,0.9550561797752809,0.9880239520958084,0.15096539670203657
GBA,SERTAD3,0.9949202718159188,0.9945502253919128,2.296132345421516,3.3380839063446146,0.8401412127293736,0.8401412127293736,0.9550561797752809,0.005988023952095809,0.9550561797752809,0.9940119760479041,0.15096092819182044
KIF4A,RGS10,0.996434098095943,0.995189396487923,6.418663964206419,4.373259220884075,0.8384903078400042,0.8384903078400042,0.9382022471910112,0.0,0.9382022471910112,1.0,0.15089411540443487
SMYD3,BOLA2B,0.9947857094799164,0.9969050662719504,3.0911119121307946,2.9417004743322352,0.8395705653135389,0.8395705653135389,0.9438202247191011,0.0,0.9438202247191011,1.0,0.1507874680832884
TP53TG1,MDK,0.9946006862679136,0.9973592141559576,2.8377416134024083,5.13613744533405,0.8395893428272106,0.8395893428272106,0.949438202247191,0.005988023952095809,0.949438202247191,0.9940119760479041,0.1507794424663365
GBA,IFI27,0.9949202718159188,0.9963331763439413,2.296132345421516,6.051113907017427,0.8356977479778828,0.8356977479778828,0.9269662921348315,0.005988023952095809,0.9269662921348315,0.9940119760479041,0.15072858431741099
NPC2,GTF3A,0.9945838659759134,0.9957276458319316,2.7663828399381023,1.6110134562336,0.8346327201762719,0.8346327201762719,0.9269662921348315,0.011976047904191617,0.9269662921348315,0.9880239520958084,0.15072040653496188
CCDC51,GRN,0.994634326851914,0.9967368633519478,2.608153639911189,3.5322372199421377,0.8396254205038006,0.8396254205038006,0.9438202247191011,0.0,0.9438202247191011,1.0,0.1507117227470921
SHFM1,COMMD1,0.996064051671937,0.9963331763439413,2.8740591939716085,1.9911958453878764,0.8377900143693321,0.8377900143693321,0.9438202247191011,0.011976047904191617,0.9438202247191011,0.9880239520958084,0.15068855609825568
TPX2,CORO2A,0.9954080602839264,0.9971405503599542,6.654686059341989,6.426852216914485,0.8378142714675255,0.8378142714675255,0.9325842696629213,0.0,0.9325842696629213,1.0,0.15068834094636374
DHRS7B,POC1A,0.9949875529839196,0.9949539123999191,1.7343585581645686,3.774388256072125,0.8367274883703391,0.8367274883703391,0.9325842696629213,0.005988023952095809,0.9325842696629213,0.9940119760479041,0.1505924095463989
MAD2L1,EPHX4,0.9951389356119222,0.9968377851039494,4.156349323824261,7.818003390970866,0.837917432770153,0.837917432770153,0.9325842696629213,0.0,0.9325842696629213,1.0,0.15054927057710563
TCEB2,EPHX4,0.9960304110879364,0.9968377851039494,2.6273445132207485,7.818003390970866,0.8389749579690192,0.8389749579690192,0.9438202247191011,0.005988023952095809,0.9438202247191011,0.9940119760479041,0.15052994336247802
NPC2,HPSE,0.9945838659759134,0.9949875529839196,2.7663828399381023,4.325412251900693,0.8357765265314584,0.8357765265314584,0.9269662921348315,0.005988023952095809,0.9269662921348315,0.9940119760479041,0.15052905327014032
SMYD3,CCNB1,0.9947857094799164,0.9945165848079124,3.0911119121307946,3.72830410078719,0.8367448192468437,0.8367448192468437,0.9325842696629213,0.005988023952095809,0.9325842696629213,0.9940119760479041,0.15052805933269456
KIF4A,IFI27,0.996434098095943,0.9963331763439413,6.418663964206419,6.051113907017427,0.8380456224115953,0.8380456224115953,0.9325842696629213,0.0,0.9325842696629213,1.0,0.15048990359363823
COX7B,SPA17,0.9969387068559512,0.9945502253919128,2.605707387472245,2.7632888784229293,0.8369682976693154,0.8369682976693154,0.9325842696629213,0.005988023952095809,0.9325842696629213,0.9940119760479041,0.15048723665216512
NUDT1,CTSB,0.9945838659759132,0.9947520688959162,3.1617194577137866,3.5799245004373272,0.8367950235140567,0.8367950235140567,0.9382022471910112,0.011976047904191617,0.9382022471910112,0.9880239520958084,0.1504788526351428
COX7A2,GRN,0.9967705039359482,0.9967368633519478,2.320042726905739,3.5322372199421377,0.8409987878943759,0.8409987878943759,0.949438202247191,0.0,0.949438202247191,1.0,0.15047175513512678
POC1A,COMMD1,0.9949539123999191,0.9963331763439413,3.774388256072125,1.9911958453878764,0.8390269099421068,0.8390269099421068,0.9382022471910112,0.0,0.9382022471910112,1.0,0.150367379746826
LGALS3BP,CCDC96,0.997746080871964,0.9951725761959228,4.172795868936285,2.658767960707798,0.8391742680154204,0.8391742680154204,0.9438202247191011,0.005988023952095809,0.9438202247191011,0.9940119760479041,0.15034743051941296
IFI27,GAPDH,0.9963331763439413,0.9971741909439548,6.051113907017427,3.5851202650878014,0.8383156590152392,0.8383156590152392,0.9382022471910112,0.005988023952095809,0.9382022471910112,0.9940119760479041,0.15029477960135584
TEX264,HLA-A,0.9965686604319453,0.9976787997039628,1.974107619592277,4.352046642669716,0.8403783092104444,0.8403783092104444,0.949438202247191,0.005988023952095809,0.949438202247191,0.9940119760479041,0.15021014933876933
OCIAD2,ATP5E,0.996938706855951,0.9953575994079256,3.9669676209379,2.903379583529571,0.8402368018138934,0.8402368018138934,0.9438202247191011,0.0,0.9438202247191011,1.0,0.15020692633898342
KIF4A,CORO2A,0.996434098095943,0.9971405503599542,6.418663964206419,6.426852216914485,0.837465668756352,0.837465668756352,0.9269662921348315,0.0,0.9269662921348315,1.0,0.1501798122885577
MISP,EPHX4,0.996366816927942,0.9968377851039494,7.767093157505214,7.818003390970866,0.8421964052235593,0.8421964052235593,0.9606741573033708,0.005988023952095809,0.9606741573033708,0.9940119760479041,0.15017806448442167
UQCR10,IFI27,0.9952903182399246,0.9963331763439413,2.180370561124943,6.051113907017427,0.836411793589627,0.836411793589627,0.9325842696629213,0.011976047904191617,0.9325842696629213,0.9880239520958084,0.15010141792903636
PSMB6,CKLF,0.9951052950279218,0.9949875529839196,1.9886599845253323,3.8934817230707113,0.8392097886209842,0.8392097886209842,0.9438202247191011,0.005988023952095809,0.9438202247191011,0.9940119760479041,0.15010108990636895
MISP,COX7B,0.996366816927942,0.9969387068559512,7.767093157505214,2.605707387472245,0.8413814875200707,0.8413814875200707,0.9550561797752809,0.005988023952095809,0.9550561797752809,0.9940119760479041,0.1500784319010245
KIF4A,LINC01420,0.996434098095943,0.994869810939918,6.418663964206419,2.968724063109736,0.8402978506699232,0.8402978506699232,0.9438202247191011,0.0,0.9438202247191011,1.0,0.15007473705821628
UBE2S,COX7A2,0.9958958487519344,0.9967705039359482,3.778860169548543,2.320042726905739,0.8422686867900435,0.8422686867900435,0.9606741573033708,0.005988023952095809,0.9606741573033708,0.9940119760479041,0.15006873993601952
MRPL17,MND1,0.9952398573639238,0.9950548341519208,2.2809577406983785,5.538897867186975,0.838343712064396,0.838343712064396,0.9325842696629213,0.0,0.9325842696629213,1.0,0.15002653423290074
CKLF,LINC00920,0.9949875529839196,0.9959799502119356,3.8934817230707113,5.25366450581982,0.8384209384823567,0.8384209384823567,0.9325842696629213,0.0,0.9325842696629213,1.0,0.15000555526020495
MAN2B1,BLOC1S1,0.9949202718159188,0.995122115319922,2.349282665007065,2.293008490883402,0.8393413375765556,0.8393413375765556,0.9382022471910112,0.0,0.9382022471910112,1.0,0.14997986103903038
UBE2T,PSMB6,0.9959463096279352,0.9951052950279218,5.646122027854405,1.9886599845253323,0.8404255478667085,0.8404255478667085,0.9438202247191011,0.0,0.9438202247191011,1.0,0.14993573817131356
GTF3A,MAN2B1,0.9957276458319316,0.9949202718159188,1.6110134562336,2.349282665007065,0.8394492822297821,0.8394492822297821,0.9382022471910112,0.0,0.9382022471910112,1.0,0.14992469658715557
MGST2,GRN,0.9968377851039494,0.9967368633519478,2.420642397228016,3.5322372199421377,0.839728858246111,0.839728858246111,0.9382022471910112,0.0,0.9382022471910112,1.0,0.14988366575364878
GTF3A,MRPL14,0.9957276458319316,0.9965350198479448,1.6110134562336,2.674413590795937,0.8415840318300483,0.8415840318300483,0.949438202247191,0.0,0.949438202247191,1.0,0.14982430060813756
PTTG1,LINC01420,0.9954417008679272,0.994869810939918,5.344155052815717,2.968724063109736,0.8414363079807815,0.8414363079807815,0.949438202247191,0.0,0.949438202247191,1.0,0.14981714305371382
ATOX1,CKS2,0.9969723474399516,0.9946511471439144,2.821290462894436,4.81815380475005,0.8406035493973114,0.8406035493973114,0.9438202247191011,0.0,0.9438202247191011,1.0,0.14981150641450372
SHFM1,SPA17,0.996064051671937,0.9945502253919128,2.8740591939716085,2.7632888784229293,0.8395904137791507,0.8395904137791507,0.9438202247191011,0.005988023952095809,0.9438202247191011,0.9940119760479041,0.14978500345916945
DNASE2,PKM,0.9956603646639306,0.9953239588239252,2.26181778914082,4.02694682432887,0.8396574481737901,0.8396574481737901,0.9438202247191011,0.005988023952095809,0.9438202247191011,0.9940119760479041,0.14975024176277255
IFI27,CTSB,0.9963331763439413,0.9947520688959162,6.051113907017427,3.5799245004373272,0.8367581842712607,0.8367581842712607,0.9269662921348315,0.005988023952095809,0.9269662921348315,0.9940119760479041,0.14974310491780177
CCDC51,NDUFA13,0.994634326851914,0.998990782479984,2.608153639911189,2.554904174796474,0.8419059557641022,0.8419059557641022,0.9550561797752809,0.005988023952095809,0.9550561797752809,0.9940119760479041,0.1496061836549784
RNASET2,BOLA2B,0.9965686604319453,0.9969050662719504,2.8389652694610765,2.9417004743322352,0.8381163470036033,0.8381163470036033,0.9269662921348315,0.0,0.9269662921348315,1.0,0.1495710210397264
CCDC96,CCDC51,0.9951725761959228,0.994634326851914,2.658767960707798,2.608153639911189,0.8416421060589933,0.8416421060589933,0.9550561797752809,0.005988023952095809,0.9550561797752809,0.9940119760479041,0.14956886249679763
GAPDH,SPA17,0.9971741909439548,0.9945502253919128,3.5851202650878014,2.7632888784229293,0.8390284337779778,0.8390284337779778,0.9382022471910112,0.005988023952095809,0.9382022471910112,0.9940119760479041,0.1494983870716792
PIGU,S100A6,0.9947352486039158,0.9968377851039494,2.392829610442038,6.411394479580163,0.839089971625893,0.839089971625893,0.9325842696629213,0.0,0.9325842696629213,1.0,0.1494298769052372
UBE2S,GRN,0.9958958487519344,0.9967368633519478,3.778860169548543,3.5322372199421377,0.841102323344382,0.841102323344382,0.9438202247191011,0.0,0.9438202247191011,1.0,0.14941840170802445
BLOC1S1,COMMD1,0.995122115319922,0.9963331763439413,2.293008490883402,1.9911958453878764,0.8391317650772276,0.8391317650772276,0.9438202247191011,0.011976047904191617,0.9438202247191011,0.9880239520958084,0.14937145603473276
CCDC96,NDUFA1,0.9951725761959228,0.995879028459934,2.658767960707798,2.1289500067281164,0.8419775859020053,0.8419775859020053,0.9550561797752809,0.005988023952095809,0.9550561797752809,0.9940119760479041,0.14934536507392243
GBA,DHRS7B,0.9949202718159188,0.9949875529839196,2.296132345421516,1.7343585581645686,0.8411380467461258,0.8411380467461258,0.9438202247191011,0.0,0.9438202247191011,1.0,0.14918052855506245
HLA-A,UBE2S,0.9976787997039628,0.9958958487519344,4.352046642669716,3.778860169548543,0.8414189809738107,0.8414189809738107,0.949438202247191,0.005988023952095809,0.949438202247191,0.9940119760479041,0.14918049025353972
PSMB3,CTSB,0.9950548341519208,0.9947520688959162,2.7755753481800447,3.5799245004373272,0.8382613887218385,0.8382613887218385,0.9269662921348315,0.0,0.9269662921348315,1.0,0.14916213443752335
UBE2T,SMYD3,0.9959463096279352,0.9947857094799164,5.646122027854405,3.0911119121307946,0.8393622939720187,0.8393622939720187,0.9382022471910112,0.005988023952095809,0.9382022471910112,0.9940119760479041,0.14911398799928513
NAGA,TPX2,0.9948361703559174,0.9954080602839264,2.921225973894907,6.654686059341989,0.8393377315811559,0.8393377315811559,0.9325842696629213,0.0,0.9325842696629213,1.0,0.14910024540772754
COX7B,EPHX4,0.9969387068559512,0.9968377851039494,2.605707387472245,7.818003390970866,0.8396332263024765,0.8396332263024765,0.9382022471910112,0.005988023952095809,0.9382022471910112,0.9940119760479041,0.14909015050356617
BLOC1S1,LINC01420,0.995122115319922,0.994869810939918,2.293008490883402,2.968724063109736,0.842305085254576,0.842305085254576,0.9606741573033708,0.011976047904191617,0.9606741573033708,0.9880239520958084,0.1489301368481469
PSMB3,GBA,0.9950548341519208,0.9949202718159188,2.7755753481800447,2.296132345421516,0.8432815746289047,0.8432815746289047,0.9550561797752809,0.0,0.9550561797752809,1.0,0.1489246631262441
DNASE2,MAN2B1,0.9956603646639306,0.9949202718159188,2.26181778914082,2.349282665007065,0.8395937821685526,0.8395937821685526,0.9325842696629213,0.0,0.9325842696629213,1.0,0.14888778330594704
ATP5L,POC1A,0.997611518535962,0.9949539123999191,2.3200297147278457,3.774388256072125,0.841711395421794,0.841711395421794,0.9438202247191011,0.0,0.9438202247191011,1.0,0.148840638954289
COX7B,CORO2A,0.9969387068559512,0.9971405503599542,2.605707387472245,6.426852216914485,0.8380024028561323,0.8380024028561323,0.9269662921348315,0.005988023952095809,0.9269662921348315,0.9940119760479041,0.14882522639681542
PTTG1,GRN,0.9954417008679272,0.9967368633519478,5.344155052815717,3.5322372199421377,0.8426741526050079,0.8426741526050079,0.949438202247191,0.0,0.949438202247191,1.0,0.14878702121204257
DYNLRB1,CORO2A,0.9958958487519344,0.9971405503599542,2.7184927538182064,6.426852216914485,0.8370149236666469,0.8370149236666469,0.9269662921348315,0.011976047904191617,0.9269662921348315,0.9880239520958084,0.1487525741450053
GAPDH,COMMD1,0.9971741909439548,0.9963331763439413,3.5851202650878014,1.9911958453878764,0.8409920650127257,0.8409920650127257,0.9438202247191011,0.005988023952095809,0.9438202247191011,0.9940119760479041,0.14869197949704904
LGALS3BP,COMMD1,0.997746080871964,0.9963331763439413,4.172795868936285,1.9911958453878764,0.8391886395756957,0.8391886395756957,0.9382022471910112,0.011976047904191617,0.9382022471910112,0.9880239520958084,0.14862541768038773
PKM,MND1,0.9953239588239252,0.9950548341519208,4.02694682432887,5.538897867186975,0.8388951238691683,0.8388951238691683,0.9269662921348315,0.0,0.9269662921348315,1.0,0.1486203799657537
CCDC51,ATP5L,0.994634326851914,0.997611518535962,2.608153639911189,2.3200297147278457,0.842847687022533,0.842847687022533,0.9550561797752809,0.005988023952095809,0.9550561797752809,0.9940119760479041,0.14861212613210065
RNASET2,IFI27,0.9965686604319453,0.9963331763439413,2.8389652694610765,6.051113907017427,0.8419836253536647,0.8419836253536647,0.9438202247191011,0.0,0.9438202247191011,1.0,0.14860974356719808
MISP,DYNLRB1,0.996366816927942,0.9958958487519344,7.767093157505214,2.7184927538182064,0.8429108250776136,0.8429108250776136,0.9550561797752809,0.005988023952095809,0.9550561797752809,0.9940119760479041,0.14855367342213543
COX7B,SMYD3,0.9969387068559512,0.9947857094799164,2.605707387472245,3.0911119121307946,0.8429237293914119,0.8429237293914119,0.9550561797752809,0.005988023952095809,0.9550561797752809,0.9940119760479041,0.1485013388396441
MRPL14,CTSB,0.9965350198479448,0.9947520688959162,2.674413590795937,3.5799245004373272,0.8391057865734362,0.8391057865734362,0.9325842696629213,0.005988023952095809,0.9325842696629213,0.9940119760479041,0.14849916434744462
AC009065.4,UBE2S,1.0,0.9958958487519344,11.75384606741573,3.778860169548543,0.8451092695179393,0.8451092695179393,0.9606741573033708,0.0,0.9606741573033708,1.0,0.1484941741080344
SPA17,COX7A2,0.9945502253919128,0.9967705039359482,2.7632888784229293,2.320042726905739,0.8400874422294832,0.8400874422294832,0.9382022471910112,0.005988023952095809,0.9382022471910112,0.9940119760479041,0.14848475767958624
MDK,COX7A2,0.9973592141559576,0.9967705039359482,5.13613744533405,2.320042726905739,0.8431541499349067,0.8431541499349067,0.9550561797752809,0.005988023952095809,0.9550561797752809,0.9940119760479041,0.14846257140630492
RGS10,S100A6,0.995189396487923,0.9968377851039494,4.373259220884075,6.411394479580163,0.8382472756628129,0.8382472756628129,0.9269662921348315,0.005988023952095809,0.9269662921348315,0.9940119760479041,0.14844734252426325
UQCR10,EPHX4,0.9952903182399246,0.9968377851039494,2.180370561124943,7.818003390970866,0.8402074113019465,0.8402074113019465,0.9382022471910112,0.005988023952095809,0.9382022471910112,0.9940119760479041,0.14843351939365876
ATP5E,POC1A,0.9953575994079256,0.9949539123999191,2.903379583529571,3.774388256072125,0.8410380561595643,0.8410380561595643,0.9382022471910112,0.0,0.9382022471910112,1.0,0.1484159898588489
UBE2T,HLA-A,0.9959463096279352,0.9976787997039628,5.646122027854405,4.352046642669716,0.8422483733739529,0.8422483733739529,0.9438202247191011,0.0,0.9438202247191011,1.0,0.1484145995836494
PTTG1,COX7A2,0.9954417008679272,0.9967705039359482,5.344155052815717,2.320042726905739,0.8430900647084211,0.8430900647084211,0.949438202247191,0.0,0.949438202247191,1.0,0.14839618847231745
CCDC51,IFI27,0.994634326851914,0.9963331763439413,2.608153639911189,6.051113907017427,0.8411213922402422,0.8411213922402422,0.9438202247191011,0.005988023952095809,0.9438202247191011,0.9940119760479041,0.1483817530080519
MRPL14,EPHX4,0.9965350198479448,0.9968377851039494,2.674413590795937,7.818003390970866,0.8433100913285394,0.8433100913285394,0.949438202247191,0.0,0.949438202247191,1.0,0.14827442996005186
CCDC51,SPA17,0.994634326851914,0.9945502253919128,2.608153639911189,2.7632888784229293,0.8392357746088904,0.8392357746088904,0.9325842696629213,0.005988023952095809,0.9325842696629213,0.9940119760479041,0.14822252154270468
PSMB6,RGS10,0.9951052950279218,0.995189396487923,1.9886599845253323,4.373259220884075,0.8384377782391185,0.8384377782391185,0.9325842696629213,0.011976047904191617,0.9325842696629213,0.9880239520958084,0.14814355583075348
DNASE2,UQCR10,0.9956603646639306,0.9952903182399246,2.26181778914082,2.180370561124943,0.8413757430926799,0.8413757430926799,0.9438202247191011,0.005988023952095809,0.9438202247191011,0.9940119760479041,0.14814295514162723
MISP,SERTAD3,0.996366816927942,0.9945502253919128,7.767093157505214,3.3380839063446146,0.8432449252529276,0.8432449252529276,0.9550561797752809,0.005988023952095809,0.9550561797752809,0.9940119760479041,0.1481376032918393
CORO2A,CTSB,0.9971405503599542,0.9947520688959162,6.426852216914485,3.5799245004373272,0.8395616114144648,0.8395616114144648,0.9325842696629213,0.005988023952095809,0.9325842696629213,0.9940119760479041,0.14812348474817927
OCIAD2,DHRS7B,0.996938706855951,0.9949875529839196,3.9669676209379,1.7343585581645686,0.841483653527789,0.841483653527789,0.9382022471910112,0.0,0.9382022471910112,1.0,0.1481200275740525
TEX264,ATOX1,0.9965686604319453,0.9969723474399516,1.974107619592277,2.821290462894436,0.8434857534532363,0.8434857534532363,0.9550561797752809,0.005988023952095809,0.9550561797752809,0.9940119760479041,0.14810495511904825
GTF3A,CCDC51,0.9957276458319316,0.994634326851914,1.6110134562336,2.608153639911189,0.842318409441623,0.842318409441623,0.949438202247191,0.005988023952095809,0.949438202247191,0.9940119760479041,0.14809533593083632
SPA17,COMMD1,0.9945502253919128,0.9963331763439413,2.7632888784229293,1.9911958453878764,0.8375847826653426,0.8375847826653426,0.9213483146067416,0.005988023952095809,0.9213483146067416,0.9940119760479041,0.1480669090461106
KIF4A,NAGA,0.996434098095943,0.9948361703559174,6.418663964206419,2.921225973894907,0.8424394249857902,0.8424394249857902,0.9438202247191011,0.0,0.9438202247191011,1.0,0.14805976311517927
UBE2S,SHFM1,0.9958958487519344,0.996064051671937,3.778860169548543,2.8740591939716085,0.8434178817147554,0.8434178817147554,0.9550561797752809,0.005988023952095809,0.9550561797752809,0.9940119760479041,0.14805166499189684
CCDC96,GRN,0.9951725761959228,0.9967368633519478,2.658767960707798,3.5322372199421377,0.8415630746593901,0.8415630746593901,0.9382022471910112,0.0,0.9382022471910112,1.0,0.14804456515600187
GTF3A,SERTAD3,0.9957276458319316,0.9945502253919128,1.6110134562336,3.3380839063446146,0.8414652116889894,0.8414652116889894,0.949438202247191,0.011976047904191617,0.949438202247191,0.9880239520958084,0.14799344202942433
PSMB6,SHFM1,0.9951052950279218,0.996064051671937,1.9886599845253323,2.8740591939716085,0.8424845383556403,0.8424845383556403,0.9550561797752809,0.011976047904191617,0.9550561797752809,0.9880239520958084,0.14797821513075446
CD63,ATP5L,0.9978470026239656,0.997611518535962,2.327627726569334,2.3200297147278457,0.8428260994716739,0.8428260994716739,0.9550561797752809,0.011976047904191617,0.9550561797752809,0.9880239520958084,0.14797540326860348
CORO2A,LINC01420,0.9971405503599542,0.994869810939918,6.426852216914485,2.968724063109736,0.8387615586958346,0.8387615586958346,0.9325842696629213,0.011976047904191617,0.9325842696629213,0.9880239520958084,0.1479741136750465
CTSB,NDUFC2,0.9947520688959162,0.9971741909439548,3.5799245004373272,2.232745428244634,0.8387644662176902,0.8387644662176902,0.9269662921348315,0.005988023952095809,0.9269662921348315,0.9940119760479041,0.14796519807734157
CTSB,MDK,0.9947520688959162,0.9973592141559576,3.5799245004373272,5.13613744533405,0.8397628915848242,0.8397628915848242,0.9269662921348315,0.0,0.9269662921348315,1.0,0.14794852533759517
HLA-A,BLOC1S1,0.9976787997039628,0.995122115319922,4.352046642669716,2.293008490883402,0.8426865513096061,0.8426865513096061,0.9550561797752809,0.011976047904191617,0.9550561797752809,0.9880239520958084,0.14790953180896563
CCDC51,CTSB,0.994634326851914,0.9947520688959162,2.608153639911189,3.5799245004373272,0.8386655171323434,0.8386655171323434,0.9269662921348315,0.005988023952095809,0.9269662921348315,0.9940119760479041,0.14786722009706976
UBE2T,EPHX4,0.9959463096279352,0.9968377851039494,5.646122027854405,7.818003390970866,0.8409374146473444,0.8409374146473444,0.9325842696629213,0.0,0.9325842696629213,1.0,0.14780406394994106
GTF3A,CKS2,0.9957276458319316,0.9946511471439144,1.6110134562336,4.81815380475005,0.8436090613420919,0.8436090613420919,0.949438202247191,0.0,0.949438202247191,1.0,0.14776923624828778
SERTAD3,COX7A2,0.9945502253919128,0.9967705039359482,3.3380839063446146,2.320042726905739,0.8436730377797094,0.8436730377797094,0.9606741573033708,0.011976047904191617,0.9606741573033708,0.9880239520958084,0.14773680032143685
NAGA,PSMB6,0.9948361703559174,0.9951052950279218,2.921225973894907,1.9886599845253323,0.8417429285804231,0.8417429285804231,0.949438202247191,0.011976047904191617,0.949438202247191,0.9880239520958084,0.14770922047256366
SMYD3,SPA17,0.9947857094799164,0.9945502253919128,3.0911119121307946,2.7632888784229293,0.8388701971830473,0.8388701971830473,0.9325842696629213,0.011976047904191617,0.9325842696629213,0.9880239520958084,0.14767587964424003
IFI27,NDUFC2,0.9963331763439413,0.9971741909439548,6.051113907017427,2.232745428244634,0.8401826830960768,0.8401826830960768,0.9325842696629213,0.005988023952095809,0.9325842696629213,0.9940119760479041,0.14766969816490086
CCDC51,BOLA2B,0.994634326851914,0.9969050662719504,2.608153639911189,2.9417004743322352,0.8429287631581884,0.8429287631581884,0.9438202247191011,0.0,0.9438202247191011,1.0,0.1476198802166355
CKS2,RGS10,0.9946511471439144,0.995189396487923,4.81815380475005,4.373259220884075,0.8427975344528117,0.8427975344528117,0.9438202247191011,0.0,0.9438202247191011,1.0,0.1476171826876029
RNASET2,GRN,0.9965686604319453,0.9967368633519478,2.8389652694610765,3.5322372199421377,0.8421318332085349,0.8421318332085349,0.9382022471910112,0.0,0.9382022471910112,1.0,0.1476165018131341
GTF3A,DHRS7B,0.9957276458319316,0.9949875529839196,1.6110134562336,1.7343585581645686,0.8419312771366111,0.8419312771366111,0.9438202247191011,0.005988023952095809,0.9438202247191011,0.9940119760479041,0.1476066681542884
UQCR10,MAD2L1,0.9952903182399246,0.9951389356119222,2.180370561124943,4.156349323824261,0.8428921856306067,0.8428921856306067,0.9438202247191011,0.0,0.9438202247191011,1.0,0.14757195020945804
TP53TG1,NUDT1,0.9946006862679136,0.9945838659759132,2.8377416134024083,3.1617194577137866,0.8419148347662256,0.8419148347662256,0.949438202247191,0.011976047904191617,0.949438202247191,0.9880239520958084,0.14749264879268503
MAN2B1,SMYD3,0.9949202718159188,0.9947857094799164,2.349282665007065,3.0911119121307946,0.8411692189020483,0.8411692189020483,0.9325842696629213,0.0,0.9325842696629213,1.0,0.14736069707107957
CCDC96,COX7A2,0.9951725761959228,0.9967705039359482,2.658767960707798,2.320042726905739,0.8433484950340139,0.8433484950340139,0.949438202247191,0.005988023952095809,0.949438202247191,0.9940119760479041,0.14724475012193708
GTF3A,COX7A2,0.9957276458319316,0.9967705039359482,1.6110134562336,2.320042726905739,0.8425126041599048,0.8425126041599048,0.949438202247191,0.011976047904191617,0.949438202247191,0.9880239520958084,0.14717969825058155
SMYD3,BLOC1S1,0.9947857094799164,0.995122115319922,3.0911119121307946,2.293008490883402,0.8432463669974278,0.8432463669974278,0.9550561797752809,0.011976047904191617,0.9550561797752809,0.9880239520958084,0.14716921430090252
NAGA,SERTAD3,0.9948361703559174,0.9945502253919128,2.921225973894907,3.3380839063446146,0.8433340441923712,0.8433340441923712,0.949438202247191,0.005988023952095809,0.949438202247191,0.9940119760479041,0.14706932525461608
NDUFA1,CKS2,0.995879028459934,0.9946511471439144,2.1289500067281164,4.81815380475005,0.8452811196326351,0.8452811196326351,0.9550561797752809,0.0,0.9550561797752809,1.0,0.14706556746676935
DYNLRB1,TPX2,0.9958958487519344,0.9954080602839264,2.7184927538182064,6.654686059341989,0.8406680603729696,0.8406680603729696,0.9269662921348315,0.0,0.9269662921348315,1.0,0.14705315125067214
COX7B,TPX2,0.9969387068559512,0.9954080602839264,2.605707387472245,6.654686059341989,0.8408059763943097,0.8408059763943097,0.9269662921348315,0.0,0.9269662921348315,1.0,0.147002809595505
NPC2,GBA,0.9945838659759134,0.9949202718159188,2.7663828399381023,2.296132345421516,0.8396282483720309,0.8396282483720309,0.9269662921348315,0.005988023952095809,0.9269662921348315,0.9940119760479041,0.14699355136684675
TEX264,GBA,0.9965686604319453,0.9949202718159188,1.974107619592277,2.296132345421516,0.8454425413461666,0.8454425413461666,0.9550561797752809,0.0,0.9550561797752809,1.0,0.14698289216834057
CTSB,S100A6,0.9947520688959162,0.9968377851039494,3.5799245004373272,6.411394479580163,0.8407766533501407,0.8407766533501407,0.9269662921348315,0.0,0.9269662921348315,1.0,0.14697402888140712
CCDC96,DHRS7B,0.9951725761959228,0.9949875529839196,2.658767960707798,1.7343585581645686,0.8435082804843351,0.8435082804843351,0.9438202247191011,0.0,0.9438202247191011,1.0,0.14697337517447856
MISP,GAPDH,0.996366816927942,0.9971741909439548,7.767093157505214,3.5851202650878014,0.8456115748556695,0.8456115748556695,0.9606741573033708,0.005988023952095809,0.9606741573033708,0.9940119760479041,0.1469527237791934
MDK,NDUFC2,0.9973592141559576,0.9971741909439548,5.13613744533405,2.232745428244634,0.844836676896068,0.844836676896068,0.949438202247191,0.0,0.949438202247191,1.0,0.14691532266553503
SNRPD1,HPSE,0.9946847877279148,0.9949875529839196,3.0110962154343013,4.325412251900693,0.8426119089770033,0.8426119089770033,0.9382022471910112,0.0,0.9382022471910112,1.0,0.14689935998540488
UBE2S,ATP5L,0.9958958487519344,0.997611518535962,3.778860169548543,2.3200297147278457,0.8457163396992902,0.8457163396992902,0.9606741573033708,0.005988023952095809,0.9606741573033708,0.9940119760479041,0.14685052653773145
PIGU,DHRS7B,0.9947352486039158,0.9949875529839196,2.392829610442038,1.7343585581645686,0.8445373908990972,0.8445373908990972,0.949438202247191,0.0,0.949438202247191,1.0,0.1468436718614778
GTF3A,LINC01420,0.9957276458319316,0.994869810939918,1.6110134562336,2.968724063109736,0.8427280582398943,0.8427280582398943,0.949438202247191,0.011976047904191617,0.949438202247191,0.9880239520958084,0.14683813958252662
GTF3A,NDUFA1,0.9957276458319316,0.995879028459934,1.6110134562336,2.1289500067281164,0.8428095507366806,0.8428095507366806,0.949438202247191,0.011976047904191617,0.949438202247191,0.9880239520958084,0.14683646072210008
CORO2A,GAPDH,0.9971405503599542,0.9971741909439548,6.426852216914485,3.5851202650878014,0.8411555406686282,0.8411555406686282,0.9325842696629213,0.005988023952095809,0.9325842696629213,0.9940119760479041,0.14683022934374748
COX7B,MND1,0.9969387068559512,0.9950548341519208,2.605707387472245,5.538897867186975,0.8419520347325987,0.8419520347325987,0.9325842696629213,0.0,0.9325842696629213,1.0,0.14680299807030497
SPA17,CFL1,0.9945502253919128,0.9953575994079256,2.7632888784229293,3.58724077238781,0.8398786411393302,0.8398786411393302,0.9269662921348315,0.005988023952095809,0.9269662921348315,0.9940119760479041,0.14679382599754814
MGST2,COMMD1,0.9968377851039494,0.9963331763439413,2.420642397228016,1.9911958453878764,0.8401738784210728,0.8401738784210728,0.9325842696629213,0.011976047904191617,0.9325842696629213,0.9880239520958084,0.1467634374797067
MRPL17,SPA17,0.9952398573639238,0.9945502253919128,2.2809577406983785,2.7632888784229293,0.8418210849105321,0.8418210849105321,0.9382022471910112,0.005988023952095809,0.9382022471910112,0.9940119760479041,0.1467621091759908
NAGA,DHRS7B,0.9948361703559174,0.9949875529839196,2.921225973894907,1.7343585581645686,0.8418544923447644,0.8418544923447644,0.9382022471910112,0.005988023952095809,0.9382022471910112,0.9940119760479041,0.14673359369874606
MISP,COX6B1,0.996366816927942,0.9954921617439276,7.767093157505214,2.311949498755298,0.8457942427914856,0.8457942427914856,0.9550561797752809,0.0,0.9550561797752809,1.0,0.1466756762639734
DNASE2,LGALS3BP,0.9956603646639306,0.997746080871964,2.26181778914082,4.172795868936285,0.8440956082219017,0.8440956082219017,0.949438202247191,0.005988023952095809,0.949438202247191,0.9940119760479041,0.1466501565812677
GTF3A,SHFM1,0.9957276458319316,0.996064051671937,1.6110134562336,2.8740591939716085,0.8431530927454002,0.8431530927454002,0.949438202247191,0.011976047904191617,0.949438202247191,0.9880239520958084,0.1465291590171697
MISP,CCDC51,0.996366816927942,0.994634326851914,7.767093157505214,2.608153639911189,0.8458686446294171,0.8458686446294171,0.9606741573033708,0.005988023952095809,0.9606741573033708,0.9940119760479041,0.14652112220700958
HPSE,NDUFA1,0.9949875529839196,0.995879028459934,4.325412251900693,2.1289500067281164,0.8421750338716069,0.8421750338716069,0.9382022471910112,0.005988023952095809,0.9382022471910112,0.9940119760479041,0.14651292929747
CCDC96,MDK,0.9951725761959228,0.9973592141559576,2.658767960707798,5.13613744533405,0.8443270392662636,0.8443270392662636,0.9438202247191011,0.0,0.9438202247191011,1.0,0.1463786468845745
NUDT1,DHRS7B,0.9945838659759132,0.9949875529839196,3.1617194577137866,1.7343585581645686,0.8422241673575078,0.8422241673575078,0.9438202247191011,0.011976047904191617,0.9438202247191011,0.9880239520958084,0.14636147281778103
OCIAD2,CTSB,0.996938706855951,0.9947520688959162,3.9669676209379,3.5799245004373272,0.8424584220963686,0.8424584220963686,0.9325842696629213,0.0,0.9325842696629213,1.0,0.14631039844476812
DNASE2,LINC01420,0.9956603646639306,0.994869810939918,2.26181778914082,2.968724063109736,0.8442648329629099,0.8442648329629099,0.949438202247191,0.005988023952095809,0.949438202247191,0.9940119760479041,0.14627960611229235
TP53TG1,CKLF,0.9946006862679136,0.9949875529839196,2.8377416134024083,3.8934817230707113,0.8433328991242732,0.8433328991242732,0.9438202247191011,0.005988023952095809,0.9438202247191011,0.9940119760479041,0.1462149946216474
SHFM1,ATP5L,0.996064051671937,0.997611518535962,2.8740591939716085,2.3200297147278457,0.8446212351013149,0.8446212351013149,0.9550561797752809,0.011976047904191617,0.9550561797752809,0.9880239520958084,0.14615462016749245
KIF4A,NUDT1,0.996434098095943,0.9945838659759132,6.418663964206419,3.1617194577137866,0.8453708323421165,0.8453708323421165,0.949438202247191,0.0,0.949438202247191,1.0,0.14615150884100817
COX6B1,SPA17,0.9954921617439276,0.9945502253919128,2.311949498755298,2.7632888784229293,0.8425301404689294,0.8425301404689294,0.9325842696629213,0.0,0.9325842696629213,1.0,0.1461227567333823
MND1,MDK,0.9950548341519208,0.9973592141559576,5.538897867186975,5.13613744533405,0.8408650654354851,0.8408650654354851,0.9213483146067416,0.0,0.9213483146067416,1.0,0.14606258255414237
SNRPD1,CORO2A,0.9946847877279148,0.9971405503599542,3.0110962154343013,6.426852216914485,0.842739017378274,0.842739017378274,0.9325842696629213,0.0,0.9325842696629213,1.0,0.14605967426921151
KIF4A,BOLA2B,0.996434098095943,0.9969050662719504,6.418663964206419,2.9417004743322352,0.8419301547234489,0.8419301547234489,0.9269662921348315,0.0,0.9269662921348315,1.0,0.14603742751047255
TPX2,BOLA2B,0.9954080602839264,0.9969050662719504,6.654686059341989,2.9417004743322352,0.8399120716427032,0.8399120716427032,0.9157303370786517,0.0,0.9157303370786517,1.0,0.14603393487165395
NUDT1,MND1,0.9945838659759132,0.9950548341519208,3.1617194577137866,5.538897867186975,0.8426139282735445,0.8426139282735445,0.9325842696629213,0.0,0.9325842696629213,1.0,0.14601538084802373
UBE2S,MND1,0.9958958487519344,0.9950548341519208,3.778860169548543,5.538897867186975,0.8427679387597773,0.8427679387597773,0.9325842696629213,0.0,0.9325842696629213,1.0,0.14596868660196619
MAD2L1,MRPL17,0.9951389356119222,0.9952398573639238,4.156349323824261,2.2809577406983785,0.8455349352371245,0.8455349352371245,0.949438202247191,0.0,0.949438202247191,1.0,0.14594953417973003
MISP,BOLA2B,0.996366816927942,0.9969050662719504,7.767093157505214,2.9417004743322352,0.8457658502301119,0.8457658502301119,0.949438202247191,0.0,0.949438202247191,1.0,0.14594317532016712
HPSE,SMYD3,0.9949875529839196,0.9947857094799164,4.325412251900693,3.0911119121307946,0.8417708047267564,0.8417708047267564,0.9325842696629213,0.005988023952095809,0.9325842696629213,0.9940119760479041,0.14592843235002648
CCNB1,BOLA2B,0.9945165848079124,0.9969050662719504,3.72830410078719,2.9417004743322352,0.8410319371888004,0.8410319371888004,0.9213483146067416,0.0,0.9213483146067416,1.0,0.14583674299562138
CCDC51,PSMB6,0.994634326851914,0.9951052950279218,2.608153639911189,1.9886599845253323,0.8457102967328557,0.8457102967328557,0.9550561797752809,0.005988023952095809,0.9550561797752809,0.9940119760479041,0.14572153329355905
NUDT1,ATP5L,0.9945838659759132,0.997611518535962,3.1617194577137866,2.3200297147278457,0.8440875537644731,0.8440875537644731,0.949438202247191,0.011976047904191617,0.949438202247191,0.9880239520958084,0.14568568989066677
DHRS7B,SPA17,0.9949875529839196,0.9945502253919128,1.7343585581645686,2.7632888784229293,0.8401191438669451,0.8401191438669451,0.9213483146067416,0.005988023952095809,0.9213483146067416,0.9940119760479041,0.14565792616344125
HPSE,IFI27,0.9949875529839196,0.9963331763439413,4.325412251900693,6.051113907017427,0.843200410297223,0.843200410297223,0.9382022471910112,0.005988023952095809,0.9382022471910112,0.9940119760479041,0.14559425104491674
DYNLRB1,CTSB,0.9958958487519344,0.9947520688959162,2.7184927538182064,3.5799245004373272,0.8412505342368535,0.8412505342368535,0.9269662921348315,0.005988023952095809,0.9269662921348315,0.9940119760479041,0.14559024923587596
COX7B,DHRS7B,0.9969387068559512,0.9949875529839196,2.605707387472245,1.7343585581645686,0.8460776409124592,0.8460776409124592,0.949438202247191,0.0,0.949438202247191,1.0,0.14554982064118746
HPSE,UBE2S,0.9949875529839196,0.9958958487519344,4.325412251900693,3.778860169548543,0.8422873101005668,0.8422873101005668,0.9325842696629213,0.005988023952095809,0.9325842696629213,0.9940119760479041,0.14553323117464007
COX6B1,EPHX4,0.9954921617439276,0.9968377851039494,2.311949498755298,7.818003390970866,0.8442840778802816,0.8442840778802816,0.9382022471910112,0.0,0.9382022471910112,1.0,0.14553275741096772
GTF3A,DYNLRB1,0.9957276458319316,0.9958958487519344,1.6110134562336,2.7184927538182064,0.8443708132701204,0.8443708132701204,0.949438202247191,0.011976047904191617,0.949438202247191,0.9880239520958084,0.1453792649013218
MAD2L1,MGST2,0.9951389356119222,0.9968377851039494,4.156349323824261,2.420642397228016,0.8434994922267554,0.8434994922267554,0.9325842696629213,0.0,0.9325842696629213,1.0,0.14536441329188135
TEX264,LGALS3BP,0.9965686604319453,0.997746080871964,1.974107619592277,4.172795868936285,0.8465082733521563,0.8465082733521563,0.9550561797752809,0.005988023952095809,0.9550561797752809,0.9940119760479041,0.1453012034296981
NPC2,PSMB6,0.9945838659759134,0.9951052950279218,2.7663828399381023,1.9886599845253323,0.8415856586384195,0.8415856586384195,0.9325842696629213,0.011976047904191617,0.9325842696629213,0.9880239520958084,0.1452129316251629
HLA-A,CKS2,0.9976787997039628,0.9946511471439144,4.352046642669716,4.81815380475005,0.8473787638049297,0.8473787638049297,0.9550561797752809,0.0,0.9550561797752809,1.0,0.14520285420613732
PTTG1,NDUFA13,0.9954417008679272,0.998990782479984,5.344155052815717,2.554904174796474,0.8457599525126188,0.8457599525126188,0.9438202247191011,0.0,0.9438202247191011,1.0,0.14516963100631697
DYNLRB1,NAGA,0.9958958487519344,0.9948361703559174,2.7184927538182064,2.921225973894907,0.8455783267694451,0.8455783267694451,0.949438202247191,0.005988023952095809,0.949438202247191,0.9940119760479041,0.14506056985104457
TEX264,S100A6,0.9965686604319453,0.9968377851039494,1.974107619592277,6.411394479580163,0.8430107985657155,0.8430107985657155,0.9325842696629213,0.005988023952095809,0.9325842696629213,0.9940119760479041,0.1450492025420427
GTF3A,COX7B,0.9957276458319316,0.9969387068559512,1.6110134562336,2.605707387472245,0.8457616590849506,0.8457616590849506,0.949438202247191,0.005988023952095809,0.949438202247191,0.9940119760479041,0.14502913480494756
SNRPD1,SMYD3,0.9946847877279148,0.9947857094799164,3.0110962154343013,3.0911119121307946,0.8465445572388067,0.8465445572388067,0.949438202247191,0.0,0.949438202247191,1.0,0.1449294040606227
ATP5E,CKS2,0.9953575994079256,0.9946511471439144,2.903379583529571,4.81815380475005,0.8456773035977381,0.8456773035977381,0.9438202247191011,0.0,0.9438202247191011,1.0,0.14492525456789376
TEX264,GRN,0.9965686604319453,0.9967368633519478,1.974107619592277,3.5322372199421377,0.8459355205604389,0.8459355205604389,0.9438202247191011,0.0,0.9438202247191011,1.0,0.14492245248541824
NUDT1,RGS10,0.9945838659759132,0.995189396487923,3.1617194577137866,4.373259220884075,0.8438345193624395,0.8438345193624395,0.9438202247191011,0.011976047904191617,0.9438202247191011,0.9880239520958084,0.1448823193429693
MRPL17,COMMD1,0.9952398573639238,0.9963331763439413,2.2809577406983785,1.9911958453878764,0.844954585222244,0.844954585222244,0.9438202247191011,0.005988023952095809,0.9438202247191011,0.9940119760479041,0.14484585279028517
NAGA,POC1A,0.9948361703559174,0.9949539123999191,2.921225973894907,3.774388256072125,0.845735132216496,0.845735132216496,0.949438202247191,0.005988023952095809,0.949438202247191,0.9940119760479041,0.14484470273412134
CORO2A,LINC00920,0.9971405503599542,0.9959799502119356,6.426852216914485,5.25366450581982,0.8432578216529841,0.8432578216529841,0.9269662921348315,0.0,0.9269662921348315,1.0,0.1447949384260559
MGST2,EPHX4,0.9968377851039494,0.9968377851039494,2.420642397228016,7.818003390970866,0.8442728288287796,0.8442728288287796,0.9382022471910112,0.005988023952095809,0.9382022471910112,0.9940119760479041,0.14476946580267755
IFI27,RGS10,0.9963331763439413,0.995189396487923,6.051113907017427,4.373259220884075,0.8432357044273573,0.8432357044273573,0.9382022471910112,0.011976047904191617,0.9382022471910112,0.9880239520958084,0.1446992682184149
LGALS3BP,SPA17,0.997746080871964,0.9945502253919128,4.172795868936285,2.7632888784229293,0.8433182952362968,0.8433182952362968,0.9325842696629213,0.005988023952095809,0.9325842696629213,0.9940119760479041,0.144684472398219
SMYD3,UBE2S,0.9947857094799164,0.9958958487519344,3.0911119121307946,3.778860169548543,0.8468886252145231,0.8468886252145231,0.9550561797752809,0.005988023952095809,0.9550561797752809,0.9940119760479041,0.14467709819313543
PKM,NDUFA1,0.9953239588239252,0.995879028459934,4.02694682432887,2.1289500067281164,0.8469504483937179,0.8469504483937179,0.9550561797752809,0.005988023952095809,0.9550561797752809,0.9940119760479041,0.14465656128413087
TP53TG1,GRN,0.9946006862679136,0.9967368633519478,2.8377416134024083,3.5322372199421377,0.8460675532290816,0.8460675532290816,0.9438202247191011,0.0,0.9438202247191011,1.0,0.14465529637203595
MAN2B1,ATP5L,0.9949202718159188,0.997611518535962,2.349282665007065,2.3200297147278457,0.8443480143227734,0.8443480143227734,0.9325842696629213,0.0,0.9325842696629213,1.0,0.14461655598056955
DHRS7B,ATP5L,0.9949875529839196,0.997611518535962,1.7343585581645686,2.3200297147278457,0.846283827717937,0.846283827717937,0.949438202247191,0.005988023952095809,0.949438202247191,0.9940119760479041,0.14453326338202616
CCNB1,SHFM1,0.9945165848079124,0.996064051671937,3.72830410078719,2.8740591939716085,0.8452575418663318,0.8452575418663318,0.9382022471910112,0.0,0.9382022471910112,1.0,0.14449597166843536
PTTG1,MGST2,0.9954417008679272,0.9968377851039494,5.344155052815717,2.420642397228016,0.845472039091981,0.845472039091981,0.9382022471910112,0.0,0.9382022471910112,1.0,0.144418825982754
TCEB2,SPA17,0.9960304110879364,0.9945502253919128,2.6273445132207485,2.7632888784229293,0.8444585528594466,0.8444585528594466,0.9382022471910112,0.005988023952095809,0.9382022471910112,0.9940119760479041,0.14437234160891735
GTF3A,POC1A,0.9957276458319316,0.9949539123999191,1.6110134562336,3.774388256072125,0.8463729460171241,0.8463729460171241,0.9438202247191011,0.0,0.9438202247191011,1.0,0.1443207507279371
UBE2T,ATOX1,0.9959463096279352,0.9969723474399516,5.646122027854405,2.821290462894436,0.8456564123057163,0.8456564123057163,0.9382022471910112,0.0,0.9382022471910112,1.0,0.14429279210943863
PKM,SPA17,0.9953239588239252,0.9945502253919128,4.02694682432887,2.7632888784229293,0.8435529317020136,0.8435529317020136,0.9325842696629213,0.005988023952095809,0.9325842696629213,0.9940119760479041,0.14429216637086978
DNASE2,DHRS7B,0.9956603646639306,0.9949875529839196,2.26181778914082,1.7343585581645686,0.8446008149054473,0.8446008149054473,0.9325842696629213,0.0,0.9325842696629213,1.0,0.14424517039128917
TEX264,MRPL17,0.9965686604319453,0.9952398573639238,1.974107619592277,2.2809577406983785,0.8492465410102266,0.8492465410102266,0.9606741573033708,0.0,0.9606741573033708,1.0,0.14423178666633873
UBE2T,NDUFA1,0.9959463096279352,0.995879028459934,5.646122027854405,2.1289500067281164,0.8465589381319099,0.8465589381319099,0.9438202247191011,0.0,0.9438202247191011,1.0,0.1442288470465478
PTTG1,NDUFA1,0.9954417008679272,0.995879028459934,5.344155052815717,2.1289500067281164,0.8474438958235011,0.8474438958235011,0.949438202247191,0.0,0.949438202247191,1.0,0.144214029255156
NAGA,GAPDH,0.9948361703559174,0.9971741909439548,2.921225973894907,3.5851202650878014,0.8474963925719293,0.8474963925719293,0.9550561797752809,0.005988023952095809,0.9550561797752809,0.9940119760479041,0.14419900054252524
GBA,CD63,0.9949202718159188,0.9978470026239656,2.296132345421516,2.327627726569334,0.8466530179652999,0.8466530179652999,0.949438202247191,0.005988023952095809,0.949438202247191,0.9940119760479041,0.144198299634693
CCDC51,EPHX4,0.994634326851914,0.9968377851039494,2.608153639911189,7.818003390970866,0.8456933071211788,0.8456933071211788,0.9438202247191011,0.005988023952095809,0.9438202247191011,0.9940119760479041,0.14414842222825797
OCIAD2,COMMD1,0.996938706855951,0.9963331763439413,3.9669676209379,1.9911958453878764,0.8467621513161624,0.8467621513161624,0.9438202247191011,0.0,0.9438202247191011,1.0,0.1441424404425662
TP53TG1,GBA,0.9946006862679136,0.9949202718159188,2.8377416134024083,2.296132345421516,0.8465480006907627,0.8465480006907627,0.949438202247191,0.005988023952095809,0.949438202247191,0.9940119760479041,0.14406198455065655
MAN2B1,LGALS3BP,0.9949202718159188,0.997746080871964,2.349282665007065,4.172795868936285,0.8459105347025271,0.8459105347025271,0.9382022471910112,0.0,0.9382022471910112,1.0,0.14403698061214668
MRPL14,CORO2A,0.9965350198479448,0.9971405503599542,2.674413590795937,6.426852216914485,0.8441926384496156,0.8441926384496156,0.9269662921348315,0.0,0.9269662921348315,1.0,0.14397145930605593
UBE2T,ATP5E,0.9959463096279352,0.9953575994079256,5.646122027854405,2.903379583529571,0.84498842144407,0.84498842144407,0.9325842696629213,0.0,0.9325842696629213,1.0,0.14393280040961878
UBE2T,IFI27,0.9959463096279352,0.9963331763439413,5.646122027854405,6.051113907017427,0.8450680685566175,0.8450680685566175,0.9325842696629213,0.0,0.9325842696629213,1.0,0.14392932486034896
LINC01420,RGS10,0.994869810939918,0.995189396487923,2.968724063109736,4.373259220884075,0.8439623854282648,0.8439623854282648,0.9382022471910112,0.011976047904191617,0.9382022471910112,0.9880239520958084,0.1439226828968739
TP53TG1,PSMB3,0.9946006862679136,0.9950548341519208,2.8377416134024083,2.7755753481800447,0.8485670809859223,0.8485670809859223,0.9550561797752809,0.0,0.9550561797752809,1.0,0.14387889988550676
MGST2,CKS2,0.9968377851039494,0.9946511471439144,2.420642397228016,4.81815380475005,0.8469305572005164,0.8469305572005164,0.9438202247191011,0.0,0.9438202247191011,1.0,0.1438552387687843
EPHX4,CKS2,0.9968377851039494,0.9946511471439144,7.818003390970866,4.81815380475005,0.8469414929541078,0.8469414929541078,0.9438202247191011,0.0,0.9438202247191011,1.0,0.14384496130637742
COX7B,CCDC51,0.9969387068559512,0.994634326851914,2.605707387472245,2.608153639911189,0.8478689786603756,0.8478689786603756,0.9550561797752809,0.005988023952095809,0.9550561797752809,0.9940119760479041,0.14381512346201952
DNASE2,NDUFC2,0.9956603646639306,0.9971741909439548,2.26181778914082,2.232745428244634,0.8461660131380425,0.8461660131380425,0.9438202247191011,0.005988023952095809,0.9438202247191011,0.9940119760479041,0.1438051506924844
AC009065.4,MDK,1.0,0.9973592141559576,11.75384606741573,5.13613744533405,0.8501191973407702,0.8501191973407702,0.9606741573033708,0.0,0.9606741573033708,1.0,0.14379649488489346
DNASE2,DYNLRB1,0.9956603646639306,0.9958958487519344,2.26181778914082,2.7184927538182064,0.8460923480836531,0.8460923480836531,0.9438202247191011,0.005988023952095809,0.9438202247191011,0.9940119760479041,0.14378172256816749
CCDC96,NDUFC2,0.9951725761959228,0.9971741909439548,2.658767960707798,2.232745428244634,0.8470933211100291,0.8470933211100291,0.949438202247191,0.005988023952095809,0.949438202247191,0.9940119760479041,0.1437539240895559
CTSB,POC1A,0.9947520688959162,0.9949539123999191,3.5799245004373272,3.774388256072125,0.8451671006142882,0.8451671006142882,0.9382022471910112,0.005988023952095809,0.9382022471910112,0.9940119760479041,0.1436515253862783
CORO2A,CKS2,0.9971405503599542,0.9946511471439144,6.426852216914485,4.81815380475005,0.8462616463017567,0.8462616463017567,0.9382022471910112,0.0,0.9382022471910112,1.0,0.14364569571022578
DNASE2,PIGU,0.9956603646639306,0.9947352486039158,2.26181778914082,2.392829610442038,0.8462113655587633,0.8462113655587633,0.9438202247191011,0.005988023952095809,0.9438202247191011,0.9940119760479041,0.14358681001694715
S100A6,LINC00920,0.9968377851039494,0.9959799502119356,6.411394479580163,5.25366450581982,0.8436035894042396,0.8436035894042396,0.9213483146067416,0.0,0.9213483146067416,1.0,0.14357810305364085
DHRS7B,GAPDH,0.9949875529839196,0.9971741909439548,1.7343585581645686,3.5851202650878014,0.8481948920577146,0.8481948920577146,0.949438202247191,0.0,0.949438202247191,1.0,0.14356470654284598
MRPL14,ATP5E,0.9965350198479448,0.9953575994079256,2.674413590795937,2.903379583529571,0.8481966297854079,0.8481966297854079,0.949438202247191,0.0,0.949438202247191,1.0,0.1435436689543694
BLOC1S1,ATP5E,0.995122115319922,0.9953575994079256,2.293008490883402,2.903379583529571,0.8464507878655224,0.8464507878655224,0.949438202247191,0.011976047904191617,0.949438202247191,0.9880239520958084,0.14335390511631696
UBE2S,NDUFC2,0.9958958487519344,0.9971741909439548,3.778860169548543,2.232745428244634,0.8485036244607886,0.8485036244607886,0.9550561797752809,0.005988023952095809,0.9550561797752809,0.9940119760479041,0.14332281970427033
PIGU,SERTAD3,0.9947352486039158,0.9945502253919128,2.392829610442038,3.3380839063446146,0.8491126506153307,0.8491126506153307,0.9606741573033708,0.005988023952095809,0.9606741573033708,0.9940119760479041,0.14331368731584915
GBA,PSMB6,0.9949202718159188,0.9951052950279218,2.296132345421516,1.9886599845253323,0.8483750311136323,0.8483750311136323,0.9550561797752809,0.005988023952095809,0.9550561797752809,0.9940119760479041,0.1432253595267767
MAN2B1,COMMD1,0.9949202718159188,0.9963331763439413,2.349282665007065,1.9911958453878764,0.8438667880607078,0.8438667880607078,0.9213483146067416,0.0,0.9213483146067416,1.0,0.14322396250002228
LINC01420,POC1A,0.994869810939918,0.9949539123999191,2.968724063109736,3.774388256072125,0.848384274657198,0.848384274657198,0.949438202247191,0.0,0.949438202247191,1.0,0.14321732540175242
MAN2B1,NUDT1,0.9949202718159188,0.9945838659759132,2.349282665007065,3.1617194577137866,0.8465861877058227,0.8465861877058227,0.9382022471910112,0.0,0.9382022471910112,1.0,0.14317783201422868
MRPL17,IFI27,0.9952398573639238,0.9963331763439413,2.2809577406983785,6.051113907017427,0.8458315701988581,0.8458315701988581,0.9382022471910112,0.005988023952095809,0.9382022471910112,0.9940119760479041,0.14316925875059644
CKLF,MND1,0.9949875529839196,0.9950548341519208,3.8934817230707113,5.538897867186975,0.8457429261098044,0.8457429261098044,0.9325842696629213,0.0,0.9325842696629213,1.0,0.14314148084962847
DHRS7B,SERTAD3,0.9949875529839196,0.9945502253919128,1.7343585581645686,3.3380839063446146,0.8475944367320322,0.8475944367320322,0.949438202247191,0.005988023952095809,0.949438202247191,0.9940119760479041,0.1430807915455561
HLA-A,OCIAD2,0.9976787997039628,0.996938706855951,4.352046642669716,3.9669676209379,0.8489082931154406,0.8489082931154406,0.949438202247191,0.0,0.949438202247191,1.0,0.14306617319243106
TP53TG1,LGALS3BP,0.9946006862679136,0.997746080871964,2.8377416134024083,4.172795868936285,0.8478886517515994,0.8478886517515994,0.9550561797752809,0.011976047904191617,0.9550561797752809,0.9880239520958084,0.14298581056364948
TP53TG1,SERTAD3,0.9946006862679136,0.9945502253919128,2.8377416134024083,3.3380839063446146,0.8476486473691498,0.8476486473691498,0.9550561797752809,0.011976047904191617,0.9550561797752809,0.9880239520958084,0.14298169593941815
EPHX4,NDUFC2,0.9968377851039494,0.9971741909439548,7.818003390970866,2.232745428244634,0.8462237829209415,0.8462237829209415,0.9382022471910112,0.005988023952095809,0.9382022471910112,0.9940119760479041,0.1429799119911222
PTTG1,NDUFC2,0.9954417008679272,0.9971741909439548,5.344155052815717,2.232745428244634,0.8480208743971492,0.8480208743971492,0.9438202247191011,0.0,0.9438202247191011,1.0,0.14291138064939785
SERTAD3,ATP5E,0.9945502253919128,0.9953575994079256,3.3380839063446146,2.903379583529571,0.8459901789339758,0.8459901789339758,0.9438202247191011,0.011976047904191617,0.9438202247191011,0.9880239520958084,0.14289207171396492
PTTG1,PSMB6,0.9954417008679272,0.9951052950279218,5.344155052815717,1.9886599845253323,0.8478909711618522,0.8478909711618522,0.9438202247191011,0.0,0.9438202247191011,1.0,0.14288502423484525
CCDC51,MND1,0.994634326851914,0.9950548341519208,2.608153639911189,5.538897867186975,0.8460230696280027,0.8460230696280027,0.9325842696629213,0.0,0.9325842696629213,1.0,0.14285616314989796
GBA,ATOX1,0.9949202718159188,0.9969723474399516,2.296132345421516,2.821290462894436,0.8480441843512246,0.8480441843512246,0.949438202247191,0.005988023952095809,0.949438202247191,0.9940119760479041,0.14282741364595306
LGALS3BP,SHFM1,0.997746080871964,0.996064051671937,4.172795868936285,2.8740591939716085,0.8481785316328151,0.8481785316328151,0.9550561797752809,0.011976047904191617,0.9550561797752809,0.9880239520958084,0.14281814327873973
UBE2T,SHFM1,0.9959463096279352,0.996064051671937,5.646122027854405,2.8740591939716085,0.8480876751717984,0.8480876751717984,0.9438202247191011,0.0,0.9438202247191011,1.0,0.14280515564956223
TEX264,LINC01420,0.9965686604319453,0.994869810939918,1.974107619592277,2.968724063109736,0.8498249303893345,0.8498249303893345,0.9606741573033708,0.005988023952095809,0.9606741573033708,0.9940119760479041,0.14279153556570195
HLA-A,GBA,0.9976787997039628,0.9949202718159188,4.352046642669716,2.296132345421516,0.8472349982456222,0.8472349982456222,0.9438202247191011,0.005988023952095809,0.9438202247191011,0.9940119760479041,0.14278898078296184
UQCR10,HPSE,0.9952903182399246,0.9949875529839196,2.180370561124943,4.325412251900693,0.845226798986153,0.845226798986153,0.9325842696629213,0.005988023952095809,0.9325842696629213,0.9940119760479041,0.14277730694364138
COX6B1,TPX2,0.9954921617439276,0.9954080602839264,2.311949498755298,6.654686059341989,0.8452815369174002,0.8452815369174002,0.9269662921348315,0.0,0.9269662921348315,1.0,0.14276626042974103
HPSE,CKS2,0.9949875529839196,0.9946511471439144,4.325412251900693,4.81815380475005,0.8479775144050862,0.8479775144050862,0.9438202247191011,0.0,0.9438202247191011,1.0,0.14273856703853038
CKS2,ATP5L,0.9946511471439144,0.997611518535962,4.81815380475005,2.3200297147278457,0.8491517422055546,0.8491517422055546,0.949438202247191,0.0,0.949438202247191,1.0,0.1426670239313395
RGS10,MDK,0.995189396487923,0.9973592141559576,4.373259220884075,5.13613744533405,0.8446729559585662,0.8446729559585662,0.9325842696629213,0.011976047904191617,0.9325842696629213,0.9880239520958084,0.1425875365684405
TPX2,RGS10,0.9954080602839264,0.995189396487923,6.654686059341989,4.373259220884075,0.8464007979267348,0.8464007979267348,0.9325842696629213,0.0,0.9325842696629213,1.0,0.1425707697964373
HLA-A,DHRS7B,0.9976787997039628,0.9949875529839196,4.352046642669716,1.7343585581645686,0.846569484809612,0.846569484809612,0.9382022471910112,0.005988023952095809,0.9382022471910112,0.9940119760479041,0.1425622105782169
TP53TG1,GTF3A,0.9946006862679136,0.9957276458319316,2.8377416134024083,1.6110134562336,0.8464470006218832,0.8464470006218832,0.9438202247191011,0.011976047904191617,0.9438202247191011,0.9880239520958084,0.1424983337165006
HLA-A,ATP5L,0.9976787997039628,0.997611518535962,4.352046642669716,2.3200297147278457,0.8477474320845579,0.8477474320845579,0.949438202247191,0.011976047904191617,0.949438202247191,0.9880239520958084,0.1424868879549642
BLOC1S1,SHFM1,0.995122115319922,0.996064051671937,2.293008490883402,2.8740591939716085,0.8501188471877785,0.8501188471877785,0.9662921348314607,0.011976047904191617,0.9662921348314607,0.9880239520958084,0.14246389481489638
PIGU,SHFM1,0.9947352486039158,0.996064051671937,2.392829610442038,2.8740591939716085,0.8492539507410115,0.8492539507410115,0.9550561797752809,0.005988023952095809,0.9550561797752809,0.9940119760479041,0.14245049369609988
ATOX1,CTSB,0.9969723474399516,0.9947520688959162,2.821290462894436,3.5799245004373272,0.8438383728281021,0.8438383728281021,0.9213483146067416,0.005988023952095809,0.9213483146067416,0.9940119760479041,0.1424259221246619
HLA-A,CORO2A,0.9976787997039628,0.9971405503599542,4.352046642669716,6.426852216914485,0.8460225902313143,0.8460225902313143,0.9382022471910112,0.011976047904191617,0.9382022471910112,0.9880239520958084,0.14236214668281932
DNASE2,OCIAD2,0.9956603646639306,0.996938706855951,2.26181778914082,3.9669676209379,0.8486835246446783,0.8486835246446783,0.9438202247191011,0.0,0.9438202247191011,1.0,0.14228706593870055
HPSE,MRPL14,0.9949875529839196,0.9965350198479448,4.325412251900693,2.674413590795937,0.8459101584501586,0.8459101584501586,0.9325842696629213,0.005988023952095809,0.9325842696629213,0.9940119760479041,0.1422358095061902
TPX2,IFI27,0.9954080602839264,0.9963331763439413,6.654686059341989,6.051113907017427,0.8459222409246231,0.8459222409246231,0.9269662921348315,0.0,0.9269662921348315,1.0,0.14223511054946886
PIGU,GRN,0.9947352486039158,0.9967368633519478,2.392829610442038,3.5322372199421377,0.8487069124282225,0.8487069124282225,0.9438202247191011,0.0,0.9438202247191011,1.0,0.14218461252244302
KIF4A,COX7B,0.996434098095943,0.9969387068559512,6.418663964206419,2.605707387472245,0.8479533661274442,0.8479533661274442,0.9382022471910112,0.0,0.9382022471910112,1.0,0.1421778072547389
PKM,COX7A2,0.9953239588239252,0.9967705039359482,4.02694682432887,2.320042726905739,0.8496865774828256,0.8496865774828256,0.9550561797752809,0.005988023952095809,0.9550561797752809,0.9940119760479041,0.14213408304122727
OCIAD2,MND1,0.996938706855951,0.9950548341519208,3.9669676209379,5.538897867186975,0.8460997194406739,0.8460997194406739,0.9269662921348315,0.0,0.9269662921348315,1.0,0.1420892702177632
GBA,PIGU,0.9949202718159188,0.9947352486039158,2.296132345421516,2.392829610442038,0.8495506074510684,0.8495506074510684,0.9550561797752809,0.005988023952095809,0.9550561797752809,0.9940119760479041,0.14208848055877896
CORO2A,SERTAD3,0.9971405503599542,0.9945502253919128,6.426852216914485,3.3380839063446146,0.8442376967659597,0.8442376967659597,0.9269662921348315,0.011976047904191617,0.9269662921348315,0.9880239520958084,0.1420645407425492
LGALS3BP,DHRS7B,0.997746080871964,0.9949875529839196,4.172795868936285,1.7343585581645686,0.8480299444703246,0.8480299444703246,0.9438202247191011,0.005988023952095809,0.9438202247191011,0.9940119760479041,0.14205553948749985
GTF3A,SMYD3,0.9957276458319316,0.9947857094799164,1.6110134562336,3.0911119121307946,0.8470339028665229,0.8470339028665229,0.9438202247191011,0.011976047904191617,0.9438202247191011,0.9880239520958084,0.14196688021469558
MAN2B1,IFI27,0.9949202718159188,0.9963331763439413,2.349282665007065,6.051113907017427,0.8461853566633294,0.8461853566633294,0.9269662921348315,0.0,0.9269662921348315,1.0,0.14195744360131468
GTF3A,UQCR10,0.9957276458319316,0.9952903182399246,1.6110134562336,2.180370561124943,0.8479951068609829,0.8479951068609829,0.949438202247191,0.011976047904191617,0.949438202247191,0.9880239520958084,0.14195049999807083
HPSE,POC1A,0.9949875529839196,0.9949539123999191,4.325412251900693,3.774388256072125,0.8470208516855443,0.8470208516855443,0.9382022471910112,0.005988023952095809,0.9382022471910112,0.9940119760479041,0.14194844211973756
HPSE,CCNB1,0.9949875529839196,0.9945165848079124,4.325412251900693,3.72830410078719,0.8460749277316962,0.8460749277316962,0.9269662921348315,0.0,0.9269662921348315,1.0,0.14193456109823038
COX7B,CCNB1,0.9969387068559512,0.9945165848079124,2.605707387472245,3.72830410078719,0.8472330724454703,0.8472330724454703,0.9325842696629213,0.0,0.9325842696629213,1.0,0.141859359665084
TEX264,CD63,0.9965686604319453,0.9978470026239656,1.974107619592277,2.327627726569334,0.8502217129266917,0.8502217129266917,0.9550561797752809,0.005988023952095809,0.9550561797752809,0.9940119760479041,0.14179309298040055
COMMD1,COX7A2,0.9963331763439413,0.9967705039359482,1.9911958453878764,2.320042726905739,0.8474304135803241,0.8474304135803241,0.9438202247191011,0.011976047904191617,0.9438202247191011,0.9880239520958084,0.14178314869470685
TP53TG1,BOLA2B,0.9946006862679136,0.9969050662719504,2.8377416134024083,2.9417004743322352,0.849170778565346,0.849170778565346,0.9438202247191011,0.0,0.9438202247191011,1.0,0.14175106752590277
PTTG1,SMYD3,0.9954417008679272,0.9947857094799164,5.344155052815717,3.0911119121307946,0.8481876282555286,0.8481876282555286,0.9438202247191011,0.005988023952095809,0.9438202247191011,0.9940119760479041,0.1417296677866529
PIGU,MDK,0.9947352486039158,0.9973592141559576,2.392829610442038,5.13613744533405,0.8501543502826248,0.8501543502826248,0.949438202247191,0.0,0.949438202247191,1.0,0.14170682711499424
PKM,RGS10,0.9953239588239252,0.995189396487923,4.02694682432887,4.373259220884075,0.8464102241737594,0.8464102241737594,0.9325842696629213,0.005988023952095809,0.9325842696629213,0.9940119760479041,0.1417023684752747
CCNB1,MGST2,0.9945165848079124,0.9968377851039494,3.72830410078719,2.420642397228016,0.8464789116379846,0.8464789116379846,0.9269662921348315,0.0,0.9269662921348315,1.0,0.14169369910182172
SNRPD1,MAD2L1,0.9946847877279148,0.9951389356119222,3.0110962154343013,4.156349323824261,0.8482118710363068,0.8482118710363068,0.9382022471910112,0.0,0.9382022471910112,1.0,0.14168337227209268
EPHX4,MDK,0.9968377851039494,0.9973592141559576,7.818003390970866,5.13613744533405,0.8485587391240718,0.8485587391240718,0.9382022471910112,0.0,0.9382022471910112,1.0,0.1416702787541754
ATP5E,CKLF,0.9953575994079256,0.9949875529839196,2.903379583529571,3.8934817230707113,0.8473687352027182,0.8473687352027182,0.9382022471910112,0.005988023952095809,0.9382022471910112,0.9940119760479041,0.1416543737831157
TEX264,COMMD1,0.9965686604319453,0.9963331763439413,1.974107619592277,1.9911958453878764,0.8484888644716633,0.8484888644716633,0.9438202247191011,0.005988023952095809,0.9438202247191011,0.9940119760479041,0.14163851382876524
BLOC1S1,MDK,0.995122115319922,0.9973592141559576,2.293008490883402,5.13613744533405,0.850303275025443,0.850303275025443,0.9550561797752809,0.005988023952095809,0.9550561797752809,0.9940119760479041,0.14157843257055674
ATOX1,IFI27,0.9969723474399516,0.9963331763439413,2.821290462894436,6.051113907017427,0.844897511591212,0.844897511591212,0.9269662921348315,0.011976047904191617,0.9269662921348315,0.9880239520958084,0.1415774399817392
POC1A,COX7A2,0.9949539123999191,0.9967705039359482,3.774388256072125,2.320042726905739,0.8502771909393662,0.8502771909393662,0.949438202247191,0.0,0.949438202247191,1.0,0.14156435699030703
MGST2,SHFM1,0.9968377851039494,0.996064051671937,2.420642397228016,2.8740591939716085,0.8503578310117769,0.8503578310117769,0.9550561797752809,0.005988023952095809,0.9550561797752809,0.9940119760479041,0.14155670406306053
CD63,POC1A,0.9978470026239656,0.9949539123999191,2.327627726569334,3.774388256072125,0.850421592478297,0.850421592478297,0.949438202247191,0.0,0.949438202247191,1.0,0.14150426367057317
HLA-A,PSMB6,0.9976787997039628,0.9951052950279218,4.352046642669716,1.9886599845253323,0.8486744274771829,0.8486744274771829,0.949438202247191,0.011976047904191617,0.949438202247191,0.9880239520958084,0.1414414675044564
HPSE,GAPDH,0.9949875529839196,0.9971741909439548,4.325412251900693,3.5851202650878014,0.847753381640434,0.847753381640434,0.9382022471910112,0.005988023952095809,0.9382022471910112,0.9940119760479041,0.14142635261393316
KIF4A,COX6B1,0.996434098095943,0.9954921617439276,6.418663964206419,2.311949498755298,0.8486552071100931,0.8486552071100931,0.9382022471910112,0.0,0.9382022471910112,1.0,0.14141882143348639
TEX264,MDK,0.9965686604319453,0.9973592141559576,1.974107619592277,5.13613744533405,0.849705031591437,0.849705031591437,0.949438202247191,0.005988023952095809,0.949438202247191,0.9940119760479041,0.1414106796982047
CCDC96,CD63,0.9951725761959228,0.9978470026239656,2.658767960707798,2.327627726569334,0.8496530309221811,0.8496530309221811,0.949438202247191,0.005988023952095809,0.949438202247191,0.9940119760479041,0.14139516726324372
HPSE,OCIAD2,0.9949875529839196,0.996938706855951,4.325412251900693,3.9669676209379,0.8478637379640619,0.8478637379640619,0.9325842696629213,0.0,0.9325842696629213,1.0,0.14130713415803914
MRPL17,GRN,0.9952398573639238,0.9967368633519478,2.2809577406983785,3.5322372199421377,0.8505698673003401,0.8505698673003401,0.949438202247191,0.0,0.949438202247191,1.0,0.14130552647526354
PTTG1,IFI27,0.9954417008679272,0.9963331763439413,5.344155052815717,6.051113907017427,0.8487751730877382,0.8487751730877382,0.9382022471910112,0.0,0.9382022471910112,1.0,0.14129598439918792
OCIAD2,GRN,0.996938706855951,0.9967368633519478,3.9669676209379,3.5322372199421377,0.8498304102552288,0.8498304102552288,0.9438202247191011,0.0,0.9438202247191011,1.0,0.14128490543164388
SMYD3,CTSB,0.9947857094799164,0.9947520688959162,3.0911119121307946,3.5799245004373272,0.8459091959941188,0.8459091959941188,0.9269662921348315,0.005988023952095809,0.9269662921348315,0.9940119760479041,0.14123894812755639
PSMB3,KIF4A,0.9950548341519208,0.996434098095943,2.7755753481800447,6.418663964206419,0.8488243979895117,0.8488243979895117,0.9382022471910112,0.0,0.9382022471910112,1.0,0.14122971315835905
NAGA,CD63,0.9948361703559174,0.9978470026239656,2.921225973894907,2.327627726569334,0.8507175927534105,0.8507175927534105,0.9550561797752809,0.005988023952095809,0.9550561797752809,0.9940119760479041,0.1412008865200353
MRPL17,DHRS7B,0.9952398573639238,0.9949875529839196,2.2809577406983785,1.7343585581645686,0.850574536296739,0.850574536296739,0.949438202247191,0.0,0.949438202247191,1.0,0.14117702379096125
NDUFA13,POC1A,0.998990782479984,0.9949539123999191,2.554904174796474,3.774388256072125,0.849972263087758,0.849972263087758,0.9438202247191011,0.0,0.9438202247191011,1.0,0.14117049914878782
UBE2T,PIGU,0.9959463096279352,0.9947352486039158,5.646122027854405,2.392829610442038,0.8497286898428219,0.8497286898428219,0.9438202247191011,0.0,0.9438202247191011,1.0,0.14116828860867178
CORO2A,TCEB2,0.9971405503599542,0.9960304110879364,6.426852216914485,2.6273445132207485,0.8463304876538944,0.8463304876538944,0.9325842696629213,0.011976047904191617,0.9325842696629213,0.9880239520958084,0.14111001158598016
OCIAD2,ATP5L,0.996938706855951,0.997611518535962,3.9669676209379,2.3200297147278457,0.8509939551750662,0.8509939551750662,0.949438202247191,0.0,0.949438202247191,1.0,0.14108653598052148
TEX264,NUDT1,0.9965686604319453,0.9945838659759132,1.974107619592277,3.1617194577137866,0.8498948254047688,0.8498948254047688,0.949438202247191,0.005988023952095809,0.949438202247191,0.9940119760479041,0.14103552407812758
TP53TG1,NDUFA1,0.9946006862679136,0.995879028459934,2.8377416134024083,2.1289500067281164,0.8498365798087512,0.8498365798087512,0.9550561797752809,0.011976047904191617,0.9550561797752809,0.9880239520958084,0.14102246572133184
COX6B1,COMMD1,0.9954921617439276,0.9963331763439413,2.311949498755298,1.9911958453878764,0.8491301002725783,0.8491301002725783,0.9438202247191011,0.005988023952095809,0.9438202247191011,0.9940119760479041,0.14096287704569
BLOC1S1,CFL1,0.995122115319922,0.9953575994079256,2.293008490883402,3.58724077238781,0.8499500209896134,0.8499500209896134,0.949438202247191,0.005988023952095809,0.949438202247191,0.9940119760479041,0.14093602505151764
MAN2B1,S100A6,0.9949202718159188,0.9968377851039494,2.349282665007065,6.411394479580163,0.8482661791066245,0.8482661791066245,0.9325842696629213,0.0,0.9325842696629213,1.0,0.14092143821654043
LINC01420,SPA17,0.994869810939918,0.9945502253919128,2.968724063109736,2.7632888784229293,0.8481298142062302,0.8481298142062302,0.9382022471910112,0.005988023952095809,0.9382022471910112,0.9940119760479041,0.1408825169369874
GBA,CCDC51,0.9949202718159188,0.994634326851914,2.296132345421516,2.608153639911189,0.8499539329828454,0.8499539329828454,0.949438202247191,0.005988023952095809,0.949438202247191,0.9940119760479041,0.14086684948514655
MND1,CFL1,0.9950548341519208,0.9953575994079256,5.538897867186975,3.58724077238781,0.846395195818502,0.846395195818502,0.9269662921348315,0.005988023952095809,0.9269662921348315,0.9940119760479041,0.14085537950526836
HLA-A,COX6B1,0.9976787997039628,0.9954921617439276,4.352046642669716,2.311949498755298,0.8502864458678456,0.8502864458678456,0.949438202247191,0.005988023952095809,0.949438202247191,0.9940119760479041,0.1408101610701804
SMYD3,MRPL14,0.9947857094799164,0.9965350198479448,3.0911119121307946,2.674413590795937,0.8520211744083617,0.8520211744083617,0.9550561797752809,0.0,0.9550561797752809,1.0,0.14071477947577998
MISP,POC1A,0.996366816927942,0.9949539123999191,7.767093157505214,3.774388256072125,0.8520473294520826,0.8520473294520826,0.9550561797752809,0.0,0.9550561797752809,1.0,0.1406899083417197
ATP5L,GAPDH,0.997611518535962,0.9971741909439548,2.3200297147278457,3.5851202650878014,0.8514422048842648,0.8514422048842648,0.9550561797752809,0.005988023952095809,0.9550561797752809,0.9940119760479041,0.14066376372677633
NAGA,IFI27,0.9948361703559174,0.9963331763439413,2.921225973894907,6.051113907017427,0.8485321349087435,0.8485321349087435,0.9382022471910112,0.005988023952095809,0.9382022471910112,0.9940119760479041,0.1406328545411332
SMYD3,PIGU,0.9947857094799164,0.9947352486039158,3.0911119121307946,2.392829610442038,0.8510877013251563,0.8510877013251563,0.9550561797752809,0.005988023952095809,0.9550561797752809,0.9940119760479041,0.14062729607498065
MISP,MDK,0.996366816927942,0.9973592141559576,7.767093157505214,5.13613744533405,0.8523111243861597,0.8523111243861597,0.9550561797752809,0.0,0.9550561797752809,1.0,0.14060869800050654
PSMB6,POC1A,0.9951052950279218,0.9949539123999191,1.9886599845253323,3.774388256072125,0.8494057140887611,0.8494057140887611,0.9438202247191011,0.005988023952095809,0.9438202247191011,0.9940119760479041,0.1405805997159651
CCDC96,PSMB6,0.9951725761959228,0.9951052950279218,2.658767960707798,1.9886599845253323,0.8503170608547855,0.8503170608547855,0.949438202247191,0.005988023952095809,0.949438202247191,0.9940119760479041,0.14057702240619296
MAD2L1,PIGU,0.9951389356119222,0.9947352486039158,4.156349323824261,2.392829610442038,0.8503053979546575,0.8503053979546575,0.9438202247191011,0.0,0.9438202247191011,1.0,0.14056948104845612
OCIAD2,NDUFA13,0.996938706855951,0.998990782479984,3.9669676209379,2.554904174796474,0.8517154739943072,0.8517154739943072,0.949438202247191,0.0,0.949438202247191,1.0,0.14050045631212593
DNASE2,CFL1,0.9956603646639306,0.9953575994079256,2.26181778914082,3.58724077238781,0.8504926599991472,0.8504926599991472,0.9438202247191011,0.0,0.9438202247191011,1.0,0.14047433244378044
CCNB1,S100A6,0.9945165848079124,0.9968377851039494,3.72830410078719,6.411394479580163,0.8479006860530423,0.8479006860530423,0.9269662921348315,0.0,0.9269662921348315,1.0,0.1403814593417518
NDUFC2,GRN,0.9971741909439548,0.9967368633519478,2.232745428244634,3.5322372199421377,0.8508332742172201,0.8508332742172201,0.9438202247191011,0.0,0.9438202247191011,1.0,0.14035795175055327
CD63,COMMD1,0.9978470026239656,0.9963331763439413,2.327627726569334,1.9911958453878764,0.8490505840609656,0.8490505840609656,0.9438202247191011,0.011976047904191617,0.9438202247191011,0.9880239520958084,0.1403532873387852
ATOX1,POC1A,0.9969723474399516,0.9949539123999191,2.821290462894436,3.774388256072125,0.8497972086260135,0.8497972086260135,0.9382022471910112,0.0,0.9382022471910112,1.0,0.14035171826215898
UBE2T,MGST2,0.9959463096279352,0.9968377851039494,5.646122027854405,2.420642397228016,0.8489855647159417,0.8489855647159417,0.9325842696629213,0.0,0.9325842696629213,1.0,0.140325565566551
HPSE,COMMD1,0.9949875529839196,0.9963331763439413,4.325412251900693,1.9911958453878764,0.8470790784289498,0.8470790784289498,0.9269662921348315,0.005988023952095809,0.9269662921348315,0.9940119760479041,0.1402922512845948
PSMB3,COMMD1,0.9950548341519208,0.9963331763439413,2.7755753481800447,1.9911958453878764,0.8507766957390621,0.8507766957390621,0.9438202247191011,0.0,0.9438202247191011,1.0,0.14023351637815648
KIF4A,MDK,0.996434098095943,0.9973592141559576,6.418663964206419,5.13613744533405,0.8500697224649788,0.8500697224649788,0.9382022471910112,0.0,0.9382022471910112,1.0,0.1402283916772956
LINC01420,SHFM1,0.994869810939918,0.996064051671937,2.968724063109736,2.8740591939716085,0.8516011997670553,0.8516011997670553,0.9606741573033708,0.011976047904191617,0.9606741573033708,0.9880239520958084,0.14021704443571345
GTF3A,SNRPD1,0.9957276458319316,0.9946847877279148,1.6110134562336,3.0110962154343013,0.8516105950611553,0.8516105950611553,0.949438202247191,0.0,0.949438202247191,1.0,0.14021119018314926
SERTAD3,COMMD1,0.9945502253919128,0.9963331763439413,3.3380839063446146,1.9911958453878764,0.8489985899750225,0.8489985899750225,0.9438202247191011,0.011976047904191617,0.9438202247191011,0.9880239520958084,0.1401695197431234
CKS2,NDUFC2,0.9946511471439144,0.9971741909439548,4.81815380475005,2.232745428244634,0.8518615144942139,0.8518615144942139,0.949438202247191,0.0,0.949438202247191,1.0,0.14007346105901536
NAGA,OCIAD2,0.9948361703559174,0.996938706855951,2.921225973894907,3.9669676209379,0.851963355109968,0.851963355109968,0.949438202247191,0.0,0.949438202247191,1.0,0.1399736187179224
PSMB6,SERTAD3,0.9951052950279218,0.9945502253919128,1.9886599845253323,3.3380839063446146,0.8518578155677351,0.8518578155677351,0.9606741573033708,0.011976047904191617,0.9606741573033708,0.9880239520958084,0.13988470166679573
GBA,SPA17,0.9949202718159188,0.9945502253919128,2.296132345421516,2.7632888784229293,0.8483646296540114,0.8483646296540114,0.9325842696629213,0.005988023952095809,0.9325842696629213,0.9940119760479041,0.1398259331790378
NPC2,ATOX1,0.9945838659759134,0.9969723474399516,2.7663828399381023,2.821290462894436,0.8467026078298846,0.8467026078298846,0.9269662921348315,0.011976047904191617,0.9269662921348315,0.9880239520958084,0.139806948105985
UBE2T,HPSE,0.9959463096279352,0.9949875529839196,5.646122027854405,4.325412251900693,0.8494128167336712,0.8494128167336712,0.9325842696629213,0.0,0.9325842696629213,1.0,0.13979863574462087
ATP5E,MDK,0.9953575994079256,0.9973592141559576,2.903379583529571,5.13613744533405,0.8504872352567185,0.8504872352567185,0.9438202247191011,0.005988023952095809,0.9438202247191011,0.9940119760479041,0.13975738250826952
SPA17,NDUFA13,0.9945502253919128,0.998990782479984,2.7632888784229293,2.554904174796474,0.8487603874692302,0.8487603874692302,0.9325842696629213,0.005988023952095809,0.9325842696629213,0.9940119760479041,0.13974633816444895
GAPDH,GRN,0.9971741909439548,0.9967368633519478,3.5851202650878014,3.5322372199421377,0.8524782917286495,0.8524782917286495,0.949438202247191,0.0,0.949438202247191,1.0,0.13963632826734693
UBE2T,SERTAD3,0.9959463096279352,0.9945502253919128,5.646122027854405,3.3380839063446146,0.8513485764128434,0.8513485764128434,0.9438202247191011,0.0,0.9438202247191011,1.0,0.13963355090103505
NUDT1,LINC01420,0.9945838659759132,0.994869810939918,3.1617194577137866,2.968724063109736,0.8512845858472783,0.8512845858472783,0.9550561797752809,0.011976047904191617,0.9550561797752809,0.9880239520958084,0.13959061245005064
SMYD3,MDK,0.9947857094799164,0.9973592141559576,3.0911119121307946,5.13613744533405,0.8523845806146364,0.8523845806146364,0.9550561797752809,0.005988023952095809,0.9550561797752809,0.9940119760479041,0.13958642808405908
CD63,CTSB,0.9978470026239656,0.9947520688959162,2.327627726569334,3.5799245004373272,0.8488850070738431,0.8488850070738431,0.9325842696629213,0.005988023952095809,0.9325842696629213,0.9940119760479041,0.1395652139663221
CCDC96,PIGU,0.9951725761959228,0.9947352486039158,2.658767960707798,2.392829610442038,0.851375889174541,0.851375889174541,0.949438202247191,0.005988023952095809,0.949438202247191,0.9940119760479041,0.13955665541230902
SMYD3,CD63,0.9947857094799164,0.9978470026239656,3.0911119121307946,2.327627726569334,0.8515735723595859,0.8515735723595859,0.9550561797752809,0.011976047904191617,0.9550561797752809,0.9880239520958084,0.13954198192405812
COMMD1,GRN,0.9963331763439413,0.9967368633519478,1.9911958453878764,3.5322372199421377,0.8498683748061071,0.8498683748061071,0.9325842696629213,0.0,0.9325842696629213,1.0,0.1395252588052721
LGALS3BP,NDUFA1,0.997746080871964,0.995879028459934,4.172795868936285,2.1289500067281164,0.8517528744323664,0.8517528744323664,0.9550561797752809,0.011976047904191617,0.9550561797752809,0.9880239520958084,0.13944282502350577
PSMB3,CCDC51,0.9950548341519208,0.994634326851914,2.7755753481800447,2.608153639911189,0.8532476718066504,0.8532476718066504,0.9550561797752809,0.0,0.9550561797752809,1.0,0.13943415126102662
ATOX1,DHRS7B,0.9969723474399516,0.9949875529839196,2.821290462894436,1.7343585581645686,0.8508045123325038,0.8508045123325038,0.9438202247191011,0.005988023952095809,0.9438202247191011,0.9940119760479041,0.13940783430664316
PIGU,ATP5L,0.9947352486039158,0.997611518535962,2.392829610442038,2.3200297147278457,0.8534852370497981,0.8534852370497981,0.9606741573033708,0.005988023952095809,0.9606741573033708,0.9940119760479041,0.13937473207258663
HLA-A,POC1A,0.9976787997039628,0.9949539123999191,4.352046642669716,3.774388256072125,0.8527800044713173,0.8527800044713173,0.949438202247191,0.0,0.949438202247191,1.0,0.13926140181262536
MRPL14,MND1,0.9965350198479448,0.9950548341519208,2.674413590795937,5.538897867186975,0.8492013073490663,0.8492013073490663,0.9269662921348315,0.0,0.9269662921348315,1.0,0.13919749757361574
MGST2,SERTAD3,0.9968377851039494,0.9945502253919128,2.420642397228016,3.3380839063446146,0.8510229498442676,0.8510229498442676,0.9438202247191011,0.005988023952095809,0.9438202247191011,0.9940119760479041,0.13916376165724456
GBA,MRPL17,0.9949202718159188,0.9952398573639238,2.296132345421516,2.2809577406983785,0.8526952909621426,0.8526952909621426,0.9550561797752809,0.005988023952095809,0.9550561797752809,0.9940119760479041,0.13915383900324882
TEX264,PIGU,0.9965686604319453,0.9947352486039158,1.974107619592277,2.392829610442038,0.8546027654800522,0.8546027654800522,0.9606741573033708,0.0,0.9606741573033708,1.0,0.1390720335115182
IFI27,CKS2,0.9963331763439413,0.9946511471439144,6.051113907017427,4.81815380475005,0.852010082637115,0.852010082637115,0.9438202247191011,0.0,0.9438202247191011,1.0,0.13904624079953062
MRPL14,DHRS7B,0.9965350198479448,0.9949875529839196,2.674413590795937,1.7343585581645686,0.8520408506191388,0.8520408506191388,0.949438202247191,0.005988023952095809,0.949438202247191,0.9940119760479041,0.1390450020017405
CCDC51,RGS10,0.994634326851914,0.995189396487923,2.608153639911189,4.373259220884075,0.8501676878497109,0.8501676878497109,0.9382022471910112,0.005988023952095809,0.9382022471910112,0.9940119760479041,0.13902028543190403
PSMB3,DHRS7B,0.9950548341519208,0.9949875529839196,2.7755753481800447,1.7343585581645686,0.85287611823673,0.85287611823673,0.949438202247191,0.0,0.949438202247191,1.0,0.13898956906415405
HLA-A,COX7B,0.9976787997039628,0.9969387068559512,4.352046642669716,2.605707387472245,0.8523432050328509,0.8523432050328509,0.949438202247191,0.005988023952095809,0.949438202247191,0.9940119760479041,0.1389765055243745
TEX264,TCEB2,0.9965686604319453,0.9960304110879364,1.974107619592277,2.6273445132207485,0.8530787104144495,0.8530787104144495,0.9550561797752809,0.005988023952095809,0.9550561797752809,0.9940119760479041,0.13896172467802653
DHRS7B,NDUFA1,0.9949875529839196,0.995879028459934,1.7343585581645686,2.1289500067281164,0.8512131372514332,0.8512131372514332,0.9438202247191011,0.005988023952095809,0.9438202247191011,0.9940119760479041,0.13894970971065418
HLA-A,MGST2,0.9976787997039628,0.9968377851039494,4.352046642669716,2.420642397228016,0.8515092692371734,0.8515092692371734,0.9438202247191011,0.005988023952095809,0.9438202247191011,0.9940119760479041,0.1389273964927283
LGALS3BP,BLOC1S1,0.997746080871964,0.995122115319922,4.172795868936285,2.293008490883402,0.8522657311339654,0.8522657311339654,0.9550561797752809,0.011976047904191617,0.9550561797752809,0.9880239520958084,0.13890766789674727
TP53TG1,CD63,0.9946006862679136,0.9978470026239656,2.8377416134024083,2.327627726569334,0.8522389436921253,0.8522389436921253,0.9550561797752809,0.011976047904191617,0.9550561797752809,0.9880239520958084,0.13890353920684217
PSMB6,SPA17,0.9951052950279218,0.9945502253919128,1.9886599845253323,2.7632888784229293,0.8484874808175293,0.8484874808175293,0.9325842696629213,0.011976047904191617,0.9325842696629213,0.9880239520958084,0.13888392243138692
SHFM1,POC1A,0.996064051671937,0.9949539123999191,2.8740591939716085,3.774388256072125,0.8530654842606727,0.8530654842606727,0.949438202247191,0.0,0.949438202247191,1.0,0.13887872192158623
CCDC51,MDK,0.994634326851914,0.9973592141559576,2.608153639911189,5.13613744533405,0.8531501581635789,0.8531501581635789,0.949438202247191,0.0,0.949438202247191,1.0,0.1388667001621184
SERTAD3,NDUFC2,0.9945502253919128,0.9971741909439548,3.3380839063446146,2.232745428244634,0.8531280077155594,0.8531280077155594,0.9550561797752809,0.005988023952095809,0.9550561797752809,0.9940119760479041,0.138854121044384
PTTG1,RGS10,0.9954417008679272,0.995189396487923,5.344155052815717,4.373259220884075,0.8522605679663071,0.8522605679663071,0.9438202247191011,0.0,0.9438202247191011,1.0,0.13878626656070028
MGST2,IFI27,0.9968377851039494,0.9963331763439413,2.420642397228016,6.051113907017427,0.8498607221175379,0.8498607221175379,0.9325842696629213,0.005988023952095809,0.9325842696629213,0.9940119760479041,0.1387038707740305
CCDC51,NDUFC2,0.994634326851914,0.9971741909439548,2.608153639911189,2.232745428244634,0.8532983013259112,0.8532983013259112,0.9550561797752809,0.005988023952095809,0.9550561797752809,0.9940119760479041,0.13869898029158917
UQCR10,SMYD3,0.9952903182399246,0.9947857094799164,2.180370561124943,3.0911119121307946,0.8522841875002047,0.8522841875002047,0.9550561797752809,0.011976047904191617,0.9550561797752809,0.9880239520958084,0.13869571774299586
UBE2T,NDUFC2,0.9959463096279352,0.9971741909439548,5.646122027854405,2.232745428244634,0.8526104864700316,0.8526104864700316,0.9438202247191011,0.0,0.9438202247191011,1.0,0.13863070293716534
CKLF,SPA17,0.9949875529839196,0.9945502253919128,3.8934817230707113,2.7632888784229293,0.8487564159198645,0.8487564159198645,0.9269662921348315,0.005988023952095809,0.9269662921348315,0.9940119760479041,0.13862919896053413
TP53TG1,S100A6,0.9946006862679136,0.9968377851039494,2.8377416134024083,6.411394479580163,0.849857967643737,0.849857967643737,0.9325842696629213,0.005988023952095809,0.9325842696629213,0.9940119760479041,0.13858585003536833
DYNLRB1,CCNB1,0.9958958487519344,0.9945165848079124,2.7184927538182064,3.72830410078719,0.8506912577915553,0.8506912577915553,0.9325842696629213,0.0,0.9325842696629213,1.0,0.13857548362506872
PIGU,TCEB2,0.9947352486039158,0.9960304110879364,2.392829610442038,2.6273445132207485,0.853380753024327,0.853380753024327,0.9550561797752809,0.005988023952095809,0.9550561797752809,0.9940119760479041,0.13854844812012615
HLA-A,COX7A2,0.9976787997039628,0.9967705039359482,4.352046642669716,2.320042726905739,0.852810830236364,0.852810830236364,0.9550561797752809,0.011976047904191617,0.9550561797752809,0.9880239520958084,0.138504936868948
MAN2B1,PSMB6,0.9949202718159188,0.9951052950279218,2.349282665007065,1.9886599845253323,0.8507798622957199,0.8507798622957199,0.9325842696629213,0.0,0.9325842696629213,1.0,0.13846633031975564
LINC01420,CKS2,0.994869810939918,0.9946511471439144,2.968724063109736,4.81815380475005,0.8542727004736406,0.8542727004736406,0.9550561797752809,0.0,0.9550561797752809,1.0,0.13844853319480582
GBA,COMMD1,0.9949202718159188,0.9963331763439413,2.296132345421516,1.9911958453878764,0.8509687220468554,0.8509687220468554,0.9382022471910112,0.005988023952095809,0.9382022471910112,0.9940119760479041,0.13837640914018645
COX6B1,CCDC51,0.9954921617439276,0.994634326851914,2.311949498755298,2.608153639911189,0.8544044689730055,0.8544044689730055,0.9550561797752809,0.0,0.9550561797752809,1.0,0.13836544633724696
PKM,PSMB6,0.9953239588239252,0.9951052950279218,4.02694682432887,1.9886599845253323,0.8535573351524144,0.8535573351524144,0.9550561797752809,0.005988023952095809,0.9550561797752809,0.9940119760479041,0.13835820197130105
HPSE,LINC01420,0.9949875529839196,0.994869810939918,4.325412251900693,2.968724063109736,0.850951002763994,0.850951002763994,0.9382022471910112,0.005988023952095809,0.9382022471910112,0.9940119760479041,0.1382958332193764
MGST2,MDK,0.9968377851039494,0.9973592141559576,2.420642397228016,5.13613744533405,0.8532891692435557,0.8532891692435557,0.9438202247191011,0.0,0.9438202247191011,1.0,0.13806688241622508
TCEB2,PSMB6,0.9960304110879364,0.9951052950279218,2.6273445132207485,1.9886599845253323,0.8530527124813125,0.8530527124813125,0.9550561797752809,0.011976047904191617,0.9550561797752809,0.9880239520958084,0.13804759049693968
COX7A2,S100A6,0.9967705039359482,0.9968377851039494,2.320042726905739,6.411394479580163,0.8515126516026974,0.8515126516026974,0.9382022471910112,0.005988023952095809,0.9382022471910112,0.9940119760479041,0.13803441299067787
EPHX4,CFL1,0.9968377851039494,0.9953575994079256,7.818003390970866,3.58724077238781,0.8540654648846175,0.8540654648846175,0.949438202247191,0.0,0.949438202247191,1.0,0.13801513520595485
OCIAD2,BOLA2B,0.996938706855951,0.9969050662719504,3.9669676209379,2.9417004743322352,0.8526775655749246,0.8526775655749246,0.9382022471910112,0.0,0.9382022471910112,1.0,0.13779278762056232
UQCR10,NAGA,0.9952903182399246,0.9948361703559174,2.180370561124943,2.921225973894907,0.8532815486406743,0.8532815486406743,0.949438202247191,0.005988023952095809,0.949438202247191,0.9940119760479041,0.13778239767498474
NUDT1,NDUFA1,0.9945838659759132,0.995879028459934,3.1617194577137866,2.1289500067281164,0.8534832058614061,0.8534832058614061,0.9550561797752809,0.011976047904191617,0.9550561797752809,0.9880239520958084,0.13759665935805518
MAN2B1,CFL1,0.9949202718159188,0.9953575994079256,2.349282665007065,3.58724077238781,0.8526299147617841,0.8526299147617841,0.9382022471910112,0.0,0.9382022471910112,1.0,0.13759084006041802
POC1A,GRN,0.9949539123999191,0.9967368633519478,3.774388256072125,3.5322372199421377,0.8536296835576087,0.8536296835576087,0.9438202247191011,0.0,0.9438202247191011,1.0,0.13757331665496728
GBA,MRPL14,0.9949202718159188,0.9965350198479448,2.296132345421516,2.674413590795937,0.8544970887438065,0.8544970887438065,0.949438202247191,0.0,0.949438202247191,1.0,0.1375558137498479
BLOC1S1,SERTAD3,0.995122115319922,0.9945502253919128,2.293008490883402,3.3380839063446146,0.8534747720560839,0.8534747720560839,0.9550561797752809,0.011976047904191617,0.9550561797752809,0.9880239520958084,0.137549927182349
PSMB3,CCNB1,0.9950548341519208,0.9945165848079124,2.7755753481800447,3.72830410078719,0.851763267077939,0.851763267077939,0.9325842696629213,0.0,0.9325842696629213,1.0,0.1375224048658557
SNRPD1,CD63,0.9946847877279148,0.9978470026239656,3.0110962154343013,2.327627726569334,0.8554702870730596,0.8554702870730596,0.9550561797752809,0.0,0.9550561797752809,1.0,0.13751856208357072
LINC01420,CTSB,0.994869810939918,0.9947520688959162,2.968724063109736,3.5799245004373272,0.8509382286695314,0.8509382286695314,0.9325842696629213,0.005988023952095809,0.9325842696629213,0.9940119760479041,0.13746322636453853
GTF3A,NDUFA13,0.9957276458319316,0.998990782479984,1.6110134562336,2.554904174796474,0.8531191309244194,0.8531191309244194,0.949438202247191,0.011976047904191617,0.949438202247191,0.9880239520958084,0.13742033824677094
OCIAD2,PIGU,0.996938706855951,0.9947352486039158,3.9669676209379,2.392829610442038,0.8546816153811265,0.8546816153811265,0.949438202247191,0.0,0.949438202247191,1.0,0.13739645022539268
UQCR10,MDK,0.9952903182399246,0.9973592141559576,2.180370561124943,5.13613744533405,0.8539297103780273,0.8539297103780273,0.949438202247191,0.005988023952095809,0.949438202247191,0.9940119760479041,0.13734761913868654
DNASE2,CKLF,0.9956603646639306,0.9949875529839196,2.26181778914082,3.8934817230707113,0.8529173186803993,0.8529173186803993,0.9438202247191011,0.005988023952095809,0.9438202247191011,0.9940119760479041,0.13734311496362323
PTTG1,HPSE,0.9954417008679272,0.9949875529839196,5.344155052815717,4.325412251900693,0.8529926201033972,0.8529926201033972,0.9382022471910112,0.0,0.9382022471910112,1.0,0.13726264281707248
PTTG1,ATP5L,0.9954417008679272,0.997611518535962,5.344155052815717,2.3200297147278457,0.8541236518476978,0.8541236518476978,0.9438202247191011,0.0,0.9438202247191011,1.0,0.13720282767902017
LGALS3BP,CTSB,0.997746080871964,0.9947520688959162,4.172795868936285,3.5799245004373272,0.8523657392657333,0.8523657392657333,0.9382022471910112,0.005988023952095809,0.9382022471910112,0.9940119760479041,0.13716495664323672
COX7B,SERTAD3,0.9969387068559512,0.9945502253919128,2.605707387472245,3.3380839063446146,0.855836586920707,0.855836586920707,0.9606741573033708,0.005988023952095809,0.9606741573033708,0.9940119760479041,0.13707892254525555
UQCR10,HLA-A,0.9952903182399246,0.9976787997039628,2.180370561124943,4.352046642669716,0.8534120334049515,0.8534120334049515,0.949438202247191,0.011976047904191617,0.949438202247191,0.9880239520958084,0.13702602814380518
DHRS7B,GRN,0.9949875529839196,0.9967368633519478,1.7343585581645686,3.5322372199421377,0.8524748208948845,0.8524748208948845,0.9325842696629213,0.0,0.9325842696629213,1.0,0.13701038541338417
NUDT1,COX7A2,0.9945838659759132,0.9967705039359482,3.1617194577137866,2.320042726905739,0.8541813818002971,0.8541813818002971,0.9550561797752809,0.011976047904191617,0.9550561797752809,0.9880239520958084,0.13700232151971298
SNRPD1,MND1,0.9946847877279148,0.9950548341519208,3.0110962154343013,5.538897867186975,0.8515047432221536,0.8515047432221536,0.9269662921348315,0.0,0.9269662921348315,1.0,0.1369439265502716
MRPL14,ATP5L,0.9965350198479448,0.997611518535962,2.674413590795937,2.3200297147278457,0.8562493150810876,0.8562493150810876,0.9550561797752809,0.0,0.9550561797752809,1.0,0.1368881691646967
CKLF,ATP5L,0.9949875529839196,0.997611518535962,3.8934817230707113,2.3200297147278457,0.8535730515050682,0.8535730515050682,0.9438202247191011,0.005988023952095809,0.9438202247191011,0.9940119760479041,0.13686482174999476
HLA-A,LINC01420,0.9976787997039628,0.994869810939918,4.352046642669716,2.968724063109736,0.8544830986740696,0.8544830986740696,0.9550561797752809,0.011976047904191617,0.9550561797752809,0.9880239520958084,0.13680083870549853
CORO2A,POC1A,0.9971405503599542,0.9949539123999191,6.426852216914485,3.774388256072125,0.8537027039041165,0.8537027039041165,0.9382022471910112,0.0,0.9382022471910112,1.0,0.1367139089589372
PSMB6,LINC01420,0.9951052950279218,0.994869810939918,1.9886599845253323,2.968724063109736,0.8552396571580634,0.8552396571580634,0.9606741573033708,0.011976047904191617,0.9606741573033708,0.9880239520958084,0.1367133206339102
NPC2,CKLF,0.9945838659759134,0.9949875529839196,2.7663828399381023,3.8934817230707113,0.8526633192410543,0.8526633192410543,0.9382022471910112,0.005988023952095809,0.9382022471910112,0.9940119760479041,0.13668740711910013
UBE2S,CCDC51,0.9958958487519344,0.994634326851914,3.778860169548543,2.608153639911189,0.8553500592980924,0.8553500592980924,0.9550561797752809,0.005988023952095809,0.9550561797752809,0.9940119760479041,0.13667137569924218
ATP5L,S100A6,0.997611518535962,0.9968377851039494,2.3200297147278457,6.411394479580163,0.8521713020141017,0.8521713020141017,0.9325842696629213,0.005988023952095809,0.9325842696629213,0.9940119760479041,0.13665686716240827
HPSE,MGST2,0.9949875529839196,0.9968377851039494,4.325412251900693,2.420642397228016,0.8510904897347217,0.8510904897347217,0.9269662921348315,0.005988023952095809,0.9269662921348315,0.9940119760479041,0.13664673247104164
HPSE,CORO2A,0.9949875529839196,0.9971405503599542,4.325412251900693,6.426852216914485,0.8529237692224947,0.8529237692224947,0.9382022471910112,0.005988023952095809,0.9382022471910112,0.9940119760479041,0.1366211207374038
PTTG1,ATP5E,0.9954417008679272,0.9953575994079256,5.344155052815717,2.903379583529571,0.8537319090406913,0.8537319090406913,0.9382022471910112,0.0,0.9382022471910112,1.0,0.13659774998162244
EPHX4,POC1A,0.9968377851039494,0.9949539123999191,7.818003390970866,3.774388256072125,0.8547150190246393,0.8547150190246393,0.9438202247191011,0.0,0.9438202247191011,1.0,0.13656013025737865
CCDC51,OCIAD2,0.994634326851914,0.996938706855951,2.608153639911189,3.9669676209379,0.856435076467691,0.856435076467691,0.9550561797752809,0.0,0.9550561797752809,1.0,0.13653484592656545
CCNB1,MDK,0.9945165848079124,0.9973592141559576,3.72830410078719,5.13613744533405,0.8530030892965323,0.8530030892965323,0.9325842696629213,0.0,0.9325842696629213,1.0,0.1365301454105241
HLA-A,COMMD1,0.9976787997039628,0.9963331763439413,4.352046642669716,1.9911958453878764,0.8522720091459614,0.8522720091459614,0.9382022471910112,0.011976047904191617,0.9382022471910112,0.9880239520958084,0.1365288713159381
TEX264,NDUFA13,0.9965686604319453,0.998990782479984,1.974107619592277,2.554904174796474,0.8558933550598719,0.8558933550598719,0.9550561797752809,0.005988023952095809,0.9550561797752809,0.9940119760479041,0.13650206340319718
NUDT1,PIGU,0.9945838659759132,0.9947352486039158,3.1617194577137866,2.392829610442038,0.8546001633450122,0.8546001633450122,0.949438202247191,0.005988023952095809,0.949438202247191,0.9940119760479041,0.13648870014836242
DHRS7B,COMMD1,0.9949875529839196,0.9963331763439413,1.7343585581645686,1.9911958453878764,0.8521223593567313,0.8521223593567313,0.9325842696629213,0.005988023952095809,0.9325842696629213,0.9940119760479041,0.13648767459289296
MAD2L1,PKM,0.9951389356119222,0.9953239588239252,4.156349323824261,4.02694682432887,0.8538319501461481,0.8538319501461481,0.9382022471910112,0.0,0.9382022471910112,1.0,0.13648125643507192
HPSE,PIGU,0.9949875529839196,0.9947352486039158,4.325412251900693,2.392829610442038,0.8520244989561844,0.8520244989561844,0.9325842696629213,0.005988023952095809,0.9325842696629213,0.9940119760479041,0.13646840100645824
RNASET2,S100A6,0.9965686604319453,0.9968377851039494,2.8389652694610765,6.411394479580163,0.8531980162409648,0.8531980162409648,0.9325842696629213,0.0,0.9325842696629213,1.0,0.13645387479407564
MAD2L1,MRPL14,0.9951389356119222,0.9965350198479448,4.156349323824261,2.674413590795937,0.8548817208562585,0.8548817208562585,0.9438202247191011,0.0,0.9438202247191011,1.0,0.13639537612734026
HPSE,GRN,0.9949875529839196,0.9967368633519478,4.325412251900693,3.5322372199421377,0.853163058511539,0.853163058511539,0.9325842696629213,0.0,0.9325842696629213,1.0,0.13637120163685315
HLA-A,SERTAD3,0.9976787997039628,0.9945502253919128,4.352046642669716,3.3380839063446146,0.8541409912918315,0.8541409912918315,0.949438202247191,0.011976047904191617,0.949438202247191,0.9880239520958084,0.1362939883743305
MRPL14,GRN,0.9965350198479448,0.9967368633519478,2.674413590795937,3.5322372199421377,0.8551135330034899,0.8551135330034899,0.9438202247191011,0.0,0.9438202247191011,1.0,0.13628675369273185
LGALS3BP,NUDT1,0.997746080871964,0.9945838659759132,4.172795868936285,3.1617194577137866,0.8541743575625764,0.8541743575625764,0.949438202247191,0.011976047904191617,0.949438202247191,0.9880239520958084,0.13626971293039988
LGALS3BP,PSMB6,0.997746080871964,0.9951052950279218,4.172795868936285,1.9886599845253323,0.8551240957055682,0.8551240957055682,0.9550561797752809,0.011976047904191617,0.9550561797752809,0.9880239520958084,0.13621893078587016
MAN2B1,DHRS7B,0.9949202718159188,0.9949875529839196,2.349282665007065,1.7343585581645686,0.8532146051088766,0.8532146051088766,0.9325842696629213,0.0,0.9325842696629213,1.0,0.1361989926201966
DHRS7B,CFL1,0.9949875529839196,0.9953575994079256,1.7343585581645686,3.58724077238781,0.8523816610448652,0.8523816610448652,0.9325842696629213,0.005988023952095809,0.9325842696629213,0.9940119760479041,0.1361815950327184
UQCR10,GBA,0.9952903182399246,0.9949202718159188,2.180370561124943,2.296132345421516,0.8558586735282906,0.8558586735282906,0.9550561797752809,0.005988023952095809,0.9550561797752809,0.9940119760479041,0.13616894964363369
CCDC51,CORO2A,0.994634326851914,0.9971405503599542,2.608153639911189,6.426852216914485,0.85342302101766,0.85342302101766,0.9382022471910112,0.005988023952095809,0.9382022471910112,0.9940119760479041,0.13613321673098233
COX7B,PSMB6,0.9969387068559512,0.9951052950279218,2.605707387472245,1.9886599845253323,0.856890524935539,0.856890524935539,0.9606741573033708,0.005988023952095809,0.9606741573033708,0.9940119760479041,0.13611470468585773
TEX264,SPA17,0.9965686604319453,0.9945502253919128,1.974107619592277,2.7632888784229293,0.8534119053344921,0.8534119053344921,0.9325842696629213,0.0,0.9325842696629213,1.0,0.13609870151241885
LGALS3BP,HPSE,0.997746080871964,0.9949875529839196,4.172795868936285,4.325412251900693,0.8544675898028152,0.8544675898028152,0.9438202247191011,0.005988023952095809,0.9438202247191011,0.9940119760479041,0.13603788569676634
PSMB3,TPX2,0.9950548341519208,0.9954080602839264,2.7755753481800447,6.654686059341989,0.8526095332467676,0.8526095332467676,0.9269662921348315,0.0,0.9269662921348315,1.0,0.135974486196269
ATP5E,COX7A2,0.9953575994079256,0.9967705039359482,2.903379583529571,2.320042726905739,0.8544924051045731,0.8544924051045731,0.949438202247191,0.011976047904191617,0.949438202247191,0.9880239520958084,0.13595873157694643
MISP,CFL1,0.996366816927942,0.9953575994079256,7.767093157505214,3.58724077238781,0.8570786687622747,0.8570786687622747,0.9550561797752809,0.0,0.9550561797752809,1.0,0.13593310072201858
CORO2A,EPHX4,0.9971405503599542,0.9968377851039494,6.426852216914485,7.818003390970866,0.8547312101926593,0.8547312101926593,0.9438202247191011,0.005988023952095809,0.9438202247191011,0.9940119760479041,0.1358762819695096
UBE2T,COX7A2,0.9959463096279352,0.9967705039359482,5.646122027854405,2.320042726905739,0.8555180687244583,0.8555180687244583,0.9438202247191011,0.0,0.9438202247191011,1.0,0.1358683830986072
CCNB1,PIGU,0.9945165848079124,0.9947352486039158,3.72830410078719,2.392829610442038,0.8535410082136052,0.8535410082136052,0.9325842696629213,0.0,0.9325842696629213,1.0,0.13585133083287018
CCDC51,TCEB2,0.994634326851914,0.9960304110879364,2.608153639911189,2.6273445132207485,0.8562317659950706,0.8562317659950706,0.9550561797752809,0.005988023952095809,0.9550561797752809,0.9940119760479041,0.13584748479777353
PIGU,ATP5E,0.9947352486039158,0.9953575994079256,2.392829610442038,2.903379583529571,0.8544905904241257,0.8544905904241257,0.9438202247191011,0.005988023952095809,0.9438202247191011,0.9940119760479041,0.13583613568046707
OCIAD2,EPHX4,0.996938706855951,0.9968377851039494,3.9669676209379,7.818003390970866,0.8564962327328443,0.8564962327328443,0.949438202247191,0.0,0.949438202247191,1.0,0.1358239886762776
GBA,MGST2,0.9949202718159188,0.9968377851039494,2.296132345421516,2.420642397228016,0.8538452248847769,0.8538452248847769,0.9382022471910112,0.005988023952095809,0.9382022471910112,0.9940119760479041,0.13573994901193112
SMYD3,SHFM1,0.9947857094799164,0.996064051671937,3.0911119121307946,2.8740591939716085,0.8555464468047852,0.8555464468047852,0.9550561797752809,0.011976047904191617,0.9550561797752809,0.9880239520958084,0.13568539794503548
SNRPD1,LINC01420,0.9946847877279148,0.994869810939918,3.0110962154343013,2.968724063109736,0.8571887064467786,0.8571887064467786,0.9550561797752809,0.0,0.9550561797752809,1.0,0.13568046963816657
IFI27,LINC01420,0.9963331763439413,0.994869810939918,6.051113907017427,2.968724063109736,0.8529887739420102,0.8529887739420102,0.9382022471910112,0.011976047904191617,0.9382022471910112,0.9880239520958084,0.13567504708147127
LGALS3BP,EPHX4,0.997746080871964,0.9968377851039494,4.172795868936285,7.818003390970866,0.8550045217709696,0.8550045217709696,0.9438202247191011,0.005988023952095809,0.9438202247191011,0.9940119760479041,0.13566182686154732
PKM,ATP5E,0.9953239588239252,0.9953575994079256,4.02694682432887,2.903379583529571,0.8547969428721648,0.8547969428721648,0.9438202247191011,0.005988023952095809,0.9438202247191011,0.9940119760479041,0.13559024764974908
NDUFA1,CKLF,0.995879028459934,0.9949875529839196,2.1289500067281164,3.8934817230707113,0.856537904667283,0.856537904667283,0.9550561797752809,0.005988023952095809,0.9550561797752809,0.9940119760479041,0.13557195742005854
NPC2,PKM,0.9945838659759134,0.9953239588239252,2.7663828399381023,4.02694682432887,0.8531127253367023,0.8531127253367023,0.9325842696629213,0.005988023952095809,0.9325842696629213,0.9940119760479041,0.13547739576674664
ATP5E,S100A6,0.9953575994079256,0.9968377851039494,2.903379583529571,6.411394479580163,0.8532920097594667,0.8532920097594667,0.9325842696629213,0.005988023952095809,0.9325842696629213,0.9940119760479041,0.13546758987440585
PTTG1,SHFM1,0.9954417008679272,0.996064051671937,5.344155052815717,2.8740591939716085,0.856751460434374,0.856751460434374,0.949438202247191,0.0,0.949438202247191,1.0,0.13542800311615583
BOLA2B,GRN,0.9969050662719504,0.9967368633519478,2.9417004743322352,3.5322372199421377,0.8543229834920318,0.8543229834920318,0.9325842696629213,0.0,0.9325842696629213,1.0,0.135424202743271
UBE2T,DYNLRB1,0.9959463096279352,0.9958958487519344,5.646122027854405,2.7184927538182064,0.8559908211222328,0.8559908211222328,0.9438202247191011,0.0,0.9438202247191011,1.0,0.1353643736478763
MISP,TCEB2,0.996366816927942,0.9960304110879364,7.767093157505214,2.6273445132207485,0.8577433209980553,0.8577433209980553,0.9606741573033708,0.005988023952095809,0.9606741573033708,0.9940119760479041,0.13532758260898683
TCEB2,ATP5E,0.9960304110879364,0.9953575994079256,2.6273445132207485,2.903379583529571,0.8551169995240362,0.8551169995240362,0.949438202247191,0.011976047904191617,0.949438202247191,0.9880239520958084,0.13532483282264146
NUDT1,CCDC51,0.9945838659759132,0.994634326851914,3.1617194577137866,2.608153639911189,0.8567050377856693,0.8567050377856693,0.9550561797752809,0.005988023952095809,0.9550561797752809,0.9940119760479041,0.13530189682157112
UBE2S,ATP5E,0.9958958487519344,0.9953575994079256,3.778860169548543,2.903379583529571,0.8551485227322301,0.8551485227322301,0.9438202247191011,0.005988023952095809,0.9438202247191011,0.9940119760479041,0.13530080178720452
MGST2,GAPDH,0.9968377851039494,0.9971741909439548,2.420642397228016,3.5851202650878014,0.8562359148702757,0.8562359148702757,0.949438202247191,0.005988023952095809,0.949438202247191,0.9940119760479041,0.1352715576243414
MGST2,COX7A2,0.9968377851039494,0.9967705039359482,2.420642397228016,2.320042726905739,0.8562254986156802,0.8562254986156802,0.949438202247191,0.005988023952095809,0.949438202247191,0.9940119760479041,0.1352539709006004
NPC2,COMMD1,0.9945838659759134,0.9963331763439413,2.7663828399381023,1.9911958453878764,0.8516808091461955,0.8516808091461955,0.9269662921348315,0.011976047904191617,0.9269662921348315,0.9880239520958084,0.13522342477915394
HLA-A,CD63,0.9976787997039628,0.9978470026239656,4.352046642669716,2.327627726569334,0.8563967680312244,0.8563967680312244,0.9550561797752809,0.011976047904191617,0.9550561797752809,0.9880239520958084,0.1352035075202357
CD63,BOLA2B,0.9978470026239656,0.9969050662719504,2.327627726569334,2.9417004743322352,0.8563898166449297,0.8563898166449297,0.9438202247191011,0.0,0.9438202247191011,1.0,0.13518653747422502
UBE2S,NDUFA13,0.9958958487519344,0.998990782479984,3.778860169548543,2.554904174796474,0.8572606375260794,0.8572606375260794,0.9550561797752809,0.005988023952095809,0.9550561797752809,0.9940119760479041,0.1351613475190592
HLA-A,NDUFC2,0.9976787997039628,0.9971741909439548,4.352046642669716,2.232745428244634,0.8564390371451238,0.8564390371451238,0.949438202247191,0.005988023952095809,0.949438202247191,0.9940119760479041,0.1351374072096241
BLOC1S1,ATP5L,0.995122115319922,0.997611518535962,2.293008490883402,2.3200297147278457,0.8563232712699169,0.8563232712699169,0.9550561797752809,0.011976047904191617,0.9550561797752809,0.9880239520958084,0.13508342974645476
IFI27,BOLA2B,0.9963331763439413,0.9969050662719504,6.051113907017427,2.9417004743322352,0.852899696677518,0.852899696677518,0.9213483146067416,0.0,0.9213483146067416,1.0,0.13507240397071366
SNRPD1,SERTAD3,0.9946847877279148,0.9945502253919128,3.0110962154343013,3.3380839063446146,0.8569810958230651,0.8569810958230651,0.949438202247191,0.0,0.949438202247191,1.0,0.13505673534221135
SNRPD1,ATP5L,0.9946847877279148,0.997611518535962,3.0110962154343013,2.3200297147278457,0.8572095069563047,0.8572095069563047,0.949438202247191,0.0,0.949438202247191,1.0,0.13504855124840806
ATP5L,RGS10,0.997611518535962,0.995189396487923,2.3200297147278457,4.373259220884075,0.853064728601509,0.853064728601509,0.9325842696629213,0.011976047904191617,0.9325842696629213,0.9880239520958084,0.1349011141555077
UBE2T,ATP5L,0.9959463096279352,0.997611518535962,5.646122027854405,2.3200297147278457,0.8566264254761794,0.8566264254761794,0.9438202247191011,0.0,0.9438202247191011,1.0,0.13488300558921015
UQCR10,UBE2S,0.9952903182399246,0.9958958487519344,2.180370561124943,3.778860169548543,0.8581256998558715,0.8581256998558715,0.9606741573033708,0.005988023952095809,0.9606741573033708,0.9940119760479041,0.13488179224764157
MAN2B1,COX6B1,0.9949202718159188,0.9954921617439276,2.349282665007065,2.311949498755298,0.8546813744238756,0.8546813744238756,0.9325842696629213,0.0,0.9325842696629213,1.0,0.13487220186228824
PTTG1,HLA-A,0.9954417008679272,0.9976787997039628,5.344155052815717,4.352046642669716,0.8574795328185075,0.8574795328185075,0.949438202247191,0.0,0.949438202247191,1.0,0.13484892855757638
GTF3A,BOLA2B,0.9957276458319316,0.9969050662719504,1.6110134562336,2.9417004743322352,0.8566275158101452,0.8566275158101452,0.9438202247191011,0.0,0.9438202247191011,1.0,0.1348193874664793
MISP,LGALS3BP,0.996366816927942,0.997746080871964,7.767093157505214,4.172795868936285,0.8584369993894662,0.8584369993894662,0.9606741573033708,0.005988023952095809,0.9606741573033708,0.9940119760479041,0.13478365565492378
GBA,PKM,0.9949202718159188,0.9953239588239252,2.296132345421516,4.02694682432887,0.8565366007224077,0.8565366007224077,0.949438202247191,0.005988023952095809,0.949438202247191,0.9940119760479041,0.1347335690155542
PKM,NDUFA13,0.9953239588239252,0.998990782479984,4.02694682432887,2.554904174796474,0.857735190790066,0.857735190790066,0.9550561797752809,0.005988023952095809,0.9550561797752809,0.9940119760479041,0.134673369277589
MRPL14,NDUFA1,0.9965350198479448,0.995879028459934,2.674413590795937,2.1289500067281164,0.8584629859115568,0.8584629859115568,0.9550561797752809,0.0,0.9550561797752809,1.0,0.13466308142784256
SERTAD3,ATP5L,0.9945502253919128,0.997611518535962,3.3380839063446146,2.3200297147278457,0.8576530431485224,0.8576530431485224,0.9606741573033708,0.011976047904191617,0.9606741573033708,0.9880239520958084,0.13458181113001597
PIGU,COMMD1,0.9947352486039158,0.9963331763439413,2.392829610442038,1.9911958453878764,0.8559109464941169,0.8559109464941169,0.9438202247191011,0.005988023952095809,0.9438202247191011,0.9940119760479041,0.13457614217173178
ATP5L,COMMD1,0.997611518535962,0.9963331763439413,2.3200297147278457,1.9911958453878764,0.8552881408919804,0.8552881408919804,0.9438202247191011,0.011976047904191617,0.9438202247191011,0.9880239520958084,0.1345376966439939
DNASE2,CD63,0.9956603646639306,0.9978470026239656,2.26181778914082,2.327627726569334,0.8569850725535494,0.8569850725535494,0.949438202247191,0.005988023952095809,0.949438202247191,0.9940119760479041,0.13453260096761807
TCEB2,CKS2,0.9960304110879364,0.9946511471439144,2.6273445132207485,4.81815380475005,0.858537456369634,0.858537456369634,0.9550561797752809,0.0,0.9550561797752809,1.0,0.1344751939706222
MGST2,DHRS7B,0.9968377851039494,0.9949875529839196,2.420642397228016,1.7343585581645686,0.8552422921137366,0.8552422921137366,0.9325842696629213,0.0,0.9325842696629213,1.0,0.13444697667114983
ATP5L,SPA17,0.997611518535962,0.9945502253919128,2.3200297147278457,2.7632888784229293,0.8543982391325374,0.8543982391325374,0.9325842696629213,0.005988023952095809,0.9325842696629213,0.9940119760479041,0.13444384675500573
ATOX1,PIGU,0.9969723474399516,0.9947352486039158,2.821290462894436,2.392829610442038,0.8578151082996448,0.8578151082996448,0.9550561797752809,0.005988023952095809,0.9550561797752809,0.9940119760479041,0.1344217581902866
PKM,COMMD1,0.9953239588239252,0.9963331763439413,4.02694682432887,1.9911958453878764,0.8561503729156823,0.8561503729156823,0.9438202247191011,0.005988023952095809,0.9438202247191011,0.9940119760479041,0.13439224768910465
CCDC51,S100A6,0.994634326851914,0.9968377851039494,2.608153639911189,6.411394479580163,0.8570012907403142,0.8570012907403142,0.9438202247191011,0.0,0.9438202247191011,1.0,0.13438959038794
CCNB1,NDUFC2,0.9945165848079124,0.9971741909439548,3.72830410078719,2.232745428244634,0.8552962303456595,0.8552962303456595,0.9325842696629213,0.0,0.9325842696629213,1.0,0.13438780083526433
TPX2,MDK,0.9954080602839264,0.9973592141559576,6.654686059341989,5.13613744533405,0.8545092278926355,0.8545092278926355,0.9269662921348315,0.0,0.9269662921348315,1.0,0.13437732064356817
NPC2,SMYD3,0.9945838659759134,0.9947857094799164,2.7663828399381023,3.0911119121307946,0.8524985518101718,0.8524985518101718,0.9325842696629213,0.017964071856287425,0.9325842696629213,0.9820359281437125,0.13436842388743284
CCDC51,MGST2,0.994634326851914,0.9968377851039494,2.608153639911189,2.420642397228016,0.8570419320784296,0.8570419320784296,0.949438202247191,0.005988023952095809,0.949438202247191,0.9940119760479041,0.13434181845440377
OCIAD2,SERTAD3,0.996938706855951,0.9945502253919128,3.9669676209379,3.3380839063446146,0.8579131102222476,0.8579131102222476,0.949438202247191,0.0,0.949438202247191,1.0,0.1343286380934714
GTF3A,MRPL17,0.9957276458319316,0.9952398573639238,1.6110134562336,2.2809577406983785,0.8570610634042215,0.8570610634042215,0.949438202247191,0.005988023952095809,0.949438202247191,0.9940119760479041,0.13428980457673234
NAGA,LINC01420,0.9948361703559174,0.994869810939918,2.921225973894907,2.968724063109736,0.8578207774140543,0.8578207774140543,0.9550561797752809,0.005988023952095809,0.9550561797752809,0.9940119760479041,0.13428131359042428
MAD2L1,HPSE,0.9951389356119222,0.9949875529839196,4.156349323824261,4.325412251900693,0.8553171323967141,0.8553171323967141,0.9325842696629213,0.0,0.9325842696629213,1.0,0.13426285507221494
TP53TG1,SMYD3,0.9946006862679136,0.9947857094799164,2.8377416134024083,3.0911119121307946,0.8561137019360945,0.8561137019360945,0.9550561797752809,0.017964071856287425,0.9550561797752809,0.9820359281437125,0.13423472677136994
TP53TG1,PIGU,0.9946006862679136,0.9947352486039158,2.8377416134024083,2.392829610442038,0.8578857464282522,0.8578857464282522,0.9550561797752809,0.005988023952095809,0.9550561797752809,0.9940119760479041,0.13419499124982728
UQCR10,CCNB1,0.9952903182399246,0.9945165848079124,2.180370561124943,3.72830410078719,0.8553731706120328,0.8553731706120328,0.9325842696629213,0.0,0.9325842696629213,1.0,0.1341893003877203
HLA-A,PIGU,0.9976787997039628,0.9947352486039158,4.352046642669716,2.392829610442038,0.8573697447971411,0.8573697447971411,0.949438202247191,0.005988023952095809,0.949438202247191,0.9940119760479041,0.13409715934440058
MGST2,POC1A,0.9968377851039494,0.9949539123999191,2.420642397228016,3.774388256072125,0.8565159934675304,0.8565159934675304,0.9382022471910112,0.0,0.9382022471910112,1.0,0.13406452876490438
MRPL17,BLOC1S1,0.9952398573639238,0.995122115319922,2.2809577406983785,2.293008490883402,0.8589324770343826,0.8589324770343826,0.9606741573033708,0.005988023952095809,0.9606741573033708,0.9940119760479041,0.13405926544795244
GBA,BLOC1S1,0.9949202718159188,0.995122115319922,2.296132345421516,2.293008490883402,0.8572556379277165,0.8572556379277165,0.949438202247191,0.005988023952095809,0.949438202247191,0.9940119760479041,0.13404468992186794
SMYD3,NDUFA13,0.9947857094799164,0.998990782479984,3.0911119121307946,2.554904174796474,0.856738875218517,0.856738875218517,0.949438202247191,0.011976047904191617,0.949438202247191,0.9880239520958084,0.13397044728869362
MISP,PKM,0.996366816927942,0.9953239588239252,7.767093157505214,4.02694682432887,0.8583083081810893,0.8583083081810893,0.9550561797752809,0.005988023952095809,0.9550561797752809,0.9940119760479041,0.13395435518620788
SNRPD1,NDUFC2,0.9946847877279148,0.9971741909439548,3.0110962154343013,2.232745428244634,0.8583881214018655,0.8583881214018655,0.949438202247191,0.0,0.949438202247191,1.0,0.13390444024274203
TP53TG1,ATP5L,0.9946006862679136,0.997611518535962,2.8377416134024083,2.3200297147278457,0.8575926448581527,0.8575926448581527,0.9550561797752809,0.011976047904191617,0.9550561797752809,0.9880239520958084,0.13385494298991388
CCDC96,LINC01420,0.9951725761959228,0.994869810939918,2.658767960707798,2.968724063109736,0.8574681972731103,0.8574681972731103,0.949438202247191,0.005988023952095809,0.949438202247191,0.9940119760479041,0.13384508518000868
CCDC51,LINC01420,0.994634326851914,0.994869810939918,2.608153639911189,2.968724063109736,0.8583996651608314,0.8583996651608314,0.9550561797752809,0.005988023952095809,0.9550561797752809,0.9940119760479041,0.13372101590464786
NDUFA1,COMMD1,0.995879028459934,0.9963331763439413,2.1289500067281164,1.9911958453878764,0.8560574529376714,0.8560574529376714,0.9438202247191011,0.011976047904191617,0.9438202247191011,0.9880239520958084,0.1337061970264093
SHFM1,BOLA2B,0.996064051671937,0.9969050662719504,2.8740591939716085,2.9417004743322352,0.8578550270958094,0.8578550270958094,0.9438202247191011,0.0,0.9438202247191011,1.0,0.13368767116066232
HPSE,CCDC51,0.9949875529839196,0.994634326851914,4.325412251900693,2.608153639911189,0.855925370383387,0.855925370383387,0.9382022471910112,0.005988023952095809,0.9382022471910112,0.9940119760479041,0.13366452213146027
MRPL14,IFI27,0.9965350198479448,0.9963331763439413,2.674413590795937,6.051113907017427,0.8570526721225828,0.8570526721225828,0.9382022471910112,0.0,0.9382022471910112,1.0,0.13363526864439768
PTTG1,SERTAD3,0.9954417008679272,0.9945502253919128,5.344155052815717,3.3380839063446146,0.8577215464640161,0.8577215464640161,0.9438202247191011,0.0,0.9438202247191011,1.0,0.1336133134868364
PIGU,TPX2,0.9947352486039158,0.9954080602839264,2.392829610442038,6.654686059341989,0.8551828285413912,0.8551828285413912,0.9269662921348315,0.0,0.9269662921348315,1.0,0.13357905222027605
MAD2L1,CCDC51,0.9951389356119222,0.994634326851914,4.156349323824261,2.608153639911189,0.8577838763039926,0.8577838763039926,0.9438202247191011,0.0,0.9438202247191011,1.0,0.13354010446860382
LINC01420,NDUFC2,0.994869810939918,0.9971741909439548,2.968724063109736,2.232745428244634,0.8587820340428653,0.8587820340428653,0.9550561797752809,0.005988023952095809,0.9550561797752809,0.9940119760479041,0.13353017536260717
DYNLRB1,ATP5L,0.9958958487519344,0.997611518535962,2.7184927538182064,2.3200297147278457,0.8588923045137792,0.8588923045137792,0.9606741573033708,0.011976047904191617,0.9606741573033708,0.9880239520958084,0.13350026558371295
MRPL14,LINC01420,0.9965350198479448,0.994869810939918,2.674413590795937,2.968724063109736,0.8604420774216813,0.8604420774216813,0.9606741573033708,0.0,0.9606741573033708,1.0,0.13349351383347804
ATOX1,NDUFA1,0.9969723474399516,0.995879028459934,2.821290462894436,2.1289500067281164,0.857195667686048,0.857195667686048,0.949438202247191,0.011976047904191617,0.949438202247191,0.9880239520958084,0.133481314096269
OCIAD2,TPX2,0.996938706855951,0.9954080602839264,3.9669676209379,6.654686059341989,0.8563247919722643,0.8563247919722643,0.9325842696629213,0.0,0.9325842696629213,1.0,0.13347651352400736
GTF3A,COMMD1,0.9957276458319316,0.9963331763439413,1.6110134562336,1.9911958453878764,0.8554413842893956,0.8554413842893956,0.9382022471910112,0.011976047904191617,0.9382022471910112,0.9880239520958084,0.1334690352604971
CD63,TCEB2,0.9978470026239656,0.9960304110879364,2.327627726569334,2.6273445132207485,0.8589816226254804,0.8589816226254804,0.9606741573033708,0.011976047904191617,0.9606741573033708,0.9880239520958084,0.13344052821951363
SMYD3,NDUFA1,0.9947857094799164,0.995879028459934,3.0911119121307946,2.1289500067281164,0.8579349985959633,0.8579349985959633,0.9550561797752809,0.011976047904191617,0.9550561797752809,0.9880239520958084,0.13342942668994265
MISP,MRPL14,0.996366816927942,0.9965350198479448,7.767093157505214,2.674413590795937,0.8607298084252196,0.8607298084252196,0.9606741573033708,0.0,0.9606741573033708,1.0,0.13331843068026436
LGALS3BP,CCDC51,0.997746080871964,0.994634326851914,4.172795868936285,2.608153639911189,0.8582216281585773,0.8582216281585773,0.949438202247191,0.005988023952095809,0.949438202247191,0.9940119760479041,0.13329399072528314
UQCR10,SPA17,0.9952903182399246,0.9945502253919128,2.180370561124943,2.7632888784229293,0.8554997924540002,0.8554997924540002,0.9325842696629213,0.005988023952095809,0.9325842696629213,0.9940119760479041,0.13327124453521988
NDUFA1,PSMB6,0.995879028459934,0.9951052950279218,2.1289500067281164,1.9886599845253323,0.8581458297717884,0.8581458297717884,0.9550561797752809,0.011976047904191617,0.9550561797752809,0.9880239520958084,0.13325280036900694
SMYD3,GAPDH,0.9947857094799164,0.9971741909439548,3.0911119121307946,3.5851202650878014,0.8590790929039126,0.8590790929039126,0.9550561797752809,0.005988023952095809,0.9550561797752809,0.9940119760479041,0.13324366253455014
DYNLRB1,DHRS7B,0.9958958487519344,0.9949875529839196,2.7184927538182064,1.7343585581645686,0.8581901242246284,0.8581901242246284,0.949438202247191,0.005988023952095809,0.949438202247191,0.9940119760479041,0.13322343461685401
CCDC51,COMMD1,0.994634326851914,0.9963331763439413,2.608153639911189,1.9911958453878764,0.8573741502001652,0.8573741502001652,0.9438202247191011,0.005988023952095809,0.9438202247191011,0.9940119760479041,0.133202788694898
CKLF,NDUFA13,0.9949875529839196,0.998990782479984,3.8934817230707113,2.554904174796474,0.8575990633366781,0.8575990633366781,0.9438202247191011,0.005988023952095809,0.9438202247191011,0.9940119760479041,0.133193852915336
CCDC96,BLOC1S1,0.9951725761959228,0.995122115319922,2.658767960707798,2.293008490883402,0.8598449773315735,0.8598449773315735,0.9606741573033708,0.005988023952095809,0.9606741573033708,0.9940119760479041,0.13318759595726087
GTF3A,ATOX1,0.9957276458319316,0.9969723474399516,1.6110134562336,2.821290462894436,0.8566749409818729,0.8566749409818729,0.9438202247191011,0.011976047904191617,0.9438202247191011,0.9880239520958084,0.13316521832052217
HLA-A,HPSE,0.9976787997039628,0.9949875529839196,4.352046642669716,4.325412251900693,0.8575382805057059,0.8575382805057059,0.9438202247191011,0.005988023952095809,0.9438202247191011,0.9940119760479041,0.1331630304768128
GBA,S100A6,0.9949202718159188,0.9968377851039494,2.296132345421516,6.411394479580163,0.8557666315891501,0.8557666315891501,0.9269662921348315,0.0,0.9269662921348315,1.0,0.13314849900417222
UQCR10,PKM,0.9952903182399246,0.9953239588239252,2.180370561124943,4.02694682432887,0.8592724573300881,0.8592724573300881,0.9550561797752809,0.005988023952095809,0.9550561797752809,0.9940119760479041,0.1329709461994677
HLA-A,NUDT1,0.9976787997039628,0.9945838659759132,4.352046642669716,3.1617194577137866,0.8577403684356322,0.8577403684356322,0.949438202247191,0.011976047904191617,0.949438202247191,0.9880239520958084,0.13293289283458778
NUDT1,GRN,0.9945838659759132,0.9967368633519478,3.1617194577137866,3.5322372199421377,0.8595177796180803,0.8595177796180803,0.949438202247191,0.0,0.949438202247191,1.0,0.1328003697351128
HLA-A,GAPDH,0.9976787997039628,0.9971741909439548,4.352046642669716,3.5851202650878014,0.859834376077836,0.859834376077836,0.9550561797752809,0.005988023952095809,0.9550561797752809,0.9940119760479041,0.13272201024314173
KIF4A,PIGU,0.996434098095943,0.9947352486039158,6.418663964206419,2.392829610442038,0.8579287621748573,0.8579287621748573,0.9382022471910112,0.0,0.9382022471910112,1.0,0.13270302883555243
LINC01420,GRN,0.994869810939918,0.9967368633519478,2.968724063109736,3.5322372199421377,0.8597108339668283,0.8597108339668283,0.949438202247191,0.0,0.949438202247191,1.0,0.13263691533433494
SERTAD3,NDUFA13,0.9945502253919128,0.998990782479984,3.3380839063446146,2.554904174796474,0.8590467746353391,0.8590467746353391,0.9550561797752809,0.011976047904191617,0.9550561797752809,0.9880239520958084,0.13257651181664393
SMYD3,MGST2,0.9947857094799164,0.9968377851039494,3.0911119121307946,2.420642397228016,0.8581898264625923,0.8581898264625923,0.9438202247191011,0.005988023952095809,0.9438202247191011,0.9940119760479041,0.13248464000955032
PTTG1,PIGU,0.9954417008679272,0.9947352486039158,5.344155052815717,2.392829610442038,0.8589997357653364,0.8589997357653364,0.9438202247191011,0.0,0.9438202247191011,1.0,0.13242528069066514
HLA-A,RGS10,0.9976787997039628,0.995189396487923,4.352046642669716,4.373259220884075,0.856633182400367,0.856633182400367,0.9382022471910112,0.011976047904191617,0.9382022471910112,0.9880239520958084,0.1324223124867585
SMYD3,ATOX1,0.9947857094799164,0.9969723474399516,3.0911119121307946,2.821290462894436,0.8582739794400748,0.8582739794400748,0.949438202247191,0.011976047904191617,0.949438202247191,0.9880239520958084,0.13240072259351057
SHFM1,COX7A2,0.996064051671937,0.9967705039359482,2.8740591939716085,2.320042726905739,0.8601611557897527,0.8601611557897527,0.9606741573033708,0.011976047904191617,0.9606741573033708,0.9880239520958084,0.13225516951898378
MAD2L1,CFL1,0.9951389356119222,0.9953575994079256,4.156349323824261,3.58724077238781,0.8575512400740983,0.8575512400740983,0.9382022471910112,0.005988023952095809,0.9382022471910112,0.9940119760479041,0.13221422659090817
MRPL14,PSMB6,0.9965350198479448,0.9951052950279218,2.674413590795937,1.9886599845253323,0.8601771805844455,0.8601771805844455,0.9550561797752809,0.005988023952095809,0.9550561797752809,0.9940119760479041,0.13218418695002385
NUDT1,BLOC1S1,0.9945838659759132,0.995122115319922,3.1617194577137866,2.293008490883402,0.8592014594114424,0.8592014594114424,0.9550561797752809,0.011976047904191617,0.9550561797752809,0.9880239520958084,0.132176258816997
DHRS7B,NDUFC2,0.9949875529839196,0.9971741909439548,1.7343585581645686,2.232745428244634,0.8594379772204351,0.8594379772204351,0.9438202247191011,0.0,0.9438202247191011,1.0,0.13214534770880715
MAN2B1,GBA,0.9949202718159188,0.9949202718159188,2.349282665007065,2.296132345421516,0.8567602102319394,0.8567602102319394,0.9269662921348315,0.0,0.9269662921348315,1.0,0.1321039783381882
IFI27,POC1A,0.9963331763439413,0.9949539123999191,6.051113907017427,3.774388256072125,0.8586423643700319,0.8586423643700319,0.9382022471910112,0.0,0.9382022471910112,1.0,0.1320442893233919
MISP,CKLF,0.996366816927942,0.9949875529839196,7.767093157505214,3.8934817230707113,0.861995363753516,0.861995363753516,0.9662921348314607,0.005988023952095809,0.9662921348314607,0.9940119760479041,0.13198126723379322
MGST2,ATP5L,0.9968377851039494,0.997611518535962,2.420642397228016,2.3200297147278457,0.8590075067122886,0.8590075067122886,0.9438202247191011,0.005988023952095809,0.9438202247191011,0.9940119760479041,0.13190762253591762
UQCR10,CCDC96,0.9952903182399246,0.9951725761959228,2.180370561124943,2.658767960707798,0.8595722138550822,0.8595722138550822,0.949438202247191,0.005988023952095809,0.949438202247191,0.9940119760479041,0.13189716434792123
PIGU,CKS2,0.9947352486039158,0.9946511471439144,2.392829610442038,4.81815380475005,0.8603529663086483,0.8603529663086483,0.949438202247191,0.0,0.949438202247191,1.0,0.1318826197371552
CCDC96,NDUFA13,0.9951725761959228,0.998990782479984,2.658767960707798,2.554904174796474,0.8598864038656796,0.8598864038656796,0.949438202247191,0.005988023952095809,0.949438202247191,0.9940119760479041,0.13184672159970307
HLA-A,TCEB2,0.9976787997039628,0.9960304110879364,4.352046642669716,2.6273445132207485,0.8598624098692613,0.8598624098692613,0.9550561797752809,0.011976047904191617,0.9550561797752809,0.9880239520958084,0.1318204702688292
TP53TG1,COMMD1,0.9946006862679136,0.9963331763439413,2.8377416134024083,1.9911958453878764,0.8571481903975188,0.8571481903975188,0.9382022471910112,0.011976047904191617,0.9382022471910112,0.9880239520958084,0.13181854869954662
NDUFA1,GAPDH,0.995879028459934,0.9971741909439548,2.1289500067281164,3.5851202650878014,0.8615463563007203,0.8615463563007203,0.9606741573033708,0.005988023952095809,0.9606741573033708,0.9940119760479041,0.13175315219279737
PSMB6,BOLA2B,0.9951052950279218,0.9969050662719504,1.9886599845253323,2.9417004743322352,0.860773051032985,0.860773051032985,0.949438202247191,0.0,0.949438202247191,1.0,0.1316593194116409
CCDC96,ATOX1,0.9951725761959228,0.9969723474399516,2.658767960707798,2.821290462894436,0.8592536080775104,0.8592536080775104,0.9438202247191011,0.005988023952095809,0.9438202247191011,0.9940119760479041,0.13152523914646394
PTTG1,ATOX1,0.9954417008679272,0.9969723474399516,5.344155052815717,2.821290462894436,0.8593223680299242,0.8593223680299242,0.9382022471910112,0.0,0.9382022471910112,1.0,0.13148345805257688
GTF3A,GAPDH,0.9957276458319316,0.9971741909439548,1.6110134562336,3.5851202650878014,0.8602014633967007,0.8602014633967007,0.949438202247191,0.005988023952095809,0.949438202247191,0.9940119760479041,0.13146703134576734
GTF3A,PSMB3,0.9957276458319316,0.9950548341519208,1.6110134562336,2.7755753481800447,0.8609626875666455,0.8609626875666455,0.949438202247191,0.0,0.949438202247191,1.0,0.13139894583125106
MISP,IFI27,0.996366816927942,0.9963331763439413,7.767093157505214,6.051113907017427,0.8611000348143728,0.8611000348143728,0.9550561797752809,0.005988023952095809,0.9550561797752809,0.9940119760479041,0.13138161512608804
SERTAD3,RGS10,0.9945502253919128,0.995189396487923,3.3380839063446146,4.373259220884075,0.8567465364864706,0.8567465364864706,0.9325842696629213,0.011976047904191617,0.9325842696629213,0.9880239520958084,0.13131881112098764
PSMB6,CFL1,0.9951052950279218,0.9953575994079256,1.9886599845253323,3.58724077238781,0.8594527235060987,0.8594527235060987,0.9438202247191011,0.005988023952095809,0.9438202247191011,0.9940119760479041,0.13122827528360217
KIF4A,S100A6,0.996434098095943,0.9968377851039494,6.418663964206419,6.411394479580163,0.8588138480220379,0.8588138480220379,0.9325842696629213,0.0,0.9325842696629213,1.0,0.13122504563984988
KIF4A,OCIAD2,0.996434098095943,0.996938706855951,6.418663964206419,3.9669676209379,0.8596974638877231,0.8596974638877231,0.9382022471910112,0.0,0.9382022471910112,1.0,0.13119597868534544
SNRPD1,NDUFA13,0.9946847877279148,0.998990782479984,3.0110962154343013,2.554904174796474,0.8613857263058773,0.8613857263058773,0.949438202247191,0.0,0.949438202247191,1.0,0.13118952135867465
UBE2T,UQCR10,0.9959463096279352,0.9952903182399246,5.646122027854405,2.180370561124943,0.86042028311703,0.86042028311703,0.9438202247191011,0.0,0.9438202247191011,1.0,0.13116092449574632
HPSE,TPX2,0.9949875529839196,0.9954080602839264,4.325412251900693,6.654686059341989,0.8587194376032785,0.8587194376032785,0.9325842696629213,0.0,0.9325842696629213,1.0,0.13112331216662493
TP53TG1,NDUFC2,0.9946006862679136,0.9971741909439548,2.8377416134024083,2.232745428244634,0.8604935342078235,0.8604935342078235,0.949438202247191,0.005988023952095809,0.949438202247191,0.9940119760479041,0.13111817939246856
DYNLRB1,IFI27,0.9958958487519344,0.9963331763439413,2.7184927538182064,6.051113907017427,0.8572031404734696,0.8572031404734696,0.9325842696629213,0.011976047904191617,0.9325842696629213,0.9880239520958084,0.13106401939933054
SNRPD1,ATP5E,0.9946847877279148,0.9953575994079256,3.0110962154343013,2.903379583529571,0.8604638793887203,0.8604638793887203,0.9438202247191011,0.0,0.9438202247191011,1.0,0.1310413187777946
HLA-A,CTSB,0.9976787997039628,0.9947520688959162,4.352046642669716,3.5799245004373272,0.8589681799535449,0.8589681799535449,0.9382022471910112,0.005988023952095809,0.9382022471910112,0.9940119760479041,0.13102629546278968
CD63,S100A6,0.9978470026239656,0.9968377851039494,2.327627726569334,6.411394479580163,0.8591644137406048,0.8591644137406048,0.9382022471910112,0.005988023952095809,0.9382022471910112,0.9940119760479041,0.13099199956761642
CKS2,COX7A2,0.9946511471439144,0.9967705039359482,4.81815380475005,2.320042726905739,0.8623248509542715,0.8623248509542715,0.9550561797752809,0.0,0.9550561797752809,1.0,0.13092352906264845
UBE2S,CKLF,0.9958958487519344,0.9949875529839196,3.778860169548543,3.8934817230707113,0.8598600319402429,0.8598600319402429,0.9438202247191011,0.005988023952095809,0.9438202247191011,0.9940119760479041,0.13087561655739108
MAD2L1,CKLF,0.9951389356119222,0.9949875529839196,4.156349323824261,3.8934817230707113,0.8598177102923891,0.8598177102923891,0.9382022471910112,0.0,0.9382022471910112,1.0,0.13087006037223362
SHFM1,CKS2,0.996064051671937,0.9946511471439144,2.8740591939716085,4.81815380475005,0.862347050620108,0.862347050620108,0.9550561797752809,0.0,0.9550561797752809,1.0,0.1308559807407433
COX7B,PIGU,0.9969387068559512,0.9947352486039158,2.605707387472245,2.392829610442038,0.862408931001807,0.862408931001807,0.9606741573033708,0.005988023952095809,0.9606741573033708,0.9940119760479041,0.1308417121264643
CCDC51,PIGU,0.994634326851914,0.9947352486039158,2.608153639911189,2.392829610442038,0.8616261994445193,0.8616261994445193,0.9550561797752809,0.005988023952095809,0.9550561797752809,0.9940119760479041,0.1306651831154177
PIGU,CD63,0.9947352486039158,0.9978470026239656,2.392829610442038,2.327627726569334,0.8618938776211814,0.8618938776211814,0.9550561797752809,0.005988023952095809,0.9550561797752809,0.9940119760479041,0.13062302274901863
PKM,ATP5L,0.9953239588239252,0.997611518535962,4.02694682432887,2.3200297147278457,0.86192798878063,0.86192798878063,0.9550561797752809,0.005988023952095809,0.9550561797752809,0.9940119760479041,0.13061390975267625
HLA-A,MRPL17,0.9976787997039628,0.9952398573639238,4.352046642669716,2.2809577406983785,0.8619802378039585,0.8619802378039585,0.9550561797752809,0.005988023952095809,0.9550561797752809,0.9940119760479041,0.13056338105522436
UBE2S,PSMB6,0.9958958487519344,0.9951052950279218,3.778860169548543,1.9886599845253323,0.8626723262520979,0.8626723262520979,0.9606741573033708,0.005988023952095809,0.9606741573033708,0.9940119760479041,0.13054712209103841
UQCR10,GRN,0.9952903182399246,0.9967368633519478,2.180370561124943,3.5322372199421377,0.8611347595971096,0.8611347595971096,0.9438202247191011,0.0,0.9438202247191011,1.0,0.13054134837478198
MRPL14,PIGU,0.9965350198479448,0.9947352486039158,2.674413590795937,2.392829610442038,0.862719129380957,0.862719129380957,0.9550561797752809,0.0,0.9550561797752809,1.0,0.13053866217823257
ATOX1,GAPDH,0.9969723474399516,0.9971741909439548,2.821290462894436,3.5851202650878014,0.8613278296288296,0.8613278296288296,0.949438202247191,0.005988023952095809,0.949438202247191,0.9940119760479041,0.13048924107487947
PKM,NDUFC2,0.9953239588239252,0.9971741909439548,4.02694682432887,2.232745428244634,0.8620370341282666,0.8620370341282666,0.9550561797752809,0.005988023952095809,0.9550561797752809,0.9940119760479041,0.13048211546352698
BOLA2B,CKLF,0.9969050662719504,0.9949875529839196,2.9417004743322352,3.8934817230707113,0.8595286640622429,0.8595286640622429,0.9325842696629213,0.0,0.9325842696629213,1.0,0.13047031928948707
MAD2L1,NUDT1,0.9951389356119222,0.9945838659759132,4.156349323824261,3.1617194577137866,0.8611042335254163,0.8611042335254163,0.9438202247191011,0.0,0.9438202247191011,1.0,0.13041900102401047
PTTG1,UQCR10,0.9954417008679272,0.9952903182399246,5.344155052815717,2.180370561124943,0.8611980592487098,0.8611980592487098,0.9438202247191011,0.0,0.9438202247191011,1.0,0.1303970072612582
SNRPD1,MGST2,0.9946847877279148,0.9968377851039494,3.0110962154343013,2.420642397228016,0.8612676015178913,0.8612676015178913,0.9438202247191011,0.0,0.9438202247191011,1.0,0.1303834329520161
KIF4A,HPSE,0.996434098095943,0.9949875529839196,6.418663964206419,4.325412251900693,0.8597947561399132,0.8597947561399132,0.9325842696629213,0.0,0.9325842696629213,1.0,0.130192381640935
HPSE,S100A6,0.9949875529839196,0.9968377851039494,4.325412251900693,6.411394479580163,0.8581714401688795,0.8581714401688795,0.9213483146067416,0.0,0.9213483146067416,1.0,0.13013939870316435
UQCR10,SERTAD3,0.9952903182399246,0.9945502253919128,2.180370561124943,3.3380839063446146,0.8622298270957143,0.8622298270957143,0.9606741573033708,0.011976047904191617,0.9606741573033708,0.9880239520958084,0.1301029261628389
SMYD3,ATP5E,0.9947857094799164,0.9953575994079256,3.0911119121307946,2.903379583529571,0.8597993668873385,0.8597993668873385,0.9438202247191011,0.011976047904191617,0.9438202247191011,0.9880239520958084,0.13009514287860105
TP53TG1,LINC01420,0.9946006862679136,0.994869810939918,2.8377416134024083,2.968724063109736,0.8623535179088205,0.8623535179088205,0.9606741573033708,0.011976047904191617,0.9606741573033708,0.9880239520958084,0.12996194580293646
PIGU,BOLA2B,0.9947352486039158,0.9969050662719504,2.392829610442038,2.9417004743322352,0.8625459883799,0.8625459883799,0.949438202247191,0.0,0.949438202247191,1.0,0.12995860313566615
SNRPD1,LGALS3BP,0.9946847877279148,0.997746080871964,3.0110962154343013,4.172795868936285,0.8626099907494702,0.8626099907494702,0.949438202247191,0.0,0.949438202247191,1.0,0.12994965206204595
MAD2L1,UBE2S,0.9951389356119222,0.9958958487519344,4.156349323824261,3.778860169548543,0.8617239742884154,0.8617239742884154,0.9438202247191011,0.0,0.9438202247191011,1.0,0.12992269478072976
HLA-A,BOLA2B,0.9976787997039628,0.9969050662719504,4.352046642669716,2.9417004743322352,0.8611697117745017,0.8611697117745017,0.9382022471910112,0.0,0.9382022471910112,1.0,0.12989816025719633
LGALS3BP,GBA,0.997746080871964,0.9949202718159188,4.172795868936285,2.296132345421516,0.861909978597664,0.861909978597664,0.949438202247191,0.005988023952095809,0.949438202247191,0.9940119760479041,0.1298449932122123
CCDC96,SPA17,0.9951725761959228,0.9945502253919128,2.658767960707798,2.7632888784229293,0.8592305214390804,0.8592305214390804,0.9325842696629213,0.005988023952095809,0.9325842696629213,0.9940119760479041,0.12982274440167862
MGST2,CFL1,0.9968377851039494,0.9953575994079256,2.420642397228016,3.58724077238781,0.8610893377851214,0.8610893377851214,0.9382022471910112,0.0,0.9382022471910112,1.0,0.12981772213680579
PSMB3,SMYD3,0.9950548341519208,0.9947857094799164,2.7755753481800447,3.0911119121307946,0.8634162385940936,0.8634162385940936,0.9550561797752809,0.0,0.9550561797752809,1.0,0.12978253940456658
DYNLRB1,CCDC51,0.9958958487519344,0.994634326851914,2.7184927538182064,2.608153639911189,0.8626618199822069,0.8626618199822069,0.9550561797752809,0.005988023952095809,0.9550561797752809,0.9940119760479041,0.12976291526965286
GAPDH,MND1,0.9971741909439548,0.9950548341519208,3.5851202650878014,5.538897867186975,0.8595533853978222,0.8595533853978222,0.9269662921348315,0.0,0.9269662921348315,1.0,0.12968342877623767
NUDT1,TPX2,0.9945838659759132,0.9954080602839264,3.1617194577137866,6.654686059341989,0.8611349721953134,0.8611349721953134,0.9382022471910112,0.0,0.9382022471910112,1.0,0.12963153779939923
SMYD3,LINC01420,0.9947857094799164,0.994869810939918,3.0911119121307946,2.968724063109736,0.8627320434605749,0.8627320434605749,0.9606741573033708,0.011976047904191617,0.9606741573033708,0.9880239520958084,0.12961660598239494
SMYD3,MRPL17,0.9947857094799164,0.9952398573639238,3.0911119121307946,2.2809577406983785,0.863673739686476,0.863673739686476,0.9606741573033708,0.005988023952095809,0.9606741573033708,0.9940119760479041,0.12953165269032946
SNRPD1,PIGU,0.9946847877279148,0.9947352486039158,3.0110962154343013,2.392829610442038,0.8628908765982553,0.8628908765982553,0.949438202247191,0.0,0.949438202247191,1.0,0.12948800757535348
COX6B1,IFI27,0.9954921617439276,0.9963331763439413,2.311949498755298,6.051113907017427,0.8597981727597901,0.8597981727597901,0.9325842696629213,0.005988023952095809,0.9325842696629213,0.9940119760479041,0.1294358659313176
COX6B1,DHRS7B,0.9954921617439276,0.9949875529839196,2.311949498755298,1.7343585581645686,0.862247050937024,0.862247050937024,0.949438202247191,0.005988023952095809,0.949438202247191,0.9940119760479041,0.1293859100021342
PSMB3,MGST2,0.9950548341519208,0.9968377851039494,2.7755753481800447,2.420642397228016,0.8623740634598436,0.8623740634598436,0.9438202247191011,0.0,0.9438202247191011,1.0,0.1293675917182652
PKM,BOLA2B,0.9953239588239252,0.9969050662719504,4.02694682432887,2.9417004743322352,0.8624011780463825,0.8624011780463825,0.9438202247191011,0.0,0.9438202247191011,1.0,0.12936394843179602
PTTG1,TCEB2,0.9954417008679272,0.9960304110879364,5.344155052815717,2.6273445132207485,0.8631717498008998,0.8631717498008998,0.949438202247191,0.0,0.949438202247191,1.0,0.12935603905468937
GTF3A,NUDT1,0.9957276458319316,0.9945838659759132,1.6110134562336,3.1617194577137866,0.8614449728914879,0.8614449728914879,0.949438202247191,0.011976047904191617,0.949438202247191,0.9880239520958084,0.12934436775402616
MGST2,LINC01420,0.9968377851039494,0.994869810939918,2.420642397228016,2.968724063109736,0.8623806346508945,0.8623806346508945,0.949438202247191,0.005988023952095809,0.949438202247191,0.9940119760479041,0.12934017789321012
SHFM1,MDK,0.996064051671937,0.9973592141559576,2.8740591939716085,5.13613744533405,0.8633240072286934,0.8633240072286934,0.9550561797752809,0.005988023952095809,0.9550561797752809,0.9940119760479041,0.1293249443454221
SNRPD1,NDUFA1,0.9946847877279148,0.995879028459934,3.0110962154343013,2.1289500067281164,0.8639727230353954,0.8639727230353954,0.9550561797752809,0.0,0.9550561797752809,1.0,0.12930074674677475
TCEB2,GRN,0.9960304110879364,0.9967368633519478,2.6273445132207485,3.5322372199421377,0.8634149082029777,0.8634149082029777,0.949438202247191,0.0,0.949438202247191,1.0,0.12921013732444106
UBE2T,TCEB2,0.9959463096279352,0.9960304110879364,5.646122027854405,2.6273445132207485,0.8626465128753832,0.8626465128753832,0.9438202247191011,0.0,0.9438202247191011,1.0,0.12911694215930475
CORO2A,MDK,0.9971405503599542,0.9973592141559576,6.426852216914485,5.13613744533405,0.8595075044138296,0.8595075044138296,0.9269662921348315,0.005988023952095809,0.9269662921348315,0.9940119760479041,0.12909596834503462
TEX264,OCIAD2,0.9965686604319453,0.996938706855951,1.974107619592277,3.9669676209379,0.8636456054909321,0.8636456054909321,0.949438202247191,0.0,0.949438202247191,1.0,0.1290398028446301
UQCR10,ATP5E,0.9952903182399246,0.9953575994079256,2.180370561124943,2.903379583529571,0.8610298705264803,0.8610298705264803,0.9438202247191011,0.011976047904191617,0.9438202247191011,0.9880239520958084,0.12898602906831588
CD63,SERTAD3,0.9978470026239656,0.9945502253919128,2.327627726569334,3.3380839063446146,0.8627864747450936,0.8627864747450936,0.9550561797752809,0.011976047904191617,0.9550561797752809,0.9880239520958084,0.12898501175006308
CKLF,RGS10,0.9949875529839196,0.995189396487923,3.8934817230707113,4.373259220884075,0.8610604188219542,0.8610604188219542,0.9382022471910112,0.005988023952095809,0.9382022471910112,0.9940119760479041,0.12893646742626375
SNRPD1,UBE2S,0.9946847877279148,0.9958958487519344,3.0110962154343013,3.778860169548543,0.8636065226474048,0.8636065226474048,0.949438202247191,0.0,0.949438202247191,1.0,0.12888728743898506
HPSE,GBA,0.9949875529839196,0.9949202718159188,4.325412251900693,2.296132345421516,0.8595153854268504,0.8595153854268504,0.9269662921348315,0.005988023952095809,0.9269662921348315,0.9940119760479041,0.12879152546368342
COX6B1,CCNB1,0.9954921617439276,0.9945165848079124,2.311949498755298,3.72830410078719,0.8613476563267122,0.8613476563267122,0.9325842696629213,0.0,0.9325842696629213,1.0,0.12865903517471697
PSMB6,GRN,0.9951052950279218,0.9967368633519478,1.9886599845253323,3.5322372199421377,0.8631491062370846,0.8631491062370846,0.9438202247191011,0.0,0.9438202247191011,1.0,0.12863579711882542
DNASE2,COMMD1,0.9956603646639306,0.9963331763439413,2.26181778914082,1.9911958453878764,0.8607413918790248,0.8607413918790248,0.9325842696629213,0.005988023952095809,0.9325842696629213,0.9940119760479041,0.12857593257279526
HLA-A,DYNLRB1,0.9976787997039628,0.9958958487519344,4.352046642669716,2.7184927538182064,0.8625002018228405,0.8625002018228405,0.949438202247191,0.011976047904191617,0.949438202247191,0.9880239520958084,0.12856973319530826
UBE2S,LINC01420,0.9958958487519344,0.994869810939918,3.778860169548543,2.968724063109736,0.8647400217261362,0.8647400217261362,0.9606741573033708,0.005988023952095809,0.9606741573033708,0.9940119760479041,0.128566311169762
COX7B,UBE2S,0.9969387068559512,0.9958958487519344,2.605707387472245,3.778860169548543,0.8649882208164398,0.8649882208164398,0.9606741573033708,0.005988023952095809,0.9606741573033708,0.9940119760479041,0.12846376170412518
SERTAD3,CKS2,0.9945502253919128,0.9946511471439144,3.3380839063446146,4.81815380475005,0.8640491870396868,0.8640491870396868,0.949438202247191,0.0,0.949438202247191,1.0,0.12837996879697974
HLA-A,NAGA,0.9976787997039628,0.9948361703559174,4.352046642669716,2.921225973894907,0.8642616426411741,0.8642616426411741,0.9550561797752809,0.005988023952095809,0.9550561797752809,0.9940119760479041,0.12837921700459343
OCIAD2,LINC01420,0.996938706855951,0.994869810939918,3.9669676209379,2.968724063109736,0.865065354697126,0.865065354697126,0.9550561797752809,0.0,0.9550561797752809,1.0,0.12834234802304748
DNASE2,HPSE,0.9956603646639306,0.9949875529839196,2.26181778914082,4.325412251900693,0.8609871528143592,0.8609871528143592,0.9325842696629213,0.005988023952095809,0.9325842696629213,0.9940119760479041,0.1282623224096469
UBE2S,TCEB2,0.9958958487519344,0.9960304110879364,3.778860169548543,2.6273445132207485,0.8645066899116536,0.8645066899116536,0.9550561797752809,0.005988023952095809,0.9550561797752809,0.9940119760479041,0.1281095925664465
COX6B1,SMYD3,0.9954921617439276,0.9947857094799164,2.311949498755298,3.0911119121307946,0.8644079969018559,0.8644079969018559,0.9550561797752809,0.005988023952095809,0.9550561797752809,0.9940119760479041,0.12809681490604327
SMYD3,SERTAD3,0.9947857094799164,0.9945502253919128,3.0911119121307946,3.3380839063446146,0.8637032985856511,0.8637032985856511,0.9550561797752809,0.011976047904191617,0.9550561797752809,0.9880239520958084,0.12792630899350893
NUDT1,COMMD1,0.9945838659759132,0.9963331763439413,3.1617194577137866,1.9911958453878764,0.8614302093953026,0.8614302093953026,0.9382022471910112,0.011976047904191617,0.9382022471910112,0.9880239520958084,0.12786617419893723
OCIAD2,NDUFA1,0.996938706855951,0.995879028459934,3.9669676209379,2.1289500067281164,0.8664777530015682,0.8664777530015682,0.9606741573033708,0.0,0.9606741573033708,1.0,0.1278107326435035
TP53TG1,DHRS7B,0.9946006862679136,0.9949875529839196,2.8377416134024083,1.7343585581645686,0.8630605219532563,0.8630605219532563,0.9438202247191011,0.005988023952095809,0.9438202247191011,0.9940119760479041,0.1278035077829032
PSMB3,OCIAD2,0.9950548341519208,0.996938706855951,2.7755753481800447,3.9669676209379,0.8649013346768234,0.8649013346768234,0.949438202247191,0.0,0.949438202247191,1.0,0.12775434835424518
MRPL17,ATP5L,0.9952398573639238,0.997611518535962,2.2809577406983785,2.3200297147278457,0.8657640591040264,0.8657640591040264,0.9606741573033708,0.005988023952095809,0.9606741573033708,0.9940119760479041,0.12772662931716264
LGALS3BP,KIF4A,0.997746080871964,0.996434098095943,4.172795868936285,6.418663964206419,0.8643197634007086,0.8643197634007086,0.9438202247191011,0.0,0.9438202247191011,1.0,0.12768511479963238
LGALS3BP,CCNB1,0.997746080871964,0.9945165848079124,4.172795868936285,3.72830410078719,0.8633911029088189,0.8633911029088189,0.9382022471910112,0.0,0.9382022471910112,1.0,0.12767093964672901
PIGU,POC1A,0.9947352486039158,0.9949539123999191,2.392829610442038,3.774388256072125,0.8640481580184476,0.8640481580184476,0.9438202247191011,0.0,0.9438202247191011,1.0,0.12765258504703866
PSMB3,MAN2B1,0.9950548341519208,0.9949202718159188,2.7755753481800447,2.349282665007065,0.8624631641270565,0.8624631641270565,0.9325842696629213,0.0,0.9325842696629213,1.0,0.12762176967349212
MRPL14,TPX2,0.9965350198479448,0.9954080602839264,2.674413590795937,6.654686059341989,0.8617854031175801,0.8617854031175801,0.9269662921348315,0.0,0.9269662921348315,1.0,0.12760414500693862
MGST2,CD63,0.9968377851039494,0.9978470026239656,2.420642397228016,2.327627726569334,0.8644877353839117,0.8644877353839117,0.949438202247191,0.005988023952095809,0.949438202247191,0.9940119760479041,0.12755021710788078
NDUFA1,BOLA2B,0.995879028459934,0.9969050662719504,2.1289500067281164,2.9417004743322352,0.8644612091607312,0.8644612091607312,0.9438202247191011,0.0,0.9438202247191011,1.0,0.12746270738600937
GAPDH,CTSB,0.9971741909439548,0.9947520688959162,3.5851202650878014,3.5799245004373272,0.8619431848434561,0.8619431848434561,0.9325842696629213,0.005988023952095809,0.9325842696629213,0.9940119760479041,0.12746202514466606
MRPL17,TPX2,0.9952398573639238,0.9954080602839264,2.2809577406983785,6.654686059341989,0.8627307750771778,0.8627307750771778,0.9325842696629213,0.0,0.9325842696629213,1.0,0.12741651590016453
GBA,TCEB2,0.9949202718159188,0.9960304110879364,2.296132345421516,2.6273445132207485,0.8643797358046872,0.8643797358046872,0.949438202247191,0.005988023952095809,0.949438202247191,0.9940119760479041,0.12741290333611122
NPC2,NAGA,0.9945838659759134,0.9948361703559174,2.7663828399381023,2.921225973894907,0.8634695383483323,0.8634695383483323,0.9438202247191011,0.005988023952095809,0.9438202247191011,0.9940119760479041,0.12741100663720728
PTTG1,CCDC51,0.9954417008679272,0.994634326851914,5.344155052815717,2.608153639911189,0.865140576533853,0.865140576533853,0.949438202247191,0.0,0.949438202247191,1.0,0.12740535244973178
MGST2,BOLA2B,0.9968377851039494,0.9969050662719504,2.420642397228016,2.9417004743322352,0.8629884315470093,0.8629884315470093,0.9325842696629213,0.0,0.9325842696629213,1.0,0.12737508043928564
DYNLRB1,CKS2,0.9958958487519344,0.9946511471439144,2.7184927538182064,4.81815380475005,0.8652598753519959,0.8652598753519959,0.949438202247191,0.0,0.949438202247191,1.0,0.12732277249510432
CKLF,COMMD1,0.9949875529839196,0.9963331763439413,3.8934817230707113,1.9911958453878764,0.8628921627899582,0.8628921627899582,0.9382022471910112,0.005988023952095809,0.9382022471910112,0.9940119760479041,0.1273097264401252
MAN2B1,NAGA,0.9949202718159188,0.9948361703559174,2.349282665007065,2.921225973894907,0.8636199554101813,0.8636199554101813,0.9382022471910112,0.0,0.9382022471910112,1.0,0.12729672212120158
CCDC51,MRPL14,0.994634326851914,0.9965350198479448,2.608153639911189,2.674413590795937,0.8653476337256109,0.8653476337256109,0.949438202247191,0.0,0.949438202247191,1.0,0.12727962709961227
SERTAD3,CTSB,0.9945502253919128,0.9947520688959162,3.3380839063446146,3.5799245004373272,0.8611929930811224,0.8611929930811224,0.9269662921348315,0.005988023952095809,0.9269662921348315,0.9940119760479041,0.12721482836212666
GTF3A,ATP5L,0.9957276458319316,0.997611518535962,1.6110134562336,2.3200297147278457,0.8639410754702166,0.8639410754702166,0.949438202247191,0.011976047904191617,0.949438202247191,0.9880239520958084,0.12720741085109322
UBE2T,NUDT1,0.9959463096279352,0.9945838659759132,5.646122027854405,3.1617194577137866,0.8645921245651763,0.8645921245651763,0.9438202247191011,0.0,0.9438202247191011,1.0,0.12719556636889653
TEX264,DNASE2,0.9965686604319453,0.9956603646639306,1.974107619592277,2.26181778914082,0.8647971379911361,0.8647971379911361,0.9438202247191011,0.0,0.9438202247191011,1.0,0.12711137944655987
PIGU,NDUFC2,0.9947352486039158,0.9971741909439548,2.392829610442038,2.232745428244634,0.8655955641402978,0.8655955641402978,0.9550561797752809,0.005988023952095809,0.9550561797752809,0.9940119760479041,0.12707898352218006
UQCR10,DHRS7B,0.9952903182399246,0.9949875529839196,2.180370561124943,1.7343585581645686,0.864758373758335,0.864758373758335,0.949438202247191,0.005988023952095809,0.949438202247191,0.9940119760479041,0.12701424244469312
TP53TG1,CCDC96,0.9946006862679136,0.9951725761959228,2.8377416134024083,2.658767960707798,0.8639359758294628,0.8639359758294628,0.9438202247191011,0.005988023952095809,0.9438202247191011,0.9940119760479041,0.1269982693494314
DNASE2,GRN,0.9956603646639306,0.9967368633519478,2.26181778914082,3.5322372199421377,0.8665973053111062,0.8665973053111062,0.9550561797752809,0.0,0.9550561797752809,1.0,0.1269227445178654
NAGA,CORO2A,0.9948361703559174,0.9971405503599542,2.921225973894907,6.426852216914485,0.8625580595555187,0.8625580595555187,0.9325842696629213,0.005988023952095809,0.9325842696629213,0.9940119760479041,0.1268975518752914
SHFM1,S100A6,0.996064051671937,0.9968377851039494,2.8740591939716085,6.411394479580163,0.8642594389684823,0.8642594389684823,0.9438202247191011,0.005988023952095809,0.9438202247191011,0.9940119760479041,0.1268955662152711
HPSE,PKM,0.9949875529839196,0.9953239588239252,4.325412251900693,4.02694682432887,0.8624465537938221,0.8624465537938221,0.9325842696629213,0.005988023952095809,0.9325842696629213,0.9940119760479041,0.12689433595380986
GBA,NDUFC2,0.9949202718159188,0.9971741909439548,2.296132345421516,2.232745428244634,0.8650720871062706,0.8650720871062706,0.949438202247191,0.005988023952095809,0.949438202247191,0.9940119760479041,0.12683527487932472
EPHX4,CKLF,0.9968377851039494,0.9949875529839196,7.818003390970866,3.8934817230707113,0.8650828525563874,0.8650828525563874,0.949438202247191,0.005988023952095809,0.949438202247191,0.9940119760479041,0.12680802149957288
DNASE2,CCDC51,0.9956603646639306,0.994634326851914,2.26181778914082,2.608153639911189,0.8641872350322073,0.8641872350322073,0.9438202247191011,0.005988023952095809,0.9438202247191011,0.9940119760479041,0.12679697020682595
SMYD3,COMMD1,0.9947857094799164,0.9963331763439413,3.0911119121307946,1.9911958453878764,0.8626504385187385,0.8626504385187385,0.9382022471910112,0.011976047904191617,0.9382022471910112,0.9880239520958084,0.12675304904808765
NDUFA1,S100A6,0.995879028459934,0.9968377851039494,2.1289500067281164,6.411394479580163,0.8644170053089657,0.8644170053089657,0.9438202247191011,0.005988023952095809,0.9438202247191011,0.9940119760479041,0.1267364996104993
PIGU,NDUFA1,0.9947352486039158,0.995879028459934,2.392829610442038,2.1289500067281164,0.8658861605719905,0.8658861605719905,0.9550561797752809,0.005988023952095809,0.9550561797752809,0.9940119760479041,0.12672177591429448
COX7A2,CFL1,0.9967705039359482,0.9953575994079256,2.320042726905739,3.58724077238781,0.8652296396412851,0.8652296396412851,0.949438202247191,0.005988023952095809,0.949438202247191,0.9940119760479041,0.1266893113221162
BLOC1S1,SPA17,0.995122115319922,0.9945502253919128,2.293008490883402,2.7632888784229293,0.8634574899114925,0.8634574899114925,0.9382022471910112,0.005988023952095809,0.9382022471910112,0.9940119760479041,0.12667984842315175
TEX264,POC1A,0.9965686604319453,0.9949539123999191,1.974107619592277,3.774388256072125,0.8652188389803948,0.8652188389803948,0.9438202247191011,0.0,0.9438202247191011,1.0,0.1266699823780591
UQCR10,CCDC51,0.9952903182399246,0.994634326851914,2.180370561124943,2.608153639911189,0.8659009746214156,0.8659009746214156,0.9550561797752809,0.005988023952095809,0.9550561797752809,0.9940119760479041,0.12666388151363037
TCEB2,POC1A,0.9960304110879364,0.9949539123999191,2.6273445132207485,3.774388256072125,0.8660527837633514,0.8660527837633514,0.949438202247191,0.0,0.949438202247191,1.0,0.12660132163381715
TP53TG1,PSMB6,0.9946006862679136,0.9951052950279218,2.8377416134024083,1.9886599845253323,0.8651515807940365,0.8651515807940365,0.9550561797752809,0.011976047904191617,0.9550561797752809,0.9880239520958084,0.1265905135346186
MRPL14,BLOC1S1,0.9965350198479448,0.995122115319922,2.674413590795937,2.293008490883402,0.8669242014000832,0.8669242014000832,0.9550561797752809,0.0,0.9550561797752809,1.0,0.12656469619647942
NAGA,PIGU,0.9948361703559174,0.9947352486039158,2.921225973894907,2.392829610442038,0.8652275648617263,0.8652275648617263,0.949438202247191,0.005988023952095809,0.949438202247191,0.9940119760479041,0.12652866694481535
NUDT1,S100A6,0.9945838659759132,0.9968377851039494,3.1617194577137866,6.411394479580163,0.864574144750177,0.864574144750177,0.9438202247191011,0.005988023952095809,0.9438202247191011,0.9940119760479041,0.12650733649843504
LINC01420,ATP5E,0.994869810939918,0.9953575994079256,2.968724063109736,2.903379583529571,0.8645025293544911,0.8645025293544911,0.949438202247191,0.011976047904191617,0.949438202247191,0.9880239520958084,0.12648472218611675
PSMB6,COMMD1,0.9951052950279218,0.9963331763439413,1.9886599845253323,1.9911958453878764,0.8638272945515983,0.8638272945515983,0.9438202247191011,0.011976047904191617,0.9438202247191011,0.9880239520958084,0.1264397753588441
UBE2S,S100A6,0.9958958487519344,0.9968377851039494,3.778860169548543,6.411394479580163,0.8639641593829843,0.8639641593829843,0.9325842696629213,0.0,0.9325842696629213,1.0,0.12640396171692692
ATOX1,CKLF,0.9969723474399516,0.9949875529839196,2.821290462894436,3.8934817230707113,0.8640043606930788,0.8640043606930788,0.9382022471910112,0.005988023952095809,0.9382022471910112,0.9940119760479041,0.12631754152217592
GBA,CFL1,0.9949202718159188,0.9953575994079256,2.296132345421516,3.58724077238781,0.8647144679628409,0.8647144679628409,0.9382022471910112,0.0,0.9382022471910112,1.0,0.1263081986478103
TEX264,CCDC96,0.9965686604319453,0.9951725761959228,1.974107619592277,2.658767960707798,0.8664224782412551,0.8664224782412551,0.949438202247191,0.0,0.949438202247191,1.0,0.12629989905930566
ATOX1,RGS10,0.9969723474399516,0.995189396487923,2.821290462894436,4.373259220884075,0.8615559910168106,0.8615559910168106,0.9269662921348315,0.011976047904191617,0.9269662921348315,0.9880239520958084,0.12629907857071807
COMMD1,NDUFC2,0.9963331763439413,0.9971741909439548,1.9911958453878764,2.232745428244634,0.8649417200586753,0.8649417200586753,0.9438202247191011,0.005988023952095809,0.9438202247191011,0.9940119760479041,0.12629610587389473
TP53TG1,COX6B1,0.9946006862679136,0.9954921617439276,2.8377416134024083,2.311949498755298,0.8663204245161726,0.8663204245161726,0.9550561797752809,0.005988023952095809,0.9550561797752809,0.9940119760479041,0.12627836115586538
ATOX1,S100A6,0.9969723474399516,0.9968377851039494,2.821290462894436,6.411394479580163,0.8626107084964697,0.8626107084964697,0.9269662921348315,0.005988023952095809,0.9269662921348315,0.9940119760479041,0.1262008400652757
LGALS3BP,UBE2S,0.997746080871964,0.9958958487519344,4.172795868936285,3.778860169548543,0.8667040335360687,0.8667040335360687,0.9550561797752809,0.005988023952095809,0.9550561797752809,0.9940119760479041,0.126140546193515
SMYD3,NDUFC2,0.9947857094799164,0.9971741909439548,3.0911119121307946,2.232745428244634,0.8658840793682472,0.8658840793682472,0.949438202247191,0.005988023952095809,0.949438202247191,0.9940119760479041,0.12606346794610224
SMYD3,CFL1,0.9947857094799164,0.9953575994079256,3.0911119121307946,3.58724077238781,0.864152448413246,0.864152448413246,0.9438202247191011,0.011976047904191617,0.9438202247191011,0.9880239520958084,0.1260558261472703
OCIAD2,BLOC1S1,0.996938706855951,0.995122115319922,3.9669676209379,2.293008490883402,0.8683548985067557,0.8683548985067557,0.9606741573033708,0.0,0.9606741573033708,1.0,0.12596602078327526
EPHX4,IFI27,0.9968377851039494,0.9963331763439413,7.818003390970866,6.051113907017427,0.8645169748325268,0.8645169748325268,0.9438202247191011,0.011976047904191617,0.9438202247191011,0.9880239520958084,0.12590883149587198
PKM,EPHX4,0.9953239588239252,0.9968377851039494,4.02694682432887,7.818003390970866,0.864611463783858,0.864611463783858,0.9382022471910112,0.005988023952095809,0.9382022471910112,0.9940119760479041,0.12576638528395453
PKM,SHFM1,0.9953239588239252,0.996064051671937,4.02694682432887,2.8740591939716085,0.8669682209321521,0.8669682209321521,0.9550561797752809,0.005988023952095809,0.9550561797752809,0.9940119760479041,0.12574821455266855
GTF3A,COX6B1,0.9957276458319316,0.9954921617439276,1.6110134562336,2.311949498755298,0.8661739094732454,0.8661739094732454,0.949438202247191,0.005988023952095809,0.949438202247191,0.9940119760479041,0.12574430312058574
TEX264,DHRS7B,0.9965686604319453,0.9949875529839196,1.974107619592277,1.7343585581645686,0.8663407932755529,0.8663407932755529,0.949438202247191,0.005988023952095809,0.949438202247191,0.9940119760479041,0.12560871479816949
PKM,MGST2,0.9953239588239252,0.9968377851039494,4.02694682432887,2.420642397228016,0.8656934850505844,0.8656934850505844,0.9438202247191011,0.005988023952095809,0.9438202247191011,0.9940119760479041,0.12550833740619863
ATP5E,BOLA2B,0.9953575994079256,0.9969050662719504,2.903379583529571,2.9417004743322352,0.8657077161235031,0.8657077161235031,0.9382022471910112,0.0,0.9382022471910112,1.0,0.12550589628414816
LINC01420,COX7A2,0.994869810939918,0.9967705039359482,2.968724063109736,2.320042726905739,0.8679966533516562,0.8679966533516562,0.9662921348314607,0.011976047904191617,0.9662921348314607,0.9880239520958084,0.1254994355740799
TPX2,S100A6,0.9954080602839264,0.9968377851039494,6.654686059341989,6.411394479580163,0.8641173487165977,0.8641173487165977,0.9269662921348315,0.0,0.9269662921348315,1.0,0.1254702860509603
NUDT1,ATP5E,0.9945838659759132,0.9953575994079256,3.1617194577137866,2.903379583529571,0.8655825805916035,0.8655825805916035,0.949438202247191,0.011976047904191617,0.949438202247191,0.9880239520958084,0.1254584838494098
PTTG1,DYNLRB1,0.9954417008679272,0.9958958487519344,5.344155052815717,2.7184927538182064,0.8665389161205392,0.8665389161205392,0.9438202247191011,0.0,0.9438202247191011,1.0,0.1254176948895474
SNRPD1,TPX2,0.9946847877279148,0.9954080602839264,3.0110962154343013,6.654686059341989,0.8648585266600951,0.8648585266600951,0.9325842696629213,0.0,0.9325842696629213,1.0,0.1254065090099595
BLOC1S1,S100A6,0.995122115319922,0.9968377851039494,2.293008490883402,6.411394479580163,0.8658280383304208,0.8658280383304208,0.9438202247191011,0.005988023952095809,0.9438202247191011,0.9940119760479041,0.12536989485041225
GAPDH,NDUFC2,0.9971741909439548,0.9971741909439548,3.5851202650878014,2.232745428244634,0.8676066212178057,0.8676066212178057,0.9550561797752809,0.005988023952095809,0.9550561797752809,0.9940119760479041,0.1253308056159374
MRPL14,SHFM1,0.9965350198479448,0.996064051671937,2.674413590795937,2.8740591939716085,0.868287933081451,0.868287933081451,0.9550561797752809,0.0,0.9550561797752809,1.0,0.12532693309684576
UQCR10,CKS2,0.9952903182399246,0.9946511471439144,2.180370561124943,4.81815380475005,0.867348135296734,0.867348135296734,0.949438202247191,0.0,0.949438202247191,1.0,0.12531133814512407
RGS10,COMMD1,0.995189396487923,0.9963331763439413,4.373259220884075,1.9911958453878764,0.8625977666367775,0.8625977666367775,0.9269662921348315,0.011976047904191617,0.9269662921348315,0.9880239520958084,0.1253084749411719
ATP5E,COMMD1,0.9953575994079256,0.9963331763439413,2.903379583529571,1.9911958453878764,0.8634543624645132,0.8634543624645132,0.9325842696629213,0.011976047904191617,0.9325842696629213,0.9880239520958084,0.1252925662726871
NUDT1,MDK,0.9945838659759132,0.9973592141559576,3.1617194577137866,5.13613744533405,0.8667211096322158,0.8667211096322158,0.949438202247191,0.005988023952095809,0.949438202247191,0.9940119760479041,0.1252756359601814
PSMB6,GAPDH,0.9951052950279218,0.9971741909439548,1.9886599845253323,3.5851202650878014,0.8675449655815405,0.8675449655815405,0.9550561797752809,0.005988023952095809,0.9550561797752809,0.9940119760479041,0.12525909606626373
PTTG1,LGALS3BP,0.9954417008679272,0.997746080871964,5.344155052815717,4.172795868936285,0.8676464969603072,0.8676464969603072,0.949438202247191,0.0,0.949438202247191,1.0,0.1252334553000927
NDUFC2,S100A6,0.9971741909439548,0.9968377851039494,2.232745428244634,6.411394479580163,0.8653418764454621,0.8653418764454621,0.9325842696629213,0.0,0.9325842696629213,1.0,0.12520405964219447
GTF3A,ATP5E,0.9957276458319316,0.9953575994079256,1.6110134562336,2.903379583529571,0.8652444351839471,0.8652444351839471,0.9438202247191011,0.011976047904191617,0.9438202247191011,0.9880239520958084,0.1251017311819349
PIGU,MGST2,0.9947352486039158,0.9968377851039494,2.392829610442038,2.420642397228016,0.8661146869131594,0.8661146869131594,0.9438202247191011,0.005988023952095809,0.9438202247191011,0.9940119760479041,0.1250777546563085
PIGU,CKLF,0.9947352486039158,0.9949875529839196,2.392829610442038,3.8934817230707113,0.8660104078947265,0.8660104078947265,0.9438202247191011,0.005988023952095809,0.9438202247191011,0.9940119760479041,0.12505888219113018
SMYD3,TCEB2,0.9947857094799164,0.9960304110879364,3.0911119121307946,2.6273445132207485,0.8668633009864242,0.8668633009864242,0.9550561797752809,0.011976047904191617,0.9550561797752809,0.9880239520958084,0.12505334993143113
LGALS3BP,CORO2A,0.997746080871964,0.9971405503599542,4.172795868936285,6.426852216914485,0.8647695409033048,0.8647695409033048,0.9382022471910112,0.011976047904191617,0.9382022471910112,0.9880239520958084,0.12503358644076706
UQCR10,CKLF,0.9952903182399246,0.9949875529839196,2.180370561124943,3.8934817230707113,0.8661992261538125,0.8661992261538125,0.9438202247191011,0.005988023952095809,0.9438202247191011,0.9940119760479041,0.12491748740021313
NDUFA1,CFL1,0.995879028459934,0.9953575994079256,2.1289500067281164,3.58724077238781,0.8670727183955317,0.8670727183955317,0.949438202247191,0.005988023952095809,0.949438202247191,0.9940119760479041,0.12490082852638802
LINC01420,GAPDH,0.994869810939918,0.9971741909439548,2.968724063109736,3.5851202650878014,0.8686832202079903,0.8686832202079903,0.9606741573033708,0.005988023952095809,0.9606741573033708,0.9940119760479041,0.12489840168609476
SERTAD3,POC1A,0.9945502253919128,0.9949539123999191,3.3380839063446146,3.774388256072125,0.8669756921217477,0.8669756921217477,0.9438202247191011,0.0,0.9438202247191011,1.0,0.12489214898796014
TCEB2,IFI27,0.9960304110879364,0.9963331763439413,2.6273445132207485,6.051113907017427,0.864798295176277,0.864798295176277,0.9382022471910112,0.011976047904191617,0.9382022471910112,0.9880239520958084,0.12484889705664956
COX7B,ATOX1,0.9969387068559512,0.9969723474399516,2.605707387472245,2.821290462894436,0.8681168791840839,0.8681168791840839,0.9550561797752809,0.005988023952095809,0.9550561797752809,0.9940119760479041,0.12482039049822546
CCDC51,GAPDH,0.994634326851914,0.9971741909439548,2.608153639911189,3.5851202650878014,0.86800756682711,0.86800756682711,0.9550561797752809,0.005988023952095809,0.9550561797752809,0.9940119760479041,0.12479211933296507
PKM,CD63,0.9953239588239252,0.9978470026239656,4.02694682432887,2.327627726569334,0.8681785385420373,0.8681785385420373,0.9550561797752809,0.005988023952095809,0.9550561797752809,0.9940119760479041,0.12471572445095101
KIF4A,MRPL17,0.996434098095943,0.9952398573639238,6.418663964206419,2.2809577406983785,0.8673666615426254,0.8673666615426254,0.9438202247191011,0.0,0.9438202247191011,1.0,0.12466089174058823
COX6B1,PIGU,0.9954921617439276,0.9947352486039158,2.311949498755298,2.392829610442038,0.8696928089219961,0.8696928089219961,0.9606741573033708,0.0,0.9606741573033708,1.0,0.1245710711510057
PSMB3,IFI27,0.9950548341519208,0.9963331763439413,2.7755753481800447,6.051113907017427,0.865862438865964,0.865862438865964,0.9325842696629213,0.0,0.9325842696629213,1.0,0.12455592288177764
MISP,MGST2,0.996366816927942,0.9968377851039494,7.767093157505214,2.420642397228016,0.8693117455151553,0.8693117455151553,0.9606741573033708,0.005988023952095809,0.9606741573033708,0.9940119760479041,0.12437301657916133
SMYD3,OCIAD2,0.9947857094799164,0.996938706855951,3.0911119121307946,3.9669676209379,0.868462259558146,0.868462259558146,0.949438202247191,0.0,0.949438202247191,1.0,0.12437019958707775
ATOX1,MRPL14,0.9969723474399516,0.9965350198479448,2.821290462894436,2.674413590795937,0.8685849585174237,0.8685849585174237,0.949438202247191,0.0,0.949438202247191,1.0,0.12436541634602614
RGS10,GRN,0.995189396487923,0.9967368633519478,4.373259220884075,3.5322372199421377,0.8669500740068149,0.8669500740068149,0.9382022471910112,0.0,0.9382022471910112,1.0,0.12432382618843069
COX6B1,GRN,0.9954921617439276,0.9967368633519478,2.311949498755298,3.5322372199421377,0.8677646800971766,0.8677646800971766,0.9438202247191011,0.0,0.9438202247191011,1.0,0.12432143576445183
TP53TG1,UQCR10,0.9946006862679136,0.9952903182399246,2.8377416134024083,2.180370561124943,0.867596410154905,0.867596410154905,0.9550561797752809,0.011976047904191617,0.9550561797752809,0.9880239520958084,0.1243069599465832
LGALS3BP,COX7B,0.997746080871964,0.9969387068559512,4.172795868936285,2.605707387472245,0.8687460110300506,0.8687460110300506,0.9550561797752809,0.005988023952095809,0.9550561797752809,0.9940119760479041,0.12427315577748389
SPA17,NDUFC2,0.9945502253919128,0.9971741909439548,2.7632888784229293,2.232745428244634,0.865454582929143,0.865454582929143,0.9325842696629213,0.005988023952095809,0.9325842696629213,0.9940119760479041,0.12420751230969994
SHFM1,CKLF,0.996064051671937,0.9949875529839196,2.8740591939716085,3.8934817230707113,0.8686056627629704,0.8686056627629704,0.9550561797752809,0.005988023952095809,0.9550561797752809,0.9940119760479041,0.12417944236152062
SNRPD1,MDK,0.9946847877279148,0.9973592141559576,3.0110962154343013,5.13613744533405,0.8687242552421829,0.8687242552421829,0.949438202247191,0.0,0.949438202247191,1.0,0.12414239643107437
CCDC51,MRPL17,0.994634326851914,0.9952398573639238,2.608153639911189,2.2809577406983785,0.8685975927085197,0.8685975927085197,0.9550561797752809,0.005988023952095809,0.9550561797752809,0.9940119760479041,0.12411363051084197
CCDC51,CKLF,0.994634326851914,0.9949875529839196,2.608153639911189,3.8934817230707113,0.8678785276246277,0.8678785276246277,0.949438202247191,0.005988023952095809,0.949438202247191,0.9940119760479041,0.12404300441124443
UBE2S,MDK,0.9958958487519344,0.9973592141559576,3.778860169548543,5.13613744533405,0.8690005086351118,0.8690005086351118,0.949438202247191,0.0,0.949438202247191,1.0,0.12395646769337172
LGALS3BP,CKS2,0.997746080871964,0.9946511471439144,4.172795868936285,4.81815380475005,0.8697576466166502,0.8697576466166502,0.9550561797752809,0.0,0.9550561797752809,1.0,0.12391591476042865
SNRPD1,CCNB1,0.9946847877279148,0.9945165848079124,3.0110962154343013,3.72830410078719,0.86726212304025,0.86726212304025,0.9382022471910112,0.0,0.9382022471910112,1.0,0.12386257105332311
UBE2S,SERTAD3,0.9958958487519344,0.9945502253919128,3.778860169548543,3.3380839063446146,0.8696795125022401,0.8696795125022401,0.9606741573033708,0.005988023952095809,0.9606741573033708,0.9940119760479041,0.12385137749145672
GAPDH,NDUFA13,0.9971741909439548,0.998990782479984,3.5851202650878014,2.554904174796474,0.8692958302132953,0.8692958302132953,0.9550561797752809,0.005988023952095809,0.9550561797752809,0.9940119760479041,0.12384441155683275
ATOX1,PKM,0.9969723474399516,0.9953239588239252,2.821290462894436,4.02694682432887,0.8683115098035151,0.8683115098035151,0.949438202247191,0.005988023952095809,0.949438202247191,0.9940119760479041,0.12380268733240327
MAN2B1,SERTAD3,0.9949202718159188,0.9945502253919128,2.349282665007065,3.3380839063446146,0.8665518045534638,0.8665518045534638,0.9325842696629213,0.0,0.9325842696629213,1.0,0.12379648069078754
LINC01420,S100A6,0.994869810939918,0.9968377851039494,2.968724063109736,6.411394479580163,0.8667104821396682,0.8667104821396682,0.9382022471910112,0.005988023952095809,0.9382022471910112,0.9940119760479041,0.1237883193888885
LGALS3BP,COX6B1,0.997746080871964,0.9954921617439276,4.172795868936285,2.311949498755298,0.869221364975451,0.869221364975451,0.9550561797752809,0.005988023952095809,0.9550561797752809,0.9940119760479041,0.1237332873748168
UBE2S,MRPL14,0.9958958487519344,0.9965350198479448,3.778860169548543,2.674413590795937,0.8700192304144586,0.8700192304144586,0.9550561797752809,0.0,0.9550561797752809,1.0,0.12366912528068025
NUDT1,CD63,0.9945838659759132,0.9978470026239656,3.1617194577137866,2.327627726569334,0.8684842998422367,0.8684842998422367,0.9550561797752809,0.011976047904191617,0.9550561797752809,0.9880239520958084,0.12363096509168556
UBE2T,MDK,0.9959463096279352,0.9973592141559576,5.646122027854405,5.13613744533405,0.867824303691423,0.867824303691423,0.9382022471910112,0.0,0.9382022471910112,1.0,0.12359245255289909
UQCR10,POC1A,0.9952903182399246,0.9949539123999191,2.180370561124943,3.774388256072125,0.8684694217834759,0.8684694217834759,0.9438202247191011,0.0,0.9438202247191011,1.0,0.12353567333508668
DHRS7B,COX7A2,0.9949875529839196,0.9967705039359482,1.7343585581645686,2.320042726905739,0.8686512606141806,0.8686512606141806,0.949438202247191,0.005988023952095809,0.949438202247191,0.9940119760479041,0.12344992066540929
TP53TG1,OCIAD2,0.9946006862679136,0.996938706855951,2.8377416134024083,3.9669676209379,0.8694272548569566,0.8694272548569566,0.949438202247191,0.0,0.949438202247191,1.0,0.12344631851094727
KIF4A,MRPL14,0.996434098095943,0.9965350198479448,6.418663964206419,2.674413590795937,0.8681215862079389,0.8681215862079389,0.9382022471910112,0.0,0.9382022471910112,1.0,0.1232936634939256
SMYD3,NUDT1,0.9947857094799164,0.9945838659759132,3.0911119121307946,3.1617194577137866,0.868029481769203,0.868029481769203,0.949438202247191,0.011976047904191617,0.949438202247191,0.9880239520958084,0.12313926969191429
NUDT1,OCIAD2,0.9945838659759132,0.996938706855951,3.1617194577137866,3.9669676209379,0.8697713591414495,0.8697713591414495,0.949438202247191,0.0,0.949438202247191,1.0,0.12311995495767954
COX6B1,ATP5E,0.9954921617439276,0.9953575994079256,2.311949498755298,2.903379583529571,0.868218687592462,0.868218687592462,0.9438202247191011,0.005988023952095809,0.9438202247191011,0.9940119760479041,0.12306745408561595
TCEB2,SHFM1,0.9960304110879364,0.996064051671937,2.6273445132207485,2.8740591939716085,0.8698383686261013,0.8698383686261013,0.9606741573033708,0.011976047904191617,0.9606741573033708,0.9880239520958084,0.12305704922401592
TP53TG1,TCEB2,0.9946006862679136,0.9960304110879364,2.8377416134024083,2.6273445132207485,0.8691035311508201,0.8691035311508201,0.9550561797752809,0.011976047904191617,0.9550561797752809,0.9880239520958084,0.12293770788162268
CTSB,COMMD1,0.9947520688959162,0.9963331763439413,3.5799245004373272,1.9911958453878764,0.8660659583450451,0.8660659583450451,0.9269662921348315,0.005988023952095809,0.9269662921348315,0.9940119760479041,0.12285883468075313
NDUFA13,CFL1,0.998990782479984,0.9953575994079256,2.554904174796474,3.58724077238781,0.8686853189707427,0.8686853189707427,0.9438202247191011,0.005988023952095809,0.9438202247191011,0.9940119760479041,0.12284718490184861
BLOC1S1,BOLA2B,0.995122115319922,0.9969050662719504,2.293008490883402,2.9417004743322352,0.8693366567938443,0.8693366567938443,0.9438202247191011,0.0,0.9438202247191011,1.0,0.1228310911773242
LINC01420,BOLA2B,0.994869810939918,0.9969050662719504,2.968724063109736,2.9417004743322352,0.8700965194993915,0.8700965194993915,0.949438202247191,0.0,0.949438202247191,1.0,0.12282810288783837
LGALS3BP,NDUFC2,0.997746080871964,0.9971741909439548,4.172795868936285,2.232745428244634,0.869608362923665,0.869608362923665,0.949438202247191,0.005988023952095809,0.949438202247191,0.9940119760479041,0.12274494200181517
TP53TG1,SPA17,0.9946006862679136,0.9945502253919128,2.8377416134024083,2.7632888784229293,0.8668650889685238,0.8668650889685238,0.9382022471910112,0.011976047904191617,0.9382022471910112,0.9880239520958084,0.12274212329376906
MGST2,CORO2A,0.9968377851039494,0.9971405503599542,2.420642397228016,6.426852216914485,0.8672061216378857,0.8672061216378857,0.9325842696629213,0.005988023952095809,0.9325842696629213,0.9940119760479041,0.1227292831069411
OCIAD2,SPA17,0.996938706855951,0.9945502253919128,3.9669676209379,2.7632888784229293,0.86784639152221,0.86784639152221,0.9325842696629213,0.0,0.9325842696629213,1.0,0.12271990582658038
OCIAD2,IFI27,0.996938706855951,0.9963331763439413,3.9669676209379,6.051113907017427,0.8687553396349734,0.8687553396349734,0.9382022471910112,0.0,0.9382022471910112,1.0,0.12271980520055162
PIGU,SPA17,0.9947352486039158,0.9945502253919128,2.392829610442038,2.7632888784229293,0.8669032405294386,0.8669032405294386,0.9325842696629213,0.005988023952095809,0.9325842696629213,0.9940119760479041,0.12271970428426991
LINC01420,ATP5L,0.994869810939918,0.997611518535962,2.968724063109736,2.3200297147278457,0.8702379631295655,0.8702379631295655,0.9606741573033708,0.011976047904191617,0.9606741573033708,0.9880239520958084,0.12270309012949523
COX6B1,LINC01420,0.9954921617439276,0.994869810939918,2.311949498755298,2.968724063109736,0.8709099151434679,0.8709099151434679,0.9606741573033708,0.005988023952095809,0.9606741573033708,0.9940119760479041,0.12267686841498222
COX7B,POC1A,0.9969387068559512,0.9949539123999191,2.605707387472245,3.774388256072125,0.8695117945796086,0.8695117945796086,0.9438202247191011,0.0,0.9438202247191011,1.0,0.12265816536658992
NUDT1,SERTAD3,0.9945838659759132,0.9945502253919128,3.1617194577137866,3.3380839063446146,0.8686496982399468,0.8686496982399468,0.949438202247191,0.011976047904191617,0.949438202247191,0.9880239520958084,0.1225460494386241
CORO2A,IFI27,0.9971405503599542,0.9963331763439413,6.426852216914485,6.051113907017427,0.8682103690203659,0.8682103690203659,0.9438202247191011,0.011976047904191617,0.9438202247191011,0.9880239520958084,0.12249504312673241
PTTG1,OCIAD2,0.9954417008679272,0.996938706855951,5.344155052815717,3.9669676209379,0.8697822561924101,0.8697822561924101,0.9438202247191011,0.0,0.9438202247191011,1.0,0.12243390812371321
LGALS3BP,COX7A2,0.997746080871964,0.9967705039359482,4.172795868936285,2.320042726905739,0.8706758138244668,0.8706758138244668,0.9606741573033708,0.011976047904191617,0.9606741573033708,0.9880239520958084,0.12241397247140173
SNRPD1,KIF4A,0.9946847877279148,0.996434098095943,3.0110962154343013,6.418663964206419,0.8697268789562648,0.8697268789562648,0.9438202247191011,0.0,0.9438202247191011,1.0,0.12240842031760386
UBE2S,ATOX1,0.9958958487519344,0.9969723474399516,3.778860169548543,2.821290462894436,0.870621462202122,0.870621462202122,0.9550561797752809,0.005988023952095809,0.9550561797752809,0.9940119760479041,0.12238589135833965
EPHX4,S100A6,0.9968377851039494,0.9968377851039494,7.818003390970866,6.411394479580163,0.870768696925342,0.870768696925342,0.949438202247191,0.0,0.949438202247191,1.0,0.12230914135389687
MRPL17,PSMB6,0.9952398573639238,0.9951052950279218,2.2809577406983785,1.9886599845253323,0.8713277721523428,0.8713277721523428,0.9606741573033708,0.005988023952095809,0.9606741573033708,0.9940119760479041,0.12227873723981733
RGS10,CFL1,0.995189396487923,0.9953575994079256,4.373259220884075,3.58724077238781,0.867477763644199,0.867477763644199,0.9325842696629213,0.005988023952095809,0.9325842696629213,0.9940119760479041,0.12226746236904988
OCIAD2,CKS2,0.996938706855951,0.9946511471439144,3.9669676209379,4.81815380475005,0.870696770808881,0.870696770808881,0.949438202247191,0.0,0.949438202247191,1.0,0.12224918789199542
NDUFA13,COMMD1,0.998990782479984,0.9963331763439413,2.554904174796474,1.9911958453878764,0.868872502105557,0.868872502105557,0.9438202247191011,0.011976047904191617,0.9438202247191011,0.9880239520958084,0.12199272951565984
LGALS3BP,ATOX1,0.997746080871964,0.9969723474399516,4.172795868936285,2.821290462894436,0.8696509907220135,0.8696509907220135,0.949438202247191,0.011976047904191617,0.949438202247191,0.9880239520958084,0.1219532881160656
CD63,GRN,0.9978470026239656,0.9967368633519478,2.327627726569334,3.5322372199421377,0.8712511928545859,0.8712511928545859,0.949438202247191,0.0,0.949438202247191,1.0,0.1219080044966432
ATP5L,NDUFA13,0.997611518535962,0.998990782479984,2.3200297147278457,2.554904174796474,0.8705884364186952,0.8705884364186952,0.9550561797752809,0.011976047904191617,0.9550561797752809,0.9880239520958084,0.1219076749103033
ATP5E,GAPDH,0.9953575994079256,0.9971741909439548,2.903379583529571,3.5851202650878014,0.8703751894944044,0.8703751894944044,0.949438202247191,0.005988023952095809,0.949438202247191,0.9940119760479041,0.1218769892523581
UQCR10,COMMD1,0.9952903182399246,0.9963331763439413,2.180370561124943,1.9911958453878764,0.8690547630941164,0.8690547630941164,0.9438202247191011,0.011976047904191617,0.9438202247191011,0.9880239520958084,0.12159723605977686
NDUFA1,NDUFC2,0.995879028459934,0.9971741909439548,2.1289500067281164,2.232745428244634,0.8715880707029643,0.8715880707029643,0.9550561797752809,0.005988023952095809,0.9550561797752809,0.9940119760479041,0.12148280381938328
LGALS3BP,LINC01420,0.997746080871964,0.994869810939918,4.172795868936285,2.968724063109736,0.8715461065283673,0.8715461065283673,0.9606741573033708,0.011976047904191617,0.9606741573033708,0.9880239520958084,0.12147431186249401
NDUFA13,MDK,0.998990782479984,0.9973592141559576,2.554904174796474,5.13613744533405,0.8711026165676302,0.8711026165676302,0.949438202247191,0.005988023952095809,0.949438202247191,0.9940119760479041,0.12142527853053914
COX7B,BLOC1S1,0.9969387068559512,0.995122115319922,2.605707387472245,2.293008490883402,0.8716023337963534,0.8716023337963534,0.9550561797752809,0.005988023952095809,0.9550561797752809,0.9940119760479041,0.12140882738002873
TPX2,CKLF,0.9954080602839264,0.9949875529839196,6.654686059341989,3.8934817230707113,0.8699861839202354,0.8699861839202354,0.9382022471910112,0.0,0.9382022471910112,1.0,0.12139348644557804
UQCR10,ATP5L,0.9952903182399246,0.997611518535962,2.180370561124943,2.3200297147278457,0.8716660236343191,0.8716660236343191,0.9606741573033708,0.011976047904191617,0.9606741573033708,0.9880239520958084,0.12137832605900568
MAD2L1,OCIAD2,0.9951389356119222,0.996938706855951,4.156349323824261,3.9669676209379,0.8702738018264207,0.8702738018264207,0.9382022471910112,0.0,0.9382022471910112,1.0,0.12122729791291756
LGALS3BP,NAGA,0.997746080871964,0.9948361703559174,4.172795868936285,2.921225973894907,0.8718768319406719,0.8718768319406719,0.9550561797752809,0.005988023952095809,0.9550561797752809,0.9940119760479041,0.12118098175390332
UQCR10,SNRPD1,0.9952903182399246,0.9946847877279148,2.180370561124943,3.0110962154343013,0.8717512617315798,0.8717512617315798,0.949438202247191,0.0,0.949438202247191,1.0,0.12115391464293275
GBA,CTSB,0.9949202718159188,0.9947520688959162,2.296132345421516,3.5799245004373272,0.8670351032179392,0.8670351032179392,0.9213483146067416,0.005988023952095809,0.9213483146067416,0.9940119760479041,0.12114459166197915
SMYD3,GRN,0.9947857094799164,0.9967368633519478,3.0911119121307946,3.5322372199421377,0.8719307698487029,0.8719307698487029,0.949438202247191,0.0,0.949438202247191,1.0,0.12107841826299087
TEX264,CCDC51,0.9965686604319453,0.994634326851914,1.974107619592277,2.608153639911189,0.8727698432711786,0.8727698432711786,0.9550561797752809,0.0,0.9550561797752809,1.0,0.12097747636425248
HLA-A,MRPL14,0.9976787997039628,0.9965350198479448,4.352046642669716,2.674413590795937,0.8723349508398142,0.8723349508398142,0.949438202247191,0.0,0.949438202247191,1.0,0.12085940308208917
POC1A,NDUFC2,0.9949539123999191,0.9971741909439548,3.774388256072125,2.232745428244634,0.8714689301142665,0.8714689301142665,0.9438202247191011,0.0,0.9438202247191011,1.0,0.12083275249251076
CCNB1,CFL1,0.9945165848079124,0.9953575994079256,3.72830410078719,3.58724077238781,0.8697790564827996,0.8697790564827996,0.9382022471910112,0.005988023952095809,0.9382022471910112,0.9940119760479041,0.12082715382683022
TEX264,COX6B1,0.9965686604319453,0.9954921617439276,1.974107619592277,2.311949498755298,0.8729685197872727,0.8729685197872727,0.9606741573033708,0.005988023952095809,0.9606741573033708,0.9940119760479041,0.12082357514450391
NAGA,CCDC51,0.9948361703559174,0.994634326851914,2.921225973894907,2.608153639911189,0.8713018959791525,0.8713018959791525,0.949438202247191,0.005988023952095809,0.949438202247191,0.9940119760479041,0.1208197619300189
PSMB3,SHFM1,0.9950548341519208,0.996064051671937,2.7755753481800447,2.8740591939716085,0.873154672839196,0.873154672839196,0.9550561797752809,0.0,0.9550561797752809,1.0,0.12060646489613783
GTF3A,PSMB6,0.9957276458319316,0.9951052950279218,1.6110134562336,1.9886599845253323,0.8709441795195348,0.8709441795195348,0.949438202247191,0.011976047904191617,0.949438202247191,0.9880239520958084,0.12050819846061037
COX7B,OCIAD2,0.9969387068559512,0.996938706855951,2.605707387472245,3.9669676209379,0.8726937377209052,0.8726937377209052,0.949438202247191,0.0,0.949438202247191,1.0,0.12049941203938382
PSMB3,HLA-A,0.9950548341519208,0.9976787997039628,2.7755753481800447,4.352046642669716,0.8727894198558586,0.8727894198558586,0.949438202247191,0.0,0.949438202247191,1.0,0.12033977381013472
MGST2,SPA17,0.9968377851039494,0.9945502253919128,2.420642397228016,2.7632888784229293,0.8697218992573443,0.8697218992573443,0.9325842696629213,0.005988023952095809,0.9325842696629213,0.9940119760479041,0.12024776515053665
DHRS7B,NDUFA13,0.9949875529839196,0.998990782479984,1.7343585581645686,2.554904174796474,0.8715726702151905,0.8715726702151905,0.9438202247191011,0.005988023952095809,0.9438202247191011,0.9940119760479041,0.12012372442542496
LGALS3BP,NDUFA13,0.997746080871964,0.998990782479984,4.172795868936285,2.554904174796474,0.8718511339888555,0.8718511339888555,0.949438202247191,0.011976047904191617,0.949438202247191,0.9880239520958084,0.12001617545862395
BOLA2B,CKS2,0.9969050662719504,0.9946511471439144,2.9417004743322352,4.81815380475005,0.8715745691032668,0.8715745691032668,0.9382022471910112,0.0,0.9382022471910112,1.0,0.11998033604528312
TCEB2,ATP5L,0.9960304110879364,0.997611518535962,2.6273445132207485,2.3200297147278457,0.8724687138248772,0.8724687138248772,0.9550561797752809,0.011976047904191617,0.9550561797752809,0.9880239520958084,0.11995829796786285
BOLA2B,NDUFC2,0.9969050662719504,0.9971741909439548,2.9417004743322352,2.232745428244634,0.8726348277236897,0.8726348277236897,0.9438202247191011,0.0,0.9438202247191011,1.0,0.1198539597907041
TEX264,UQCR10,0.9965686604319453,0.9952903182399246,1.974107619592277,2.180370561124943,0.8740438155733079,0.8740438155733079,0.9606741573033708,0.005988023952095809,0.9606741573033708,0.9940119760479041,0.11978868932414778
HLA-A,NDUFA13,0.9976787997039628,0.998990782479984,4.352046642669716,2.554904174796474,0.8720945277416734,0.8720945277416734,0.949438202247191,0.011976047904191617,0.949438202247191,0.9880239520958084,0.11978419183228403
LGALS3BP,TCEB2,0.997746080871964,0.9960304110879364,4.172795868936285,2.6273445132207485,0.8726701705780803,0.8726701705780803,0.9550561797752809,0.011976047904191617,0.9550561797752809,0.9880239520958084,0.11977688788566554
OCIAD2,CCNB1,0.996938706855951,0.9945165848079124,3.9669676209379,3.72830410078719,0.8710657865583953,0.8710657865583953,0.9325842696629213,0.0,0.9325842696629213,1.0,0.11972830278476711
NUDT1,NDUFA13,0.9945838659759132,0.998990782479984,3.1617194577137866,2.554904174796474,0.8719601219206278,0.8719601219206278,0.949438202247191,0.011976047904191617,0.949438202247191,0.9880239520958084,0.1197241972807437
ATOX1,CD63,0.9969723474399516,0.9978470026239656,2.821290462894436,2.327627726569334,0.8720645008906549,0.8720645008906549,0.949438202247191,0.011976047904191617,0.949438202247191,0.9880239520958084,0.11970128697233556
SNRPD1,DYNLRB1,0.9946847877279148,0.9958958487519344,3.0110962154343013,2.7184927538182064,0.8733621566919476,0.8733621566919476,0.949438202247191,0.0,0.949438202247191,1.0,0.11966853861276332
NDUFA1,SPA17,0.995879028459934,0.9945502253919128,2.1289500067281164,2.7632888784229293,0.8712046211094892,0.8712046211094892,0.9382022471910112,0.005988023952095809,0.9382022471910112,0.9940119760479041,0.11953776102293398
DYNLRB1,GBA,0.9958958487519344,0.9949202718159188,2.7184927538182064,2.296132345421516,0.8735327750139196,0.8735327750139196,0.9550561797752809,0.005988023952095809,0.9550561797752809,0.9940119760479041,0.11950874292153744
NUDT1,PKM,0.9945838659759132,0.9953239588239252,3.1617194577137866,4.02694682432887,0.8727393525621026,0.8727393525621026,0.949438202247191,0.005988023952095809,0.949438202247191,0.9940119760479041,0.11949656232355897
UBE2T,OCIAD2,0.9959463096279352,0.996938706855951,5.646122027854405,3.9669676209379,0.8722304265047807,0.8722304265047807,0.9382022471910112,0.0,0.9382022471910112,1.0,0.11944725127262247
SMYD3,PKM,0.9947857094799164,0.9953239588239252,3.0911119121307946,4.02694682432887,0.8729392138782214,0.8729392138782214,0.949438202247191,0.005988023952095809,0.949438202247191,0.9940119760479041,0.1193209963397787
UBE2T,BOLA2B,0.9959463096279352,0.9969050662719504,5.646122027854405,2.9417004743322352,0.8717190055895067,0.8717190055895067,0.9325842696629213,0.0,0.9325842696629213,1.0,0.11920523239134183
MRPL17,SERTAD3,0.9952398573639238,0.9945502253919128,2.2809577406983785,3.3380839063446146,0.8745458611489589,0.8745458611489589,0.9606741573033708,0.005988023952095809,0.9606741573033708,0.9940119760479041,0.11918730091592084
MAN2B1,HLA-A,0.9949202718159188,0.9976787997039628,2.349282665007065,4.352046642669716,0.872567705993001,0.872567705993001,0.9382022471910112,0.0,0.9382022471910112,1.0,0.1191148472197728
NDUFA1,LINC01420,0.995879028459934,0.994869810939918,2.1289500067281164,2.968724063109736,0.8739544538666322,0.8739544538666322,0.9606741573033708,0.011976047904191617,0.9606741573033708,0.9880239520958084,0.11908513710637292
TP53TG1,ATOX1,0.9946006862679136,0.9969723474399516,2.8377416134024083,2.821290462894436,0.8725197476289277,0.8725197476289277,0.949438202247191,0.011976047904191617,0.949438202247191,0.9880239520958084,0.11908123538115595
NDUFA13,GRN,0.998990782479984,0.9967368633519478,2.554904174796474,3.5322372199421377,0.8735817516206866,0.8735817516206866,0.9438202247191011,0.0,0.9438202247191011,1.0,0.11906121927624973
CKLF,GRN,0.9949875529839196,0.9967368633519478,3.8934817230707113,3.5322372199421377,0.8733917174631963,0.8733917174631963,0.9438202247191011,0.0,0.9438202247191011,1.0,0.11900101034644808
CCDC51,PKM,0.994634326851914,0.9953239588239252,2.608153639911189,4.02694682432887,0.8740691439986608,0.8740691439986608,0.9550561797752809,0.005988023952095809,0.9550561797752809,0.9940119760479041,0.11895060859332089
ATP5E,CFL1,0.9953575994079256,0.9953575994079256,2.903379583529571,3.58724077238781,0.8718677275280028,0.8718677275280028,0.9382022471910112,0.005988023952095809,0.9382022471910112,0.9940119760479041,0.11893940206916828
TCEB2,COX7A2,0.9960304110879364,0.9967705039359482,2.6273445132207485,2.320042726905739,0.8742770909350293,0.8742770909350293,0.9606741573033708,0.011976047904191617,0.9606741573033708,0.9880239520958084,0.11890275595176047
UBE2T,LGALS3BP,0.9959463096279352,0.997746080871964,5.646122027854405,4.172795868936285,0.8736715807508334,0.8736715807508334,0.9438202247191011,0.0,0.9438202247191011,1.0,0.11885528475010862
HPSE,RGS10,0.9949875529839196,0.995189396487923,4.325412251900693,4.373259220884075,0.8719836694947924,0.8719836694947924,0.9382022471910112,0.005988023952095809,0.9382022471910112,0.9940119760479041,0.11879964865492669
MGST2,NDUFA13,0.9968377851039494,0.998990782479984,2.420642397228016,2.554904174796474,0.8731736853913775,0.8731736853913775,0.9438202247191011,0.005988023952095809,0.9438202247191011,0.9940119760479041,0.11873629902644488
SERTAD3,GAPDH,0.9945502253919128,0.9971741909439548,3.3380839063446146,3.5851202650878014,0.8744419635542608,0.8744419635542608,0.9550561797752809,0.005988023952095809,0.9550561797752809,0.9940119760479041,0.11870371280160541
PIGU,PSMB6,0.9947352486039158,0.9951052950279218,2.392829610442038,1.9886599845253323,0.8750591772385319,0.8750591772385319,0.9606741573033708,0.005988023952095809,0.9606741573033708,0.9940119760479041,0.11870263682739494
LGALS3BP,OCIAD2,0.997746080871964,0.996938706855951,4.172795868936285,3.9669676209379,0.8746432572928498,0.8746432572928498,0.949438202247191,0.0,0.949438202247191,1.0,0.11870217619153273
BLOC1S1,GRN,0.995122115319922,0.9967368633519478,2.293008490883402,3.5322372199421377,0.8744732789114819,0.8744732789114819,0.949438202247191,0.0,0.949438202247191,1.0,0.11869474149526783
PSMB3,ATP5E,0.9950548341519208,0.9953575994079256,2.7755753481800447,2.903379583529571,0.8737337761820326,0.8737337761820326,0.9438202247191011,0.0,0.9438202247191011,1.0,0.11860132805268732
ATOX1,MRPL17,0.9969723474399516,0.9952398573639238,2.821290462894436,2.2809577406983785,0.8747207629482838,0.8747207629482838,0.9550561797752809,0.005988023952095809,0.9550561797752809,0.9940119760479041,0.11846914020178227
DYNLRB1,SHFM1,0.9958958487519344,0.996064051671937,2.7184927538182064,2.8740591939716085,0.8739481377030152,0.8739481377030152,0.9550561797752809,0.011976047904191617,0.9550561797752809,0.9880239520958084,0.1184666900137109
MRPL14,CCNB1,0.9965350198479448,0.9945165848079124,2.674413590795937,3.72830410078719,0.8724258450111223,0.8724258450111223,0.9325842696629213,0.0,0.9325842696629213,1.0,0.11844133852959132
ATOX1,COMMD1,0.9969723474399516,0.9963331763439413,2.821290462894436,1.9911958453878764,0.8718155041707677,0.8718155041707677,0.9382022471910112,0.011976047904191617,0.9382022471910112,0.9880239520958084,0.11842497891566642
MAD2L1,GAPDH,0.9951389356119222,0.9971741909439548,4.156349323824261,3.5851202650878014,0.8740433297177097,0.8740433297177097,0.9438202247191011,0.0,0.9438202247191011,1.0,0.11842354335267927
MRPL17,MGST2,0.9952398573639238,0.9968377851039494,2.2809577406983785,2.420642397228016,0.8740430855515706,0.8740430855515706,0.949438202247191,0.005988023952095809,0.949438202247191,0.9940119760479041,0.11840133470205928
SNRPD1,BOLA2B,0.9946847877279148,0.9969050662719504,3.0110962154343013,2.9417004743322352,0.873386530338331,0.873386530338331,0.9382022471910112,0.0,0.9382022471910112,1.0,0.11828952516901474
PSMB3,BLOC1S1,0.9950548341519208,0.995122115319922,2.7755753481800447,2.293008490883402,0.8756129022265982,0.8756129022265982,0.9550561797752809,0.0,0.9550561797752809,1.0,0.11821319358442474
COMMD1,CFL1,0.9963331763439413,0.9953575994079256,1.9911958453878764,3.58724077238781,0.8727250424625203,0.8727250424625203,0.9382022471910112,0.005988023952095809,0.9382022471910112,0.9940119760479041,0.11820149320035699
ATP5L,NDUFC2,0.997611518535962,0.9971741909439548,2.3200297147278457,2.232745428244634,0.8751822158100229,0.8751822158100229,0.9550561797752809,0.005988023952095809,0.9550561797752809,0.9940119760479041,0.11818524427156793
CKS2,S100A6,0.9946511471439144,0.9968377851039494,4.81815380475005,6.411394479580163,0.8742449152045114,0.8742449152045114,0.9438202247191011,0.0,0.9438202247191011,1.0,0.11818510225676965
KIF4A,CCDC51,0.996434098095943,0.994634326851914,6.418663964206419,2.608153639911189,0.8742497272721617,0.8742497272721617,0.9438202247191011,0.0,0.9438202247191011,1.0,0.11815562576621552
SMYD3,GBA,0.9947857094799164,0.9949202718159188,3.0911119121307946,2.296132345421516,0.8741902749091368,0.8741902749091368,0.949438202247191,0.005988023952095809,0.949438202247191,0.9940119760479041,0.1181221769846818
GBA,OCIAD2,0.9949202718159188,0.996938706855951,2.296132345421516,3.9669676209379,0.8743403308643286,0.8743403308643286,0.9438202247191011,0.0,0.9438202247191011,1.0,0.11811737403868076
OCIAD2,MDK,0.996938706855951,0.9973592141559576,3.9669676209379,5.13613744533405,0.8752506258890842,0.8752506258890842,0.949438202247191,0.0,0.949438202247191,1.0,0.11810413917652307
SNRPD1,NUDT1,0.9946847877279148,0.9945838659759132,3.0110962154343013,3.1617194577137866,0.8749514619575739,0.8749514619575739,0.949438202247191,0.0,0.949438202247191,1.0,0.11808881499820174
CD63,COX7A2,0.9978470026239656,0.9967705039359482,2.327627726569334,2.320042726905739,0.8752919489415312,0.8752919489415312,0.9606741573033708,0.011976047904191617,0.9606741573033708,0.9880239520958084,0.11805046553695582
TCEB2,LINC01420,0.9960304110879364,0.994869810939918,2.6273445132207485,2.968724063109736,0.8750949392014821,0.8750949392014821,0.9606741573033708,0.011976047904191617,0.9606741573033708,0.9880239520958084,0.11801660460686257
PKM,CORO2A,0.9953239588239252,0.9971405503599542,4.02694682432887,6.426852216914485,0.8714535511613519,0.8714535511613519,0.9269662921348315,0.005988023952095809,0.9269662921348315,0.9940119760479041,0.11799843325652745
CCNB1,CKLF,0.9945165848079124,0.9949875529839196,3.72830410078719,3.8934817230707113,0.8736213755504662,0.8736213755504662,0.9382022471910112,0.0,0.9382022471910112,1.0,0.1179464690371391
PIGU,COX7A2,0.9947352486039158,0.9967705039359482,2.392829610442038,2.320042726905739,0.8760439936540623,0.8760439936540623,0.9606741573033708,0.005988023952095809,0.9606741573033708,0.9940119760479041,0.11786554538246996
LGALS3BP,TPX2,0.997746080871964,0.9954080602839264,4.172795868936285,6.654686059341989,0.8739645894782612,0.8739645894782612,0.9382022471910112,0.0,0.9382022471910112,1.0,0.11784195525024055
COX6B1,CKS2,0.9954921617439276,0.9946511471439144,2.311949498755298,4.81815380475005,0.8752832653145863,0.8752832653145863,0.949438202247191,0.0,0.949438202247191,1.0,0.11782726287035744
NUDT1,PSMB6,0.9945838659759132,0.9951052950279218,3.1617194577137866,1.9886599845253323,0.8729868538348294,0.8729868538348294,0.949438202247191,0.017964071856287425,0.949438202247191,0.9820359281437125,0.11781429572176084
UQCR10,LGALS3BP,0.9952903182399246,0.997746080871964,2.180370561124943,4.172795868936285,0.8747106809355495,0.8747106809355495,0.9550561797752809,0.011976047904191617,0.9550561797752809,0.9880239520958084,0.11781366752164388
GBA,CKLF,0.9949202718159188,0.9949875529839196,2.296132345421516,3.8934817230707113,0.873077959659396,0.873077959659396,0.9382022471910112,0.005988023952095809,0.9382022471910112,0.9940119760479041,0.11776821562194532
UBE2S,NUDT1,0.9958958487519344,0.9945838659759132,3.778860169548543,3.1617194577137866,0.8746525434081371,0.8746525434081371,0.949438202247191,0.005988023952095809,0.949438202247191,0.9940119760479041,0.11773392038363395
UBE2S,PIGU,0.9958958487519344,0.9947352486039158,3.778860169548543,2.392829610442038,0.87616217819558,0.87616217819558,0.9606741573033708,0.005988023952095809,0.9606741573033708,0.9940119760479041,0.11770145137140624
TCEB2,GAPDH,0.9960304110879364,0.9971741909439548,2.6273445132207485,3.5851202650878014,0.876335901955012,0.876335901955012,0.9606741573033708,0.005988023952095809,0.9606741573033708,0.9940119760479041,0.11768828788037665
UQCR10,S100A6,0.9952903182399246,0.9968377851039494,2.180370561124943,6.411394479580163,0.8726892652743585,0.8726892652743585,0.9325842696629213,0.005988023952095809,0.9325842696629213,0.9940119760479041,0.11755253354384528
HPSE,CKLF,0.9949875529839196,0.9949875529839196,4.325412251900693,3.8934817230707113,0.8740943678274172,0.8740943678274172,0.9438202247191011,0.005988023952095809,0.9438202247191011,0.9940119760479041,0.11752863769143469
PSMB3,ATP5L,0.9950548341519208,0.997611518535962,2.7755753481800447,2.3200297147278457,0.8772113289887893,0.8772113289887893,0.9606741573033708,0.0,0.9606741573033708,1.0,0.1175273648871252
DYNLRB1,COMMD1,0.9958958487519344,0.9963331763439413,2.7184927538182064,1.9911958453878764,0.8735346543328498,0.8735346543328498,0.9438202247191011,0.011976047904191617,0.9438202247191011,0.9880239520958084,0.11747286354616665
UBE2S,CFL1,0.9958958487519344,0.9953575994079256,3.778860169548543,3.58724077238781,0.8750126664794257,0.8750126664794257,0.9438202247191011,0.0,0.9438202247191011,1.0,0.11744967720971126
ATOX1,COX7A2,0.9969723474399516,0.9967705039359482,2.821290462894436,2.320042726905739,0.8751700973995653,0.8751700973995653,0.9550561797752809,0.011976047904191617,0.9550561797752809,0.9880239520958084,0.11742327024875933
SERTAD3,BOLA2B,0.9945502253919128,0.9969050662719504,3.3380839063446146,2.9417004743322352,0.8758084346729936,0.8758084346729936,0.949438202247191,0.0,0.949438202247191,1.0,0.11740845376862921
CD63,ATP5E,0.9978470026239656,0.9953575994079256,2.327627726569334,2.903379583529571,0.8744469233035737,0.8744469233035737,0.949438202247191,0.011976047904191617,0.949438202247191,0.9880239520958084,0.1173771122249062
PTTG1,MDK,0.9954417008679272,0.9973592141559576,5.344155052815717,5.13613744533405,0.8752917694938395,0.8752917694938395,0.9438202247191011,0.0,0.9438202247191011,1.0,0.1172784762502789
BOLA2B,ATP5L,0.9969050662719504,0.997611518535962,2.9417004743322352,2.3200297147278457,0.8762430459708966,0.8762430459708966,0.949438202247191,0.0,0.949438202247191,1.0,0.11717743045810207
OCIAD2,SHFM1,0.996938706855951,0.996064051671937,3.9669676209379,2.8740591939716085,0.8776463835951116,0.8776463835951116,0.9606741573033708,0.0,0.9606741573033708,1.0,0.11713072260350496
OCIAD2,CORO2A,0.996938706855951,0.9971405503599542,3.9669676209379,6.426852216914485,0.8748472683546722,0.8748472683546722,0.9382022471910112,0.0,0.9382022471910112,1.0,0.11707097148416315
KIF4A,CKLF,0.996434098095943,0.9949875529839196,6.418663964206419,3.8934817230707113,0.8754306855769591,0.8754306855769591,0.9438202247191011,0.0,0.9438202247191011,1.0,0.11706675563700203
PSMB6,ATP5E,0.9951052950279218,0.9953575994079256,1.9886599845253323,2.903379583529571,0.8738836998572436,0.8738836998572436,0.9438202247191011,0.011976047904191617,0.9438202247191011,0.9880239520958084,0.11704478393437388
UQCR10,OCIAD2,0.9952903182399246,0.996938706855951,2.180370561124943,3.9669676209379,0.8762545085085008,0.8762545085085008,0.949438202247191,0.0,0.949438202247191,1.0,0.11703219612001732
SNRPD1,OCIAD2,0.9946847877279148,0.996938706855951,3.0110962154343013,3.9669676209379,0.876258956013974,0.876258956013974,0.949438202247191,0.0,0.949438202247191,1.0,0.11699241967844648
CORO2A,CFL1,0.9971405503599542,0.9953575994079256,6.426852216914485,3.58724077238781,0.8733699515496962,0.8733699515496962,0.9325842696629213,0.005988023952095809,0.9325842696629213,0.9940119760479041,0.11694574012392121
BOLA2B,POC1A,0.9969050662719504,0.9949539123999191,2.9417004743322352,3.774388256072125,0.8741102622870967,0.8741102622870967,0.9325842696629213,0.0,0.9325842696629213,1.0,0.11692489979800974
UQCR10,SHFM1,0.9952903182399246,0.996064051671937,2.180370561124943,2.8740591939716085,0.8755516523067973,0.8755516523067973,0.9550561797752809,0.011976047904191617,0.9550561797752809,0.9880239520958084,0.11692411266653965
IFI27,MDK,0.9963331763439413,0.9973592141559576,6.051113907017427,5.13613744533405,0.8734832231642097,0.8734832231642097,0.9325842696629213,0.005988023952095809,0.9325842696629213,0.9940119760479041,0.11691116210213855
SNRPD1,CCDC51,0.9946847877279148,0.994634326851914,3.0110962154343013,2.608153639911189,0.8762648254109823,0.8762648254109823,0.949438202247191,0.0,0.949438202247191,1.0,0.11685151237227834
LGALS3BP,BOLA2B,0.997746080871964,0.9969050662719504,4.172795868936285,2.9417004743322352,0.8759343395084327,0.8759343395084327,0.9438202247191011,0.0,0.9438202247191011,1.0,0.1167825157850363
OCIAD2,CD63,0.996938706855951,0.9978470026239656,3.9669676209379,2.327627726569334,0.8774091267081496,0.8774091267081496,0.9550561797752809,0.0,0.9550561797752809,1.0,0.11677592350110076
BOLA2B,MDK,0.9969050662719504,0.9973592141559576,2.9417004743322352,5.13613744533405,0.875193713498357,0.875193713498357,0.9382022471910112,0.0,0.9382022471910112,1.0,0.11675773060925311
DYNLRB1,SPA17,0.9958958487519344,0.9945502253919128,2.7184927538182064,2.7632888784229293,0.8734569502356503,0.8734569502356503,0.9325842696629213,0.005988023952095809,0.9325842696629213,0.9940119760479041,0.11674503507712854
CKLF,NDUFC2,0.9949875529839196,0.9971741909439548,3.8934817230707113,2.232745428244634,0.8750961535866303,0.8750961535866303,0.9438202247191011,0.005988023952095809,0.9438202247191011,0.9940119760479041,0.11672162072618376
NPC2,GRN,0.9945838659759134,0.9967368633519478,2.7663828399381023,3.5322372199421377,0.8750657705075148,0.8750657705075148,0.9382022471910112,0.0,0.9382022471910112,1.0,0.11670491068959365
COX6B1,UBE2S,0.9954921617439276,0.9958958487519344,2.311949498755298,3.778860169548543,0.8780142560087553,0.8780142560087553,0.9606741573033708,0.0,0.9606741573033708,1.0,0.11668393852270953
TP53TG1,TEX264,0.9946006862679136,0.9965686604319453,2.8377416134024083,1.974107619592277,0.8765783860514329,0.8765783860514329,0.9550561797752809,0.005988023952095809,0.9550561797752809,0.9940119760479041,0.11665140108289561
HLA-A,PKM,0.9976787997039628,0.9953239588239252,4.352046642669716,4.02694682432887,0.8760135700840957,0.8760135700840957,0.949438202247191,0.005988023952095809,0.949438202247191,0.9940119760479041,0.11660317563105196
NPC2,MAN2B1,0.9945838659759134,0.9949202718159188,2.7663828399381023,2.349282665007065,0.8728720645535416,0.8728720645535416,0.9213483146067416,0.0,0.9213483146067416,1.0,0.1165144235683836
LGALS3BP,CD63,0.997746080871964,0.9978470026239656,4.172795868936285,2.327627726569334,0.8762547714190403,0.8762547714190403,0.9550561797752809,0.011976047904191617,0.9550561797752809,0.9880239520958084,0.11651097826353357
PIGU,NDUFA13,0.9947352486039158,0.998990782479984,2.392829610442038,2.554904174796474,0.876913570356802,0.876913570356802,0.9550561797752809,0.005988023952095809,0.9550561797752809,0.9940119760479041,0.11648397806678676
KIF4A,UBE2S,0.996434098095943,0.9958958487519344,6.418663964206419,3.778860169548543,0.8754179819790257,0.8754179819790257,0.9382022471910112,0.0,0.9382022471910112,1.0,0.11643487935983753
CCDC51,CKS2,0.994634326851914,0.9946511471439144,2.608153639911189,4.81815380475005,0.8774910839135773,0.8774910839135773,0.9550561797752809,0.0,0.9550561797752809,1.0,0.11637608209260693
SHFM1,CFL1,0.996064051671937,0.9953575994079256,2.8740591939716085,3.58724077238781,0.876345701546692,0.876345701546692,0.949438202247191,0.005988023952095809,0.949438202247191,0.9940119760479041,0.11619856531387421
PSMB3,PIGU,0.9950548341519208,0.9947352486039158,2.7755753481800447,2.392829610442038,0.878443665826975,0.878443665826975,0.9606741573033708,0.0,0.9606741573033708,1.0,0.1161798921009898
PSMB3,MDK,0.9950548341519208,0.9973592141559576,2.7755753481800447,5.13613744533405,0.8773131001491334,0.8773131001491334,0.949438202247191,0.0,0.949438202247191,1.0,0.11604181004002584
MRPL14,CD63,0.9965350198479448,0.9978470026239656,2.674413590795937,2.327627726569334,0.8781592870706348,0.8781592870706348,0.9550561797752809,0.0,0.9550561797752809,1.0,0.11603785862402456
CCDC51,CCNB1,0.994634326851914,0.9945165848079124,2.608153639911189,3.72830410078719,0.8756657953413937,0.8756657953413937,0.9382022471910112,0.0,0.9382022471910112,1.0,0.11601785371735043
MISP,OCIAD2,0.996366816927942,0.996938706855951,7.767093157505214,3.9669676209379,0.8788302743277814,0.8788302743277814,0.9606741573033708,0.0,0.9606741573033708,1.0,0.11601499010709526
HPSE,CFL1,0.9949875529839196,0.9953575994079256,4.325412251900693,3.58724077238781,0.8751476278936646,0.8751476278936646,0.9325842696629213,0.0,0.9325842696629213,1.0,0.1158732754363865
CD63,CKLF,0.9978470026239656,0.9949875529839196,2.327627726569334,3.8934817230707113,0.8767890097275518,0.8767890097275518,0.949438202247191,0.005988023952095809,0.949438202247191,0.9940119760479041,0.11586413317811531
IFI27,GRN,0.9963331763439413,0.9967368633519478,6.051113907017427,3.5322372199421377,0.8753521762674555,0.8753521762674555,0.9325842696629213,0.0,0.9325842696629213,1.0,0.11584181443007961
LINC01420,COMMD1,0.994869810939918,0.9963331763439413,2.968724063109736,1.9911958453878764,0.8752639964522467,0.8752639964522467,0.9438202247191011,0.011976047904191617,0.9438202247191011,0.9880239520958084,0.11580681497685023
UBE2S,BOLA2B,0.9958958487519344,0.9969050662719504,3.778860169548543,2.9417004743322352,0.8777270282510751,0.8777270282510751,0.949438202247191,0.0,0.949438202247191,1.0,0.11567275732384011
HLA-A,CFL1,0.9976787997039628,0.9953575994079256,4.352046642669716,3.58724077238781,0.8770137801288704,0.8770137801288704,0.949438202247191,0.005988023952095809,0.949438202247191,0.9940119760479041,0.11566447929213952
UQCR10,CFL1,0.9952903182399246,0.9953575994079256,2.180370561124943,3.58724077238781,0.8762701874027707,0.8762701874027707,0.9438202247191011,0.005988023952095809,0.9438202247191011,0.9940119760479041,0.1155366337049787
SNRPD1,TCEB2,0.9946847877279148,0.9960304110879364,3.0110962154343013,2.6273445132207485,0.8784734081474048,0.8784734081474048,0.9550561797752809,0.0,0.9550561797752809,1.0,0.1155259036191371
COX6B1,ATP5L,0.9954921617439276,0.997611518535962,2.311949498755298,2.3200297147278457,0.8786309103204467,0.8786309103204467,0.9606741573033708,0.005988023952095809,0.9606741573033708,0.9940119760479041,0.1154983327047987
HLA-A,CKLF,0.9976787997039628,0.9949875529839196,4.352046642669716,3.8934817230707113,0.8778962049255912,0.8778962049255912,0.9550561797752809,0.005988023952095809,0.9550561797752809,0.9940119760479041,0.11549263504546935
CKS2,MDK,0.9946511471439144,0.9973592141559576,4.81815380475005,5.13613744533405,0.877890461320063,0.877890461320063,0.949438202247191,0.0,0.949438202247191,1.0,0.11547231965902517
MRPL17,CCNB1,0.9952398573639238,0.9945165848079124,2.2809577406983785,3.72830410078719,0.8763127977448801,0.8763127977448801,0.9382022471910112,0.0,0.9382022471910112,1.0,0.11544926138405351
PIGU,CFL1,0.9947352486039158,0.9953575994079256,2.392829610442038,3.58724077238781,0.877142424851765,0.877142424851765,0.9438202247191011,0.0,0.9438202247191011,1.0,0.11538106998108263
PSMB6,ATP5L,0.9951052950279218,0.997611518535962,1.9886599845253323,2.3200297147278457,0.8782527817219291,0.8782527817219291,0.9606741573033708,0.011976047904191617,0.9606741573033708,0.9880239520958084,0.11513787711081398
SNRPD1,COX7A2,0.9946847877279148,0.9967705039359482,3.0110962154343013,2.320042726905739,0.8790186957777897,0.8790186957777897,0.9550561797752809,0.0,0.9550561797752809,1.0,0.11505029759149378
LGALS3BP,SERTAD3,0.997746080871964,0.9945502253919128,4.172795868936285,3.3380839063446146,0.8776117660510008,0.8776117660510008,0.9550561797752809,0.011976047904191617,0.9550561797752809,0.9880239520958084,0.11504294592730856
MRPL14,SERTAD3,0.9965350198479448,0.9945502253919128,2.674413590795937,3.3380839063446146,0.8790412624937618,0.8790412624937618,0.9550561797752809,0.0,0.9550561797752809,1.0,0.11500746286617139
CORO2A,CKLF,0.9971405503599542,0.9949875529839196,6.426852216914485,3.8934817230707113,0.8770763572137983,0.8770763572137983,0.9438202247191011,0.005988023952095809,0.9438202247191011,0.9940119760479041,0.1148691968986407
DYNLRB1,NDUFA1,0.9958958487519344,0.995879028459934,2.7184927538182064,2.1289500067281164,0.8777995206661166,0.8777995206661166,0.9550561797752809,0.011976047904191617,0.9550561797752809,0.9880239520958084,0.11483639649480899
TCEB2,SERTAD3,0.9960304110879364,0.9945502253919128,2.6273445132207485,3.3380839063446146,0.8777264941950068,0.8777264941950068,0.9550561797752809,0.011976047904191617,0.9550561797752809,0.9880239520958084,0.11483612675651653
LGALS3BP,POC1A,0.997746080871964,0.9949539123999191,4.172795868936285,3.774388256072125,0.8786224072181507,0.8786224072181507,0.949438202247191,0.0,0.949438202247191,1.0,0.11481989518549861
COX7B,CKLF,0.9969387068559512,0.9949875529839196,2.605707387472245,3.8934817230707113,0.8771913418528395,0.8771913418528395,0.9438202247191011,0.005988023952095809,0.9438202247191011,0.9940119760479041,0.11475011878775573
NDUFA13,S100A6,0.998990782479984,0.9968377851039494,2.554904174796474,6.411394479580163,0.87598778118951,0.87598778118951,0.9325842696629213,0.005988023952095809,0.9325842696629213,0.9940119760479041,0.1147195459797906
PIGU,LINC01420,0.9947352486039158,0.994869810939918,2.392829610442038,2.968724063109736,0.8793135480654718,0.8793135480654718,0.9606741573033708,0.005988023952095809,0.9606741573033708,0.9940119760479041,0.11464711370088103
PSMB3,CD63,0.9950548341519208,0.9978470026239656,2.7755753481800447,2.327627726569334,0.8797343143173527,0.8797343143173527,0.9550561797752809,0.0,0.9550561797752809,1.0,0.11445283708615187
UBE2T,COX6B1,0.9959463096279352,0.9954921617439276,5.646122027854405,2.311949498755298,0.878238875027603,0.878238875027603,0.9438202247191011,0.0,0.9438202247191011,1.0,0.11442866427727015
COX6B1,PSMB6,0.9954921617439276,0.9951052950279218,2.311949498755298,1.9886599845253323,0.8796446484746101,0.8796446484746101,0.9606741573033708,0.005988023952095809,0.9606741573033708,0.9940119760479041,0.11438961014293884
PKM,GRN,0.9953239588239252,0.9967368633519478,4.02694682432887,3.5322372199421377,0.8783611978999717,0.8783611978999717,0.9438202247191011,0.0,0.9438202247191011,1.0,0.11434943223634347
PSMB3,NDUFA1,0.9950548341519208,0.995879028459934,2.7755753481800447,2.1289500067281164,0.8797246909955516,0.8797246909955516,0.9550561797752809,0.0,0.9550561797752809,1.0,0.11434896500174253
UBE2T,COX7B,0.9959463096279352,0.9969387068559512,5.646122027854405,2.605707387472245,0.8784336183670143,0.8784336183670143,0.9438202247191011,0.0,0.9438202247191011,1.0,0.1143286343765241
PTTG1,SNRPD1,0.9954417008679272,0.9946847877279148,5.344155052815717,3.0110962154343013,0.8782789799329741,0.8782789799329741,0.9438202247191011,0.0,0.9438202247191011,1.0,0.11431561238966695
CD63,MDK,0.9978470026239656,0.9973592141559576,2.327627726569334,5.13613744533405,0.8793140405567121,0.8793140405567121,0.9550561797752809,0.005988023952095809,0.9550561797752809,0.9940119760479041,0.11429706463202885
PSMB3,CKS2,0.9950548341519208,0.9946511471439144,2.7755753481800447,4.81815380475005,0.8790927532877166,0.8790927532877166,0.949438202247191,0.0,0.949438202247191,1.0,0.11420311337685281
PSMB6,NDUFC2,0.9951052950279218,0.9971741909439548,1.9886599845253323,2.232745428244634,0.879264170871821,0.879264170871821,0.9550561797752809,0.005988023952095809,0.9550561797752809,0.9940119760479041,0.11417656479276063
COX6B1,PKM,0.9954921617439276,0.9953239588239252,2.311949498755298,4.02694682432887,0.8799183386724507,0.8799183386724507,0.9550561797752809,0.0,0.9550561797752809,1.0,0.11415810734951473
MRPL17,OCIAD2,0.9952398573639238,0.996938706855951,2.2809577406983785,3.9669676209379,0.8800387266441044,0.8800387266441044,0.9550561797752809,0.0,0.9550561797752809,1.0,0.11412170545995257
DYNLRB1,POC1A,0.9958958487519344,0.9949539123999191,2.7184927538182064,3.774388256072125,0.8785702327099805,0.8785702327099805,0.9438202247191011,0.0,0.9438202247191011,1.0,0.11408352555791619
PKM,CCNB1,0.9953239588239252,0.9945165848079124,4.02694682432887,3.72830410078719,0.8771082397540847,0.8771082397540847,0.9325842696629213,0.0,0.9325842696629213,1.0,0.11402475046233292
LGALS3BP,MGST2,0.997746080871964,0.9968377851039494,4.172795868936285,2.420642397228016,0.8782777675740132,0.8782777675740132,0.9438202247191011,0.005988023952095809,0.9438202247191011,0.9940119760479041,0.11388672682945135
DYNLRB1,COX7B,0.9958958487519344,0.9969387068559512,2.7184927538182064,2.605707387472245,0.8803251200727753,0.8803251200727753,0.9606741573033708,0.005988023952095809,0.9606741573033708,0.9940119760479041,0.11387069594897092
MGST2,NDUFC2,0.9968377851039494,0.9971741909439548,2.420642397228016,2.232745428244634,0.8782637493226817,0.8782637493226817,0.9438202247191011,0.005988023952095809,0.9438202247191011,0.9940119760479041,0.113867185172485
TEX264,DYNLRB1,0.9965686604319453,0.9958958487519344,1.974107619592277,2.7184927538182064,0.8804653653562354,0.8804653653562354,0.9606741573033708,0.005988023952095809,0.9606741573033708,0.9940119760479041,0.11371613280806867
NDUFC2,COX7A2,0.9971741909439548,0.9967705039359482,2.232745428244634,2.320042726905739,0.8799567496484081,0.8799567496484081,0.9550561797752809,0.005988023952095809,0.9550561797752809,0.9940119760479041,0.11361649690396187
MRPL17,NDUFA1,0.9952398573639238,0.995879028459934,2.2809577406983785,2.1289500067281164,0.880494404337194,0.880494404337194,0.9606741573033708,0.005988023952095809,0.9606741573033708,0.9940119760479041,0.11361172709276618
PKM,IFI27,0.9953239588239252,0.9963331763439413,4.02694682432887,6.051113907017427,0.8769283483407538,0.8769283483407538,0.9325842696629213,0.005988023952095809,0.9325842696629213,0.9940119760479041,0.1136115048756654
COX7B,NUDT1,0.9969387068559512,0.9945838659759132,2.605707387472245,3.1617194577137866,0.8791593398442911,0.8791593398442911,0.949438202247191,0.005988023952095809,0.949438202247191,0.9940119760479041,0.11356033002049416
TCEB2,MDK,0.9960304110879364,0.9973592141559576,2.6273445132207485,5.13613744533405,0.8800190418482732,0.8800190418482732,0.9550561797752809,0.005988023952095809,0.9550561797752809,0.9940119760479041,0.11352592775964977
SMYD3,S100A6,0.9947857094799164,0.9968377851039494,3.0911119121307946,6.411394479580163,0.8770247776317115,0.8770247776317115,0.9325842696629213,0.005988023952095809,0.9325842696629213,0.9940119760479041,0.11352057033352292
MDK,POC1A,0.9973592141559576,0.9949539123999191,5.13613744533405,3.774388256072125,0.8792688897008653,0.8792688897008653,0.9438202247191011,0.0,0.9438202247191011,1.0,0.11351050994348905
IFI27,SERTAD3,0.9963331763439413,0.9945502253919128,6.051113907017427,3.3380839063446146,0.8762546191969608,0.8762546191969608,0.9325842696629213,0.011976047904191617,0.9325842696629213,0.9880239520958084,0.11350118229911389
BLOC1S1,COX7A2,0.995122115319922,0.9967705039359482,2.293008490883402,2.320042726905739,0.8799896637474506,0.8799896637474506,0.9606741573033708,0.011976047904191617,0.9606741573033708,0.9880239520958084,0.11344834388401949
MRPL14,MGST2,0.9965350198479448,0.9968377851039494,2.674413590795937,2.420642397228016,0.8794353396992675,0.8794353396992675,0.9438202247191011,0.0,0.9438202247191011,1.0,0.11341430599363175
PSMB3,LINC01420,0.9950548341519208,0.994869810939918,2.7755753481800447,2.968724063109736,0.881446094770178,0.881446094770178,0.9606741573033708,0.0,0.9606741573033708,1.0,0.11331792348839485
CD63,GAPDH,0.9978470026239656,0.9971741909439548,2.327627726569334,3.5851202650878014,0.881744320855494,0.881744320855494,0.9662921348314607,0.005988023952095809,0.9662921348314607,0.9940119760479041,0.11330252438676734
COX6B1,SHFM1,0.9954921617439276,0.996064051671937,2.311949498755298,2.8740591939716085,0.8801979697463748,0.8801979697463748,0.9550561797752809,0.005988023952095809,0.9550561797752809,0.9940119760479041,0.11325236697808844
UQCR10,LINC01420,0.9952903182399246,0.994869810939918,2.180370561124943,2.968724063109736,0.880095925542379,0.880095925542379,0.9606741573033708,0.011976047904191617,0.9606741573033708,0.9880239520958084,0.11324930564180426
ATOX1,NDUFC2,0.9969723474399516,0.9971741909439548,2.821290462894436,2.232745428244634,0.8797051026517085,0.8797051026517085,0.949438202247191,0.005988023952095809,0.949438202247191,0.9940119760479041,0.11319639562966331
COX6B1,MDK,0.9954921617439276,0.9973592141559576,2.311949498755298,5.13613744533405,0.8797285367114197,0.8797285367114197,0.949438202247191,0.005988023952095809,0.949438202247191,0.9940119760479041,0.11310083968329249
HPSE,CTSB,0.9949875529839196,0.9947520688959162,4.325412251900693,3.5799245004373272,0.8766865869890451,0.8766865869890451,0.9325842696629213,0.011976047904191617,0.9325842696629213,0.9880239520958084,0.11303999494811906
CD63,PSMB6,0.9978470026239656,0.9951052950279218,2.327627726569334,1.9886599845253323,0.8798811725468323,0.8798811725468323,0.9550561797752809,0.011976047904191617,0.9550561797752809,0.9880239520958084,0.11294691790438262
NAGA,PKM,0.9948361703559174,0.9953239588239252,2.921225973894907,4.02694682432887,0.8797452429635438,0.8797452429635438,0.949438202247191,0.005988023952095809,0.949438202247191,0.9940119760479041,0.1129324136173669
CCNB1,MND1,0.9945165848079124,0.9950548341519208,3.72830410078719,5.538897867186975,0.8760942893905163,0.8760942893905163,0.9213483146067416,0.005988023952095809,0.9213483146067416,0.9940119760479041,0.11288502232319848
BOLA2B,CFL1,0.9969050662719504,0.9953575994079256,2.9417004743322352,3.58724077238781,0.8785325121121705,0.8785325121121705,0.9325842696629213,0.0,0.9325842696629213,1.0,0.11284043101497834
HLA-A,MDK,0.9976787997039628,0.9973592141559576,4.352046642669716,5.13613744533405,0.8809972977294774,0.8809972977294774,0.9550561797752809,0.005988023952095809,0.9550561797752809,0.9940119760479041,0.11269341477395031
COX7B,PKM,0.9969387068559512,0.9953239588239252,2.605707387472245,4.02694682432887,0.8809440384204955,0.8809440384204955,0.9550561797752809,0.005988023952095809,0.9550561797752809,0.9940119760479041,0.11258700953887052
MAN2B1,ATOX1,0.9949202718159188,0.9969723474399516,2.349282665007065,2.821290462894436,0.878309129191534,0.878309129191534,0.9269662921348315,0.0,0.9269662921348315,1.0,0.11234606550574017
UQCR10,MGST2,0.9952903182399246,0.9968377851039494,2.180370561124943,2.420642397228016,0.8797975502312827,0.8797975502312827,0.9438202247191011,0.005988023952095809,0.9438202247191011,0.9940119760479041,0.11232630726862633
MND1,POC1A,0.9950548341519208,0.9949539123999191,5.538897867186975,3.774388256072125,0.8782850205802559,0.8782850205802559,0.9325842696629213,0.005988023952095809,0.9325842696629213,0.9940119760479041,0.11226612228006189
LGALS3BP,PIGU,0.997746080871964,0.9947352486039158,4.172795868936285,2.392829610442038,0.8813621161585872,0.8813621161585872,0.9550561797752809,0.005988023952095809,0.9550561797752809,0.9940119760479041,0.11220396198119778
COX7B,LINC01420,0.9969387068559512,0.994869810939918,2.605707387472245,2.968724063109736,0.8820486362208678,0.8820486362208678,0.9606741573033708,0.005988023952095809,0.9606741573033708,0.9940119760479041,0.11217298611813097
NUDT1,CKLF,0.9945838659759132,0.9949875529839196,3.1617194577137866,3.8934817230707113,0.8798417792431059,0.8798417792431059,0.9438202247191011,0.005988023952095809,0.9438202247191011,0.9940119760479041,0.11214087050173521
NUDT1,CKS2,0.9945838659759132,0.9946511471439144,3.1617194577137866,4.81815380475005,0.8819676653599289,0.8819676653599289,0.9550561797752809,0.0,0.9550561797752809,1.0,0.1121207555249213
TEX264,NDUFC2,0.9965686604319453,0.9971741909439548,1.974107619592277,2.232745428244634,0.8822922728965861,0.8822922728965861,0.9550561797752809,0.0,0.9550561797752809,1.0,0.11206578569916645
PKM,PIGU,0.9953239588239252,0.9947352486039158,4.02694682432887,2.392829610442038,0.8814710076385699,0.8814710076385699,0.9550561797752809,0.005988023952095809,0.9550561797752809,0.9940119760479041,0.11196470243994067
HLA-A,S100A6,0.9976787997039628,0.9968377851039494,4.352046642669716,6.411394479580163,0.8789271871099412,0.8789271871099412,0.9325842696629213,0.005988023952095809,0.9325842696629213,0.9940119760479041,0.11192677525102944
TCEB2,NDUFA1,0.9960304110879364,0.995879028459934,2.6273445132207485,2.1289500067281164,0.8816346646918208,0.8816346646918208,0.9606741573033708,0.011976047904191617,0.9606741573033708,0.9880239520958084,0.11189423409155222
PTTG1,COX7B,0.9954417008679272,0.9969387068559512,5.344155052815717,2.605707387472245,0.8810889852963014,0.8810889852963014,0.9438202247191011,0.0,0.9438202247191011,1.0,0.11180304483421387
BLOC1S1,NDUFA1,0.995122115319922,0.995879028459934,2.293008490883402,2.1289500067281164,0.8824136309397417,0.8824136309397417,0.9662921348314607,0.011976047904191617,0.9662921348314607,0.9880239520958084,0.11175691674601305
NAGA,COMMD1,0.9948361703559174,0.9963331763439413,2.921225973894907,1.9911958453878764,0.8796344859840046,0.8796344859840046,0.9382022471910112,0.005988023952095809,0.9382022471910112,0.9940119760479041,0.11175536021572496
COX7B,CKS2,0.9969387068559512,0.9946511471439144,2.605707387472245,4.81815380475005,0.8818006890034332,0.8818006890034332,0.949438202247191,0.0,0.949438202247191,1.0,0.11175103567882241
DYNLRB1,MGST2,0.9958958487519344,0.9968377851039494,2.7184927538182064,2.420642397228016,0.8804920021522925,0.8804920021522925,0.9438202247191011,0.005988023952095809,0.9438202247191011,0.9940119760479041,0.11171130423132594
LINC01420,MDK,0.994869810939918,0.9973592141559576,2.968724063109736,5.13613744533405,0.8818719082224982,0.8818719082224982,0.9550561797752809,0.005988023952095809,0.9550561797752809,0.9940119760479041,0.11170766961917569
ATP5E,ATP5L,0.9953575994079256,0.997611518535962,2.903379583529571,2.3200297147278457,0.8798076294357513,0.8798076294357513,0.9438202247191011,0.011976047904191617,0.9438202247191011,0.9880239520958084,0.11168741179013779
CCDC51,CFL1,0.994634326851914,0.9953575994079256,2.608153639911189,3.58724077238781,0.8811821620311007,0.8811821620311007,0.9438202247191011,0.0,0.9438202247191011,1.0,0.1115815124343584
CD63,LINC01420,0.9978470026239656,0.994869810939918,2.327627726569334,2.968724063109736,0.8821012340393254,0.8821012340393254,0.9606741573033708,0.011976047904191617,0.9606741573033708,0.9880239520958084,0.11149834730262441
MRPL17,LINC01420,0.9952398573639238,0.994869810939918,2.2809577406983785,2.968724063109736,0.8833825514810076,0.8833825514810076,0.9662921348314607,0.005988023952095809,0.9662921348314607,0.9940119760479041,0.11145783698856924
SMYD3,CKLF,0.9947857094799164,0.9949875529839196,3.0911119121307946,3.8934817230707113,0.8805923086587015,0.8805923086587015,0.9438202247191011,0.005988023952095809,0.9438202247191011,0.9940119760479041,0.11145172458187275
UBE2S,TPX2,0.9958958487519344,0.9954080602839264,3.778860169548543,6.654686059341989,0.8794069239506711,0.8794069239506711,0.9269662921348315,0.0,0.9269662921348315,1.0,0.1112996671827203
CCDC51,TPX2,0.994634326851914,0.9954080602839264,2.608153639911189,6.654686059341989,0.8801685938862966,0.8801685938862966,0.9325842696629213,0.0,0.9325842696629213,1.0,0.11119648837380765
ATP5L,CFL1,0.997611518535962,0.9953575994079256,2.3200297147278457,3.58724077238781,0.8810907093370468,0.8810907093370468,0.9438202247191011,0.005988023952095809,0.9438202247191011,0.9940119760479041,0.1111647916073184
ATOX1,MDK,0.9969723474399516,0.9973592141559576,2.821290462894436,5.13613744533405,0.8812317532893142,0.8812317532893142,0.9438202247191011,0.005988023952095809,0.9438202247191011,0.9940119760479041,0.11110883866996271
PKM,TCEB2,0.9953239588239252,0.9960304110879364,4.02694682432887,2.6273445132207485,0.8825529095165741,0.8825529095165741,0.9550561797752809,0.005988023952095809,0.9550561797752809,0.9940119760479041,0.11101492099851623
DHRS7B,BLOC1S1,0.9949875529839196,0.995122115319922,1.7343585581645686,2.293008490883402,0.8817854644010524,0.8817854644010524,0.949438202247191,0.005988023952095809,0.949438202247191,0.9940119760479041,0.11101360695180634
MDK,GRN,0.9973592141559576,0.9967368633519478,5.13613744533405,3.5322372199421377,0.8828301606415812,0.8828301606415812,0.949438202247191,0.0,0.949438202247191,1.0,0.1109171291693775
UQCR10,BOLA2B,0.9952903182399246,0.9969050662719504,2.180370561124943,2.9417004743322352,0.8827303764339772,0.8827303764339772,0.949438202247191,0.0,0.949438202247191,1.0,0.11090577661565497
DYNLRB1,CCDC96,0.9958958487519344,0.9951725761959228,2.7184927538182064,2.658767960707798,0.88197450844187,0.88197450844187,0.949438202247191,0.005988023952095809,0.949438202247191,0.9940119760479041,0.11088947482081224
GAPDH,MDK,0.9971741909439548,0.9973592141559576,3.5851202650878014,5.13613744533405,0.8837109739521536,0.8837109739521536,0.9550561797752809,0.0,0.9550561797752809,1.0,0.11075898597422415
NAGA,CKLF,0.9948361703559174,0.9949875529839196,2.921225973894907,3.8934817230707113,0.8821364478418274,0.8821364478418274,0.949438202247191,0.005988023952095809,0.949438202247191,0.9940119760479041,0.11066809992967486
MAN2B1,CTSB,0.9949202718159188,0.9947520688959162,2.349282665007065,3.5799245004373272,0.8807290842482071,0.8807290842482071,0.9325842696629213,0.0,0.9325842696629213,1.0,0.11065580615834411
UBE2S,CCNB1,0.9958958487519344,0.9945165848079124,3.778860169548543,3.72830410078719,0.880774060237883,0.880774060237883,0.9325842696629213,0.0,0.9325842696629213,1.0,0.11065522365812433
IFI27,CFL1,0.9963331763439413,0.9953575994079256,6.051113907017427,3.58724077238781,0.8809999191247682,0.8809999191247682,0.9382022471910112,0.005988023952095809,0.9382022471910112,0.9940119760479041,0.11051653461580228
PTTG1,S100A6,0.9954417008679272,0.9968377851039494,5.344155052815717,6.411394479580163,0.8810704891875207,0.8810704891875207,0.9325842696629213,0.0,0.9325842696629213,1.0,0.11048364296334241
UBE2T,SNRPD1,0.9959463096279352,0.9946847877279148,5.646122027854405,3.0110962154343013,0.8824604692850634,0.8824604692850634,0.9438202247191011,0.0,0.9438202247191011,1.0,0.11041651112820414
UQCR10,PIGU,0.9952903182399246,0.9947352486039158,2.180370561124943,2.392829610442038,0.8838915706604459,0.8838915706604459,0.9606741573033708,0.005988023952095809,0.9606741573033708,0.9940119760479041,0.11032149425240849
NPC2,CTSB,0.9945838659759134,0.9947520688959162,2.7663828399381023,3.5799245004373272,0.8796763996296525,0.8796763996296525,0.9269662921348315,0.005988023952095809,0.9269662921348315,0.9940119760479041,0.11027688991116662
TP53TG1,NDUFA13,0.9946006862679136,0.998990782479984,2.8377416134024083,2.554904174796474,0.8820995753869596,0.8820995753869596,0.949438202247191,0.011976047904191617,0.949438202247191,0.9880239520958084,0.1102441911372477
DYNLRB1,SMYD3,0.9958958487519344,0.9947857094799164,2.7184927538182064,3.0911119121307946,0.8826557211610973,0.8826557211610973,0.9550561797752809,0.011976047904191617,0.9550561797752809,0.9880239520958084,0.11021231121499334
MRPL17,ATP5E,0.9952398573639238,0.9953575994079256,2.2809577406983785,2.903379583529571,0.8826806581625644,0.8826806581625644,0.949438202247191,0.005988023952095809,0.949438202247191,0.9940119760479041,0.11019994717212978
PTTG1,BOLA2B,0.9954417008679272,0.9969050662719504,5.344155052815717,2.9417004743322352,0.8813989007271025,0.8813989007271025,0.9325842696629213,0.0,0.9325842696629213,1.0,0.11018227464828216
GAPDH,COX7A2,0.9971741909439548,0.9967705039359482,3.5851202650878014,2.320042726905739,0.8845229100406476,0.8845229100406476,0.9606741573033708,0.005988023952095809,0.9606741573033708,0.9940119760479041,0.10993770552140451
NUDT1,NDUFC2,0.9945838659759132,0.9971741909439548,3.1617194577137866,2.232745428244634,0.8831327253546174,0.8831327253546174,0.949438202247191,0.005988023952095809,0.949438202247191,0.9940119760479041,0.10983931669855579
MRPL14,MDK,0.9965350198479448,0.9973592141559576,2.674413590795937,5.13613744533405,0.8839779300180679,0.8839779300180679,0.949438202247191,0.0,0.949438202247191,1.0,0.10981949281981744
DHRS7B,CD63,0.9949875529839196,0.9978470026239656,1.7343585581645686,2.327627726569334,0.8832503393553839,0.8832503393553839,0.949438202247191,0.005988023952095809,0.949438202247191,0.9940119760479041,0.10978808140017383
UBE2T,CCDC51,0.9959463096279352,0.994634326851914,5.646122027854405,2.608153639911189,0.8838289024616013,0.8838289024616013,0.949438202247191,0.0,0.949438202247191,1.0,0.10977781292155807
SHFM1,NDUFC2,0.996064051671937,0.9971741909439548,2.8740591939716085,2.232745428244634,0.8840777983290046,0.8840777983290046,0.9550561797752809,0.005988023952095809,0.9550561797752809,0.9940119760479041,0.10967720445917087
MGST2,CKLF,0.9968377851039494,0.9949875529839196,2.420642397228016,3.8934817230707113,0.8826191391506604,0.8826191391506604,0.9438202247191011,0.005988023952095809,0.9438202247191011,0.9940119760479041,0.10967292936044346
LGALS3BP,MRPL14,0.997746080871964,0.9965350198479448,4.172795868936285,2.674413590795937,0.8849469335180526,0.8849469335180526,0.9550561797752809,0.0,0.9550561797752809,1.0,0.10956793969387416
SNRPD1,POC1A,0.9946847877279148,0.9949539123999191,3.0110962154343013,3.774388256072125,0.8840103210914608,0.8840103210914608,0.949438202247191,0.0,0.949438202247191,1.0,0.10955451298100953
CD63,NDUFC2,0.9978470026239656,0.9971741909439548,2.327627726569334,2.232745428244634,0.8843116908962553,0.8843116908962553,0.9550561797752809,0.005988023952095809,0.9550561797752809,0.9940119760479041,0.1095538205031354
TEX264,MGST2,0.9965686604319453,0.9968377851039494,1.974107619592277,2.420642397228016,0.883565503404237,0.883565503404237,0.9438202247191011,0.0,0.9438202247191011,1.0,0.10953093923440772
GBA,NAGA,0.9949202718159188,0.9948361703559174,2.296132345421516,2.921225973894907,0.8827211377611335,0.8827211377611335,0.9438202247191011,0.005988023952095809,0.9438202247191011,0.9940119760479041,0.10946381102642841
DNASE2,CTSB,0.9956603646639306,0.9947520688959162,2.26181778914082,3.5799245004373272,0.8806378380422124,0.8806378380422124,0.9269662921348315,0.005988023952095809,0.9269662921348315,0.9940119760479041,0.10945492695181348
NAGA,RGS10,0.9948361703559174,0.995189396487923,2.921225973894907,4.373259220884075,0.882069654937362,0.882069654937362,0.9382022471910112,0.005988023952095809,0.9382022471910112,0.9940119760479041,0.10943149071827735
DYNLRB1,COX7A2,0.9958958487519344,0.9967705039359482,2.7184927538182064,2.320042726905739,0.8843575290836833,0.8843575290836833,0.9606741573033708,0.011976047904191617,0.9606741573033708,0.9880239520958084,0.10936177127235512
ATOX1,BLOC1S1,0.9969723474399516,0.995122115319922,2.821290462894436,2.293008490883402,0.8829912194429147,0.8829912194429147,0.949438202247191,0.011976047904191617,0.949438202247191,0.9880239520958084,0.10932829147944052
UQCR10,CD63,0.9952903182399246,0.9978470026239656,2.180370561124943,2.327627726569334,0.8837791931720111,0.8837791931720111,0.9550561797752809,0.011976047904191617,0.9550561797752809,0.9880239520958084,0.10929178114733325
UQCR10,PSMB6,0.9952903182399246,0.9951052950279218,2.180370561124943,1.9886599845253323,0.8843409250192366,0.8843409250192366,0.9606741573033708,0.011976047904191617,0.9606741573033708,0.9880239520958084,0.10925283264086336
COX7B,NDUFC2,0.9969387068559512,0.9971741909439548,2.605707387472245,2.232745428244634,0.8847367480911434,0.8847367480911434,0.9550561797752809,0.005988023952095809,0.9550561797752809,0.9940119760479041,0.10910160784947406
COX7B,MDK,0.9969387068559512,0.9973592141559576,2.605707387472245,5.13613744533405,0.8847749884202943,0.8847749884202943,0.949438202247191,0.0,0.949438202247191,1.0,0.10908712689914225
NDUFA1,ATP5L,0.995879028459934,0.997611518535962,2.1289500067281164,2.3200297147278457,0.8840643641212881,0.8840643641212881,0.9550561797752809,0.011976047904191617,0.9550561797752809,0.9880239520958084,0.10904293323800682
COX7B,CD63,0.9969387068559512,0.9978470026239656,2.605707387472245,2.327627726569334,0.8849230713483379,0.8849230713483379,0.9550561797752809,0.005988023952095809,0.9550561797752809,0.9940119760479041,0.10896199616889682
UBE2S,PKM,0.9958958487519344,0.9953239588239252,3.778860169548543,4.02694682432887,0.884896962316443,0.884896962316443,0.9550561797752809,0.005988023952095809,0.9550561797752809,0.9940119760479041,0.10879189191305025
ATOX1,CFL1,0.9969723474399516,0.9953575994079256,2.821290462894436,3.58724077238781,0.8830635811038952,0.8830635811038952,0.9382022471910112,0.005988023952095809,0.9382022471910112,0.9940119760479041,0.10863484341146172
MRPL17,CD63,0.9952398573639238,0.9978470026239656,2.2809577406983785,2.327627726569334,0.8858440576428679,0.8858440576428679,0.9606741573033708,0.005988023952095809,0.9606741573033708,0.9940119760479041,0.1086331764987178
UBE2T,PSMB3,0.9959463096279352,0.9950548341519208,5.646122027854405,2.7755753481800447,0.8844492318003299,0.8844492318003299,0.9438202247191011,0.0,0.9438202247191011,1.0,0.10856844819446895
UBE2T,CKLF,0.9959463096279352,0.9949875529839196,5.646122027854405,3.8934817230707113,0.8844857252896233,0.8844857252896233,0.9438202247191011,0.0,0.9438202247191011,1.0,0.10853049222145347
LGALS3BP,MDK,0.997746080871964,0.9973592141559576,4.172795868936285,5.13613744533405,0.884739588934489,0.884739588934489,0.949438202247191,0.005988023952095809,0.949438202247191,0.9940119760479041,0.10851113569461034
DNASE2,GBA,0.9956603646639306,0.9949202718159188,2.26181778914082,2.296132345421516,0.8831992034913619,0.8831992034913619,0.9382022471910112,0.005988023952095809,0.9382022471910112,0.9940119760479041,0.10841357595510114
NAGA,GRN,0.9948361703559174,0.9967368633519478,2.921225973894907,3.5322372199421377,0.8853452872284394,0.8853452872284394,0.949438202247191,0.0,0.949438202247191,1.0,0.10839889486019094
UQCR10,ATOX1,0.9952903182399246,0.9969723474399516,2.180370561124943,2.821290462894436,0.8847435734460274,0.8847435734460274,0.9550561797752809,0.011976047904191617,0.9550561797752809,0.9880239520958084,0.10833733382675906
NUDT1,TCEB2,0.9945838659759132,0.9960304110879364,3.1617194577137866,2.6273445132207485,0.8846820136540823,0.8846820136540823,0.9550561797752809,0.011976047904191617,0.9550561797752809,0.9880239520958084,0.10830551238191116
SHFM1,NDUFA13,0.996064051671937,0.998990782479984,2.8740591939716085,2.554904174796474,0.8849931087991698,0.8849931087991698,0.9550561797752809,0.011976047904191617,0.9550561797752809,0.9880239520958084,0.1082542853350696
BOLA2B,GAPDH,0.9969050662719504,0.9971741909439548,2.9417004743322352,3.5851202650878014,0.8850299636560123,0.8850299636560123,0.9438202247191011,0.0,0.9438202247191011,1.0,0.10818981254321343
NUDT1,MRPL14,0.9945838659759132,0.9965350198479448,3.1617194577137866,2.674413590795937,0.8856174710297047,0.8856174710297047,0.9550561797752809,0.005988023952095809,0.9550561797752809,0.9940119760479041,0.10810540955645595
S100A6,GRN,0.9968377851039494,0.9967368633519478,6.411394479580163,3.5322372199421377,0.8830264543785992,0.8830264543785992,0.9269662921348315,0.0,0.9269662921348315,1.0,0.10808218171344372
UQCR10,BLOC1S1,0.9952903182399246,0.995122115319922,2.180370561124943,2.293008490883402,0.8849265108776269,0.8849265108776269,0.9550561797752809,0.011976047904191617,0.9550561797752809,0.9880239520958084,0.10806492437260483
SERTAD3,GRN,0.9945502253919128,0.9967368633519478,3.3380839063446146,3.5322372199421377,0.8850569959683717,0.8850569959683717,0.9438202247191011,0.0,0.9438202247191011,1.0,0.10801291948903174
DYNLRB1,ATP5E,0.9958958487519344,0.9953575994079256,2.7184927538182064,2.903379583529571,0.8836811968429661,0.8836811968429661,0.9438202247191011,0.011976047904191617,0.9438202247191011,0.9880239520958084,0.1079948940223941
CD63,NDUFA1,0.9978470026239656,0.995879028459934,2.327627726569334,2.1289500067281164,0.8858680206755065,0.8858680206755065,0.9606741573033708,0.011976047904191617,0.9606741573033708,0.9880239520958084,0.10799071429957728
PSMB3,LGALS3BP,0.9950548341519208,0.997746080871964,2.7755753481800447,4.172795868936285,0.8867492383152288,0.8867492383152288,0.9550561797752809,0.0,0.9550561797752809,1.0,0.1077715102728536
PTTG1,PKM,0.9954417008679272,0.9953239588239252,5.344155052815717,4.02694682432887,0.8853964530310277,0.8853964530310277,0.9438202247191011,0.0,0.9438202247191011,1.0,0.10766572857256092
UBE2T,PKM,0.9959463096279352,0.9953239588239252,5.646122027854405,4.02694682432887,0.8854292152261094,0.8854292152261094,0.9438202247191011,0.0,0.9438202247191011,1.0,0.10766223245892931
ATOX1,TCEB2,0.9969723474399516,0.9960304110879364,2.821290462894436,2.6273445132207485,0.8848399313021517,0.8848399313021517,0.949438202247191,0.011976047904191617,0.949438202247191,0.9880239520958084,0.10764999024356668
DYNLRB1,PKM,0.9958958487519344,0.9953239588239252,2.7184927538182064,4.02694682432887,0.8861572657188759,0.8861572657188759,0.9550561797752809,0.005988023952095809,0.9550561797752809,0.9940119760479041,0.10760069145218948
BLOC1S1,NDUFC2,0.995122115319922,0.9971741909439548,2.293008490883402,2.232745428244634,0.8862299168906639,0.8862299168906639,0.9550561797752809,0.005988023952095809,0.9550561797752809,0.9940119760479041,0.10759015802955434
NUDT1,CCNB1,0.9945838659759132,0.9945165848079124,3.1617194577137866,3.72830410078719,0.8854403178907679,0.8854403178907679,0.9438202247191011,0.0,0.9438202247191011,1.0,0.10753449487253101
ATP5L,COX7A2,0.997611518535962,0.9967705039359482,2.3200297147278457,2.320042726905739,0.886456381847356,0.886456381847356,0.9606741573033708,0.011976047904191617,0.9606741573033708,0.9880239520958084,0.10746936071293679
NUDT1,ATOX1,0.9945838659759132,0.9969723474399516,3.1617194577137866,2.821290462894436,0.8843646714000312,0.8843646714000312,0.9438202247191011,0.011976047904191617,0.9438202247191011,0.9880239520958084,0.10737665357896228
PSMB3,POC1A,0.9950548341519208,0.9949539123999191,2.7755753481800447,3.774388256072125,0.8857030601404681,0.8857030601404681,0.9438202247191011,0.0,0.9438202247191011,1.0,0.10733685641609307
PSMB3,UBE2S,0.9950548341519208,0.9958958487519344,2.7755753481800447,3.778860169548543,0.8877775510580377,0.8877775510580377,0.9606741573033708,0.0,0.9606741573033708,1.0,0.10732140671978212
NUDT1,MRPL17,0.9945838659759132,0.9952398573639238,3.1617194577137866,2.2809577406983785,0.8863837887999855,0.8863837887999855,0.9550561797752809,0.005988023952095809,0.9550561797752809,0.9940119760479041,0.10731129782645127
LINC01420,NDUFA13,0.994869810939918,0.998990782479984,2.968724063109736,2.554904174796474,0.8859464503283152,0.8859464503283152,0.9550561797752809,0.011976047904191617,0.9550561797752809,0.9880239520958084,0.1072926551563007
CD63,SHFM1,0.9978470026239656,0.996064051671937,2.327627726569334,2.8740591939716085,0.8866696298998199,0.8866696298998199,0.9606741573033708,0.011976047904191617,0.9606741573033708,0.9880239520958084,0.10724218987010446
UQCR10,GAPDH,0.9952903182399246,0.9971741909439548,2.180370561124943,3.5851202650878014,0.8866845006207915,0.8866845006207915,0.9550561797752809,0.005988023952095809,0.9550561797752809,0.9940119760479041,0.1071693142078712
UQCR10,MRPL14,0.9952903182399246,0.9965350198479448,2.180370561124943,2.674413590795937,0.8873484582654048,0.8873484582654048,0.9550561797752809,0.0,0.9550561797752809,1.0,0.10714880107943
COX7B,ATP5L,0.9969387068559512,0.997611518535962,2.605707387472245,2.3200297147278457,0.8876056163513586,0.8876056163513586,0.9606741573033708,0.005988023952095809,0.9606741573033708,0.9940119760479041,0.10703537039271084
ATOX1,LINC01420,0.9969723474399516,0.994869810939918,2.821290462894436,2.968724063109736,0.8861821363477809,0.8861821363477809,0.9550561797752809,0.011976047904191617,0.9550561797752809,0.9880239520958084,0.10696254959527306
MRPL17,NDUFC2,0.9952398573639238,0.9971741909439548,2.2809577406983785,2.232745428244634,0.887009089224128,0.887009089224128,0.9550561797752809,0.005988023952095809,0.9550561797752809,0.9940119760479041,0.1068596247739015
NUDT1,BOLA2B,0.9945838659759132,0.9969050662719504,3.1617194577137866,2.9417004743322352,0.8863589324133756,0.8863589324133756,0.9438202247191011,0.0,0.9438202247191011,1.0,0.1068003032651567
OCIAD2,GAPDH,0.996938706855951,0.9971741909439548,3.9669676209379,3.5851202650878014,0.8878876360978318,0.8878876360978318,0.9550561797752809,0.0,0.9550561797752809,1.0,0.10675842934333012
KIF4A,PKM,0.996434098095943,0.9953239588239252,6.418663964206419,4.02694682432887,0.8857613968463226,0.8857613968463226,0.9382022471910112,0.0,0.9382022471910112,1.0,0.10673723293965058
HLA-A,IFI27,0.9976787997039628,0.9963331763439413,4.352046642669716,6.051113907017427,0.8852087450458375,0.8852087450458375,0.9438202247191011,0.011976047904191617,0.9438202247191011,0.9880239520958084,0.10672430197608067
IFI27,CKLF,0.9963331763439413,0.9949875529839196,6.051113907017427,3.8934817230707113,0.8871843944368908,0.8871843944368908,0.9550561797752809,0.005988023952095809,0.9550561797752809,0.9940119760479041,0.10663528497703603
ATOX1,ATP5E,0.9969723474399516,0.9953575994079256,2.821290462894436,2.903379583529571,0.8847484121193986,0.8847484121193986,0.9382022471910112,0.011976047904191617,0.9382022471910112,0.9880239520958084,0.1064246245583938
TP53TG1,MGST2,0.9946006862679136,0.9968377851039494,2.8377416134024083,2.420642397228016,0.8867932799051892,0.8867932799051892,0.949438202247191,0.005988023952095809,0.949438202247191,0.9940119760479041,0.10638182199019203
MRPL17,PIGU,0.9952398573639238,0.9947352486039158,2.2809577406983785,2.392829610442038,0.8880806855836121,0.8880806855836121,0.9606741573033708,0.005988023952095809,0.9606741573033708,0.9940119760479041,0.10633847161691966
MRPL14,NDUFA13,0.9965350198479448,0.998990782479984,2.674413590795937,2.554904174796474,0.8878120284785382,0.8878120284785382,0.949438202247191,0.0,0.949438202247191,1.0,0.10627726019113039
MAN2B1,RGS10,0.9949202718159188,0.995189396487923,2.349282665007065,4.373259220884075,0.884840870411494,0.884840870411494,0.9325842696629213,0.005988023952095809,0.9325842696629213,0.9940119760479041,0.1062245965366998
COX6B1,CKLF,0.9954921617439276,0.9949875529839196,2.311949498755298,3.8934817230707113,0.886964652153188,0.886964652153188,0.9438202247191011,0.0,0.9438202247191011,1.0,0.10617721136319085
TEX264,BLOC1S1,0.9965686604319453,0.995122115319922,1.974107619592277,2.293008490883402,0.8877541343939019,0.8877541343939019,0.9550561797752809,0.005988023952095809,0.9550561797752809,0.9940119760479041,0.10611647272021546
GRN,CFL1,0.9967368633519478,0.9953575994079256,3.5322372199421377,3.58724077238781,0.8871210471318505,0.8871210471318505,0.9438202247191011,0.0,0.9438202247191011,1.0,0.10611632081766835
DYNLRB1,MDK,0.9958958487519344,0.9973592141559576,2.7184927538182064,5.13613744533405,0.8872166141635105,0.8872166141635105,0.949438202247191,0.005988023952095809,0.949438202247191,0.9940119760479041,0.1060806879871863
UQCR10,TCEB2,0.9952903182399246,0.9960304110879364,2.180370561124943,2.6273445132207485,0.8870974081490169,0.8870974081490169,0.9550561797752809,0.011976047904191617,0.9550561797752809,0.9880239520958084,0.1060746293970453
COX6B1,OCIAD2,0.9954921617439276,0.996938706855951,2.311949498755298,3.9669676209379,0.8878706456644598,0.8878706456644598,0.949438202247191,0.0,0.949438202247191,1.0,0.10605698814150942
BOLA2B,COX7A2,0.9969050662719504,0.9967705039359482,2.9417004743322352,2.320042726905739,0.8879429738061901,0.8879429738061901,0.949438202247191,0.0,0.949438202247191,1.0,0.10605478959318528
DYNLRB1,MRPL14,0.9958958487519344,0.9965350198479448,2.7184927538182064,2.674413590795937,0.8886690895172888,0.8886690895172888,0.9550561797752809,0.0,0.9550561797752809,1.0,0.10592487150214665
OCIAD2,NDUFC2,0.996938706855951,0.9971741909439548,3.9669676209379,2.232745428244634,0.8882475605723198,0.8882475605723198,0.949438202247191,0.0,0.949438202247191,1.0,0.105789718424563
ATOX1,SERTAD3,0.9969723474399516,0.9945502253919128,2.821290462894436,3.3380839063446146,0.8874285691755683,0.8874285691755683,0.9550561797752809,0.011976047904191617,0.9550561797752809,0.9880239520958084,0.10577421621604927
NAGA,CFL1,0.9948361703559174,0.9953575994079256,2.921225973894907,3.58724077238781,0.8882607420356959,0.8882607420356959,0.949438202247191,0.0,0.949438202247191,1.0,0.10556935107169153
COX6B1,CD63,0.9954921617439276,0.9978470026239656,2.311949498755298,2.327627726569334,0.8884481542331072,0.8884481542331072,0.9550561797752809,0.005988023952095809,0.9550561797752809,0.9940119760479041,0.10554763356247573
CKLF,CTSB,0.9949875529839196,0.9947520688959162,3.8934817230707113,3.5799245004373272,0.8870271415905353,0.8870271415905353,0.9438202247191011,0.005988023952095809,0.9438202247191011,0.9940119760479041,0.10544385278801359
SNRPD1,PKM,0.9946847877279148,0.9953239588239252,3.0110962154343013,4.02694682432887,0.8884169826064311,0.8884169826064311,0.949438202247191,0.0,0.949438202247191,1.0,0.10541193684829872
SNRPD1,S100A6,0.9946847877279148,0.9968377851039494,3.0110962154343013,6.411394479580163,0.8871672433993054,0.8871672433993054,0.9382022471910112,0.0,0.9382022471910112,1.0,0.10541123580925892
HLA-A,ATOX1,0.9976787997039628,0.9969723474399516,4.352046642669716,2.821290462894436,0.8866721620919252,0.8866721620919252,0.9438202247191011,0.011976047904191617,0.9438202247191011,0.9880239520958084,0.10539750037507226
SERTAD3,MDK,0.9945502253919128,0.9973592141559576,3.3380839063446146,5.13613744533405,0.8878731201132487,0.8878731201132487,0.949438202247191,0.005988023952095809,0.949438202247191,0.9940119760479041,0.10539200109571976
TP53TG1,DYNLRB1,0.9946006862679136,0.9958958487519344,2.8377416134024083,2.7184927538182064,0.8878180021495673,0.8878180021495673,0.9550561797752809,0.011976047904191617,0.9550561797752809,0.9880239520958084,0.10535399108964498
PTTG1,COX6B1,0.9954417008679272,0.9954921617439276,5.344155052815717,2.311949498755298,0.8879295135203444,0.8879295135203444,0.9438202247191011,0.0,0.9438202247191011,1.0,0.10529490914980531
NUDT1,CFL1,0.9945838659759132,0.9953575994079256,3.1617194577137866,3.58724077238781,0.8872295350214474,0.8872295350214474,0.9438202247191011,0.005988023952095809,0.9438202247191011,0.9940119760479041,0.10526562503120394
COX7B,MGST2,0.9969387068559512,0.9968377851039494,2.605707387472245,2.420642397228016,0.8875875217402643,0.8875875217402643,0.9438202247191011,0.005988023952095809,0.9438202247191011,0.9940119760479041,0.10513368673329061
MRPL17,S100A6,0.9952398573639238,0.9968377851039494,2.2809577406983785,6.411394479580163,0.8875840724432346,0.8875840724432346,0.9382022471910112,0.0,0.9382022471910112,1.0,0.10505109478230654
COX6B1,MGST2,0.9954921617439276,0.9968377851039494,2.311949498755298,2.420642397228016,0.8883222263183529,0.8883222263183529,0.9438202247191011,0.0,0.9438202247191011,1.0,0.10499951530265504
DYNLRB1,OCIAD2,0.9958958487519344,0.996938706855951,2.7184927538182064,3.9669676209379,0.8890346722817127,0.8890346722817127,0.949438202247191,0.0,0.949438202247191,1.0,0.10497726456230119
DYNLRB1,UBE2S,0.9958958487519344,0.9958958487519344,2.7184927538182064,3.778860169548543,0.889628392784227,0.889628392784227,0.9606741573033708,0.005988023952095809,0.9606741573033708,0.9940119760479041,0.1049636715978519
SNRPD1,COX6B1,0.9946847877279148,0.9954921617439276,3.0110962154343013,2.311949498755298,0.8889063660026006,0.8889063660026006,0.949438202247191,0.0,0.949438202247191,1.0,0.10495848945191537
LINC01420,SERTAD3,0.994869810939918,0.9945502253919128,2.968724063109736,3.3380839063446146,0.8890887117601913,0.8890887117601913,0.9606741573033708,0.011976047904191617,0.9606741573033708,0.9880239520958084,0.1047166699039954
LINC01420,CFL1,0.994869810939918,0.9953575994079256,2.968724063109736,3.58724077238781,0.8885006735287004,0.8885006735287004,0.949438202247191,0.005988023952095809,0.949438202247191,0.9940119760479041,0.10471364342074499
COX7B,CFL1,0.9969387068559512,0.9953575994079256,2.605707387472245,3.58724077238781,0.8887242566252374,0.8887242566252374,0.9438202247191011,0.0,0.9438202247191011,1.0,0.10461975960783011
ATOX1,BOLA2B,0.9969723474399516,0.9969050662719504,2.821290462894436,2.9417004743322352,0.8888749429142495,0.8888749429142495,0.9438202247191011,0.0,0.9438202247191011,1.0,0.10456100156933025
TCEB2,NDUFC2,0.9960304110879364,0.9971741909439548,2.6273445132207485,2.232745428244634,0.8901599035400503,0.8901599035400503,0.9606741573033708,0.005988023952095809,0.9606741573033708,0.9940119760479041,0.10453230240101057
PTTG1,CKLF,0.9954417008679272,0.9949875529839196,5.344155052815717,3.8934817230707113,0.8887829617224744,0.8887829617224744,0.9438202247191011,0.0,0.9438202247191011,1.0,0.10446657475957975
DYNLRB1,CD63,0.9958958487519344,0.9978470026239656,2.7184927538182064,2.327627726569334,0.8889586024760978,0.8889586024760978,0.9550561797752809,0.011976047904191617,0.9550561797752809,0.9880239520958084,0.10445288956112411
MAD2L1,MND1,0.9951389356119222,0.9950548341519208,4.156349323824261,5.538897867186975,0.8854121758378867,0.8854121758378867,0.9269662921348315,0.011976047904191617,0.9269662921348315,0.9880239520958084,0.10443239899453989
DYNLRB1,NUDT1,0.9958958487519344,0.9945838659759132,2.7184927538182064,3.1617194577137866,0.8881466908824335,0.8881466908824335,0.949438202247191,0.011976047904191617,0.949438202247191,0.9880239520958084,0.1044265121213561
PKM,OCIAD2,0.9953239588239252,0.996938706855951,4.02694682432887,3.9669676209379,0.8896492773831416,0.8896492773831416,0.949438202247191,0.0,0.949438202247191,1.0,0.10436586682938578
CORO2A,S100A6,0.9971405503599542,0.9968377851039494,6.426852216914485,6.411394479580163,0.8871383983245849,0.8871383983245849,0.9325842696629213,0.005988023952095809,0.9325842696629213,0.9940119760479041,0.10430769576707094
LINC01420,CKLF,0.994869810939918,0.9949875529839196,2.968724063109736,3.8934817230707113,0.8891352253466829,0.8891352253466829,0.949438202247191,0.005988023952095809,0.949438202247191,0.9940119760479041,0.10409835069615209
DYNLRB1,BOLA2B,0.9958958487519344,0.9969050662719504,2.7184927538182064,2.9417004743322352,0.8899689305972719,0.8899689305972719,0.949438202247191,0.0,0.949438202247191,1.0,0.10409166479767253
UBE2T,UBE2S,0.9959463096279352,0.9958958487519344,5.646122027854405,3.778860169548543,0.8894373711625808,0.8894373711625808,0.9438202247191011,0.0,0.9438202247191011,1.0,0.10392560472928598
POC1A,S100A6,0.9949539123999191,0.9968377851039494,3.774388256072125,6.411394479580163,0.8894647734753786,0.8894647734753786,0.9438202247191011,0.0,0.9438202247191011,1.0,0.10389721518971816
PKM,TPX2,0.9953239588239252,0.9954080602839264,4.02694682432887,6.654686059341989,0.8874171762434596,0.8874171762434596,0.9269662921348315,0.0,0.9269662921348315,1.0,0.10387687721591003
PTTG1,MRPL17,0.9954417008679272,0.9952398573639238,5.344155052815717,2.2809577406983785,0.8901442012917452,0.8901442012917452,0.949438202247191,0.0,0.949438202247191,1.0,0.10381532927392328
TPX2,CFL1,0.9954080602839264,0.9953575994079256,6.654686059341989,3.58724077238781,0.8882536251271872,0.8882536251271872,0.9382022471910112,0.005988023952095809,0.9382022471910112,0.9940119760479041,0.10373174265406403
BLOC1S1,PSMB6,0.995122115319922,0.9951052950279218,2.293008490883402,1.9886599845253323,0.8896186579829065,0.8896186579829065,0.9550561797752809,0.011976047904191617,0.9550561797752809,0.9880239520958084,0.10364891724212572
CKS2,CKLF,0.9946511471439144,0.9949875529839196,4.81815380475005,3.8934817230707113,0.8909339387276268,0.8909339387276268,0.9550561797752809,0.0,0.9550561797752809,1.0,0.10362457748388942
PSMB3,COX7A2,0.9950548341519208,0.9967705039359482,2.7755753481800447,2.320042726905739,0.8917592007451918,0.8917592007451918,0.9606741573033708,0.0,0.9606741573033708,1.0,0.10355912102127594
COX6B1,ATOX1,0.9954921617439276,0.9969723474399516,2.311949498755298,2.821290462894436,0.8906837466653779,0.8906837466653779,0.9550561797752809,0.005988023952095809,0.9550561797752809,0.9940119760479041,0.10338698559179572
DYNLRB1,NDUFC2,0.9958958487519344,0.9971741909439548,2.7184927538182064,2.232745428244634,0.8908679499359667,0.8908679499359667,0.9550561797752809,0.005988023952095809,0.9550561797752809,0.9940119760479041,0.10324414085561076
NDUFA13,NDUFC2,0.998990782479984,0.9971741909439548,2.554904174796474,2.232745428244634,0.8910971901436892,0.8910971901436892,0.9550561797752809,0.005988023952095809,0.9550561797752809,0.9940119760479041,0.10318725428232178
COX6B1,NDUFA1,0.9954921617439276,0.995879028459934,2.311949498755298,2.1289500067281164,0.8908750936786911,0.8908750936786911,0.9550561797752809,0.005988023952095809,0.9550561797752809,0.9940119760479041,0.10314938523687382
DHRS7B,PSMB6,0.9949875529839196,0.9951052950279218,1.7343585581645686,1.9886599845253323,0.8895019115661377,0.8895019115661377,0.949438202247191,0.011976047904191617,0.949438202247191,0.9880239520958084,0.1031412246338235
GBA,GRN,0.9949202718159188,0.9967368633519478,2.296132345421516,3.5322372199421377,0.8896242749081212,0.8896242749081212,0.9382022471910112,0.0,0.9382022471910112,1.0,0.10312278166171554
UBE2T,MAD2L1,0.9959463096279352,0.9951389356119222,5.646122027854405,4.156349323824261,0.8896556501245355,0.8896556501245355,0.9438202247191011,0.005988023952095809,0.9438202247191011,0.9940119760479041,0.10306017010928072
UBE2S,MRPL17,0.9958958487519344,0.9952398573639238,3.778860169548543,2.2809577406983785,0.8916491765201902,0.8916491765201902,0.9606741573033708,0.005988023952095809,0.9606741573033708,0.9940119760479041,0.10300796468335797
SHFM1,GAPDH,0.996064051671937,0.9971741909439548,2.8740591939716085,3.5851202650878014,0.8918296523907768,0.8918296523907768,0.9606741573033708,0.005988023952095809,0.9606741573033708,0.9940119760479041,0.10294497812702559
CD63,CFL1,0.9978470026239656,0.9953575994079256,2.327627726569334,3.58724077238781,0.8906075379940224,0.8906075379940224,0.949438202247191,0.005988023952095809,0.949438202247191,0.9940119760479041,0.10288868141881287
SNRPD1,CFL1,0.9946847877279148,0.9953575994079256,3.0110962154343013,3.58724077238781,0.8911423892165125,0.8911423892165125,0.949438202247191,0.0,0.949438202247191,1.0,0.10283899684277921
PSMB3,NDUFC2,0.9950548341519208,0.9971741909439548,2.7755753481800447,2.232745428244634,0.8919228507241875,0.8919228507241875,0.9550561797752809,0.0,0.9550561797752809,1.0,0.10281869026761759
MRPL17,MDK,0.9952398573639238,0.9973592141559576,2.2809577406983785,5.13613744533405,0.8920676617078355,0.8920676617078355,0.9550561797752809,0.0,0.9550561797752809,1.0,0.10269999747626195
CTSB,GRN,0.9947520688959162,0.9967368633519478,3.5799245004373272,3.5322372199421377,0.8894155234975407,0.8894155234975407,0.9325842696629213,0.0,0.9325842696629213,1.0,0.10269047284126373
CKS2,MND1,0.9946511471439144,0.9950548341519208,4.81815380475005,5.538897867186975,0.8893813219049472,0.8893813219049472,0.9325842696629213,0.0,0.9325842696629213,1.0,0.10263026725981741
UQCR10,NDUFA13,0.9952903182399246,0.998990782479984,2.180370561124943,2.554904174796474,0.8910167785185963,0.8910167785185963,0.9550561797752809,0.011976047904191617,0.9550561797752809,0.9880239520958084,0.10254450931896299
UQCR10,NUDT1,0.9952903182399246,0.9945838659759132,2.180370561124943,3.1617194577137866,0.8901488180873544,0.8901488180873544,0.949438202247191,0.011976047904191617,0.949438202247191,0.9880239520958084,0.10252612215326208
SNRPD1,CKS2,0.9946847877279148,0.9946511471439144,3.0110962154343013,4.81815380475005,0.8921595401228413,0.8921595401228413,0.9550561797752809,0.0,0.9550561797752809,1.0,0.1024445318858007
TCEB2,CKLF,0.9960304110879364,0.9949875529839196,2.6273445132207485,3.8934817230707113,0.891098522554187,0.891098522554187,0.949438202247191,0.005988023952095809,0.949438202247191,0.9940119760479041,0.10231452063054727
PKM,CKS2,0.9953239588239252,0.9946511471439144,4.02694682432887,4.81815380475005,0.8917124291641493,0.8917124291641493,0.949438202247191,0.0,0.949438202247191,1.0,0.10229701509014934
COX7B,S100A6,0.9969387068559512,0.9968377851039494,2.605707387472245,6.411394479580163,0.8901039740142476,0.8901039740142476,0.9325842696629213,0.0,0.9325842696629213,1.0,0.10216838984902937
LGALS3BP,DYNLRB1,0.997746080871964,0.9958958487519344,4.172795868936285,2.7184927538182064,0.8914198954729389,0.8914198954729389,0.9550561797752809,0.011976047904191617,0.9550561797752809,0.9880239520958084,0.10213246429862843
PSMB3,SNRPD1,0.9950548341519208,0.9946847877279148,2.7755753481800447,3.0110962154343013,0.8920081272713547,0.8920081272713547,0.949438202247191,0.0,0.949438202247191,1.0,0.10200560295941885
UBE2T,CFL1,0.9959463096279352,0.9953575994079256,5.646122027854405,3.58724077238781,0.8909519671460912,0.8909519671460912,0.9438202247191011,0.005988023952095809,0.9438202247191011,0.9940119760479041,0.10186061232510038
DYNLRB1,S100A6,0.9958958487519344,0.9968377851039494,2.7184927538182064,6.411394479580163,0.8898384321747927,0.8898384321747927,0.9325842696629213,0.005988023952095809,0.9325842696629213,0.9940119760479041,0.10174874615715186
NDUFC2,CFL1,0.9971741909439548,0.9953575994079256,2.232745428244634,3.58724077238781,0.8918388339938994,0.8918388339938994,0.9438202247191011,0.0,0.9438202247191011,1.0,0.1017035010499401
UBE2S,POC1A,0.9958958487519344,0.9949539123999191,3.778860169548543,3.774388256072125,0.8917663534495162,0.8917663534495162,0.9438202247191011,0.0,0.9438202247191011,1.0,0.10168574195631735
PTTG1,PSMB3,0.9954417008679272,0.9950548341519208,5.344155052815717,2.7755753481800447,0.891839115860149,0.891839115860149,0.9438202247191011,0.0,0.9438202247191011,1.0,0.10159935207204922
DYNLRB1,PSMB6,0.9958958487519344,0.9951052950279218,2.7184927538182064,1.9886599845253323,0.8926016352881615,0.8926016352881615,0.9606741573033708,0.011976047904191617,0.9606741573033708,0.9880239520958084,0.1014805386341751
KIF4A,CFL1,0.996434098095943,0.9953575994079256,6.418663964206419,3.58724077238781,0.8913983333496003,0.8913983333496003,0.9438202247191011,0.005988023952095809,0.9438202247191011,0.9940119760479041,0.10146851595521096
PTTG1,CFL1,0.9954417008679272,0.9953575994079256,5.344155052815717,3.58724077238781,0.8914881415117967,0.8914881415117967,0.9438202247191011,0.005988023952095809,0.9438202247191011,0.9940119760479041,0.1013340923336496
CKLF,MDK,0.9949875529839196,0.9973592141559576,3.8934817230707113,5.13613744533405,0.8923408202324596,0.8923408202324596,0.9438202247191011,0.0,0.9438202247191011,1.0,0.10122208525884469
OCIAD2,POC1A,0.996938706855951,0.9949539123999191,3.9669676209379,3.774388256072125,0.8929723193399176,0.8929723193399176,0.949438202247191,0.0,0.949438202247191,1.0,0.10120424823182249
UBE2T,S100A6,0.9959463096279352,0.9968377851039494,5.646122027854405,6.411394479580163,0.8911792007010434,0.8911792007010434,0.9325842696629213,0.0,0.9325842696629213,1.0,0.10111841413244169
SNRPD1,SHFM1,0.9946847877279148,0.996064051671937,3.0110962154343013,2.8740591939716085,0.89365528660616,0.89365528660616,0.9550561797752809,0.0,0.9550561797752809,1.0,0.10109537783726535
COX6B1,SERTAD3,0.9954921617439276,0.9945502253919128,2.311949498755298,3.3380839063446146,0.89384514778054,0.89384514778054,0.9606741573033708,0.005988023952095809,0.9606741573033708,0.9940119760479041,0.10086486374725448
UBE2S,GAPDH,0.9958958487519344,0.9971741909439548,3.778860169548543,3.5851202650878014,0.8937225515699533,0.8937225515699533,0.9550561797752809,0.005988023952095809,0.9550561797752809,0.9940119760479041,0.10054355112955837
ATOX1,ATP5L,0.9969723474399516,0.997611518535962,2.821290462894436,2.3200297147278457,0.8932229835600872,0.8932229835600872,0.9550561797752809,0.011976047904191617,0.9550561797752809,0.9880239520958084,0.10048389935845829
LGALS3BP,MRPL17,0.997746080871964,0.9952398573639238,4.172795868936285,2.2809577406983785,0.8946023691556031,0.8946023691556031,0.9606741573033708,0.005988023952095809,0.9606741573033708,0.9940119760479041,0.10029350582027584
DYNLRB1,CKLF,0.9958958487519344,0.9949875529839196,2.7184927538182064,3.8934817230707113,0.8927102256146795,0.8927102256146795,0.9438202247191011,0.005988023952095809,0.9438202247191011,0.9940119760479041,0.10019707844513503
PSMB3,GRN,0.9950548341519208,0.9967368633519478,2.7755753481800447,3.5322372199421377,0.8936111564273803,0.8936111564273803,0.9438202247191011,0.0,0.9438202247191011,1.0,0.09999983645021608
CCNB1,GAPDH,0.9945165848079124,0.9971741909439548,3.72830410078719,3.5851202650878014,0.8930238205940941,0.8930238205940941,0.9382022471910112,0.0,0.9382022471910112,1.0,0.09994831305590608
MGST2,BLOC1S1,0.9968377851039494,0.995122115319922,2.420642397228016,2.293008490883402,0.8943305700581924,0.8943305700581924,0.9550561797752809,0.005988023952095809,0.9550561797752809,0.9940119760479041,0.09991265422230186
CD63,NDUFA13,0.9978470026239656,0.998990782479984,2.327627726569334,2.554904174796474,0.8939962297673345,0.8939962297673345,0.9550561797752809,0.011976047904191617,0.9550561797752809,0.9880239520958084,0.09986895246723386
TCEB2,BLOC1S1,0.9960304110879364,0.995122115319922,2.6273445132207485,2.293008490883402,0.8944289447761004,0.8944289447761004,0.9606741573033708,0.011976047904191617,0.9606741573033708,0.9880239520958084,0.09976150152818927
COX6B1,COX7A2,0.9954921617439276,0.9967705039359482,2.311949498755298,2.320042726905739,0.8951598980957374,0.8951598980957374,0.9606741573033708,0.005988023952095809,0.9606741573033708,0.9940119760479041,0.09972677163058813
OCIAD2,TCEB2,0.996938706855951,0.9960304110879364,3.9669676209379,2.6273445132207485,0.895228642218219,0.895228642218219,0.9550561797752809,0.0,0.9550561797752809,1.0,0.09971076878006667
DYNLRB1,GAPDH,0.9958958487519344,0.9971741909439548,2.7184927538182064,3.5851202650878014,0.8946545787797132,0.8946545787797132,0.9550561797752809,0.005988023952095809,0.9550561797752809,0.9940119760479041,0.09966180879566786
PKM,CTSB,0.9953239588239252,0.9947520688959162,4.02694682432887,3.5799245004373272,0.8920076374832859,0.8920076374832859,0.9325842696629213,0.005988023952095809,0.9325842696629213,0.9940119760479041,0.09961217374939342
MRPL17,SHFM1,0.9952398573639238,0.996064051671937,2.2809577406983785,2.8740591939716085,0.8952401659119136,0.8952401659119136,0.9606741573033708,0.005988023952095809,0.9606741573033708,0.9940119760479041,0.09960246291360325
MRPL14,NDUFC2,0.9965350198479448,0.9971741909439548,2.674413590795937,2.232745428244634,0.8947650002338241,0.8947650002338241,0.949438202247191,0.0,0.949438202247191,1.0,0.09959985962928342
NDUFA1,COX7A2,0.995879028459934,0.9967705039359482,2.1289500067281164,2.320042726905739,0.8946914346093839,0.8946914346093839,0.9606741573033708,0.011976047904191617,0.9606741573033708,0.9880239520958084,0.09958827354826255
CD63,BLOC1S1,0.9978470026239656,0.995122115319922,2.327627726569334,2.293008490883402,0.8947591017340837,0.8947591017340837,0.9606741573033708,0.011976047904191617,0.9606741573033708,0.9880239520958084,0.09954024398208029
UBE2T,MRPL17,0.9959463096279352,0.9952398573639238,5.646122027854405,2.2809577406983785,0.8940796569757219,0.8940796569757219,0.9438202247191011,0.0,0.9438202247191011,1.0,0.09952920356162874
PSMB6,COX7A2,0.9951052950279218,0.9967705039359482,1.9886599845253323,2.320042726905739,0.8950870132498544,0.8950870132498544,0.9606741573033708,0.011976047904191617,0.9606741573033708,0.9880239520958084,0.09917565822815375
ATOX1,GRN,0.9969723474399516,0.9967368633519478,2.821290462894436,3.5322372199421377,0.8947795426084963,0.8947795426084963,0.9438202247191011,0.0,0.9438202247191011,1.0,0.09899682913188147
PIGU,GAPDH,0.9947352486039158,0.9971741909439548,2.392829610442038,3.5851202650878014,0.8955988026398499,0.8955988026398499,0.9550561797752809,0.005988023952095809,0.9550561797752809,0.9940119760479041,0.09871101317575054
CKS2,CFL1,0.9946511471439144,0.9953575994079256,4.81815380475005,3.58724077238781,0.8961667698920868,0.8961667698920868,0.9550561797752809,0.0,0.9550561797752809,1.0,0.09867116892295259
MRPL17,CKLF,0.9952398573639238,0.9949875529839196,2.2809577406983785,3.8934817230707113,0.8949359331503133,0.8949359331503133,0.949438202247191,0.005988023952095809,0.949438202247191,0.9940119760479041,0.0986700241212962
NUDT1,SHFM1,0.9945838659759132,0.996064051671937,3.1617194577137866,2.8740591939716085,0.8949964869993667,0.8949964869993667,0.9550561797752809,0.011976047904191617,0.9550561797752809,0.9880239520958084,0.09861992762626605
MGST2,NDUFA1,0.9968377851039494,0.995879028459934,2.420642397228016,2.1289500067281164,0.8957448356719704,0.8957448356719704,0.9550561797752809,0.005988023952095809,0.9550561797752809,0.9940119760479041,0.09861289363106135
PTTG1,MRPL14,0.9954417008679272,0.9965350198479448,5.344155052815717,2.674413590795937,0.895170934717571,0.895170934717571,0.9438202247191011,0.0,0.9438202247191011,1.0,0.0985428811603834
COX7B,GAPDH,0.9969387068559512,0.9971741909439548,2.605707387472245,3.5851202650878014,0.8959062589475195,0.8959062589475195,0.9550561797752809,0.005988023952095809,0.9550561797752809,0.9940119760479041,0.09852918712438127
MRPL14,COX7A2,0.9965350198479448,0.9967705039359482,2.674413590795937,2.320042726905739,0.8971896523147352,0.8971896523147352,0.9606741573033708,0.0,0.9606741573033708,1.0,0.09843664664124697
DYNLRB1,BLOC1S1,0.9958958487519344,0.995122115319922,2.7184927538182064,2.293008490883402,0.8953587238335353,0.8953587238335353,0.9550561797752809,0.011976047904191617,0.9550561797752809,0.9880239520958084,0.09829798208125769
CTSB,CFL1,0.9947520688959162,0.9953575994079256,3.5799245004373272,3.58724077238781,0.8947098106394775,0.8947098106394775,0.9382022471910112,0.0,0.9382022471910112,1.0,0.09829499151290538
MRPL17,NDUFA13,0.9952398573639238,0.998990782479984,2.2809577406983785,2.554904174796474,0.8961910667083707,0.8961910667083707,0.9550561797752809,0.005988023952095809,0.9550561797752809,0.9940119760479041,0.09826540609352342
COX6B1,GAPDH,0.9954921617439276,0.9971741909439548,2.311949498755298,3.5851202650878014,0.8967999349492074,0.8967999349492074,0.9550561797752809,0.0,0.9550561797752809,1.0,0.09820045092057743
COX7B,BOLA2B,0.9969387068559512,0.9969050662719504,2.605707387472245,2.9417004743322352,0.8963762461881947,0.8963762461881947,0.949438202247191,0.0,0.949438202247191,1.0,0.0980815123379251
LGALS3BP,CFL1,0.997746080871964,0.9953575994079256,4.172795868936285,3.58724077238781,0.8958193198896349,0.8958193198896349,0.949438202247191,0.005988023952095809,0.949438202247191,0.9940119760479041,0.09798179759825949
MAD2L1,CKS2,0.9951389356119222,0.9946511471439144,4.156349323824261,4.81815380475005,0.8962732122179143,0.8962732122179143,0.949438202247191,0.0,0.949438202247191,1.0,0.09797942748873695
MRPL14,BOLA2B,0.9965350198479448,0.9969050662719504,2.674413590795937,2.9417004743322352,0.8965052062680726,0.8965052062680726,0.949438202247191,0.0,0.949438202247191,1.0,0.09793961606617659
HLA-A,GRN,0.9976787997039628,0.9967368633519478,4.352046642669716,3.5322372199421377,0.8971724652561796,0.8971724652561796,0.9550561797752809,0.0,0.9550561797752809,1.0,0.09793186460872257
NUDT1,GAPDH,0.9945838659759132,0.9971741909439548,3.1617194577137866,3.5851202650878014,0.8964392045217051,0.8964392045217051,0.9550561797752809,0.005988023952095809,0.9550561797752809,0.9940119760479041,0.09790897423851794
MRPL17,POC1A,0.9952398573639238,0.9949539123999191,2.2809577406983785,3.774388256072125,0.8963949458353303,0.8963949458353303,0.949438202247191,0.0,0.949438202247191,1.0,0.09788429362405203
SNRPD1,CKLF,0.9946847877279148,0.9949875529839196,3.0110962154343013,3.8934817230707113,0.8969830643942551,0.8969830643942551,0.9550561797752809,0.0,0.9550561797752809,1.0,0.09787890746612153
SERTAD3,CKLF,0.9945502253919128,0.9949875529839196,3.3380839063446146,3.8934817230707113,0.8952431703513977,0.8952431703513977,0.9438202247191011,0.005988023952095809,0.9438202247191011,0.9940119760479041,0.09776545758849661
MDK,S100A6,0.9973592141559576,0.9968377851039494,5.13613744533405,6.411394479580163,0.89441878199543,0.89441878199543,0.9325842696629213,0.005988023952095809,0.9325842696629213,0.9940119760479041,0.09758980117195669
UQCR10,COX7B,0.9952903182399246,0.9969387068559512,2.180370561124943,2.605707387472245,0.8974537723140419,0.8974537723140419,0.9606741573033708,0.005988023952095809,0.9606741573033708,0.9940119760479041,0.09754312864779403
UQCR10,MRPL17,0.9952903182399246,0.9952398573639238,2.180370561124943,2.2809577406983785,0.8973897884245686,0.8973897884245686,0.9606741573033708,0.005988023952095809,0.9606741573033708,0.9940119760479041,0.09752076020856545
PKM,MDK,0.9953239588239252,0.9973592141559576,4.02694682432887,5.13613744533405,0.8969441138163924,0.8969441138163924,0.949438202247191,0.0,0.949438202247191,1.0,0.09748723712474221
PKM,MRPL14,0.9953239588239252,0.9965350198479448,4.02694682432887,2.674413590795937,0.897250751402963,0.897250751402963,0.949438202247191,0.0,0.949438202247191,1.0,0.09715696702105496
PKM,LINC01420,0.9953239588239252,0.994869810939918,4.02694682432887,2.968724063109736,0.8973154674805262,0.8973154674805262,0.9550561797752809,0.005988023952095809,0.9550561797752809,0.9940119760479041,0.09700428813345305
SERTAD3,S100A6,0.9945502253919128,0.9968377851039494,3.3380839063446146,6.411394479580163,0.8949716548952495,0.8949716548952495,0.9325842696629213,0.005988023952095809,0.9325842696629213,0.9940119760479041,0.09694203173296967
PSMB3,S100A6,0.9950548341519208,0.9968377851039494,2.7755753481800447,6.411394479580163,0.8957426318068978,0.8957426318068978,0.9325842696629213,0.0,0.9325842696629213,1.0,0.096834646197591
TP53TG1,BLOC1S1,0.9946006862679136,0.995122115319922,2.8377416134024083,2.293008490883402,0.8969913177662794,0.8969913177662794,0.9550561797752809,0.011976047904191617,0.9550561797752809,0.9880239520958084,0.09670140958495406
PKM,POC1A,0.9953239588239252,0.9949539123999191,4.02694682432887,3.774388256072125,0.8970515182258016,0.8970515182258016,0.9438202247191011,0.0,0.9438202247191011,1.0,0.09669253456577175
MRPL14,OCIAD2,0.9965350198479448,0.996938706855951,2.674413590795937,3.9669676209379,0.8979111501663829,0.8979111501663829,0.949438202247191,0.0,0.949438202247191,1.0,0.0966107678332366
COX7B,ATP5E,0.9969387068559512,0.9953575994079256,2.605707387472245,2.903379583529571,0.896895258319107,0.896895258319107,0.9438202247191011,0.005988023952095809,0.9438202247191011,0.9940119760479041,0.09635704410789776
KIF4A,MND1,0.996434098095943,0.9950548341519208,6.418663964206419,5.538897867186975,0.8944512318772873,0.8944512318772873,0.9269662921348315,0.011976047904191617,0.9269662921348315,0.9880239520958084,0.09625703619846257
PKM,SERTAD3,0.9953239588239252,0.9945502253919128,4.02694682432887,3.3380839063446146,0.8981446515057491,0.8981446515057491,0.9550561797752809,0.005988023952095809,0.9550561797752809,0.9940119760479041,0.09620552126207617
COX6B1,BLOC1S1,0.9954921617439276,0.995122115319922,2.311949498755298,2.293008490883402,0.8982823686443818,0.8982823686443818,0.9550561797752809,0.005988023952095809,0.9550561797752809,0.9940119760479041,0.09611117646138638
MGST2,TCEB2,0.9968377851039494,0.9960304110879364,2.420642397228016,2.6273445132207485,0.8978950446856397,0.8978950446856397,0.949438202247191,0.005988023952095809,0.949438202247191,0.9940119760479041,0.09601823521709547
SERTAD3,CFL1,0.9945502253919128,0.9953575994079256,3.3380839063446146,3.58724077238781,0.8971364994135397,0.8971364994135397,0.9438202247191011,0.005988023952095809,0.9438202247191011,0.9940119760479041,0.09601634287501908
CKLF,POC1A,0.9949875529839196,0.9949539123999191,3.8934817230707113,3.774388256072125,0.8985693898837733,0.8985693898837733,0.949438202247191,0.0,0.949438202247191,1.0,0.09581776713786207
TCEB2,CFL1,0.9960304110879364,0.9953575994079256,2.6273445132207485,3.58724077238781,0.8981413456351438,0.8981413456351438,0.949438202247191,0.005988023952095809,0.949438202247191,0.9940119760479041,0.09571547217004148
COX6B1,POC1A,0.9954921617439276,0.9949539123999191,2.311949498755298,3.774388256072125,0.8981844467860828,0.8981844467860828,0.9438202247191011,0.0,0.9438202247191011,1.0,0.09563653329909966
LGALS3BP,CKLF,0.997746080871964,0.9949875529839196,4.172795868936285,3.8934817230707113,0.8989020536343432,0.8989020536343432,0.9550561797752809,0.005988023952095809,0.9550561797752809,0.9940119760479041,0.09562735090817676
LGALS3BP,IFI27,0.997746080871964,0.9963331763439413,4.172795868936285,6.051113907017427,0.8971509991491756,0.8971509991491756,0.9438202247191011,0.011976047904191617,0.9438202247191011,0.9880239520958084,0.0956245159394825
UBE2T,MND1,0.9959463096279352,0.9950548341519208,5.646122027854405,5.538897867186975,0.8959186627145191,0.8959186627145191,0.9269662921348315,0.005988023952095809,0.9269662921348315,0.9940119760479041,0.09547066249609917
UQCR10,NDUFA1,0.9952903182399246,0.995879028459934,2.180370561124943,2.1289500067281164,0.8985264259456907,0.8985264259456907,0.9550561797752809,0.011976047904191617,0.9550561797752809,0.9880239520958084,0.09532955187217217
PTTG1,NUDT1,0.9954417008679272,0.9945838659759132,5.344155052815717,3.1617194577137866,0.899993088658105,0.899993088658105,0.9550561797752809,0.0,0.9550561797752809,1.0,0.095035878576819
IFI27,S100A6,0.9963331763439413,0.9968377851039494,6.051113907017427,6.411394479580163,0.8978588809599606,0.8978588809599606,0.9382022471910112,0.005988023952095809,0.9382022471910112,0.9940119760479041,0.0949299501828826
MRPL17,CFL1,0.9952398573639238,0.9953575994079256,2.2809577406983785,3.58724077238781,0.8995649904984578,0.8995649904984578,0.949438202247191,0.0,0.949438202247191,1.0,0.09490853648287037
DNASE2,NAGA,0.9956603646639306,0.9948361703559174,2.26181778914082,2.921225973894907,0.8989890990402662,0.8989890990402662,0.949438202247191,0.005988023952095809,0.949438202247191,0.9940119760479041,0.09487635561259071
MRPL14,TCEB2,0.9965350198479448,0.9960304110879364,2.674413590795937,2.6273445132207485,0.9005868682919366,0.9005868682919366,0.9550561797752809,0.0,0.9550561797752809,1.0,0.0945921877411115
PSMB3,COX7B,0.9950548341519208,0.9969387068559512,2.7755753481800447,2.605707387472245,0.9014316090781076,0.9014316090781076,0.9606741573033708,0.0,0.9606741573033708,1.0,0.09431303165431242
TCEB2,NDUFA13,0.9960304110879364,0.998990782479984,2.6273445132207485,2.554904174796474,0.8998502894706408,0.8998502894706408,0.9550561797752809,0.011976047904191617,0.9550561797752809,0.9880239520958084,0.09426785138856852
BOLA2B,S100A6,0.9969050662719504,0.9968377851039494,2.9417004743322352,6.411394479580163,0.8980101692412643,0.8980101692412643,0.9269662921348315,0.0,0.9269662921348315,1.0,0.09424535628669684
COX7B,MRPL14,0.9969387068559512,0.9965350198479448,2.605707387472245,2.674413590795937,0.9014087213281288,0.9014087213281288,0.9550561797752809,0.0,0.9550561797752809,1.0,0.09385295233558419
MRPL17,COX7A2,0.9952398573639238,0.9967705039359482,2.2809577406983785,2.320042726905739,0.9020570733810536,0.9020570733810536,0.9662921348314607,0.005988023952095809,0.9662921348314607,0.9940119760479041,0.09369895251882358
KIF4A,GAPDH,0.996434098095943,0.9971741909439548,6.418663964206419,3.5851202650878014,0.9004544518752627,0.9004544518752627,0.9438202247191011,0.0,0.9438202247191011,1.0,0.09365284106625665
PTTG1,UBE2S,0.9954417008679272,0.9958958487519344,5.344155052815717,3.778860169548543,0.9003619854653102,0.9003619854653102,0.9438202247191011,0.0,0.9438202247191011,1.0,0.09363306323511109
NDUFA13,COX7A2,0.998990782479984,0.9967705039359482,2.554904174796474,2.320042726905739,0.9006729084540673,0.9006729084540673,0.9550561797752809,0.011976047904191617,0.9550561797752809,0.9880239520958084,0.0935282286582548
PSMB3,CKLF,0.9950548341519208,0.9949875529839196,2.7755753481800447,3.8934817230707113,0.9005200056083456,0.9005200056083456,0.9438202247191011,0.0,0.9438202247191011,1.0,0.09342376439865142
SNRPD1,MRPL17,0.9946847877279148,0.9952398573639238,3.0110962154343013,2.2809577406983785,0.9019459019531731,0.9019459019531731,0.9550561797752809,0.0,0.9550561797752809,1.0,0.09317540804341991
MGST2,S100A6,0.9968377851039494,0.9968377851039494,2.420642397228016,6.411394479580163,0.8997777501619018,0.8997777501619018,0.9325842696629213,0.0,0.9325842696629213,1.0,0.09317013506044712
UQCR10,PSMB3,0.9952903182399246,0.9950548341519208,2.180370561124943,2.7755753481800447,0.902563928723476,0.902563928723476,0.9606741573033708,0.0,0.9606741573033708,1.0,0.09315244796292255
DYNLRB1,GRN,0.9958958487519344,0.9967368633519478,2.7184927538182064,3.5322372199421377,0.9012226919123295,0.9012226919123295,0.9438202247191011,0.0,0.9438202247191011,1.0,0.09288460228067791
HPSE,NAGA,0.9949875529839196,0.9948361703559174,4.325412251900693,2.921225973894907,0.8994289273102359,0.8994289273102359,0.9382022471910112,0.011976047904191617,0.9382022471910112,0.9880239520958084,0.09275164759205497
SNRPD1,COX7B,0.9946847877279148,0.9969387068559512,3.0110962154343013,2.605707387472245,0.9021695914986195,0.9021695914986195,0.949438202247191,0.0,0.949438202247191,1.0,0.09249490581314221
ATOX1,PSMB6,0.9969723474399516,0.9951052950279218,2.821290462894436,1.9886599845253323,0.9016875614007761,0.9016875614007761,0.9550561797752809,0.011976047904191617,0.9550561797752809,0.9880239520958084,0.09240194789116878
MAD2L1,POC1A,0.9951389356119222,0.9949539123999191,4.156349323824261,3.774388256072125,0.9010189625880786,0.9010189625880786,0.9438202247191011,0.005988023952095809,0.9438202247191011,0.9940119760479041,0.09240090841457432
LGALS3BP,GAPDH,0.997746080871964,0.9971741909439548,4.172795868936285,3.5851202650878014,0.9024585700809201,0.9024585700809201,0.9550561797752809,0.005988023952095809,0.9550561797752809,0.9940119760479041,0.09236452512185973
PTTG1,MND1,0.9954417008679272,0.9950548341519208,5.344155052815717,5.538897867186975,0.8999114364829254,0.8999114364829254,0.9325842696629213,0.005988023952095809,0.9325842696629213,0.9940119760479041,0.09234121596687998
MRPL17,PKM,0.9952398573639238,0.9953239588239252,2.2809577406983785,4.02694682432887,0.9025306569743884,0.9025306569743884,0.9550561797752809,0.005988023952095809,0.9550561797752809,0.9940119760479041,0.09209470995145522
COX6B1,CFL1,0.9954921617439276,0.9953575994079256,2.311949498755298,3.58724077238781,0.9013908715012259,0.9013908715012259,0.9438202247191011,0.005988023952095809,0.9438202247191011,0.9940119760479041,0.09208873528604594
CTSB,RGS10,0.9947520688959162,0.995189396487923,3.5799245004373272,4.373259220884075,0.9003498756577443,0.9003498756577443,0.9325842696629213,0.005988023952095809,0.9325842696629213,0.9940119760479041,0.0919110766810326
DYNLRB1,LINC01420,0.9958958487519344,0.994869810939918,2.7184927538182064,2.968724063109736,0.9027458513172237,0.9027458513172237,0.9606741573033708,0.011976047904191617,0.9606741573033708,0.9880239520958084,0.09188441670710112
DYNLRB1,SERTAD3,0.9958958487519344,0.9945502253919128,2.7184927538182064,3.3380839063446146,0.902787169815155,0.902787169815155,0.9606741573033708,0.011976047904191617,0.9606741573033708,0.9880239520958084,0.09183063523888135
NUDT1,POC1A,0.9945838659759132,0.9949539123999191,3.1617194577137866,3.774388256072125,0.9022653888357292,0.9022653888357292,0.949438202247191,0.005988023952095809,0.949438202247191,0.9940119760479041,0.09175482329469609
TPX2,GAPDH,0.9954080602839264,0.9971741909439548,6.654686059341989,3.5851202650878014,0.901322092446695,0.901322092446695,0.9325842696629213,0.0,0.9325842696629213,1.0,0.09168415345988065
GAPDH,S100A6,0.9971741909439548,0.9968377851039494,3.5851202650878014,6.411394479580163,0.9019946001375341,0.9019946001375341,0.9382022471910112,0.0,0.9382022471910112,1.0,0.09167359032078976
ATP5E,NDUFA13,0.9953575994079256,0.998990782479984,2.903379583529571,2.554904174796474,0.9014215054608714,0.9014215054608714,0.9438202247191011,0.011976047904191617,0.9438202247191011,0.9880239520958084,0.09166635519318352
UBE2T,GAPDH,0.9959463096279352,0.9971741909439548,5.646122027854405,3.5851202650878014,0.9025998591175477,0.9025998591175477,0.9438202247191011,0.0,0.9438202247191011,1.0,0.09161201277706797
MRPL17,TCEB2,0.9952398573639238,0.9960304110879364,2.2809577406983785,2.6273445132207485,0.9037851293153335,0.9037851293153335,0.9606741573033708,0.005988023952095809,0.9606741573033708,0.9940119760479041,0.09147662628265689
COX7B,NDUFA13,0.9969387068559512,0.998990782479984,2.605707387472245,2.554904174796474,0.9036784813505773,0.9036784813505773,0.9550561797752809,0.005988023952095809,0.9550561797752809,0.9940119760479041,0.09125550154640238
TPX2,MND1,0.9954080602839264,0.9950548341519208,6.654686059341989,5.538897867186975,0.9004886603861836,0.9004886603861836,0.9325842696629213,0.011976047904191617,0.9325842696629213,0.9880239520958084,0.09125406547158119
UQCR10,NDUFC2,0.9952903182399246,0.9971741909439548,2.180370561124943,2.232745428244634,0.9036005495135786,0.9036005495135786,0.9550561797752809,0.005988023952095809,0.9550561797752809,0.9940119760479041,0.09117078471386054
MRPL14,CKS2,0.9965350198479448,0.9946511471439144,2.674413590795937,4.81815380475005,0.9036265151061814,0.9036265151061814,0.949438202247191,0.0,0.949438202247191,1.0,0.09109743243687532
DYNLRB1,TCEB2,0.9958958487519344,0.9960304110879364,2.7184927538182064,2.6273445132207485,0.9034573249804043,0.9034573249804043,0.9550561797752809,0.011976047904191617,0.9550561797752809,0.9880239520958084,0.09073168610553856
UBE2T,MRPL14,0.9959463096279352,0.9965350198479448,5.646122027854405,2.674413590795937,0.903176184719796,0.903176184719796,0.9382022471910112,0.0,0.9382022471910112,1.0,0.0904988218552513
PSMB3,NUDT1,0.9950548341519208,0.9945838659759132,2.7755753481800447,3.1617194577137866,0.9044411620238932,0.9044411620238932,0.949438202247191,0.0,0.949438202247191,1.0,0.09025718541525207
CKS2,GAPDH,0.9946511471439144,0.9971741909439548,4.81815380475005,3.5851202650878014,0.9051945384919606,0.9051945384919606,0.9550561797752809,0.0,0.9550561797752809,1.0,0.09017445638073199
COX6B1,S100A6,0.9954921617439276,0.9968377851039494,2.311949498755298,6.411394479580163,0.902451834490582,0.902451834490582,0.9325842696629213,0.005988023952095809,0.9325842696629213,0.9940119760479041,0.09008035236799494
PSMB6,NDUFA13,0.9951052950279218,0.998990782479984,1.9886599845253323,2.554904174796474,0.9043015066257689,0.9043015066257689,0.9550561797752809,0.011976047904191617,0.9550561797752809,0.9880239520958084,0.09003628686705617
MISP,S100A6,0.996366816927942,0.9968377851039494,7.767093157505214,6.411394479580163,0.905012001809423,0.905012001809423,0.949438202247191,0.0,0.949438202247191,1.0,0.0898788119583767
PSMB3,SERTAD3,0.9950548341519208,0.9945502253919128,2.7755753481800447,3.3380839063446146,0.9059587124888966,0.9059587124888966,0.9606741573033708,0.0,0.9606741573033708,1.0,0.08987347939864161
MRPL17,BOLA2B,0.9952398573639238,0.9969050662719504,2.2809577406983785,2.9417004743322352,0.9050073416053673,0.9050073416053673,0.949438202247191,0.0,0.949438202247191,1.0,0.08983543548426676
COX6B1,NDUFA13,0.9954921617439276,0.998990782479984,2.311949498755298,2.554904174796474,0.9051684554322351,0.9051684554322351,0.9550561797752809,0.005988023952095809,0.9550561797752809,0.9940119760479041,0.08977877830219555
COX7B,COX7A2,0.9969387068559512,0.9967705039359482,2.605707387472245,2.320042726905739,0.9057432031354197,0.9057432031354197,0.9606741573033708,0.005988023952095809,0.9606741573033708,0.9940119760479041,0.08972474270168465
SNRPD1,MRPL14,0.9946847877279148,0.9965350198479448,3.0110962154343013,2.674413590795937,0.9051390551976983,0.9051390551976983,0.949438202247191,0.0,0.949438202247191,1.0,0.0896692126157693
DYNLRB1,ATOX1,0.9958958487519344,0.9969723474399516,2.7184927538182064,2.821290462894436,0.9046756719003607,0.9046756719003607,0.9550561797752809,0.011976047904191617,0.9550561797752809,0.9880239520958084,0.08962903605088716
MRPL17,CKS2,0.9952398573639238,0.9946511471439144,2.2809577406983785,4.81815380475005,0.9058257138437497,0.9058257138437497,0.9550561797752809,0.0,0.9550561797752809,1.0,0.08948712367782537
COX6B1,MRPL14,0.9954921617439276,0.9965350198479448,2.311949498755298,2.674413590795937,0.9060396839919156,0.9060396839919156,0.9550561797752809,0.0,0.9550561797752809,1.0,0.08937965053775627
MRPL14,S100A6,0.9965350198479448,0.9968377851039494,2.674413590795937,6.411394479580163,0.90508651575015,0.90508651575015,0.9438202247191011,0.0,0.9438202247191011,1.0,0.08928442977223595
UBE2S,CKS2,0.9958958487519344,0.9946511471439144,3.778860169548543,4.81815380475005,0.9055302091170407,0.9055302091170407,0.949438202247191,0.0,0.949438202247191,1.0,0.08926929319438828
SNRPD1,GAPDH,0.9946847877279148,0.9971741909439548,3.0110962154343013,3.5851202650878014,0.9061586249368873,0.9061586249368873,0.9550561797752809,0.0,0.9550561797752809,1.0,0.08925897059933666
NPC2,RGS10,0.9945838659759134,0.995189396487923,2.7663828399381023,4.373259220884075,0.9026825737816125,0.9026825737816125,0.9325842696629213,0.011976047904191617,0.9325842696629213,0.9880239520958084,0.08921127953287943
COX6B1,MRPL17,0.9954921617439276,0.9952398573639238,2.311949498755298,2.2809577406983785,0.9067059689740101,0.9067059689740101,0.9606741573033708,0.0,0.9606741573033708,1.0,0.08920984248067014
PSMB3,CFL1,0.9950548341519208,0.9953575994079256,2.7755753481800447,3.58724077238781,0.9052961955032783,0.9052961955032783,0.9438202247191011,0.0,0.9438202247191011,1.0,0.08895488156156425
UQCR10,DYNLRB1,0.9952903182399246,0.9958958487519344,2.180370561124943,2.7184927538182064,0.9061723986323332,0.9061723986323332,0.9606741573033708,0.011976047904191617,0.9606741573033708,0.9880239520958084,0.08866578553493626
OCIAD2,CFL1,0.996938706855951,0.9953575994079256,3.9669676209379,3.58724077238781,0.9066892503856261,0.9066892503856261,0.949438202247191,0.0,0.949438202247191,1.0,0.0882515445021117
CCDC51,POC1A,0.994634326851914,0.9949539123999191,2.608153639911189,3.774388256072125,0.906600819318218,0.906600819318218,0.949438202247191,0.0,0.949438202247191,1.0,0.08821510964437906
COX7B,TCEB2,0.9969387068559512,0.9960304110879364,2.605707387472245,2.6273445132207485,0.9067948143694959,0.9067948143694959,0.9550561797752809,0.005988023952095809,0.9550561797752809,0.9940119760479041,0.08817210013250448
DYNLRB1,MRPL17,0.9958958487519344,0.9952398573639238,2.7184927538182064,2.2809577406983785,0.907404762435305,0.907404762435305,0.9606741573033708,0.005988023952095809,0.9606741573033708,0.9940119760479041,0.08802929829775194
PSMB3,GAPDH,0.9950548341519208,0.9971741909439548,2.7755753481800447,3.5851202650878014,0.9075572223171551,0.9075572223171551,0.9550561797752809,0.0,0.9550561797752809,1.0,0.08794500400629864
BOLA2B,NDUFA13,0.9969050662719504,0.998990782479984,2.9417004743322352,2.554904174796474,0.9066710131350405,0.9066710131350405,0.9438202247191011,0.0,0.9438202247191011,1.0,0.0879050266627399
MDK,CFL1,0.9973592141559576,0.9953575994079256,5.13613744533405,3.58724077238781,0.9061187215279672,0.9061187215279672,0.9438202247191011,0.005988023952095809,0.9438202247191011,0.9940119760479041,0.08775572954128548
PSMB3,PKM,0.9950548341519208,0.9953239588239252,2.7755753481800447,4.02694682432887,0.9079912532027937,0.9079912532027937,0.9550561797752809,0.0,0.9550561797752809,1.0,0.08745079754743097
UQCR10,COX6B1,0.9952903182399246,0.9954921617439276,2.180370561124943,2.311949498755298,0.9080171946537007,0.9080171946537007,0.9606741573033708,0.005988023952095809,0.9606741573033708,0.9940119760479041,0.08743155251200031
UBE2T,CCNB1,0.9959463096279352,0.9945165848079124,5.646122027854405,3.72830410078719,0.9060527748896107,0.9060527748896107,0.9382022471910112,0.005988023952095809,0.9382022471910112,0.9940119760479041,0.08719591374296437
S100A6,CFL1,0.9968377851039494,0.9953575994079256,6.411394479580163,3.58724077238781,0.9068296970897874,0.9068296970897874,0.9438202247191011,0.005988023952095809,0.9438202247191011,0.9940119760479041,0.08706835467207259
DYNLRB1,COX6B1,0.9958958487519344,0.9954921617439276,2.7184927538182064,2.311949498755298,0.9084731767762827,0.9084731767762827,0.9606741573033708,0.005988023952095809,0.9606741573033708,0.9940119760479041,0.0870245940739837
BLOC1S1,NDUFA13,0.995122115319922,0.998990782479984,2.293008490883402,2.554904174796474,0.9075179821478226,0.9075179821478226,0.9550561797752809,0.011976047904191617,0.9550561797752809,0.9880239520958084,0.08701085494871735
UQCR10,COX7A2,0.9952903182399246,0.9967705039359482,2.180370561124943,2.320042726905739,0.9080898941418829,0.9080898941418829,0.9606741573033708,0.011976047904191617,0.9606741573033708,0.9880239520958084,0.08689193048509405
PSMB3,TCEB2,0.9950548341519208,0.9960304110879364,2.7755753481800447,2.6273445132207485,0.909420918789304,0.909420918789304,0.9550561797752809,0.0,0.9550561797752809,1.0,0.08612251197028073
PSMB3,PSMB6,0.9950548341519208,0.9951052950279218,2.7755753481800447,1.9886599845253323,0.9104264304203862,0.9104264304203862,0.9606741573033708,0.0,0.9606741573033708,1.0,0.0856276480442936
DYNLRB1,CFL1,0.9958958487519344,0.9953575994079256,2.7184927538182064,3.58724077238781,0.9085360133748905,0.9085360133748905,0.9438202247191011,0.005988023952095809,0.9438202247191011,0.9940119760479041,0.085433376023877
NDUFA1,ATP5E,0.995879028459934,0.9953575994079256,2.1289500067281164,2.903379583529571,0.908584563576335,0.908584563576335,0.949438202247191,0.011976047904191617,0.949438202247191,0.9880239520958084,0.08537812028266241
GAPDH,POC1A,0.9971741909439548,0.9949539123999191,3.5851202650878014,3.774388256072125,0.909791698552514,0.909791698552514,0.949438202247191,0.0,0.949438202247191,1.0,0.0853101045706981
LGALS3BP,S100A6,0.997746080871964,0.9968377851039494,4.172795868936285,6.411394479580163,0.9079931392673859,0.9079931392673859,0.9325842696629213,0.005988023952095809,0.9325842696629213,0.9940119760479041,0.08505938171547989
MISP,CORO2A,0.996366816927942,0.9971405503599542,7.767093157505214,6.426852216914485,0.9101681992993091,0.9101681992993091,0.9550561797752809,0.005988023952095809,0.9550561797752809,0.9940119760479041,0.08500382932134849
OCIAD2,S100A6,0.996938706855951,0.9968377851039494,3.9669676209379,6.411394479580163,0.9097303068101663,0.9097303068101663,0.9438202247191011,0.0,0.9438202247191011,1.0,0.08493324576595024
COX6B1,NUDT1,0.9954921617439276,0.9945838659759132,2.311949498755298,3.1617194577137866,0.909853158192986,0.909853158192986,0.949438202247191,0.005988023952095809,0.949438202247191,0.9940119760479041,0.08465419965101792
OCIAD2,MGST2,0.996938706855951,0.9968377851039494,3.9669676209379,2.420642397228016,0.9115440145171823,0.9115440145171823,0.9550561797752809,0.0,0.9550561797752809,1.0,0.08421755323846629
ATOX1,NDUFA13,0.9969723474399516,0.998990782479984,2.821290462894436,2.554904174796474,0.9100442571170615,0.9100442571170615,0.949438202247191,0.011976047904191617,0.949438202247191,0.9880239520958084,0.08421425068165256
PSMB3,MRPL17,0.9950548341519208,0.9952398573639238,2.7755753481800447,2.2809577406983785,0.9121206725986605,0.9121206725986605,0.9606741573033708,0.0,0.9606741573033708,1.0,0.08401372123137245
COX6B1,BOLA2B,0.9954921617439276,0.9969050662719504,2.311949498755298,2.9417004743322352,0.9112503126885289,0.9112503126885289,0.949438202247191,0.0,0.949438202247191,1.0,0.08394202987849446
DYNLRB1,NDUFA13,0.9958958487519344,0.998990782479984,2.7184927538182064,2.554904174796474,0.9113355714426083,0.9113355714426083,0.9550561797752809,0.011976047904191617,0.9550561797752809,0.9880239520958084,0.08345147856453232
MRPL14,CFL1,0.9965350198479448,0.9953575994079256,2.674413590795937,3.58724077238781,0.9118003947625257,0.9118003947625257,0.949438202247191,0.0,0.949438202247191,1.0,0.08340061830127327
MAN2B1,GRN,0.9949202718159188,0.9967368633519478,2.349282665007065,3.5322372199421377,0.910210191671574,0.910210191671574,0.9325842696629213,0.0,0.9325842696629213,1.0,0.08338726141056839
COX6B1,NDUFC2,0.9954921617439276,0.9971741909439548,2.311949498755298,2.232745428244634,0.912507527716941,0.912507527716941,0.9550561797752809,0.0,0.9550561797752809,1.0,0.08325382572311207
COX7B,COX6B1,0.9969387068559512,0.9954921617439276,2.605707387472245,2.311949498755298,0.9130547736720188,0.9130547736720188,0.9606741573033708,0.0,0.9606741573033708,1.0,0.08320992227828543
TCEB2,S100A6,0.9960304110879364,0.9968377851039494,2.6273445132207485,6.411394479580163,0.9105222083915302,0.9105222083915302,0.9382022471910112,0.005988023952095809,0.9382022471910112,0.9940119760479041,0.08314802218228308
PTTG1,MAD2L1,0.9954417008679272,0.9951389356119222,5.344155052815717,4.156349323824261,0.9116650536837888,0.9116650536837888,0.949438202247191,0.005988023952095809,0.949438202247191,0.9940119760479041,0.08297373655286211
PSMB3,ATOX1,0.9950548341519208,0.9969723474399516,2.7755753481800447,2.821290462894436,0.9128633012331272,0.9128633012331272,0.9550561797752809,0.0,0.9550561797752809,1.0,0.08288869190400255
MRPL14,GAPDH,0.9965350198479448,0.9971741909439548,2.674413590795937,3.5851202650878014,0.9131386983439882,0.9131386983439882,0.9550561797752809,0.0,0.9550561797752809,1.0,0.0826964890994493
NDUFA1,NDUFA13,0.995879028459934,0.998990782479984,2.1289500067281164,2.554904174796474,0.9122871462446389,0.9122871462446389,0.9550561797752809,0.011976047904191617,0.9550561797752809,0.9880239520958084,0.08255515471072827
POC1A,CFL1,0.9949539123999191,0.9953575994079256,3.774388256072125,3.58724077238781,0.9126234475957453,0.9126234475957453,0.9550561797752809,0.005988023952095809,0.9550561797752809,0.9940119760479041,0.08254798946929028
MRPL14,POC1A,0.9965350198479448,0.9949539123999191,2.674413590795937,3.774388256072125,0.9117664300406323,0.9117664300406323,0.9438202247191011,0.005988023952095809,0.9438202247191011,0.9940119760479041,0.08242570094885543
PKM,S100A6,0.9953239588239252,0.9968377851039494,4.02694682432887,6.411394479580163,0.9113129216588135,0.9113129216588135,0.9325842696629213,0.0,0.9325842696629213,1.0,0.08238403025910017
HLA-A,LGALS3BP,0.9976787997039628,0.997746080871964,4.352046642669716,4.172795868936285,0.9130730889923001,0.9130730889923001,0.9606741573033708,0.011976047904191617,0.9606741573033708,0.9880239520958084,0.08231959319244073
LGALS3BP,GRN,0.997746080871964,0.9967368633519478,4.172795868936285,3.5322372199421377,0.9131243630253426,0.9131243630253426,0.949438202247191,0.0,0.949438202247191,1.0,0.08225551679847659
GAPDH,CFL1,0.9971741909439548,0.9953575994079256,3.5851202650878014,3.58724077238781,0.9132276924322671,0.9132276924322671,0.949438202247191,0.0,0.949438202247191,1.0,0.08207730968624131
PTTG1,GAPDH,0.9954417008679272,0.9971741909439548,5.344155052815717,3.5851202650878014,0.9139966980872143,0.9139966980872143,0.949438202247191,0.0,0.949438202247191,1.0,0.08135334634160488
KIF4A,CCNB1,0.996434098095943,0.9945165848079124,6.418663964206419,3.72830410078719,0.9138498329877618,0.9138498329877618,0.9438202247191011,0.005988023952095809,0.9438202247191011,0.9940119760479041,0.08045768393792704
CKLF,GAPDH,0.9949875529839196,0.9971741909439548,3.8934817230707113,3.5851202650878014,0.9145697599048415,0.9145697599048415,0.949438202247191,0.005988023952095809,0.949438202247191,0.9940119760479041,0.08030906070122319
ATP5E,SHFM1,0.9953575994079256,0.996064051671937,2.903379583529571,2.8740591939716085,0.914825488055213,0.914825488055213,0.9550561797752809,0.011976047904191617,0.9550561797752809,0.9880239520958084,0.080027504544113
MRPL14,CKLF,0.9965350198479448,0.9949875529839196,2.674413590795937,3.8934817230707113,0.9154603058916152,0.9154603058916152,0.949438202247191,0.0,0.949438202247191,1.0,0.0799249939348265
MAD2L1,CCNB1,0.9951389356119222,0.9945165848079124,4.156349323824261,3.72830410078719,0.914039831491237,0.914039831491237,0.9382022471910112,0.005988023952095809,0.9382022471910112,0.9940119760479041,0.07975046784383931
PSMB3,NDUFA13,0.9950548341519208,0.998990782479984,2.7755753481800447,2.554904174796474,0.9165989783855234,0.9165989783855234,0.9550561797752809,0.0,0.9550561797752809,1.0,0.07941551985226086
PSMB3,BOLA2B,0.9950548341519208,0.9969050662719504,2.7755753481800447,2.9417004743322352,0.9167325954714116,0.9167325954714116,0.949438202247191,0.0,0.949438202247191,1.0,0.07873944076076198
NDUFA1,SHFM1,0.995879028459934,0.996064051671937,2.1289500067281164,2.8740591939716085,0.9178209472911124,0.9178209472911124,0.9662921348314607,0.011976047904191617,0.9662921348314607,0.9880239520958084,0.0781419018493895
LGALS3BP,PKM,0.997746080871964,0.9953239588239252,4.172795868936285,4.02694682432887,0.917046276116088,0.917046276116088,0.949438202247191,0.005988023952095809,0.949438202247191,0.9940119760479041,0.07801655534772886
UBE2T,POC1A,0.9959463096279352,0.9949539123999191,5.646122027854405,3.774388256072125,0.916981837946409,0.916981837946409,0.949438202247191,0.005988023952095809,0.949438202247191,0.9940119760479041,0.07799215721569983
CCNB1,POC1A,0.9945165848079124,0.9949539123999191,3.72830410078719,3.774388256072125,0.916430696587427,0.916430696587427,0.9438202247191011,0.005988023952095809,0.9438202247191011,0.9940119760479041,0.07798932938838343
MRPL17,MRPL14,0.9952398573639238,0.9965350198479448,2.2809577406983785,2.674413590795937,0.9190706803626777,0.9190706803626777,0.9606741573033708,0.0,0.9606741573033708,1.0,0.07742696784233982
OCIAD2,CKLF,0.996938706855951,0.9949875529839196,3.9669676209379,3.8934817230707113,0.9185244383945791,0.9185244383945791,0.949438202247191,0.0,0.949438202247191,1.0,0.07704373457247078
PSMB3,MRPL14,0.9950548341519208,0.9965350198479448,2.7755753481800447,2.674413590795937,0.9193350953489006,0.9193350953489006,0.9550561797752809,0.0,0.9550561797752809,1.0,0.07671555889070043
TCEB2,BOLA2B,0.9960304110879364,0.9969050662719504,2.6273445132207485,2.9417004743322352,0.9187834930030226,0.9187834930030226,0.9438202247191011,0.0,0.9438202247191011,1.0,0.07638302069599992
KIF4A,MAD2L1,0.996434098095943,0.9951389356119222,6.418663964206419,4.156349323824261,0.9177921608055613,0.9177921608055613,0.9438202247191011,0.011976047904191617,0.9438202247191011,0.9880239520958084,0.07633720014763672
COX6B1,TCEB2,0.9954921617439276,0.9960304110879364,2.311949498755298,2.6273445132207485,0.9200465438040408,0.9200465438040408,0.9550561797752809,0.005988023952095809,0.9550561797752809,0.9940119760479041,0.0755810664559439
MAD2L1,TPX2,0.9951389356119222,0.9954080602839264,4.156349323824261,6.654686059341989,0.918392229555338,0.918392229555338,0.9269662921348315,0.011976047904191617,0.9269662921348315,0.9880239520958084,0.07438842570692067
COX7B,SHFM1,0.9969387068559512,0.996064051671937,2.605707387472245,2.8740591939716085,0.9217761524470752,0.9217761524470752,0.9550561797752809,0.005988023952095809,0.9550561797752809,0.9940119760479041,0.0740010042795579
KIF4A,POC1A,0.996434098095943,0.9949539123999191,6.418663964206419,3.774388256072125,0.9213221129217344,0.9213221129217344,0.949438202247191,0.005988023952095809,0.949438202247191,0.9940119760479041,0.0739327567008943
KIF4A,CKS2,0.996434098095943,0.9946511471439144,6.418663964206419,4.81815380475005,0.9226693947934618,0.9226693947934618,0.9550561797752809,0.0,0.9550561797752809,1.0,0.07352587245919985
TPX2,POC1A,0.9954080602839264,0.9949539123999191,6.654686059341989,3.774388256072125,0.9213848316431007,0.9213848316431007,0.9438202247191011,0.005988023952095809,0.9438202247191011,0.9940119760479041,0.0733988600586632
CKLF,CFL1,0.9949875529839196,0.9953575994079256,3.8934817230707113,3.58724077238781,0.9228150716225552,0.9228150716225552,0.9550561797752809,0.0,0.9550561797752809,1.0,0.07336008473522204
PTTG1,UBE2T,0.9954417008679272,0.9959463096279352,5.344155052815717,5.646122027854405,0.9220651565250964,0.9220651565250964,0.949438202247191,0.005988023952095809,0.949438202247191,0.9940119760479041,0.07323452669007985
CCNB1,CKS2,0.9945165848079124,0.9946511471439144,3.72830410078719,4.81815380475005,0.9229443944556921,0.9229443944556921,0.949438202247191,0.0,0.949438202247191,1.0,0.07276329375110113
COX7B,MRPL17,0.9969387068559512,0.9952398573639238,2.605707387472245,2.2809577406983785,0.9242643527325496,0.9242643527325496,0.9606741573033708,0.005988023952095809,0.9606741573033708,0.9940119760479041,0.07203877738494663
CCNB1,TPX2,0.9945165848079124,0.9954080602839264,3.72830410078719,6.654686059341989,0.9220662121878661,0.9220662121878661,0.9325842696629213,0.011976047904191617,0.9325842696629213,0.9880239520958084,0.07144765489460554
CKLF,S100A6,0.9949875529839196,0.9968377851039494,3.8934817230707113,6.411394479580163,0.9240745312288315,0.9240745312288315,0.9438202247191011,0.0,0.9438202247191011,1.0,0.07136709488981716
DYNLRB1,PIGU,0.9958958487519344,0.9947352486039158,2.7184927538182064,2.392829610442038,0.924913175709231,0.924913175709231,0.9606741573033708,0.005988023952095809,0.9606741573033708,0.9940119760479041,0.07136614702292693
PKM,CFL1,0.9953239588239252,0.9953575994079256,4.02694682432887,3.58724077238781,0.9245416687457981,0.9245416687457981,0.9438202247191011,0.0,0.9438202247191011,1.0,0.07088727364711203
TPX2,CKS2,0.9954080602839264,0.9946511471439144,6.654686059341989,4.81815380475005,0.9253497956235566,0.9253497956235566,0.9438202247191011,0.0,0.9438202247191011,1.0,0.07010617657685254
MRPL17,GAPDH,0.9952398573639238,0.9971741909439548,2.2809577406983785,3.5851202650878014,0.9264879233996627,0.9264879233996627,0.9606741573033708,0.005988023952095809,0.9606741573033708,0.9940119760479041,0.0699320107418403
PSMB3,DYNLRB1,0.9950548341519208,0.9958958487519344,2.7755753481800447,2.7184927538182064,0.927200003974367,0.927200003974367,0.9606741573033708,0.0,0.9606741573033708,1.0,0.06962063345014065
PTTG1,CCNB1,0.9954417008679272,0.9945165848079124,5.344155052815717,3.72830410078719,0.92615265585618,0.92615265585618,0.9438202247191011,0.005988023952095809,0.9438202247191011,0.9940119760479041,0.06893340864678277
UBE2T,CKS2,0.9959463096279352,0.9946511471439144,5.646122027854405,4.81815380475005,0.929033672974015,0.929033672974015,0.9550561797752809,0.0,0.9550561797752809,1.0,0.06745819189899463
CKS2,POC1A,0.9946511471439144,0.9949539123999191,4.81815380475005,3.774388256072125,0.9297631020894874,0.9297631020894874,0.9606741573033708,0.0,0.9606741573033708,1.0,0.06712407458946837
PTTG1,CKS2,0.9954417008679272,0.9946511471439144,5.344155052815717,4.81815380475005,0.9299913885499302,0.9299913885499302,0.9550561797752809,0.0,0.9550561797752809,1.0,0.06653095022703381
NAGA,CTSB,0.9948361703559174,0.9947520688959162,2.921225973894907,3.5799245004373272,0.9275140094739641,0.9275140094739641,0.9325842696629213,0.011976047904191617,0.9325842696629213,0.9880239520958084,0.06644202284216005
PSMB3,COX6B1,0.9950548341519208,0.9954921617439276,2.7755753481800447,2.311949498755298,0.9309999766944903,0.9309999766944903,0.9606741573033708,0.0,0.9606741573033708,1.0,0.06597323577917674
UBE2T,KIF4A,0.9959463096279352,0.996434098095943,5.646122027854405,6.418663964206419,0.9308453504891068,0.9308453504891068,0.949438202247191,0.005988023952095809,0.949438202247191,0.9940119760479041,0.06501625805680228
UBE2T,TPX2,0.9959463096279352,0.9954080602839264,5.646122027854405,6.654686059341989,0.932598545353579,0.932598545353579,0.9325842696629213,0.005988023952095809,0.9325842696629213,0.9940119760479041,0.06221104949346533
PTTG1,POC1A,0.9954417008679272,0.9949539123999191,5.344155052815717,3.774388256072125,0.9353295200300253,0.9353295200300253,0.949438202247191,0.005988023952095809,0.949438202247191,0.9940119760479041,0.06073986377691501
PKM,GAPDH,0.9953239588239252,0.9971741909439548,4.02694682432887,3.5851202650878014,0.9371034275374728,0.9371034275374728,0.9550561797752809,0.005988023952095809,0.9550561797752809,0.9940119760479041,0.059486093086355114
PTTG1,KIF4A,0.9954417008679272,0.996434098095943,5.344155052815717,6.418663964206419,0.9381769233086128,0.9381769233086128,0.9550561797752809,0.005988023952095809,0.9550561797752809,0.9940119760479041,0.058452542953561115
COX7B,NDUFA1,0.9969387068559512,0.995879028459934,2.605707387472245,2.1289500067281164,0.9387356950474474,0.9387356950474474,0.9550561797752809,0.005988023952095809,0.9550561797752809,0.9940119760479041,0.05795162664324515
PKM,CKLF,0.9953239588239252,0.9949875529839196,4.02694682432887,3.8934817230707113,0.9389089798614513,0.9389089798614513,0.9438202247191011,0.005988023952095809,0.9438202247191011,0.9940119760479041,0.057036035796990736
PTTG1,TPX2,0.9954417008679272,0.9954080602839264,5.344155052815717,6.654686059341989,0.9434730161351663,0.9434730161351663,0.9382022471910112,0.005988023952095809,0.9382022471910112,0.9940119760479041,0.05247499316321865
KIF4A,TPX2,0.996434098095943,0.9954080602839264,6.418663964206419,6.654686059341989,0.9573550785383752,0.9573550785383752,0.9382022471910112,0.011976047904191617,0.9382022471910112,0.9880239520958084,0.03936916333519762
