gene,cell_type,mean_expression,percent_expressing_fraction,n_cells,is_target_compartment,is_off_target_compartment,source_h5ad,annotation_version
MISP,B cells,3.6084554195404053,0.7619047619047619,21,0,1,GSE154778,v4_unbiased_metadata
OCIAD2,B cells,3.321981191635132,0.6666666666666666,21,0,1,GSE154778,v4_unbiased_metadata
MMP12,B cells,0.0,0.0,21,0,1,GSE154778,v4_unbiased_metadata
CCNB1,B cells,1.155814528465271,0.23809523809523808,21,0,1,GSE154778,v4_unbiased_metadata
AGR2,B cells,2.342866897583008,0.47619047619047616,21,0,1,GSE154778,v4_unbiased_metadata
PLAC8,B cells,3.429321765899658,0.7142857142857143,21,0,1,GSE154778,v4_unbiased_metadata
LAMA3,B cells,3.0083940029144287,0.6190476190476191,21,0,1,GSE154778,v4_unbiased_metadata
CEACAM5,B cells,2.2933199405670166,0.47619047619047616,21,0,1,GSE154778,v4_unbiased_metadata
MMP9,B cells,0.0,0.0,21,0,1,GSE154778,v4_unbiased_metadata
CST1,B cells,0.6708309650421143,0.14285714285714285,21,0,1,GSE154778,v4_unbiased_metadata
GRN,B cells,3.6942644119262695,0.7619047619047619,21,0,1,GSE154778,v4_unbiased_metadata
RCN1,B cells,3.956491470336914,0.8095238095238095,21,0,1,GSE154778,v4_unbiased_metadata
CTTN,B cells,3.6836390495300293,0.7619047619047619,21,0,1,GSE154778,v4_unbiased_metadata
SDC1,B cells,3.6802356243133545,0.7619047619047619,21,0,1,GSE154778,v4_unbiased_metadata
TPX2,B cells,0.2455085963010788,0.047619047619047616,21,0,1,GSE154778,v4_unbiased_metadata
TOP2A,B cells,1.1537278890609741,0.23809523809523808,21,0,1,GSE154778,v4_unbiased_metadata
PTPRR,B cells,0.9024658203125,0.19047619047619047,21,0,1,GSE154778,v4_unbiased_metadata
ETV1,B cells,1.3651807308197021,0.2857142857142857,21,0,1,GSE154778,v4_unbiased_metadata
DOCK5,B cells,1.6060540676116943,0.3333333333333333,21,0,1,GSE154778,v4_unbiased_metadata
EDIL3,B cells,0.0,0.0,21,0,1,GSE154778,v4_unbiased_metadata
DNTTIP1,B cells,3.248506546020508,0.6666666666666666,21,0,1,GSE154778,v4_unbiased_metadata
DSG2,B cells,3.864086389541626,0.8095238095238095,21,0,1,GSE154778,v4_unbiased_metadata
CAPN9,B cells,0.6914938688278198,0.14285714285714285,21,0,1,GSE154778,v4_unbiased_metadata
ANKLE2,B cells,2.281916379928589,0.47619047619047616,21,0,1,GSE154778,v4_unbiased_metadata
CDH3,B cells,0.9050440192222595,0.19047619047619047,21,0,1,GSE154778,v4_unbiased_metadata
COL17A1,B cells,2.5094704627990723,0.5238095238095238,21,0,1,GSE154778,v4_unbiased_metadata
DPCR1,B cells,2.7118210792541504,0.5714285714285714,21,0,1,GSE154778,v4_unbiased_metadata
COLGALT1,B cells,1.6166260242462158,0.3333333333333333,21,0,1,GSE154778,v4_unbiased_metadata
LMNB1,B cells,0.9377644062042236,0.19047619047619047,21,0,1,GSE154778,v4_unbiased_metadata
UACA,B cells,2.274197578430176,0.47619047619047616,21,0,1,GSE154778,v4_unbiased_metadata
SPARC,B cells,2.3212740421295166,0.47619047619047616,21,0,1,GSE154778,v4_unbiased_metadata
NT5C2,B cells,1.8301364183425903,0.38095238095238093,21,0,1,GSE154778,v4_unbiased_metadata
TXN,B cells,2.471025228500366,0.47619047619047616,21,0,1,GSE154778,v4_unbiased_metadata
PLS1,B cells,3.3763504028320312,0.7142857142857143,21,0,1,GSE154778,v4_unbiased_metadata
RNF145,B cells,3.9203386306762695,0.8095238095238095,21,0,1,GSE154778,v4_unbiased_metadata
LOXL1,B cells,0.70997554063797,0.14285714285714285,21,0,1,GSE154778,v4_unbiased_metadata
SLC16A1,B cells,2.0692596435546875,0.42857142857142855,21,0,1,GSE154778,v4_unbiased_metadata
CLDN12,B cells,1.3737095594406128,0.2857142857142857,21,0,1,GSE154778,v4_unbiased_metadata
PKM,B cells,2.852330446243286,0.5714285714285714,21,0,1,GSE154778,v4_unbiased_metadata
PYGB,B cells,3.9227452278137207,0.8095238095238095,21,0,1,GSE154778,v4_unbiased_metadata
IDO1,B cells,0.2346264123916626,0.047619047619047616,21,0,1,GSE154778,v4_unbiased_metadata
PSMB8,B cells,3.9310684204101562,0.8095238095238095,21,0,1,GSE154778,v4_unbiased_metadata
TMEM173,B cells,3.227311611175537,0.6666666666666666,21,0,1,GSE154778,v4_unbiased_metadata
MMP13,B cells,0.0,0.0,21,0,1,GSE154778,v4_unbiased_metadata
PXDN,B cells,0.0,0.0,21,0,1,GSE154778,v4_unbiased_metadata
CALM2,B cells,2.3725273609161377,0.47619047619047616,21,0,1,GSE154778,v4_unbiased_metadata
SLC44A4,B cells,4.092646598815918,0.8571428571428571,21,0,1,GSE154778,v4_unbiased_metadata
LGR5,B cells,0.6708309650421143,0.14285714285714285,21,0,1,GSE154778,v4_unbiased_metadata
TIMP1,B cells,2.623770236968994,0.5238095238095238,21,0,1,GSE154778,v4_unbiased_metadata
KIF4A,B cells,0.21976764500141144,0.047619047619047616,21,0,1,GSE154778,v4_unbiased_metadata
NEK2,B cells,0.44556599855422974,0.09523809523809523,21,0,1,GSE154778,v4_unbiased_metadata
FBXL2,B cells,0.41219988465309143,0.09523809523809523,21,0,1,GSE154778,v4_unbiased_metadata
TFF1,B cells,4.167109966278076,0.8571428571428571,21,0,1,GSE154778,v4_unbiased_metadata
HCP5,B cells,0.0,0.0,21,0,1,GSE154778,v4_unbiased_metadata
RNF149,B cells,3.925849437713623,0.8095238095238095,21,0,1,GSE154778,v4_unbiased_metadata
GRAMD3,B cells,1.5934911966323853,0.3333333333333333,21,0,1,GSE154778,v4_unbiased_metadata
FAM91A1,B cells,2.0289266109466553,0.42857142857142855,21,0,1,GSE154778,v4_unbiased_metadata
MMP1,B cells,1.8553476333618164,0.38095238095238093,21,0,1,GSE154778,v4_unbiased_metadata
AMIGO2,B cells,0.9128507971763611,0.19047619047619047,21,0,1,GSE154778,v4_unbiased_metadata
IL18,B cells,3.4516427516937256,0.7142857142857143,21,0,1,GSE154778,v4_unbiased_metadata
GPX2,B cells,3.692537546157837,0.7619047619047619,21,0,1,GSE154778,v4_unbiased_metadata
CLDN4,B cells,1.8573640584945679,0.38095238095238093,21,0,1,GSE154778,v4_unbiased_metadata
FAR2,B cells,0.45790335536003113,0.09523809523809523,21,0,1,GSE154778,v4_unbiased_metadata
MXRA5,B cells,1.1556100845336914,0.23809523809523808,21,0,1,GSE154778,v4_unbiased_metadata
TINAGL1,B cells,2.506035327911377,0.5238095238095238,21,0,1,GSE154778,v4_unbiased_metadata
UBA6,B cells,1.6126905679702759,0.3333333333333333,21,0,1,GSE154778,v4_unbiased_metadata
OLFML2B,B cells,0.0,0.0,21,0,1,GSE154778,v4_unbiased_metadata
ADAM22,B cells,0.0,0.0,21,0,1,GSE154778,v4_unbiased_metadata
NCEH1,B cells,2.244133472442627,0.47619047619047616,21,0,1,GSE154778,v4_unbiased_metadata
IFI44,B cells,2.7534291744232178,0.5714285714285714,21,0,1,GSE154778,v4_unbiased_metadata
GBP2,B cells,2.9816784858703613,0.6190476190476191,21,0,1,GSE154778,v4_unbiased_metadata
NMU,B cells,1.3673282861709595,0.2857142857142857,21,0,1,GSE154778,v4_unbiased_metadata
IFI44L,B cells,1.150816559791565,0.23809523809523808,21,0,1,GSE154778,v4_unbiased_metadata
GPSM2,B cells,0.927151620388031,0.19047619047619047,21,0,1,GSE154778,v4_unbiased_metadata
SLC5A3,B cells,0.0,0.0,21,0,1,GSE154778,v4_unbiased_metadata
PDGFC,B cells,1.384214162826538,0.2857142857142857,21,0,1,GSE154778,v4_unbiased_metadata
TYMS,B cells,0.9408002495765686,0.19047619047619047,21,0,1,GSE154778,v4_unbiased_metadata
MVP,B cells,4.5941996574401855,0.9523809523809523,21,0,1,GSE154778,v4_unbiased_metadata
LGALS3BP,B cells,3.2679636478424072,0.6666666666666666,21,0,1,GSE154778,v4_unbiased_metadata
KIAA1551,B cells,2.528352975845337,0.5238095238095238,21,0,1,GSE154778,v4_unbiased_metadata
MMP11,B cells,0.4483279287815094,0.09523809523809523,21,0,1,GSE154778,v4_unbiased_metadata
SEMA3C,B cells,1.6133259534835815,0.3333333333333333,21,0,1,GSE154778,v4_unbiased_metadata
CRIP1,B cells,4.367774963378906,0.9047619047619048,21,0,1,GSE154778,v4_unbiased_metadata
PTK7,B cells,0.2366105020046234,0.047619047619047616,21,0,1,GSE154778,v4_unbiased_metadata
FXYD5,B cells,3.2501208782196045,0.6666666666666666,21,0,1,GSE154778,v4_unbiased_metadata
MIR31HG,B cells,0.0,0.0,21,0,1,GSE154778,v4_unbiased_metadata
MUC4,B cells,0.8729695081710815,0.19047619047619047,21,0,1,GSE154778,v4_unbiased_metadata
TIMP2,B cells,3.1837401390075684,0.6666666666666666,21,0,1,GSE154778,v4_unbiased_metadata
RHPN2,B cells,2.9799606800079346,0.6190476190476191,21,0,1,GSE154778,v4_unbiased_metadata
CNN2,B cells,3.7192463874816895,0.7619047619047619,21,0,1,GSE154778,v4_unbiased_metadata
MUC16,B cells,0.44598525762557983,0.09523809523809523,21,0,1,GSE154778,v4_unbiased_metadata
ESM1,B cells,0.0,0.0,21,0,1,GSE154778,v4_unbiased_metadata
TMEM45B,B cells,2.0645601749420166,0.42857142857142855,21,0,1,GSE154778,v4_unbiased_metadata
NMI,B cells,2.252615451812744,0.47619047619047616,21,0,1,GSE154778,v4_unbiased_metadata
SLC2A1,B cells,3.211786985397339,0.6666666666666666,21,0,1,GSE154778,v4_unbiased_metadata
MFAP2,B cells,0.2455085963010788,0.047619047619047616,21,0,1,GSE154778,v4_unbiased_metadata
RASA2,B cells,1.3794511556625366,0.2857142857142857,21,0,1,GSE154778,v4_unbiased_metadata
NQO1,B cells,3.663001298904419,0.7619047619047619,21,0,1,GSE154778,v4_unbiased_metadata
LGALS1,B cells,2.6116161346435547,0.5238095238095238,21,0,1,GSE154778,v4_unbiased_metadata
L3MBTL3,B cells,0.4573700428009033,0.09523809523809523,21,0,1,GSE154778,v4_unbiased_metadata
CDH2,B cells,0.0,0.0,21,0,1,GSE154778,v4_unbiased_metadata
UBE2T,B cells,0.8572325110435486,0.19047619047619047,21,0,1,GSE154778,v4_unbiased_metadata
IL1R2,B cells,1.9957685470581055,0.42857142857142855,21,0,1,GSE154778,v4_unbiased_metadata
SERPINH1,B cells,3.018770933151245,0.6190476190476191,21,0,1,GSE154778,v4_unbiased_metadata
PIAS3,B cells,1.3670072555541992,0.2857142857142857,21,0,1,GSE154778,v4_unbiased_metadata
IQGAP1,B cells,4.405933380126953,0.9047619047619048,21,0,1,GSE154778,v4_unbiased_metadata
ABHD17C,B cells,2.737306833267212,0.5714285714285714,21,0,1,GSE154778,v4_unbiased_metadata
POSTN,B cells,0.22526498138904572,0.047619047619047616,21,0,1,GSE154778,v4_unbiased_metadata
SLFN13,B cells,1.3596464395523071,0.2857142857142857,21,0,1,GSE154778,v4_unbiased_metadata
IFI27,B cells,2.095327138900757,0.42857142857142855,21,0,1,GSE154778,v4_unbiased_metadata
DYNLT1,B cells,3.6513097286224365,0.7619047619047619,21,0,1,GSE154778,v4_unbiased_metadata
LAMB3,B cells,4.131973743438721,0.8571428571428571,21,0,1,GSE154778,v4_unbiased_metadata
SPDL1,B cells,0.8696361780166626,0.19047619047619047,21,0,1,GSE154778,v4_unbiased_metadata
GREB1L,B cells,0.41826602816581726,0.09523809523809523,21,0,1,GSE154778,v4_unbiased_metadata
PARP14,B cells,2.9700734615325928,0.6190476190476191,21,0,1,GSE154778,v4_unbiased_metadata
APBB2,B cells,1.5915756225585938,0.3333333333333333,21,0,1,GSE154778,v4_unbiased_metadata
IL2RA,B cells,0.0,0.0,21,0,1,GSE154778,v4_unbiased_metadata
RBMS1,B cells,2.988018274307251,0.6190476190476191,21,0,1,GSE154778,v4_unbiased_metadata
CDC6,B cells,0.23210503160953522,0.047619047619047616,21,0,1,GSE154778,v4_unbiased_metadata
MMP3,B cells,1.1664730310440063,0.23809523809523808,21,0,1,GSE154778,v4_unbiased_metadata
LINC01559,B cells,0.0,0.0,21,0,1,GSE154778,v4_unbiased_metadata
SRPX2,B cells,0.21976764500141144,0.047619047619047616,21,0,1,GSE154778,v4_unbiased_metadata
CEACAM1,B cells,3.0160293579101562,0.6190476190476191,21,0,1,GSE154778,v4_unbiased_metadata
VSNL1,B cells,0.23210503160953522,0.047619047619047616,21,0,1,GSE154778,v4_unbiased_metadata
IFITM10,B cells,0.6523551344871521,0.14285714285714285,21,0,1,GSE154778,v4_unbiased_metadata
STIL,B cells,0.44651857018470764,0.09523809523809523,21,0,1,GSE154778,v4_unbiased_metadata
CTSK,B cells,0.8910179138183594,0.19047619047619047,21,0,1,GSE154778,v4_unbiased_metadata
OXR1,B cells,2.548527956008911,0.5238095238095238,21,0,1,GSE154778,v4_unbiased_metadata
CEP55,B cells,0.0,0.0,21,0,1,GSE154778,v4_unbiased_metadata
ST6GALNAC1,B cells,1.8473021984100342,0.38095238095238093,21,0,1,GSE154778,v4_unbiased_metadata
TSPAN8,B cells,2.5411453247070312,0.5238095238095238,21,0,1,GSE154778,v4_unbiased_metadata
CSGALNACT2,B cells,0.23210503160953522,0.047619047619047616,21,0,1,GSE154778,v4_unbiased_metadata
CLIP4,B cells,1.135136365890503,0.23809523809523808,21,0,1,GSE154778,v4_unbiased_metadata
COL1A1,B cells,1.1796436309814453,0.23809523809523808,21,0,1,GSE154778,v4_unbiased_metadata
NEK7,B cells,2.978328227996826,0.6190476190476191,21,0,1,GSE154778,v4_unbiased_metadata
ELK3,B cells,0.9317815899848938,0.19047619047619047,21,0,1,GSE154778,v4_unbiased_metadata
MAML2,B cells,1.3627076148986816,0.2857142857142857,21,0,1,GSE154778,v4_unbiased_metadata
CHST11,B cells,0.22856026887893677,0.047619047619047616,21,0,1,GSE154778,v4_unbiased_metadata
CEP170,B cells,2.0771663188934326,0.42857142857142855,21,0,1,GSE154778,v4_unbiased_metadata
MYO1D,B cells,2.305967330932617,0.47619047619047616,21,0,1,GSE154778,v4_unbiased_metadata
RAB23,B cells,0.0,0.0,21,0,1,GSE154778,v4_unbiased_metadata
CORO1C,B cells,1.1324841976165771,0.23809523809523808,21,0,1,GSE154778,v4_unbiased_metadata
SPRY4,B cells,2.072962522506714,0.42857142857142855,21,0,1,GSE154778,v4_unbiased_metadata
WNT2,B cells,0.0,0.0,21,0,1,GSE154778,v4_unbiased_metadata
COMP,B cells,0.483381450176239,0.09523809523809523,21,0,1,GSE154778,v4_unbiased_metadata
KIF13B,B cells,2.272716522216797,0.47619047619047616,21,0,1,GSE154778,v4_unbiased_metadata
CCL18,B cells,0.0,0.0,21,0,1,GSE154778,v4_unbiased_metadata
KDELC1,B cells,0.4283389151096344,0.09523809523809523,21,0,1,GSE154778,v4_unbiased_metadata
HLA-F,B cells,2.7545933723449707,0.5714285714285714,21,0,1,GSE154778,v4_unbiased_metadata
COL4A2,B cells,0.453750878572464,0.09523809523809523,21,0,1,GSE154778,v4_unbiased_metadata
NRG3,B cells,0.6662862300872803,0.14285714285714285,21,0,1,GSE154778,v4_unbiased_metadata
CD82,B cells,3.9158332347869873,0.8095238095238095,21,0,1,GSE154778,v4_unbiased_metadata
CAMSAP2,B cells,1.1633033752441406,0.23809523809523808,21,0,1,GSE154778,v4_unbiased_metadata
LEMD1,B cells,2.2835733890533447,0.47619047619047616,21,0,1,GSE154778,v4_unbiased_metadata
KRT7,B cells,3.8087222576141357,0.7619047619047619,21,0,1,GSE154778,v4_unbiased_metadata
RAB25,B cells,3.9090070724487305,0.8095238095238095,21,0,1,GSE154778,v4_unbiased_metadata
NUF2,B cells,0.4801350235939026,0.09523809523809523,21,0,1,GSE154778,v4_unbiased_metadata
CKMT1A,B cells,1.1425206661224365,0.23809523809523808,21,0,1,GSE154778,v4_unbiased_metadata
ASPN,B cells,0.0,0.0,21,0,1,GSE154778,v4_unbiased_metadata
ERN2,B cells,1.8129061460494995,0.38095238095238093,21,0,1,GSE154778,v4_unbiased_metadata
PLEKHG1,B cells,0.4573700428009033,0.09523809523809523,21,0,1,GSE154778,v4_unbiased_metadata
PLEKHA2,B cells,0.4606652855873108,0.09523809523809523,21,0,1,GSE154778,v4_unbiased_metadata
IGFL2,B cells,0.23210503160953522,0.047619047619047616,21,0,1,GSE154778,v4_unbiased_metadata
KNTC1,B cells,0.0,0.0,21,0,1,GSE154778,v4_unbiased_metadata
BRIP1,B cells,0.0,0.0,21,0,1,GSE154778,v4_unbiased_metadata
HLA-C,B cells,2.5841825008392334,0.5238095238095238,21,0,1,GSE154778,v4_unbiased_metadata
CST2,B cells,0.2366105020046234,0.047619047619047616,21,0,1,GSE154778,v4_unbiased_metadata
DNAJA4,B cells,2.7525410652160645,0.5714285714285714,21,0,1,GSE154778,v4_unbiased_metadata
SLC7A7,B cells,1.367587685585022,0.2857142857142857,21,0,1,GSE154778,v4_unbiased_metadata
FXYD3,B cells,2.158348560333252,0.42857142857142855,21,0,1,GSE154778,v4_unbiased_metadata
KPNA2,B cells,1.8390637636184692,0.38095238095238093,21,0,1,GSE154778,v4_unbiased_metadata
SPOCK1,B cells,0.22526498138904572,0.047619047619047616,21,0,1,GSE154778,v4_unbiased_metadata
IL1A,B cells,0.23210503160953522,0.047619047619047616,21,0,1,GSE154778,v4_unbiased_metadata
GBP3,B cells,4.116249084472656,0.8571428571428571,21,0,1,GSE154778,v4_unbiased_metadata
GAPDH,B cells,2.500899076461792,0.47619047619047616,21,0,1,GSE154778,v4_unbiased_metadata
SMC6,B cells,0.8960520625114441,0.19047619047619047,21,0,1,GSE154778,v4_unbiased_metadata
CALD1,B cells,2.526418447494507,0.5238095238095238,21,0,1,GSE154778,v4_unbiased_metadata
DGKA,B cells,1.142202377319336,0.23809523809523808,21,0,1,GSE154778,v4_unbiased_metadata
KLK7,B cells,0.678623616695404,0.14285714285714285,21,0,1,GSE154778,v4_unbiased_metadata
PRDM1,B cells,0.4707736074924469,0.09523809523809523,21,0,1,GSE154778,v4_unbiased_metadata
GPR87,B cells,0.0,0.0,21,0,1,GSE154778,v4_unbiased_metadata
KCNN4,B cells,3.419541835784912,0.7142857142857143,21,0,1,GSE154778,v4_unbiased_metadata
MXD1,B cells,1.832118034362793,0.38095238095238093,21,0,1,GSE154778,v4_unbiased_metadata
CLEC7A,B cells,0.0,0.0,21,0,1,GSE154778,v4_unbiased_metadata
S100A6,B cells,2.538407564163208,0.47619047619047616,21,0,1,GSE154778,v4_unbiased_metadata
SULT1B1,B cells,1.1333587169647217,0.23809523809523808,21,0,1,GSE154778,v4_unbiased_metadata
EPS8,B cells,3.9043877124786377,0.8095238095238095,21,0,1,GSE154778,v4_unbiased_metadata
ANKRD50,B cells,0.6861740946769714,0.14285714285714285,21,0,1,GSE154778,v4_unbiased_metadata
FLNA,B cells,2.099925994873047,0.42857142857142855,21,0,1,GSE154778,v4_unbiased_metadata
GALNT5,B cells,2.2822558879852295,0.47619047619047616,21,0,1,GSE154778,v4_unbiased_metadata
COL3A1,B cells,0.935668408870697,0.19047619047619047,21,0,1,GSE154778,v4_unbiased_metadata
SCIN,B cells,0.6793339848518372,0.14285714285714285,21,0,1,GSE154778,v4_unbiased_metadata
HIST1H2BD,B cells,4.346799373626709,0.9047619047619048,21,0,1,GSE154778,v4_unbiased_metadata
WFDC2,B cells,3.915905237197876,0.8095238095238095,21,0,1,GSE154778,v4_unbiased_metadata
TEP1,B cells,0.8970485925674438,0.19047619047619047,21,0,1,GSE154778,v4_unbiased_metadata
MARCO,B cells,0.0,0.0,21,0,1,GSE154778,v4_unbiased_metadata
KCND2,B cells,0.0,0.0,21,0,1,GSE154778,v4_unbiased_metadata
UBE2C,B cells,1.5934122800827026,0.3333333333333333,21,0,1,GSE154778,v4_unbiased_metadata
ARL6IP1,B cells,3.0232644081115723,0.6190476190476191,21,0,1,GSE154778,v4_unbiased_metadata
C15orf48,B cells,3.545466423034668,0.7142857142857143,21,0,1,GSE154778,v4_unbiased_metadata
MISP,CAF / fibroblast,0.8713828921318054,0.18200270635994586,1478,0,1,GSE154778,v4_unbiased_metadata
OCIAD2,CAF / fibroblast,1.8516712188720703,0.37009472259810555,1478,0,1,GSE154778,v4_unbiased_metadata
MMP12,CAF / fibroblast,0.0,0.0,1478,0,1,GSE154778,v4_unbiased_metadata
CCNB1,CAF / fibroblast,0.6324132680892944,0.12990527740189445,1478,0,1,GSE154778,v4_unbiased_metadata
AGR2,CAF / fibroblast,1.3972643613815308,0.2780784844384303,1478,0,1,GSE154778,v4_unbiased_metadata
PLAC8,CAF / fibroblast,1.5487035512924194,0.3186738836265223,1478,0,1,GSE154778,v4_unbiased_metadata
LAMA3,CAF / fibroblast,0.8154078722000122,0.17050067658998647,1478,0,1,GSE154778,v4_unbiased_metadata
CEACAM5,CAF / fibroblast,0.6889635920524597,0.14411366711772666,1478,0,1,GSE154778,v4_unbiased_metadata
MMP9,CAF / fibroblast,0.19871428608894348,0.04059539918809202,1478,0,1,GSE154778,v4_unbiased_metadata
CST1,CAF / fibroblast,1.6607632637023926,0.3342354533152909,1478,0,1,GSE154778,v4_unbiased_metadata
GRN,CAF / fibroblast,4.065352916717529,0.8112313937753721,1478,0,1,GSE154778,v4_unbiased_metadata
RCN1,CAF / fibroblast,3.922009229660034,0.7895805142083897,1478,0,1,GSE154778,v4_unbiased_metadata
CTTN,CAF / fibroblast,3.390608549118042,0.6826792963464141,1478,0,1,GSE154778,v4_unbiased_metadata
SDC1,CAF / fibroblast,2.96648907661438,0.6021650879566982,1478,0,1,GSE154778,v4_unbiased_metadata
TPX2,CAF / fibroblast,0.4194597899913788,0.08660351826792964,1478,0,1,GSE154778,v4_unbiased_metadata
TOP2A,CAF / fibroblast,0.45202335715293884,0.09336941813261164,1478,0,1,GSE154778,v4_unbiased_metadata
PTPRR,CAF / fibroblast,0.28337016701698303,0.05953991880920163,1478,0,1,GSE154778,v4_unbiased_metadata
ETV1,CAF / fibroblast,1.6206200122833252,0.3274695534506089,1478,0,1,GSE154778,v4_unbiased_metadata
DOCK5,CAF / fibroblast,1.3000949621200562,0.2658998646820027,1478,0,1,GSE154778,v4_unbiased_metadata
EDIL3,CAF / fibroblast,2.1077535152435303,0.4242219215155616,1478,0,1,GSE154778,v4_unbiased_metadata
DNTTIP1,CAF / fibroblast,1.8036177158355713,0.36738836265223274,1478,0,1,GSE154778,v4_unbiased_metadata
DSG2,CAF / fibroblast,1.786186933517456,0.36738836265223274,1478,0,1,GSE154778,v4_unbiased_metadata
CAPN9,CAF / fibroblast,0.27637675404548645,0.058186738836265225,1478,0,1,GSE154778,v4_unbiased_metadata
ANKLE2,CAF / fibroblast,2.016786813735962,0.41069012178619757,1478,0,1,GSE154778,v4_unbiased_metadata
CDH3,CAF / fibroblast,0.5000416040420532,0.10419485791610285,1478,0,1,GSE154778,v4_unbiased_metadata
COL17A1,CAF / fibroblast,0.6827875971794128,0.14343707713125844,1478,0,1,GSE154778,v4_unbiased_metadata
DPCR1,CAF / fibroblast,0.6521902680397034,0.13667117726657646,1478,0,1,GSE154778,v4_unbiased_metadata
COLGALT1,CAF / fibroblast,2.0923655033111572,0.4248985115020298,1478,0,1,GSE154778,v4_unbiased_metadata
LMNB1,CAF / fibroblast,0.3853761553764343,0.07983761840324763,1478,0,1,GSE154778,v4_unbiased_metadata
UACA,CAF / fibroblast,2.7837088108062744,0.560893098782138,1478,0,1,GSE154778,v4_unbiased_metadata
SPARC,CAF / fibroblast,4.484557628631592,0.8998646820027063,1478,0,1,GSE154778,v4_unbiased_metadata
NT5C2,CAF / fibroblast,1.3970956802368164,0.2868741542625169,1478,0,1,GSE154778,v4_unbiased_metadata
TXN,CAF / fibroblast,3.8871872425079346,0.7428958051420839,1478,0,1,GSE154778,v4_unbiased_metadata
PLS1,CAF / fibroblast,0.8946537971496582,0.18741542625169147,1478,0,1,GSE154778,v4_unbiased_metadata
RNF145,CAF / fibroblast,2.457638740539551,0.4993234100135318,1478,0,1,GSE154778,v4_unbiased_metadata
LOXL1,CAF / fibroblast,2.9828619956970215,0.5987821380243572,1478,0,1,GSE154778,v4_unbiased_metadata
SLC16A1,CAF / fibroblast,1.5745242834091187,0.3200270635994587,1478,0,1,GSE154778,v4_unbiased_metadata
CLDN12,CAF / fibroblast,1.03544020652771,0.21312584573748308,1478,0,1,GSE154778,v4_unbiased_metadata
PKM,CAF / fibroblast,4.099034309387207,0.790257104194858,1478,0,1,GSE154778,v4_unbiased_metadata
PYGB,CAF / fibroblast,1.7985886335372925,0.36738836265223274,1478,0,1,GSE154778,v4_unbiased_metadata
IDO1,CAF / fibroblast,0.11466225236654282,0.02368064952638701,1478,0,1,GSE154778,v4_unbiased_metadata
PSMB8,CAF / fibroblast,3.048858404159546,0.6177266576454669,1478,0,1,GSE154778,v4_unbiased_metadata
TMEM173,CAF / fibroblast,2.1330854892730713,0.43369418132611637,1478,0,1,GSE154778,v4_unbiased_metadata
MMP13,CAF / fibroblast,0.14933712780475616,0.030446549391069014,1478,0,1,GSE154778,v4_unbiased_metadata
PXDN,CAF / fibroblast,1.2370262145996094,0.2483085250338295,1478,0,1,GSE154778,v4_unbiased_metadata
CALM2,CAF / fibroblast,4.177349090576172,0.7949932341001353,1478,0,1,GSE154778,v4_unbiased_metadata
SLC44A4,CAF / fibroblast,1.1606285572052002,0.24154262516914748,1478,0,1,GSE154778,v4_unbiased_metadata
LGR5,CAF / fibroblast,0.3312973082065582,0.06833558863328823,1478,0,1,GSE154778,v4_unbiased_metadata
TIMP1,CAF / fibroblast,4.227427959442139,0.8058186738836265,1478,0,1,GSE154778,v4_unbiased_metadata
KIF4A,CAF / fibroblast,0.22436973452568054,0.04668470906630582,1478,0,1,GSE154778,v4_unbiased_metadata
NEK2,CAF / fibroblast,0.2314380705356598,0.04803788903924222,1478,0,1,GSE154778,v4_unbiased_metadata
FBXL2,CAF / fibroblast,0.5070831179618835,0.10351826792963464,1478,0,1,GSE154778,v4_unbiased_metadata
TFF1,CAF / fibroblast,2.6648943424224854,0.5399188092016238,1478,0,1,GSE154778,v4_unbiased_metadata
HCP5,CAF / fibroblast,0.0,0.0,1478,0,1,GSE154778,v4_unbiased_metadata
RNF149,CAF / fibroblast,2.3496670722961426,0.4783491204330176,1478,0,1,GSE154778,v4_unbiased_metadata
GRAMD3,CAF / fibroblast,1.3246195316314697,0.2713125845737483,1478,0,1,GSE154778,v4_unbiased_metadata
FAM91A1,CAF / fibroblast,1.428895115852356,0.2929634641407307,1478,0,1,GSE154778,v4_unbiased_metadata
MMP1,CAF / fibroblast,0.9656091928482056,0.20027063599458728,1478,0,1,GSE154778,v4_unbiased_metadata
AMIGO2,CAF / fibroblast,0.9989917278289795,0.20433017591339647,1478,0,1,GSE154778,v4_unbiased_metadata
IL18,CAF / fibroblast,1.1977932453155518,0.2476319350473613,1478,0,1,GSE154778,v4_unbiased_metadata
GPX2,CAF / fibroblast,1.3523063659667969,0.27604871447902574,1478,0,1,GSE154778,v4_unbiased_metadata
CLDN4,CAF / fibroblast,1.5456697940826416,0.30649526387009474,1478,0,1,GSE154778,v4_unbiased_metadata
FAR2,CAF / fibroblast,0.3544045686721802,0.07374830852503383,1478,0,1,GSE154778,v4_unbiased_metadata
MXRA5,CAF / fibroblast,3.1304471492767334,0.6312584573748309,1478,0,1,GSE154778,v4_unbiased_metadata
TINAGL1,CAF / fibroblast,1.5931919813156128,0.32814614343707715,1478,0,1,GSE154778,v4_unbiased_metadata
UBA6,CAF / fibroblast,1.6070822477340698,0.32949932341001353,1478,0,1,GSE154778,v4_unbiased_metadata
OLFML2B,CAF / fibroblast,1.4727847576141357,0.2943166441136671,1478,0,1,GSE154778,v4_unbiased_metadata
ADAM22,CAF / fibroblast,0.4395214319229126,0.08795669824086604,1478,0,1,GSE154778,v4_unbiased_metadata
NCEH1,CAF / fibroblast,0.9272936582565308,0.19282814614343707,1478,0,1,GSE154778,v4_unbiased_metadata
IFI44,CAF / fibroblast,1.6043165922164917,0.3267929634641407,1478,0,1,GSE154778,v4_unbiased_metadata
GBP2,CAF / fibroblast,2.147103786468506,0.43504736129905275,1478,0,1,GSE154778,v4_unbiased_metadata
NMU,CAF / fibroblast,0.2532610595226288,0.05345060893098782,1478,0,1,GSE154778,v4_unbiased_metadata
IFI44L,CAF / fibroblast,1.634878396987915,0.33220568335588635,1478,0,1,GSE154778,v4_unbiased_metadata
GPSM2,CAF / fibroblast,0.5409187078475952,0.11096075778078485,1478,0,1,GSE154778,v4_unbiased_metadata
SLC5A3,CAF / fibroblast,0.013436608016490936,0.0027063599458728013,1478,0,1,GSE154778,v4_unbiased_metadata
PDGFC,CAF / fibroblast,2.6629278659820557,0.5365358592692828,1478,0,1,GSE154778,v4_unbiased_metadata
TYMS,CAF / fibroblast,0.7464768290519714,0.15290933694181327,1478,0,1,GSE154778,v4_unbiased_metadata
MVP,CAF / fibroblast,3.3174076080322266,0.6698240866035182,1478,0,1,GSE154778,v4_unbiased_metadata
LGALS3BP,CAF / fibroblast,4.138075828552246,0.8166441136671178,1478,0,1,GSE154778,v4_unbiased_metadata
KIAA1551,CAF / fibroblast,1.322790265083313,0.2713125845737483,1478,0,1,GSE154778,v4_unbiased_metadata
MMP11,CAF / fibroblast,2.9619271755218506,0.5953991880920162,1478,0,1,GSE154778,v4_unbiased_metadata
SEMA3C,CAF / fibroblast,2.0797154903411865,0.42016238159675234,1478,0,1,GSE154778,v4_unbiased_metadata
CRIP1,CAF / fibroblast,2.0681607723236084,0.41880920162381596,1478,0,1,GSE154778,v4_unbiased_metadata
PTK7,CAF / fibroblast,2.4119181632995605,0.4857916102841678,1478,0,1,GSE154778,v4_unbiased_metadata
FXYD5,CAF / fibroblast,3.087850332260132,0.6129905277401895,1478,0,1,GSE154778,v4_unbiased_metadata
MIR31HG,CAF / fibroblast,0.0,0.0,1478,0,1,GSE154778,v4_unbiased_metadata
MUC4,CAF / fibroblast,0.6612247228622437,0.13802435723951287,1478,0,1,GSE154778,v4_unbiased_metadata
TIMP2,CAF / fibroblast,4.175436973571777,0.8382949932341002,1478,0,1,GSE154778,v4_unbiased_metadata
RHPN2,CAF / fibroblast,0.7217977643013,0.15087956698240865,1478,0,1,GSE154778,v4_unbiased_metadata
CNN2,CAF / fibroblast,3.6423709392547607,0.7347767253044655,1478,0,1,GSE154778,v4_unbiased_metadata
MUC16,CAF / fibroblast,0.20518140494823456,0.04330175913396482,1478,0,1,GSE154778,v4_unbiased_metadata
ESM1,CAF / fibroblast,0.35138198733329773,0.07036535859269283,1478,0,1,GSE154778,v4_unbiased_metadata
TMEM45B,CAF / fibroblast,0.5349116325378418,0.11231393775372124,1478,0,1,GSE154778,v4_unbiased_metadata
NMI,CAF / fibroblast,1.4943872690200806,0.30581867388362655,1478,0,1,GSE154778,v4_unbiased_metadata
SLC2A1,CAF / fibroblast,1.5264887809753418,0.31393775372124494,1478,0,1,GSE154778,v4_unbiased_metadata
MFAP2,CAF / fibroblast,2.66365122795105,0.5338294993234101,1478,0,1,GSE154778,v4_unbiased_metadata
RASA2,CAF / fibroblast,1.2328163385391235,0.2530446549391069,1478,0,1,GSE154778,v4_unbiased_metadata
NQO1,CAF / fibroblast,1.7973250150680542,0.36400541271989173,1478,0,1,GSE154778,v4_unbiased_metadata
LGALS1,CAF / fibroblast,4.537415504455566,0.8951285520974289,1478,0,1,GSE154778,v4_unbiased_metadata
L3MBTL3,CAF / fibroblast,0.45953816175460815,0.09336941813261164,1478,0,1,GSE154778,v4_unbiased_metadata
CDH2,CAF / fibroblast,0.505550742149353,0.10284167794316644,1478,0,1,GSE154778,v4_unbiased_metadata
UBE2T,CAF / fibroblast,0.7356614470481873,0.15087956698240865,1478,0,1,GSE154778,v4_unbiased_metadata
IL1R2,CAF / fibroblast,0.36891233921051025,0.07645466847090664,1478,0,1,GSE154778,v4_unbiased_metadata
SERPINH1,CAF / fibroblast,4.486462593078613,0.9005412719891746,1478,0,1,GSE154778,v4_unbiased_metadata
PIAS3,CAF / fibroblast,0.9705654978752136,0.19891745602165087,1478,0,1,GSE154778,v4_unbiased_metadata
IQGAP1,CAF / fibroblast,2.790482997894287,0.5663058186738836,1478,0,1,GSE154778,v4_unbiased_metadata
ABHD17C,CAF / fibroblast,0.9456920623779297,0.1975642760487145,1478,0,1,GSE154778,v4_unbiased_metadata
POSTN,CAF / fibroblast,2.7535858154296875,0.5514208389715832,1478,0,1,GSE154778,v4_unbiased_metadata
SLFN13,CAF / fibroblast,0.39383435249328613,0.08254397834912043,1478,0,1,GSE154778,v4_unbiased_metadata
IFI27,CAF / fibroblast,3.7254786491394043,0.7043301759133965,1478,0,1,GSE154778,v4_unbiased_metadata
DYNLT1,CAF / fibroblast,3.6064188480377197,0.7192151556156969,1478,0,1,GSE154778,v4_unbiased_metadata
LAMB3,CAF / fibroblast,1.6185863018035889,0.33355886332882273,1478,0,1,GSE154778,v4_unbiased_metadata
SPDL1,CAF / fibroblast,0.6118867993354797,0.12381596752368065,1478,0,1,GSE154778,v4_unbiased_metadata
GREB1L,CAF / fibroblast,0.17001621425151825,0.035182679296346414,1478,0,1,GSE154778,v4_unbiased_metadata
PARP14,CAF / fibroblast,1.7959773540496826,0.36671177266576455,1478,0,1,GSE154778,v4_unbiased_metadata
APBB2,CAF / fibroblast,1.4399769306182861,0.29161028416779433,1478,0,1,GSE154778,v4_unbiased_metadata
IL2RA,CAF / fibroblast,0.0328085757791996,0.006765899864682003,1478,0,1,GSE154778,v4_unbiased_metadata
RBMS1,CAF / fibroblast,3.507742404937744,0.7070365358592693,1478,0,1,GSE154778,v4_unbiased_metadata
CDC6,CAF / fibroblast,0.23592454195022583,0.04871447902571042,1478,0,1,GSE154778,v4_unbiased_metadata
MMP3,CAF / fibroblast,0.6575186252593994,0.13667117726657646,1478,0,1,GSE154778,v4_unbiased_metadata
LINC01559,CAF / fibroblast,0.0,0.0,1478,0,1,GSE154778,v4_unbiased_metadata
SRPX2,CAF / fibroblast,1.340067982673645,0.2699594046008119,1478,0,1,GSE154778,v4_unbiased_metadata
CEACAM1,CAF / fibroblast,0.766944169998169,0.16035182679296348,1478,0,1,GSE154778,v4_unbiased_metadata
VSNL1,CAF / fibroblast,0.4415968656539917,0.08930987821380243,1478,0,1,GSE154778,v4_unbiased_metadata
IFITM10,CAF / fibroblast,0.4086674153804779,0.08322056833558863,1478,0,1,GSE154778,v4_unbiased_metadata
STIL,CAF / fibroblast,0.18520498275756836,0.03856562922868741,1478,0,1,GSE154778,v4_unbiased_metadata
CTSK,CAF / fibroblast,2.9937920570373535,0.5994587280108254,1478,0,1,GSE154778,v4_unbiased_metadata
OXR1,CAF / fibroblast,2.0152719020843506,0.41069012178619757,1478,0,1,GSE154778,v4_unbiased_metadata
CEP55,CAF / fibroblast,0.21788088977336884,0.04533152909336942,1478,0,1,GSE154778,v4_unbiased_metadata
ST6GALNAC1,CAF / fibroblast,0.5746586322784424,0.12110960757780785,1478,0,1,GSE154778,v4_unbiased_metadata
TSPAN8,CAF / fibroblast,1.834090232849121,0.36671177266576455,1478,0,1,GSE154778,v4_unbiased_metadata
CSGALNACT2,CAF / fibroblast,1.5563476085662842,0.31326116373477675,1478,0,1,GSE154778,v4_unbiased_metadata
CLIP4,CAF / fibroblast,0.7740305662155151,0.15832205683355885,1478,0,1,GSE154778,v4_unbiased_metadata
COL1A1,CAF / fibroblast,4.7309370040893555,0.9506089309878214,1478,0,1,GSE154778,v4_unbiased_metadata
NEK7,CAF / fibroblast,1.8187485933303833,0.37144790257104193,1478,0,1,GSE154778,v4_unbiased_metadata
ELK3,CAF / fibroblast,1.5397469997406006,0.31326116373477675,1478,0,1,GSE154778,v4_unbiased_metadata
MAML2,CAF / fibroblast,1.2251580953598022,0.2489851150202977,1478,0,1,GSE154778,v4_unbiased_metadata
CHST11,CAF / fibroblast,1.15367591381073,0.2327469553450609,1478,0,1,GSE154778,v4_unbiased_metadata
CEP170,CAF / fibroblast,1.3140943050384521,0.2665764546684709,1478,0,1,GSE154778,v4_unbiased_metadata
MYO1D,CAF / fibroblast,1.361090898513794,0.2767253044654939,1478,0,1,GSE154778,v4_unbiased_metadata
RAB23,CAF / fibroblast,1.2424594163894653,0.2496617050067659,1478,0,1,GSE154778,v4_unbiased_metadata
CORO1C,CAF / fibroblast,2.2044670581817627,0.4472259810554804,1478,0,1,GSE154778,v4_unbiased_metadata
SPRY4,CAF / fibroblast,1.0550535917282104,0.2144790257104195,1478,0,1,GSE154778,v4_unbiased_metadata
WNT2,CAF / fibroblast,0.8073676228523254,0.16238159675236807,1478,0,1,GSE154778,v4_unbiased_metadata
COMP,CAF / fibroblast,1.8479598760604858,0.37144790257104193,1478,0,1,GSE154778,v4_unbiased_metadata
KIF13B,CAF / fibroblast,0.9258441925048828,0.19079837618403248,1478,0,1,GSE154778,v4_unbiased_metadata
CCL18,CAF / fibroblast,0.32926711440086365,0.06765899864682003,1478,0,1,GSE154778,v4_unbiased_metadata
KDELC1,CAF / fibroblast,0.6782335638999939,0.13667117726657646,1478,0,1,GSE154778,v4_unbiased_metadata
HLA-F,CAF / fibroblast,2.0846171379089355,0.4242219215155616,1478,0,1,GSE154778,v4_unbiased_metadata
COL4A2,CAF / fibroblast,2.659426689147949,0.5317997293640054,1478,0,1,GSE154778,v4_unbiased_metadata
NRG3,CAF / fibroblast,0.1184035986661911,0.02503382949932341,1478,0,1,GSE154778,v4_unbiased_metadata
CD82,CAF / fibroblast,1.9307301044464111,0.39580514208389717,1478,0,1,GSE154778,v4_unbiased_metadata
CAMSAP2,CAF / fibroblast,1.1552212238311768,0.2354533152909337,1478,0,1,GSE154778,v4_unbiased_metadata
LEMD1,CAF / fibroblast,0.5815446376800537,0.12178619756427606,1478,0,1,GSE154778,v4_unbiased_metadata
KRT7,CAF / fibroblast,2.1183853149414062,0.428958051420839,1478,0,1,GSE154778,v4_unbiased_metadata
RAB25,CAF / fibroblast,1.0756750106811523,0.2239512855209743,1478,0,1,GSE154778,v4_unbiased_metadata
NUF2,CAF / fibroblast,0.26465871930122375,0.05480378890392422,1478,0,1,GSE154778,v4_unbiased_metadata
CKMT1A,CAF / fibroblast,0.3109789788722992,0.06562922868741543,1478,0,1,GSE154778,v4_unbiased_metadata
ASPN,CAF / fibroblast,2.7494399547576904,0.5487144790257105,1478,0,1,GSE154778,v4_unbiased_metadata
ERN2,CAF / fibroblast,0.6737385988235474,0.14073071718538566,1478,0,1,GSE154778,v4_unbiased_metadata
PLEKHG1,CAF / fibroblast,0.5758162140846252,0.11705006765899864,1478,0,1,GSE154778,v4_unbiased_metadata
PLEKHA2,CAF / fibroblast,0.8929892778396606,0.18200270635994586,1478,0,1,GSE154778,v4_unbiased_metadata
IGFL2,CAF / fibroblast,1.7058072090148926,0.34438430311231394,1478,0,1,GSE154778,v4_unbiased_metadata
KNTC1,CAF / fibroblast,0.206499382853508,0.04330175913396482,1478,0,1,GSE154778,v4_unbiased_metadata
BRIP1,CAF / fibroblast,0.08855346590280533,0.018267929634641408,1478,0,1,GSE154778,v4_unbiased_metadata
HLA-C,CAF / fibroblast,4.349817276000977,0.8464140730717186,1478,0,1,GSE154778,v4_unbiased_metadata
CST2,CAF / fibroblast,0.7439092993736267,0.14817320703653586,1478,0,1,GSE154778,v4_unbiased_metadata
DNAJA4,CAF / fibroblast,1.835173487663269,0.37483085250338294,1478,0,1,GSE154778,v4_unbiased_metadata
SLC7A7,CAF / fibroblast,0.8214272260665894,0.16914749661705006,1478,0,1,GSE154778,v4_unbiased_metadata
FXYD3,CAF / fibroblast,1.7447398900985718,0.3423545331529093,1478,0,1,GSE154778,v4_unbiased_metadata
KPNA2,CAF / fibroblast,1.2275913953781128,0.2496617050067659,1478,0,1,GSE154778,v4_unbiased_metadata
SPOCK1,CAF / fibroblast,1.5547406673431396,0.3119079837618403,1478,0,1,GSE154778,v4_unbiased_metadata
IL1A,CAF / fibroblast,0.05222652480006218,0.010825439783491205,1478,0,1,GSE154778,v4_unbiased_metadata
GBP3,CAF / fibroblast,1.6383432149887085,0.33626522327469555,1478,0,1,GSE154778,v4_unbiased_metadata
GAPDH,CAF / fibroblast,4.219554901123047,0.7855209742895806,1478,0,1,GSE154778,v4_unbiased_metadata
SMC6,CAF / fibroblast,1.1197506189346313,0.2280108254397835,1478,0,1,GSE154778,v4_unbiased_metadata
CALD1,CAF / fibroblast,4.368585109710693,0.8755074424898511,1478,0,1,GSE154778,v4_unbiased_metadata
DGKA,CAF / fibroblast,0.4499417543411255,0.09269282814614344,1478,0,1,GSE154778,v4_unbiased_metadata
KLK7,CAF / fibroblast,0.37404903769493103,0.07916102841677942,1478,0,1,GSE154778,v4_unbiased_metadata
PRDM1,CAF / fibroblast,1.1411707401275635,0.2313937753721245,1478,0,1,GSE154778,v4_unbiased_metadata
GPR87,CAF / fibroblast,0.1793353110551834,0.037889039242219216,1478,0,1,GSE154778,v4_unbiased_metadata
KCNN4,CAF / fibroblast,1.6386812925338745,0.33558863328822736,1478,0,1,GSE154778,v4_unbiased_metadata
MXD1,CAF / fibroblast,1.107750415802002,0.22868741542625168,1478,0,1,GSE154778,v4_unbiased_metadata
CLEC7A,CAF / fibroblast,0.10294663161039352,0.02097428958051421,1478,0,1,GSE154778,v4_unbiased_metadata
S100A6,CAF / fibroblast,4.259767532348633,0.7922868741542625,1478,0,1,GSE154778,v4_unbiased_metadata
SULT1B1,CAF / fibroblast,0.291725754737854,0.061569688768606225,1478,0,1,GSE154778,v4_unbiased_metadata
EPS8,CAF / fibroblast,2.633654832839966,0.5317997293640054,1478,0,1,GSE154778,v4_unbiased_metadata
ANKRD50,CAF / fibroblast,0.6421349048614502,0.13125845737483086,1478,0,1,GSE154778,v4_unbiased_metadata
FLNA,CAF / fibroblast,4.153067111968994,0.8328822733423545,1478,0,1,GSE154778,v4_unbiased_metadata
GALNT5,CAF / fibroblast,0.8398399353027344,0.17388362652232747,1478,0,1,GSE154778,v4_unbiased_metadata
COL3A1,CAF / fibroblast,4.2393879890441895,0.851150202976996,1478,0,1,GSE154778,v4_unbiased_metadata
SCIN,CAF / fibroblast,0.33685392141342163,0.07036535859269283,1478,0,1,GSE154778,v4_unbiased_metadata
HIST1H2BD,CAF / fibroblast,1.3033568859100342,0.2679296346414073,1478,0,1,GSE154778,v4_unbiased_metadata
WFDC2,CAF / fibroblast,1.706067442893982,0.3491204330175913,1478,0,1,GSE154778,v4_unbiased_metadata
TEP1,CAF / fibroblast,0.5108749270439148,0.10622462787550745,1478,0,1,GSE154778,v4_unbiased_metadata
MARCO,CAF / fibroblast,0.2349161058664322,0.04803788903924222,1478,0,1,GSE154778,v4_unbiased_metadata
KCND2,CAF / fibroblast,0.2906806766986847,0.05886332882273342,1478,0,1,GSE154778,v4_unbiased_metadata
UBE2C,CAF / fibroblast,0.7877079248428345,0.16102841677943167,1478,0,1,GSE154778,v4_unbiased_metadata
ARL6IP1,CAF / fibroblast,3.260321855545044,0.6468200270635994,1478,0,1,GSE154778,v4_unbiased_metadata
C15orf48,CAF / fibroblast,1.6470274925231934,0.33626522327469555,1478,0,1,GSE154778,v4_unbiased_metadata
MISP,CD8 T cells,1.9342561960220337,0.4444444444444444,9,0,1,GSE154778,v4_unbiased_metadata
OCIAD2,CD8 T cells,3.5307047367095947,0.6666666666666666,9,0,1,GSE154778,v4_unbiased_metadata
MMP12,CD8 T cells,0.0,0.0,9,0,1,GSE154778,v4_unbiased_metadata
CCNB1,CD8 T cells,1.6883180141448975,0.3333333333333333,9,0,1,GSE154778,v4_unbiased_metadata
AGR2,CD8 T cells,2.2942311763763428,0.4444444444444444,9,0,1,GSE154778,v4_unbiased_metadata
PLAC8,CD8 T cells,1.0303174257278442,0.2222222222222222,9,0,1,GSE154778,v4_unbiased_metadata
LAMA3,CD8 T cells,1.9269120693206787,0.4444444444444444,9,0,1,GSE154778,v4_unbiased_metadata
CEACAM5,CD8 T cells,0.9486105442047119,0.2222222222222222,9,0,1,GSE154778,v4_unbiased_metadata
MMP9,CD8 T cells,0.0,0.0,9,0,1,GSE154778,v4_unbiased_metadata
CST1,CD8 T cells,0.5401557087898254,0.1111111111111111,9,0,1,GSE154778,v4_unbiased_metadata
GRN,CD8 T cells,3.04423451423645,0.6666666666666666,9,0,1,GSE154778,v4_unbiased_metadata
RCN1,CD8 T cells,3.509068012237549,0.7777777777777778,9,0,1,GSE154778,v4_unbiased_metadata
CTTN,CD8 T cells,4.118484020233154,0.8888888888888888,9,0,1,GSE154778,v4_unbiased_metadata
SDC1,CD8 T cells,3.60451078414917,0.7777777777777778,9,0,1,GSE154778,v4_unbiased_metadata
TPX2,CD8 T cells,0.5597055554389954,0.1111111111111111,9,0,1,GSE154778,v4_unbiased_metadata
TOP2A,CD8 T cells,1.6140706539154053,0.3333333333333333,9,0,1,GSE154778,v4_unbiased_metadata
PTPRR,CD8 T cells,0.5095398426055908,0.1111111111111111,9,0,1,GSE154778,v4_unbiased_metadata
ETV1,CD8 T cells,0.5281216502189636,0.1111111111111111,9,0,1,GSE154778,v4_unbiased_metadata
DOCK5,CD8 T cells,1.5270589590072632,0.3333333333333333,9,0,1,GSE154778,v4_unbiased_metadata
EDIL3,CD8 T cells,1.068277359008789,0.2222222222222222,9,0,1,GSE154778,v4_unbiased_metadata
DNTTIP1,CD8 T cells,2.57525634765625,0.5555555555555556,9,0,1,GSE154778,v4_unbiased_metadata
DSG2,CD8 T cells,4.010927200317383,0.8888888888888888,9,0,1,GSE154778,v4_unbiased_metadata
CAPN9,CD8 T cells,0.5095398426055908,0.1111111111111111,9,0,1,GSE154778,v4_unbiased_metadata
ANKLE2,CD8 T cells,1.9897732734680176,0.4444444444444444,9,0,1,GSE154778,v4_unbiased_metadata
CDH3,CD8 T cells,0.942138671875,0.2222222222222222,9,0,1,GSE154778,v4_unbiased_metadata
COL17A1,CD8 T cells,3.649203062057495,0.7777777777777778,9,0,1,GSE154778,v4_unbiased_metadata
DPCR1,CD8 T cells,1.0376614332199097,0.2222222222222222,9,0,1,GSE154778,v4_unbiased_metadata
COLGALT1,CD8 T cells,1.5433584451675415,0.3333333333333333,9,0,1,GSE154778,v4_unbiased_metadata
LMNB1,CD8 T cells,0.9790098667144775,0.2222222222222222,9,0,1,GSE154778,v4_unbiased_metadata
UACA,CD8 T cells,2.537665367126465,0.5555555555555556,9,0,1,GSE154778,v4_unbiased_metadata
SPARC,CD8 T cells,2.098594903945923,0.4444444444444444,9,0,1,GSE154778,v4_unbiased_metadata
NT5C2,CD8 T cells,2.970264196395874,0.6666666666666666,9,0,1,GSE154778,v4_unbiased_metadata
TXN,CD8 T cells,3.544783353805542,0.6666666666666666,9,0,1,GSE154778,v4_unbiased_metadata
PLS1,CD8 T cells,1.0496954917907715,0.2222222222222222,9,0,1,GSE154778,v4_unbiased_metadata
RNF145,CD8 T cells,3.1394741535186768,0.6666666666666666,9,0,1,GSE154778,v4_unbiased_metadata
LOXL1,CD8 T cells,1.5704731941223145,0.3333333333333333,9,0,1,GSE154778,v4_unbiased_metadata
SLC16A1,CD8 T cells,0.0,0.0,9,0,1,GSE154778,v4_unbiased_metadata
CLDN12,CD8 T cells,3.0329513549804688,0.6666666666666666,9,0,1,GSE154778,v4_unbiased_metadata
PKM,CD8 T cells,2.9928603172302246,0.6666666666666666,9,0,1,GSE154778,v4_unbiased_metadata
PYGB,CD8 T cells,3.699310302734375,0.7777777777777778,9,0,1,GSE154778,v4_unbiased_metadata
IDO1,CD8 T cells,0.0,0.0,9,0,1,GSE154778,v4_unbiased_metadata
PSMB8,CD8 T cells,3.495913505554199,0.7777777777777778,9,0,1,GSE154778,v4_unbiased_metadata
TMEM173,CD8 T cells,2.1170239448547363,0.4444444444444444,9,0,1,GSE154778,v4_unbiased_metadata
MMP13,CD8 T cells,0.0,0.0,9,0,1,GSE154778,v4_unbiased_metadata
PXDN,CD8 T cells,0.0,0.0,9,0,1,GSE154778,v4_unbiased_metadata
CALM2,CD8 T cells,2.828246831893921,0.5555555555555556,9,0,1,GSE154778,v4_unbiased_metadata
SLC44A4,CD8 T cells,2.5496225357055664,0.5555555555555556,9,0,1,GSE154778,v4_unbiased_metadata
LGR5,CD8 T cells,0.0,0.0,9,0,1,GSE154778,v4_unbiased_metadata
TIMP1,CD8 T cells,2.1158838272094727,0.4444444444444444,9,0,1,GSE154778,v4_unbiased_metadata
KIF4A,CD8 T cells,0.9030666351318359,0.2222222222222222,9,0,1,GSE154778,v4_unbiased_metadata
NEK2,CD8 T cells,1.3853613138198853,0.3333333333333333,9,0,1,GSE154778,v4_unbiased_metadata
FBXL2,CD8 T cells,1.0488991737365723,0.2222222222222222,9,0,1,GSE154778,v4_unbiased_metadata
TFF1,CD8 T cells,0.5095398426055908,0.1111111111111111,9,0,1,GSE154778,v4_unbiased_metadata
HCP5,CD8 T cells,0.0,0.0,9,0,1,GSE154778,v4_unbiased_metadata
RNF149,CD8 T cells,3.6622416973114014,0.7777777777777778,9,0,1,GSE154778,v4_unbiased_metadata
GRAMD3,CD8 T cells,2.6387505531311035,0.5555555555555556,9,0,1,GSE154778,v4_unbiased_metadata
FAM91A1,CD8 T cells,1.9910378456115723,0.4444444444444444,9,0,1,GSE154778,v4_unbiased_metadata
MMP1,CD8 T cells,0.0,0.0,9,0,1,GSE154778,v4_unbiased_metadata
AMIGO2,CD8 T cells,0.9533763527870178,0.2222222222222222,9,0,1,GSE154778,v4_unbiased_metadata
IL18,CD8 T cells,1.4702601432800293,0.3333333333333333,9,0,1,GSE154778,v4_unbiased_metadata
GPX2,CD8 T cells,2.561305522918701,0.5555555555555556,9,0,1,GSE154778,v4_unbiased_metadata
CLDN4,CD8 T cells,3.894778251647949,0.7777777777777778,9,0,1,GSE154778,v4_unbiased_metadata
FAR2,CD8 T cells,0.5095398426055908,0.1111111111111111,9,0,1,GSE154778,v4_unbiased_metadata
MXRA5,CD8 T cells,1.0303174257278442,0.2222222222222222,9,0,1,GSE154778,v4_unbiased_metadata
TINAGL1,CD8 T cells,2.581019878387451,0.5555555555555556,9,0,1,GSE154778,v4_unbiased_metadata
UBA6,CD8 T cells,2.657179832458496,0.5555555555555556,9,0,1,GSE154778,v4_unbiased_metadata
OLFML2B,CD8 T cells,0.5401557087898254,0.1111111111111111,9,0,1,GSE154778,v4_unbiased_metadata
ADAM22,CD8 T cells,0.0,0.0,9,0,1,GSE154778,v4_unbiased_metadata
NCEH1,CD8 T cells,1.0376614332199097,0.2222222222222222,9,0,1,GSE154778,v4_unbiased_metadata
IFI44,CD8 T cells,2.657179832458496,0.5555555555555556,9,0,1,GSE154778,v4_unbiased_metadata
GBP2,CD8 T cells,0.9607203602790833,0.2222222222222222,9,0,1,GSE154778,v4_unbiased_metadata
NMU,CD8 T cells,0.0,0.0,9,0,1,GSE154778,v4_unbiased_metadata
IFI44L,CD8 T cells,3.062533378601074,0.6666666666666666,9,0,1,GSE154778,v4_unbiased_metadata
GPSM2,CD8 T cells,0.4390706717967987,0.1111111111111111,9,0,1,GSE154778,v4_unbiased_metadata
SLC5A3,CD8 T cells,0.0,0.0,9,0,1,GSE154778,v4_unbiased_metadata
PDGFC,CD8 T cells,2.098594903945923,0.4444444444444444,9,0,1,GSE154778,v4_unbiased_metadata
TYMS,CD8 T cells,1.5898512601852417,0.3333333333333333,9,0,1,GSE154778,v4_unbiased_metadata
MVP,CD8 T cells,3.0894973278045654,0.6666666666666666,9,0,1,GSE154778,v4_unbiased_metadata
LGALS3BP,CD8 T cells,3.5136380195617676,0.7777777777777778,9,0,1,GSE154778,v4_unbiased_metadata
KIAA1551,CD8 T cells,2.646670341491699,0.5555555555555556,9,0,1,GSE154778,v4_unbiased_metadata
MMP11,CD8 T cells,0.5401557087898254,0.1111111111111111,9,0,1,GSE154778,v4_unbiased_metadata
SEMA3C,CD8 T cells,1.5889023542404175,0.3333333333333333,9,0,1,GSE154778,v4_unbiased_metadata
CRIP1,CD8 T cells,3.0383894443511963,0.6666666666666666,9,0,1,GSE154778,v4_unbiased_metadata
PTK7,CD8 T cells,1.0376614332199097,0.2222222222222222,9,0,1,GSE154778,v4_unbiased_metadata
FXYD5,CD8 T cells,2.617173910140991,0.5555555555555556,9,0,1,GSE154778,v4_unbiased_metadata
MIR31HG,CD8 T cells,0.0,0.0,9,0,1,GSE154778,v4_unbiased_metadata
MUC4,CD8 T cells,0.0,0.0,9,0,1,GSE154778,v4_unbiased_metadata
TIMP2,CD8 T cells,3.196272850036621,0.6666666666666666,9,0,1,GSE154778,v4_unbiased_metadata
RHPN2,CD8 T cells,1.455830454826355,0.3333333333333333,9,0,1,GSE154778,v4_unbiased_metadata
CNN2,CD8 T cells,2.041813373565674,0.4444444444444444,9,0,1,GSE154778,v4_unbiased_metadata
MUC16,CD8 T cells,2.1170239448547363,0.4444444444444444,9,0,1,GSE154778,v4_unbiased_metadata
ESM1,CD8 T cells,0.0,0.0,9,0,1,GSE154778,v4_unbiased_metadata
TMEM45B,CD8 T cells,1.565025806427002,0.3333333333333333,9,0,1,GSE154778,v4_unbiased_metadata
NMI,CD8 T cells,1.0376614332199097,0.2222222222222222,9,0,1,GSE154778,v4_unbiased_metadata
SLC2A1,CD8 T cells,2.1170239448547363,0.4444444444444444,9,0,1,GSE154778,v4_unbiased_metadata
MFAP2,CD8 T cells,0.5401557087898254,0.1111111111111111,9,0,1,GSE154778,v4_unbiased_metadata
RASA2,CD8 T cells,1.4864463806152344,0.3333333333333333,9,0,1,GSE154778,v4_unbiased_metadata
NQO1,CD8 T cells,2.102933406829834,0.4444444444444444,9,0,1,GSE154778,v4_unbiased_metadata
LGALS1,CD8 T cells,2.1102731227874756,0.4444444444444444,9,0,1,GSE154778,v4_unbiased_metadata
L3MBTL3,CD8 T cells,0.5281216502189636,0.1111111111111111,9,0,1,GSE154778,v4_unbiased_metadata
CDH2,CD8 T cells,0.5281216502189636,0.1111111111111111,9,0,1,GSE154778,v4_unbiased_metadata
UBE2T,CD8 T cells,0.5150139331817627,0.1111111111111111,9,0,1,GSE154778,v4_unbiased_metadata
IL1R2,CD8 T cells,0.5095398426055908,0.1111111111111111,9,0,1,GSE154778,v4_unbiased_metadata
SERPINH1,CD8 T cells,2.607072114944458,0.5555555555555556,9,0,1,GSE154778,v4_unbiased_metadata
PIAS3,CD8 T cells,2.098594903945923,0.4444444444444444,9,0,1,GSE154778,v4_unbiased_metadata
IQGAP1,CD8 T cells,3.560246467590332,0.7777777777777778,9,0,1,GSE154778,v4_unbiased_metadata
ABHD17C,CD8 T cells,2.491969108581543,0.5555555555555556,9,0,1,GSE154778,v4_unbiased_metadata
POSTN,CD8 T cells,1.0496954917907715,0.2222222222222222,9,0,1,GSE154778,v4_unbiased_metadata
SLFN13,CD8 T cells,1.079362392425537,0.2222222222222222,9,0,1,GSE154778,v4_unbiased_metadata
IFI27,CD8 T cells,3.8156933784484863,0.6666666666666666,9,0,1,GSE154778,v4_unbiased_metadata
DYNLT1,CD8 T cells,3.189504384994507,0.6666666666666666,9,0,1,GSE154778,v4_unbiased_metadata
LAMB3,CD8 T cells,2.5560946464538574,0.5555555555555556,9,0,1,GSE154778,v4_unbiased_metadata
SPDL1,CD8 T cells,0.9486105442047119,0.2222222222222222,9,0,1,GSE154778,v4_unbiased_metadata
GREB1L,CD8 T cells,0.0,0.0,9,0,1,GSE154778,v4_unbiased_metadata
PARP14,CD8 T cells,3.4709882736206055,0.7777777777777778,9,0,1,GSE154778,v4_unbiased_metadata
APBB2,CD8 T cells,1.0303174257278442,0.2222222222222222,9,0,1,GSE154778,v4_unbiased_metadata
IL2RA,CD8 T cells,0.5401557087898254,0.1111111111111111,9,0,1,GSE154778,v4_unbiased_metadata
RBMS1,CD8 T cells,1.5322734117507935,0.3333333333333333,9,0,1,GSE154778,v4_unbiased_metadata
CDC6,CD8 T cells,0.9976555705070496,0.2222222222222222,9,0,1,GSE154778,v4_unbiased_metadata
MMP3,CD8 T cells,1.0303174257278442,0.2222222222222222,9,0,1,GSE154778,v4_unbiased_metadata
LINC01559,CD8 T cells,0.0,0.0,9,0,1,GSE154778,v4_unbiased_metadata
SRPX2,CD8 T cells,1.02245032787323,0.2222222222222222,9,0,1,GSE154778,v4_unbiased_metadata
CEACAM1,CD8 T cells,2.542536973953247,0.5555555555555556,9,0,1,GSE154778,v4_unbiased_metadata
VSNL1,CD8 T cells,0.0,0.0,9,0,1,GSE154778,v4_unbiased_metadata
IFITM10,CD8 T cells,0.0,0.0,9,0,1,GSE154778,v4_unbiased_metadata
STIL,CD8 T cells,1.3853613138198853,0.3333333333333333,9,0,1,GSE154778,v4_unbiased_metadata
CTSK,CD8 T cells,0.5401557087898254,0.1111111111111111,9,0,1,GSE154778,v4_unbiased_metadata
OXR1,CD8 T cells,2.098594903945923,0.4444444444444444,9,0,1,GSE154778,v4_unbiased_metadata
CEP55,CD8 T cells,0.4390706717967987,0.1111111111111111,9,0,1,GSE154778,v4_unbiased_metadata
ST6GALNAC1,CD8 T cells,0.5095398426055908,0.1111111111111111,9,0,1,GSE154778,v4_unbiased_metadata
TSPAN8,CD8 T cells,3.4717929363250732,0.6666666666666666,9,0,1,GSE154778,v4_unbiased_metadata
CSGALNACT2,CD8 T cells,1.5778173208236694,0.3333333333333333,9,0,1,GSE154778,v4_unbiased_metadata
CLIP4,CD8 T cells,1.512895107269287,0.3333333333333333,9,0,1,GSE154778,v4_unbiased_metadata
COL1A1,CD8 T cells,2.657179832458496,0.5555555555555556,9,0,1,GSE154778,v4_unbiased_metadata
NEK7,CD8 T cells,2.1170239448547363,0.4444444444444444,9,0,1,GSE154778,v4_unbiased_metadata
ELK3,CD8 T cells,1.5311938524246216,0.3333333333333333,9,0,1,GSE154778,v4_unbiased_metadata
MAML2,CD8 T cells,1.5704731941223145,0.3333333333333333,9,0,1,GSE154778,v4_unbiased_metadata
CHST11,CD8 T cells,1.0987406969070435,0.2222222222222222,9,0,1,GSE154778,v4_unbiased_metadata
CEP170,CD8 T cells,1.0376614332199097,0.2222222222222222,9,0,1,GSE154778,v4_unbiased_metadata
MYO1D,CD8 T cells,1.6082806587219238,0.3333333333333333,9,0,1,GSE154778,v4_unbiased_metadata
RAB23,CD8 T cells,0.0,0.0,9,0,1,GSE154778,v4_unbiased_metadata
CORO1C,CD8 T cells,3.452558994293213,0.7777777777777778,9,0,1,GSE154778,v4_unbiased_metadata
SPRY4,CD8 T cells,0.0,0.0,9,0,1,GSE154778,v4_unbiased_metadata
WNT2,CD8 T cells,0.0,0.0,9,0,1,GSE154778,v4_unbiased_metadata
COMP,CD8 T cells,0.5401557087898254,0.1111111111111111,9,0,1,GSE154778,v4_unbiased_metadata
KIF13B,CD8 T cells,2.027972936630249,0.4444444444444444,9,0,1,GSE154778,v4_unbiased_metadata
CCL18,CD8 T cells,1.068277359008789,0.2222222222222222,9,0,1,GSE154778,v4_unbiased_metadata
KDELC1,CD8 T cells,0.0,0.0,9,0,1,GSE154778,v4_unbiased_metadata
HLA-F,CD8 T cells,3.089778423309326,0.6666666666666666,9,0,1,GSE154778,v4_unbiased_metadata
COL4A2,CD8 T cells,0.5401557087898254,0.1111111111111111,9,0,1,GSE154778,v4_unbiased_metadata
NRG3,CD8 T cells,0.0,0.0,9,0,1,GSE154778,v4_unbiased_metadata
CD82,CD8 T cells,2.599318504333496,0.5555555555555556,9,0,1,GSE154778,v4_unbiased_metadata
CAMSAP2,CD8 T cells,1.5890549421310425,0.3333333333333333,9,0,1,GSE154778,v4_unbiased_metadata
LEMD1,CD8 T cells,2.021501064300537,0.4444444444444444,9,0,1,GSE154778,v4_unbiased_metadata
KRT7,CD8 T cells,1.5943763256072998,0.3333333333333333,9,0,1,GSE154778,v4_unbiased_metadata
RAB25,CD8 T cells,2.5560946464538574,0.5555555555555556,9,0,1,GSE154778,v4_unbiased_metadata
NUF2,CD8 T cells,0.4390706717967987,0.1111111111111111,9,0,1,GSE154778,v4_unbiased_metadata
CKMT1A,CD8 T cells,1.0303174257278442,0.2222222222222222,9,0,1,GSE154778,v4_unbiased_metadata
ASPN,CD8 T cells,0.5401557087898254,0.1111111111111111,9,0,1,GSE154778,v4_unbiased_metadata
ERN2,CD8 T cells,0.942138671875,0.2222222222222222,9,0,1,GSE154778,v4_unbiased_metadata
PLEKHG1,CD8 T cells,1.558439016342163,0.3333333333333333,9,0,1,GSE154778,v4_unbiased_metadata
PLEKHA2,CD8 T cells,0.5585849285125732,0.1111111111111111,9,0,1,GSE154778,v4_unbiased_metadata
IGFL2,CD8 T cells,0.9727544784545898,0.2222222222222222,9,0,1,GSE154778,v4_unbiased_metadata
KNTC1,CD8 T cells,0.9847735166549683,0.2222222222222222,9,0,1,GSE154778,v4_unbiased_metadata
BRIP1,CD8 T cells,0.0,0.0,9,0,1,GSE154778,v4_unbiased_metadata
HLA-C,CD8 T cells,3.888322591781616,0.7777777777777778,9,0,1,GSE154778,v4_unbiased_metadata
CST2,CD8 T cells,0.5401557087898254,0.1111111111111111,9,0,1,GSE154778,v4_unbiased_metadata
DNAJA4,CD8 T cells,1.9910378456115723,0.4444444444444444,9,0,1,GSE154778,v4_unbiased_metadata
SLC7A7,CD8 T cells,1.0488991737365723,0.2222222222222222,9,0,1,GSE154778,v4_unbiased_metadata
FXYD3,CD8 T cells,2.833911418914795,0.5555555555555556,9,0,1,GSE154778,v4_unbiased_metadata
KPNA2,CD8 T cells,1.4311882257461548,0.3333333333333333,9,0,1,GSE154778,v4_unbiased_metadata
SPOCK1,CD8 T cells,0.0,0.0,9,0,1,GSE154778,v4_unbiased_metadata
IL1A,CD8 T cells,0.0,0.0,9,0,1,GSE154778,v4_unbiased_metadata
GBP3,CD8 T cells,2.5047295093536377,0.5555555555555556,9,0,1,GSE154778,v4_unbiased_metadata
GAPDH,CD8 T cells,3.881531238555908,0.6666666666666666,9,0,1,GSE154778,v4_unbiased_metadata
SMC6,CD8 T cells,0.9607203602790833,0.2222222222222222,9,0,1,GSE154778,v4_unbiased_metadata
CALD1,CD8 T cells,0.5401557087898254,0.1111111111111111,9,0,1,GSE154778,v4_unbiased_metadata
DGKA,CD8 T cells,1.558439016342163,0.3333333333333333,9,0,1,GSE154778,v4_unbiased_metadata
KLK7,CD8 T cells,0.5585849285125732,0.1111111111111111,9,0,1,GSE154778,v4_unbiased_metadata
PRDM1,CD8 T cells,1.0496954917907715,0.2222222222222222,9,0,1,GSE154778,v4_unbiased_metadata
GPR87,CD8 T cells,0.5095398426055908,0.1111111111111111,9,0,1,GSE154778,v4_unbiased_metadata
KCNN4,CD8 T cells,1.558439016342163,0.3333333333333333,9,0,1,GSE154778,v4_unbiased_metadata
MXD1,CD8 T cells,1.9975095987319946,0.4444444444444444,9,0,1,GSE154778,v4_unbiased_metadata
CLEC7A,CD8 T cells,0.0,0.0,9,0,1,GSE154778,v4_unbiased_metadata
S100A6,CD8 T cells,4.514126777648926,0.6666666666666666,9,0,1,GSE154778,v4_unbiased_metadata
SULT1B1,CD8 T cells,0.5095398426055908,0.1111111111111111,9,0,1,GSE154778,v4_unbiased_metadata
EPS8,CD8 T cells,4.118484020233154,0.8888888888888888,9,0,1,GSE154778,v4_unbiased_metadata
ANKRD50,CD8 T cells,0.9486105442047119,0.2222222222222222,9,0,1,GSE154778,v4_unbiased_metadata
FLNA,CD8 T cells,2.0030717849731445,0.4444444444444444,9,0,1,GSE154778,v4_unbiased_metadata
GALNT5,CD8 T cells,0.9735358357429504,0.2222222222222222,9,0,1,GSE154778,v4_unbiased_metadata
COL3A1,CD8 T cells,2.136402130126953,0.4444444444444444,9,0,1,GSE154778,v4_unbiased_metadata
SCIN,CD8 T cells,1.5889023542404175,0.3333333333333333,9,0,1,GSE154778,v4_unbiased_metadata
HIST1H2BD,CD8 T cells,1.4702601432800293,0.3333333333333333,9,0,1,GSE154778,v4_unbiased_metadata
WFDC2,CD8 T cells,4.79290246963501,1.0,9,0,1,GSE154778,v4_unbiased_metadata
TEP1,CD8 T cells,0.5095398426055908,0.1111111111111111,9,0,1,GSE154778,v4_unbiased_metadata
MARCO,CD8 T cells,0.0,0.0,9,0,1,GSE154778,v4_unbiased_metadata
KCND2,CD8 T cells,0.0,0.0,9,0,1,GSE154778,v4_unbiased_metadata
UBE2C,CD8 T cells,0.0,0.0,9,0,1,GSE154778,v4_unbiased_metadata
ARL6IP1,CD8 T cells,2.522454261779785,0.5555555555555556,9,0,1,GSE154778,v4_unbiased_metadata
C15orf48,CD8 T cells,3.121175527572632,0.6666666666666666,9,0,1,GSE154778,v4_unbiased_metadata
MISP,T cells,2.5832364559173584,0.5483870967741935,31,0,1,GSE154778,v4_unbiased_metadata
OCIAD2,T cells,3.618156909942627,0.7096774193548387,31,0,1,GSE154778,v4_unbiased_metadata
MMP12,T cells,0.0,0.0,31,0,1,GSE154778,v4_unbiased_metadata
CCNB1,T cells,1.0368753671646118,0.22580645161290322,31,0,1,GSE154778,v4_unbiased_metadata
AGR2,T cells,1.9267534017562866,0.3870967741935484,31,0,1,GSE154778,v4_unbiased_metadata
PLAC8,T cells,2.681715726852417,0.5483870967741935,31,0,1,GSE154778,v4_unbiased_metadata
LAMA3,T cells,2.343684196472168,0.4838709677419355,31,0,1,GSE154778,v4_unbiased_metadata
CEACAM5,T cells,1.2200781106948853,0.25806451612903225,31,0,1,GSE154778,v4_unbiased_metadata
MMP9,T cells,0.656546413898468,0.12903225806451613,31,0,1,GSE154778,v4_unbiased_metadata
CST1,T cells,0.4663226306438446,0.0967741935483871,31,0,1,GSE154778,v4_unbiased_metadata
GRN,T cells,3.6595773696899414,0.7419354838709677,31,0,1,GSE154778,v4_unbiased_metadata
RCN1,T cells,3.43713641166687,0.7096774193548387,31,0,1,GSE154778,v4_unbiased_metadata
CTTN,T cells,3.3451762199401855,0.6774193548387096,31,0,1,GSE154778,v4_unbiased_metadata
SDC1,T cells,3.121347665786743,0.6451612903225806,31,0,1,GSE154778,v4_unbiased_metadata
TPX2,T cells,0.8868916034698486,0.1935483870967742,31,0,1,GSE154778,v4_unbiased_metadata
TOP2A,T cells,1.5545860528945923,0.3225806451612903,31,0,1,GSE154778,v4_unbiased_metadata
PTPRR,T cells,0.6014216542243958,0.12903225806451613,31,0,1,GSE154778,v4_unbiased_metadata
ETV1,T cells,0.46152082085609436,0.0967741935483871,31,0,1,GSE154778,v4_unbiased_metadata
DOCK5,T cells,1.5288041830062866,0.3225806451612903,31,0,1,GSE154778,v4_unbiased_metadata
EDIL3,T cells,0.15259885787963867,0.03225806451612903,31,0,1,GSE154778,v4_unbiased_metadata
DNTTIP1,T cells,2.147250175476074,0.45161290322580644,31,0,1,GSE154778,v4_unbiased_metadata
DSG2,T cells,3.0199954509735107,0.6129032258064516,31,0,1,GSE154778,v4_unbiased_metadata
CAPN9,T cells,1.0889102220535278,0.22580645161290322,31,0,1,GSE154778,v4_unbiased_metadata
ANKLE2,T cells,2.2656986713409424,0.4838709677419355,31,0,1,GSE154778,v4_unbiased_metadata
CDH3,T cells,0.9190849661827087,0.1935483870967742,31,0,1,GSE154778,v4_unbiased_metadata
COL17A1,T cells,1.9335777759552002,0.3870967741935484,31,0,1,GSE154778,v4_unbiased_metadata
DPCR1,T cells,1.2395035028457642,0.25806451612903225,31,0,1,GSE154778,v4_unbiased_metadata
COLGALT1,T cells,2.1748387813568115,0.45161290322580644,31,0,1,GSE154778,v4_unbiased_metadata
LMNB1,T cells,0.7932837605476379,0.16129032258064516,31,0,1,GSE154778,v4_unbiased_metadata
UACA,T cells,1.8435981273651123,0.3870967741935484,31,0,1,GSE154778,v4_unbiased_metadata
SPARC,T cells,1.4536629915237427,0.2903225806451613,31,0,1,GSE154778,v4_unbiased_metadata
NT5C2,T cells,1.8387603759765625,0.3870967741935484,31,0,1,GSE154778,v4_unbiased_metadata
TXN,T cells,2.9554779529571533,0.5483870967741935,31,0,1,GSE154778,v4_unbiased_metadata
PLS1,T cells,2.7232794761657715,0.5806451612903226,31,0,1,GSE154778,v4_unbiased_metadata
RNF145,T cells,2.3478844165802,0.4838709677419355,31,0,1,GSE154778,v4_unbiased_metadata
LOXL1,T cells,0.7685592174530029,0.16129032258064516,31,0,1,GSE154778,v4_unbiased_metadata
SLC16A1,T cells,1.2332000732421875,0.25806451612903225,31,0,1,GSE154778,v4_unbiased_metadata
CLDN12,T cells,1.8439090251922607,0.3870967741935484,31,0,1,GSE154778,v4_unbiased_metadata
PKM,T cells,2.935336112976074,0.5806451612903226,31,0,1,GSE154778,v4_unbiased_metadata
PYGB,T cells,2.1919608116149902,0.45161290322580644,31,0,1,GSE154778,v4_unbiased_metadata
IDO1,T cells,0.0,0.0,31,0,1,GSE154778,v4_unbiased_metadata
PSMB8,T cells,2.821451425552368,0.5806451612903226,31,0,1,GSE154778,v4_unbiased_metadata
TMEM173,T cells,2.3702585697174072,0.4838709677419355,31,0,1,GSE154778,v4_unbiased_metadata
MMP13,T cells,0.0,0.0,31,0,1,GSE154778,v4_unbiased_metadata
PXDN,T cells,0.0,0.0,31,0,1,GSE154778,v4_unbiased_metadata
CALM2,T cells,2.8337035179138184,0.5483870967741935,31,0,1,GSE154778,v4_unbiased_metadata
SLC44A4,T cells,2.186324119567871,0.45161290322580644,31,0,1,GSE154778,v4_unbiased_metadata
LGR5,T cells,0.45816612243652344,0.0967741935483871,31,0,1,GSE154778,v4_unbiased_metadata
TIMP1,T cells,2.7928860187530518,0.5483870967741935,31,0,1,GSE154778,v4_unbiased_metadata
KIF4A,T cells,0.745643675327301,0.16129032258064516,31,0,1,GSE154778,v4_unbiased_metadata
NEK2,T cells,0.6086106896400452,0.12903225806451613,31,0,1,GSE154778,v4_unbiased_metadata
FBXL2,T cells,0.4633452594280243,0.0967741935483871,31,0,1,GSE154778,v4_unbiased_metadata
TFF1,T cells,1.8737859725952148,0.3870967741935484,31,0,1,GSE154778,v4_unbiased_metadata
HCP5,T cells,0.0,0.0,31,0,1,GSE154778,v4_unbiased_metadata
RNF149,T cells,2.963482618331909,0.6129032258064516,31,0,1,GSE154778,v4_unbiased_metadata
GRAMD3,T cells,2.1757898330688477,0.45161290322580644,31,0,1,GSE154778,v4_unbiased_metadata
FAM91A1,T cells,2.0245473384857178,0.41935483870967744,31,0,1,GSE154778,v4_unbiased_metadata
MMP1,T cells,1.222556471824646,0.25806451612903225,31,0,1,GSE154778,v4_unbiased_metadata
AMIGO2,T cells,0.7389889359474182,0.16129032258064516,31,0,1,GSE154778,v4_unbiased_metadata
IL18,T cells,2.3638570308685303,0.4838709677419355,31,0,1,GSE154778,v4_unbiased_metadata
GPX2,T cells,3.118330717086792,0.6451612903225806,31,0,1,GSE154778,v4_unbiased_metadata
CLDN4,T cells,2.038334608078003,0.3870967741935484,31,0,1,GSE154778,v4_unbiased_metadata
FAR2,T cells,0.7619307041168213,0.16129032258064516,31,0,1,GSE154778,v4_unbiased_metadata
MXRA5,T cells,0.495615690946579,0.0967741935483871,31,0,1,GSE154778,v4_unbiased_metadata
TINAGL1,T cells,2.449370861053467,0.5161290322580645,31,0,1,GSE154778,v4_unbiased_metadata
UBA6,T cells,2.343336343765259,0.4838709677419355,31,0,1,GSE154778,v4_unbiased_metadata
OLFML2B,T cells,0.0,0.0,31,0,1,GSE154778,v4_unbiased_metadata
ADAM22,T cells,0.1544480174779892,0.03225806451612903,31,0,1,GSE154778,v4_unbiased_metadata
NCEH1,T cells,1.526412844657898,0.3225806451612903,31,0,1,GSE154778,v4_unbiased_metadata
IFI44,T cells,2.1850788593292236,0.45161290322580644,31,0,1,GSE154778,v4_unbiased_metadata
GBP2,T cells,2.313941717147827,0.4838709677419355,31,0,1,GSE154778,v4_unbiased_metadata
NMU,T cells,0.46004512906074524,0.0967741935483871,31,0,1,GSE154778,v4_unbiased_metadata
IFI44L,T cells,1.9301844835281372,0.3870967741935484,31,0,1,GSE154778,v4_unbiased_metadata
GPSM2,T cells,0.4570821225643158,0.0967741935483871,31,0,1,GSE154778,v4_unbiased_metadata
SLC5A3,T cells,0.0,0.0,31,0,1,GSE154778,v4_unbiased_metadata
PDGFC,T cells,0.3172939717769623,0.06451612903225806,31,0,1,GSE154778,v4_unbiased_metadata
TYMS,T cells,0.7808302640914917,0.16129032258064516,31,0,1,GSE154778,v4_unbiased_metadata
MVP,T cells,2.3453469276428223,0.4838709677419355,31,0,1,GSE154778,v4_unbiased_metadata
LGALS3BP,T cells,2.850829601287842,0.5806451612903226,31,0,1,GSE154778,v4_unbiased_metadata
KIAA1551,T cells,2.369000196456909,0.4838709677419355,31,0,1,GSE154778,v4_unbiased_metadata
MMP11,T cells,0.9455680847167969,0.1935483870967742,31,0,1,GSE154778,v4_unbiased_metadata
SEMA3C,T cells,1.537174940109253,0.3225806451612903,31,0,1,GSE154778,v4_unbiased_metadata
CRIP1,T cells,3.489630937576294,0.7096774193548387,31,0,1,GSE154778,v4_unbiased_metadata
PTK7,T cells,0.6196482181549072,0.12903225806451613,31,0,1,GSE154778,v4_unbiased_metadata
FXYD5,T cells,3.186793327331543,0.6451612903225806,31,0,1,GSE154778,v4_unbiased_metadata
MIR31HG,T cells,0.0,0.0,31,0,1,GSE154778,v4_unbiased_metadata
MUC4,T cells,0.9320958256721497,0.1935483870967742,31,0,1,GSE154778,v4_unbiased_metadata
TIMP2,T cells,2.997032403945923,0.6129032258064516,31,0,1,GSE154778,v4_unbiased_metadata
RHPN2,T cells,2.2551708221435547,0.4838709677419355,31,0,1,GSE154778,v4_unbiased_metadata
CNN2,T cells,2.4962475299835205,0.5161290322580645,31,0,1,GSE154778,v4_unbiased_metadata
MUC16,T cells,0.45127880573272705,0.0967741935483871,31,0,1,GSE154778,v4_unbiased_metadata
ESM1,T cells,0.16469509899616241,0.03225806451612903,31,0,1,GSE154778,v4_unbiased_metadata
TMEM45B,T cells,1.059203863143921,0.22580645161290322,31,0,1,GSE154778,v4_unbiased_metadata
NMI,T cells,2.617055654525757,0.5483870967741935,31,0,1,GSE154778,v4_unbiased_metadata
SLC2A1,T cells,2.587857484817505,0.5483870967741935,31,0,1,GSE154778,v4_unbiased_metadata
MFAP2,T cells,0.3206745982170105,0.06451612903225806,31,0,1,GSE154778,v4_unbiased_metadata
RASA2,T cells,1.701337456703186,0.3548387096774194,31,0,1,GSE154778,v4_unbiased_metadata
NQO1,T cells,2.5584559440612793,0.5161290322580645,31,0,1,GSE154778,v4_unbiased_metadata
LGALS1,T cells,2.5226147174835205,0.5161290322580645,31,0,1,GSE154778,v4_unbiased_metadata
L3MBTL3,T cells,0.2889147996902466,0.06451612903225806,31,0,1,GSE154778,v4_unbiased_metadata
CDH2,T cells,0.15188837051391602,0.03225806451612903,31,0,1,GSE154778,v4_unbiased_metadata
UBE2T,T cells,0.8879755735397339,0.1935483870967742,31,0,1,GSE154778,v4_unbiased_metadata
IL1R2,T cells,0.9348983764648438,0.1935483870967742,31,0,1,GSE154778,v4_unbiased_metadata
SERPINH1,T cells,2.298203945159912,0.4838709677419355,31,0,1,GSE154778,v4_unbiased_metadata
PIAS3,T cells,1.0570093393325806,0.22580645161290322,31,0,1,GSE154778,v4_unbiased_metadata
IQGAP1,T cells,4.054318904876709,0.8387096774193549,31,0,1,GSE154778,v4_unbiased_metadata
ABHD17C,T cells,2.316093683242798,0.4838709677419355,31,0,1,GSE154778,v4_unbiased_metadata
POSTN,T cells,0.6589142084121704,0.12903225806451613,31,0,1,GSE154778,v4_unbiased_metadata
SLFN13,T cells,0.8865006566047668,0.1935483870967742,31,0,1,GSE154778,v4_unbiased_metadata
IFI27,T cells,3.4703640937805176,0.6129032258064516,31,0,1,GSE154778,v4_unbiased_metadata
DYNLT1,T cells,3.269134759902954,0.6774193548387096,31,0,1,GSE154778,v4_unbiased_metadata
LAMB3,T cells,3.1550471782684326,0.6451612903225806,31,0,1,GSE154778,v4_unbiased_metadata
SPDL1,T cells,0.6096935272216797,0.12903225806451613,31,0,1,GSE154778,v4_unbiased_metadata
GREB1L,T cells,0.2932233214378357,0.06451612903225806,31,0,1,GSE154778,v4_unbiased_metadata
PARP14,T cells,3.3468124866485596,0.6774193548387096,31,0,1,GSE154778,v4_unbiased_metadata
APBB2,T cells,0.6115869879722595,0.12903225806451613,31,0,1,GSE154778,v4_unbiased_metadata
IL2RA,T cells,0.0,0.0,31,0,1,GSE154778,v4_unbiased_metadata
RBMS1,T cells,1.8561005592346191,0.3870967741935484,31,0,1,GSE154778,v4_unbiased_metadata
CDC6,T cells,0.2954489588737488,0.06451612903225806,31,0,1,GSE154778,v4_unbiased_metadata
MMP3,T cells,1.0991567373275757,0.22580645161290322,31,0,1,GSE154778,v4_unbiased_metadata
LINC01559,T cells,0.0,0.0,31,0,1,GSE154778,v4_unbiased_metadata
SRPX2,T cells,0.4306658208370209,0.0967741935483871,31,0,1,GSE154778,v4_unbiased_metadata
CEACAM1,T cells,2.130378484725952,0.45161290322580644,31,0,1,GSE154778,v4_unbiased_metadata
VSNL1,T cells,0.1402631551027298,0.03225806451612903,31,0,1,GSE154778,v4_unbiased_metadata
IFITM10,T cells,0.1529601663351059,0.03225806451612903,31,0,1,GSE154778,v4_unbiased_metadata
STIL,T cells,0.30519771575927734,0.06451612903225806,31,0,1,GSE154778,v4_unbiased_metadata
CTSK,T cells,0.6385239958763123,0.12903225806451613,31,0,1,GSE154778,v4_unbiased_metadata
OXR1,T cells,1.8527227640151978,0.3870967741935484,31,0,1,GSE154778,v4_unbiased_metadata
CEP55,T cells,0.5770283937454224,0.12903225806451613,31,0,1,GSE154778,v4_unbiased_metadata
ST6GALNAC1,T cells,1.6819459199905396,0.3548387096774194,31,0,1,GSE154778,v4_unbiased_metadata
TSPAN8,T cells,2.427992105484009,0.4838709677419355,31,0,1,GSE154778,v4_unbiased_metadata
CSGALNACT2,T cells,0.4663226306438446,0.0967741935483871,31,0,1,GSE154778,v4_unbiased_metadata
CLIP4,T cells,0.5996611714363098,0.12903225806451613,31,0,1,GSE154778,v4_unbiased_metadata
COL1A1,T cells,1.9191843271255493,0.3870967741935484,31,0,1,GSE154778,v4_unbiased_metadata
NEK7,T cells,1.8610066175460815,0.3870967741935484,31,0,1,GSE154778,v4_unbiased_metadata
ELK3,T cells,1.872320294380188,0.3870967741935484,31,0,1,GSE154778,v4_unbiased_metadata
MAML2,T cells,1.6893454790115356,0.3548387096774194,31,0,1,GSE154778,v4_unbiased_metadata
CHST11,T cells,0.9279097318649292,0.1935483870967742,31,0,1,GSE154778,v4_unbiased_metadata
CEP170,T cells,0.6108492016792297,0.12903225806451613,31,0,1,GSE154778,v4_unbiased_metadata
MYO1D,T cells,1.5674082040786743,0.3225806451612903,31,0,1,GSE154778,v4_unbiased_metadata
RAB23,T cells,0.0,0.0,31,0,1,GSE154778,v4_unbiased_metadata
CORO1C,T cells,1.877669095993042,0.3870967741935484,31,0,1,GSE154778,v4_unbiased_metadata
SPRY4,T cells,0.6119213104248047,0.12903225806451613,31,0,1,GSE154778,v4_unbiased_metadata
WNT2,T cells,0.0,0.0,31,0,1,GSE154778,v4_unbiased_metadata
COMP,T cells,0.3203980326652527,0.06451612903225806,31,0,1,GSE154778,v4_unbiased_metadata
KIF13B,T cells,1.984405517578125,0.41935483870967744,31,0,1,GSE154778,v4_unbiased_metadata
CCL18,T cells,0.6579280495643616,0.12903225806451613,31,0,1,GSE154778,v4_unbiased_metadata
KDELC1,T cells,0.0,0.0,31,0,1,GSE154778,v4_unbiased_metadata
HLA-F,T cells,2.5268990993499756,0.5161290322580645,31,0,1,GSE154778,v4_unbiased_metadata
COL4A2,T cells,0.31295278668403625,0.06451612903225806,31,0,1,GSE154778,v4_unbiased_metadata
NRG3,T cells,0.1533256322145462,0.03225806451612903,31,0,1,GSE154778,v4_unbiased_metadata
CD82,T cells,3.0896661281585693,0.6451612903225806,31,0,1,GSE154778,v4_unbiased_metadata
CAMSAP2,T cells,1.092834234237671,0.22580645161290322,31,0,1,GSE154778,v4_unbiased_metadata
LEMD1,T cells,2.1681923866271973,0.45161290322580644,31,0,1,GSE154778,v4_unbiased_metadata
KRT7,T cells,2.693948984146118,0.5483870967741935,31,0,1,GSE154778,v4_unbiased_metadata
RAB25,T cells,2.617962598800659,0.5483870967741935,31,0,1,GSE154778,v4_unbiased_metadata
NUF2,T cells,0.1544480174779892,0.03225806451612903,31,0,1,GSE154778,v4_unbiased_metadata
CKMT1A,T cells,0.6265836954116821,0.12903225806451613,31,0,1,GSE154778,v4_unbiased_metadata
ASPN,T cells,0.6326083540916443,0.12903225806451613,31,0,1,GSE154778,v4_unbiased_metadata
ERN2,T cells,1.3785438537597656,0.2903225806451613,31,0,1,GSE154778,v4_unbiased_metadata
PLEKHG1,T cells,1.1071003675460815,0.22580645161290322,31,0,1,GSE154778,v4_unbiased_metadata
PLEKHA2,T cells,1.7538775205612183,0.3548387096774194,31,0,1,GSE154778,v4_unbiased_metadata
IGFL2,T cells,0.4474843442440033,0.0967741935483871,31,0,1,GSE154778,v4_unbiased_metadata
KNTC1,T cells,0.43587014079093933,0.0967741935483871,31,0,1,GSE154778,v4_unbiased_metadata
BRIP1,T cells,0.1616879105567932,0.03225806451612903,31,0,1,GSE154778,v4_unbiased_metadata
HLA-C,T cells,2.594707727432251,0.5161290322580645,31,0,1,GSE154778,v4_unbiased_metadata
CST2,T cells,0.4470582902431488,0.0967741935483871,31,0,1,GSE154778,v4_unbiased_metadata
DNAJA4,T cells,2.980299949645996,0.6129032258064516,31,0,1,GSE154778,v4_unbiased_metadata
SLC7A7,T cells,1.5728129148483276,0.3225806451612903,31,0,1,GSE154778,v4_unbiased_metadata
FXYD3,T cells,2.5665149688720703,0.4838709677419355,31,0,1,GSE154778,v4_unbiased_metadata
KPNA2,T cells,1.881044626235962,0.3870967741935484,31,0,1,GSE154778,v4_unbiased_metadata
SPOCK1,T cells,0.15259885787963867,0.03225806451612903,31,0,1,GSE154778,v4_unbiased_metadata
IL1A,T cells,0.1402631551027298,0.03225806451612903,31,0,1,GSE154778,v4_unbiased_metadata
GBP3,T cells,2.011712074279785,0.41935483870967744,31,0,1,GSE154778,v4_unbiased_metadata
GAPDH,T cells,3.692756414413452,0.6451612903225806,31,0,1,GSE154778,v4_unbiased_metadata
SMC6,T cells,0.903868556022644,0.1935483870967742,31,0,1,GSE154778,v4_unbiased_metadata
CALD1,T cells,0.9380905032157898,0.1935483870967742,31,0,1,GSE154778,v4_unbiased_metadata
DGKA,T cells,0.6052584052085876,0.12903225806451613,31,0,1,GSE154778,v4_unbiased_metadata
KLK7,T cells,1.0603381395339966,0.22580645161290322,31,0,1,GSE154778,v4_unbiased_metadata
PRDM1,T cells,1.3034555912017822,0.25806451612903225,31,0,1,GSE154778,v4_unbiased_metadata
GPR87,T cells,0.5716699957847595,0.12903225806451613,31,0,1,GSE154778,v4_unbiased_metadata
KCNN4,T cells,2.9540629386901855,0.6129032258064516,31,0,1,GSE154778,v4_unbiased_metadata
MXD1,T cells,2.3840365409851074,0.4838709677419355,31,0,1,GSE154778,v4_unbiased_metadata
CLEC7A,T cells,1.0039420127868652,0.1935483870967742,31,0,1,GSE154778,v4_unbiased_metadata
S100A6,T cells,4.047499656677246,0.6451612903225806,31,0,1,GSE154778,v4_unbiased_metadata
SULT1B1,T cells,0.4735885560512543,0.0967741935483871,31,0,1,GSE154778,v4_unbiased_metadata
EPS8,T cells,2.9244577884674072,0.6129032258064516,31,0,1,GSE154778,v4_unbiased_metadata
ANKRD50,T cells,0.45815786719322205,0.0967741935483871,31,0,1,GSE154778,v4_unbiased_metadata
FLNA,T cells,2.2327330112457275,0.45161290322580644,31,0,1,GSE154778,v4_unbiased_metadata
GALNT5,T cells,1.3514961004257202,0.2903225806451613,31,0,1,GSE154778,v4_unbiased_metadata
COL3A1,T cells,2.2049317359924316,0.45161290322580644,31,0,1,GSE154778,v4_unbiased_metadata
SCIN,T cells,0.6023032665252686,0.12903225806451613,31,0,1,GSE154778,v4_unbiased_metadata
HIST1H2BD,T cells,1.6868746280670166,0.3548387096774194,31,0,1,GSE154778,v4_unbiased_metadata
WFDC2,T cells,2.841338634490967,0.5806451612903226,31,0,1,GSE154778,v4_unbiased_metadata
TEP1,T cells,0.2962198853492737,0.06451612903225806,31,0,1,GSE154778,v4_unbiased_metadata
MARCO,T cells,0.6577886939048767,0.12903225806451613,31,0,1,GSE154778,v4_unbiased_metadata
KCND2,T cells,0.0,0.0,31,0,1,GSE154778,v4_unbiased_metadata
UBE2C,T cells,1.112151026725769,0.22580645161290322,31,0,1,GSE154778,v4_unbiased_metadata
ARL6IP1,T cells,2.97080397605896,0.6129032258064516,31,0,1,GSE154778,v4_unbiased_metadata
C15orf48,T cells,3.033137083053589,0.6129032258064516,31,0,1,GSE154778,v4_unbiased_metadata
MISP,Tregs,2.1021013259887695,0.4444444444444444,9,0,1,GSE154778,v4_unbiased_metadata
OCIAD2,Tregs,3.3158154487609863,0.6666666666666666,9,0,1,GSE154778,v4_unbiased_metadata
MMP12,Tregs,0.0,0.0,9,0,1,GSE154778,v4_unbiased_metadata
CCNB1,Tregs,0.0,0.0,9,0,1,GSE154778,v4_unbiased_metadata
AGR2,Tregs,1.6316709518432617,0.3333333333333333,9,0,1,GSE154778,v4_unbiased_metadata
PLAC8,Tregs,2.6658220291137695,0.5555555555555556,9,0,1,GSE154778,v4_unbiased_metadata
LAMA3,Tregs,2.1034371852874756,0.4444444444444444,9,0,1,GSE154778,v4_unbiased_metadata
CEACAM5,Tregs,0.5637206435203552,0.1111111111111111,9,0,1,GSE154778,v4_unbiased_metadata
MMP9,Tregs,0.0,0.0,9,0,1,GSE154778,v4_unbiased_metadata
CST1,Tregs,1.1422178745269775,0.2222222222222222,9,0,1,GSE154778,v4_unbiased_metadata
GRN,Tregs,3.246511697769165,0.6666666666666666,9,0,1,GSE154778,v4_unbiased_metadata
RCN1,Tregs,3.2022314071655273,0.6666666666666666,9,0,1,GSE154778,v4_unbiased_metadata
CTTN,Tregs,2.1342813968658447,0.4444444444444444,9,0,1,GSE154778,v4_unbiased_metadata
SDC1,Tregs,3.200464963912964,0.6666666666666666,9,0,1,GSE154778,v4_unbiased_metadata
TPX2,Tregs,0.5767303705215454,0.1111111111111111,9,0,1,GSE154778,v4_unbiased_metadata
TOP2A,Tregs,1.1534607410430908,0.2222222222222222,9,0,1,GSE154778,v4_unbiased_metadata
PTPRR,Tregs,0.5161425471305847,0.1111111111111111,9,0,1,GSE154778,v4_unbiased_metadata
ETV1,Tregs,0.5346430540084839,0.1111111111111111,9,0,1,GSE154778,v4_unbiased_metadata
DOCK5,Tregs,2.1034371852874756,0.4444444444444444,9,0,1,GSE154778,v4_unbiased_metadata
EDIL3,Tregs,0.5219677090644836,0.1111111111111111,9,0,1,GSE154778,v4_unbiased_metadata
DNTTIP1,Tregs,1.58595871925354,0.3333333333333333,9,0,1,GSE154778,v4_unbiased_metadata
DSG2,Tregs,1.5727534294128418,0.3333333333333333,9,0,1,GSE154778,v4_unbiased_metadata
CAPN9,Tregs,0.530683696269989,0.1111111111111111,9,0,1,GSE154778,v4_unbiased_metadata
ANKLE2,Tregs,2.1034371852874756,0.4444444444444444,9,0,1,GSE154778,v4_unbiased_metadata
CDH3,Tregs,1.0381102561950684,0.2222222222222222,9,0,1,GSE154778,v4_unbiased_metadata
COL17A1,Tregs,1.5872944593429565,0.3333333333333333,9,0,1,GSE154778,v4_unbiased_metadata
DPCR1,Tregs,0.530683696269989,0.1111111111111111,9,0,1,GSE154778,v4_unbiased_metadata
COLGALT1,Tregs,0.5346430540084839,0.1111111111111111,9,0,1,GSE154778,v4_unbiased_metadata
LMNB1,Tregs,1.1074140071868896,0.2222222222222222,9,0,1,GSE154778,v4_unbiased_metadata
UACA,Tregs,0.0,0.0,9,0,1,GSE154778,v4_unbiased_metadata
SPARC,Tregs,2.167318344116211,0.4444444444444444,9,0,1,GSE154778,v4_unbiased_metadata
NT5C2,Tregs,3.7789621353149414,0.7777777777777778,9,0,1,GSE154778,v4_unbiased_metadata
TXN,Tregs,2.7851316928863525,0.5555555555555556,9,0,1,GSE154778,v4_unbiased_metadata
PLS1,Tregs,2.1021013259887695,0.4444444444444444,9,0,1,GSE154778,v4_unbiased_metadata
RNF145,Tregs,3.213474750518799,0.6666666666666666,9,0,1,GSE154778,v4_unbiased_metadata
LOXL1,Tregs,1.6308140754699707,0.3333333333333333,9,0,1,GSE154778,v4_unbiased_metadata
SLC16A1,Tregs,2.2084012031555176,0.4444444444444444,9,0,1,GSE154778,v4_unbiased_metadata
CLDN12,Tregs,2.1351382732391357,0.4444444444444444,9,0,1,GSE154778,v4_unbiased_metadata
PKM,Tregs,3.427292823791504,0.6666666666666666,9,0,1,GSE154778,v4_unbiased_metadata
PYGB,Tregs,1.5899180173873901,0.3333333333333333,9,0,1,GSE154778,v4_unbiased_metadata
IDO1,Tregs,0.0,0.0,9,0,1,GSE154778,v4_unbiased_metadata
PSMB8,Tregs,3.8206186294555664,0.7777777777777778,9,0,1,GSE154778,v4_unbiased_metadata
TMEM173,Tregs,2.1666483879089355,0.4444444444444444,9,0,1,GSE154778,v4_unbiased_metadata
MMP13,Tregs,0.0,0.0,9,0,1,GSE154778,v4_unbiased_metadata
PXDN,Tregs,0.0,0.0,9,0,1,GSE154778,v4_unbiased_metadata
CALM2,Tregs,3.427292823791504,0.6666666666666666,9,0,1,GSE154778,v4_unbiased_metadata
SLC44A4,Tregs,2.636744260787964,0.5555555555555556,9,0,1,GSE154778,v4_unbiased_metadata
LGR5,Tregs,1.0468262434005737,0.2222222222222222,9,0,1,GSE154778,v4_unbiased_metadata
TIMP1,Tregs,2.85056209564209,0.5555555555555556,9,0,1,GSE154778,v4_unbiased_metadata
KIF4A,Tregs,0.530683696269989,0.1111111111111111,9,0,1,GSE154778,v4_unbiased_metadata
NEK2,Tregs,0.5767303705215454,0.1111111111111111,9,0,1,GSE154778,v4_unbiased_metadata
FBXL2,Tregs,0.530683696269989,0.1111111111111111,9,0,1,GSE154778,v4_unbiased_metadata
TFF1,Tregs,1.5687940120697021,0.3333333333333333,9,0,1,GSE154778,v4_unbiased_metadata
HCP5,Tregs,0.0,0.0,9,0,1,GSE154778,v4_unbiased_metadata
RNF149,Tregs,3.8514623641967773,0.7777777777777778,9,0,1,GSE154778,v4_unbiased_metadata
GRAMD3,Tregs,1.0468262434005737,0.2222222222222222,9,0,1,GSE154778,v4_unbiased_metadata
FAM91A1,Tregs,1.5814692974090576,0.3333333333333333,9,0,1,GSE154778,v4_unbiased_metadata
MMP1,Tregs,1.5714175701141357,0.3333333333333333,9,0,1,GSE154778,v4_unbiased_metadata
AMIGO2,Tregs,2.1494836807250977,0.4444444444444444,9,0,1,GSE154778,v4_unbiased_metadata
IL18,Tregs,3.200464963912964,0.6666666666666666,9,0,1,GSE154778,v4_unbiased_metadata
GPX2,Tregs,3.200464963912964,0.6666666666666666,9,0,1,GSE154778,v4_unbiased_metadata
CLDN4,Tregs,2.2084012031555176,0.4444444444444444,9,0,1,GSE154778,v4_unbiased_metadata
FAR2,Tregs,0.0,0.0,9,0,1,GSE154778,v4_unbiased_metadata
MXRA5,Tregs,1.0468262434005737,0.2222222222222222,9,0,1,GSE154778,v4_unbiased_metadata
TINAGL1,Tregs,1.5714175701141357,0.3333333333333333,9,0,1,GSE154778,v4_unbiased_metadata
UBA6,Tregs,1.629381775856018,0.3333333333333333,9,0,1,GSE154778,v4_unbiased_metadata
OLFML2B,Tregs,0.0,0.0,9,0,1,GSE154778,v4_unbiased_metadata
ADAM22,Tregs,0.0,0.0,9,0,1,GSE154778,v4_unbiased_metadata
NCEH1,Tregs,1.0639909505844116,0.2222222222222222,9,0,1,GSE154778,v4_unbiased_metadata
IFI44,Tregs,2.7149713039398193,0.5555555555555556,9,0,1,GSE154778,v4_unbiased_metadata
GBP2,Tregs,3.790205240249634,0.7777777777777778,9,0,1,GSE154778,v4_unbiased_metadata
NMU,Tregs,0.0,0.0,9,0,1,GSE154778,v4_unbiased_metadata
IFI44L,Tregs,2.7248783111572266,0.5555555555555556,9,0,1,GSE154778,v4_unbiased_metadata
GPSM2,Tregs,0.5161425471305847,0.1111111111111111,9,0,1,GSE154778,v4_unbiased_metadata
SLC5A3,Tregs,0.0,0.0,9,0,1,GSE154778,v4_unbiased_metadata
PDGFC,Tregs,2.1342813968658447,0.4444444444444444,9,0,1,GSE154778,v4_unbiased_metadata
TYMS,Tregs,2.200286865234375,0.4444444444444444,9,0,1,GSE154778,v4_unbiased_metadata
MVP,Tregs,3.213474750518799,0.6666666666666666,9,0,1,GSE154778,v4_unbiased_metadata
LGALS3BP,Tregs,3.320657968521118,0.6666666666666666,9,0,1,GSE154778,v4_unbiased_metadata
KIAA1551,Tregs,2.1494836807250977,0.4444444444444444,9,0,1,GSE154778,v4_unbiased_metadata
MMP11,Tregs,1.6181387901306152,0.3333333333333333,9,0,1,GSE154778,v4_unbiased_metadata
SEMA3C,Tregs,1.6220982074737549,0.3333333333333333,9,0,1,GSE154778,v4_unbiased_metadata
CRIP1,Tregs,4.342682361602783,0.8888888888888888,9,0,1,GSE154778,v4_unbiased_metadata
PTK7,Tregs,0.530683696269989,0.1111111111111111,9,0,1,GSE154778,v4_unbiased_metadata
FXYD5,Tregs,4.474119186401367,0.8888888888888888,9,0,1,GSE154778,v4_unbiased_metadata
MIR31HG,Tregs,0.0,0.0,9,0,1,GSE154778,v4_unbiased_metadata
MUC4,Tregs,0.5219677090644836,0.1111111111111111,9,0,1,GSE154778,v4_unbiased_metadata
TIMP2,Tregs,3.200464963912964,0.6666666666666666,9,0,1,GSE154778,v4_unbiased_metadata
RHPN2,Tregs,1.5687940120697021,0.3333333333333333,9,0,1,GSE154778,v4_unbiased_metadata
CNN2,Tregs,3.8206186294555664,0.7777777777777778,9,0,1,GSE154778,v4_unbiased_metadata
MUC16,Tregs,0.5219677090644836,0.1111111111111111,9,0,1,GSE154778,v4_unbiased_metadata
ESM1,Tregs,0.0,0.0,9,0,1,GSE154778,v4_unbiased_metadata
TMEM45B,Tregs,0.5161425471305847,0.1111111111111111,9,0,1,GSE154778,v4_unbiased_metadata
NMI,Tregs,2.667588472366333,0.5555555555555556,9,0,1,GSE154778,v4_unbiased_metadata
SLC2A1,Tregs,2.6658220291137695,0.5555555555555556,9,0,1,GSE154778,v4_unbiased_metadata
MFAP2,Tregs,0.5654874444007874,0.1111111111111111,9,0,1,GSE154778,v4_unbiased_metadata
RASA2,Tregs,2.6658220291137695,0.5555555555555556,9,0,1,GSE154778,v4_unbiased_metadata
NQO1,Tregs,2.69150710105896,0.5555555555555556,9,0,1,GSE154778,v4_unbiased_metadata
LGALS1,Tregs,4.474119186401367,0.8888888888888888,9,0,1,GSE154778,v4_unbiased_metadata
L3MBTL3,Tregs,0.5767303705215454,0.1111111111111111,9,0,1,GSE154778,v4_unbiased_metadata
CDH2,Tregs,0.5219677090644836,0.1111111111111111,9,0,1,GSE154778,v4_unbiased_metadata
UBE2T,Tregs,1.684144377708435,0.3333333333333333,9,0,1,GSE154778,v4_unbiased_metadata
IL1R2,Tregs,1.1074140071868896,0.2222222222222222,9,0,1,GSE154778,v4_unbiased_metadata
SERPINH1,Tregs,1.6294783353805542,0.3333333333333333,9,0,1,GSE154778,v4_unbiased_metadata
PIAS3,Tregs,2.1818594932556152,0.4444444444444444,9,0,1,GSE154778,v4_unbiased_metadata
IQGAP1,Tregs,4.342682361602783,0.8888888888888888,9,0,1,GSE154778,v4_unbiased_metadata
ABHD17C,Tregs,2.1021013259887695,0.4444444444444444,9,0,1,GSE154778,v4_unbiased_metadata
POSTN,Tregs,1.087455153465271,0.2222222222222222,9,0,1,GSE154778,v4_unbiased_metadata
SLFN13,Tregs,0.0,0.0,9,0,1,GSE154778,v4_unbiased_metadata
IFI27,Tregs,2.85056209564209,0.5555555555555556,9,0,1,GSE154778,v4_unbiased_metadata
DYNLT1,Tregs,3.864137887954712,0.7777777777777778,9,0,1,GSE154778,v4_unbiased_metadata
LAMB3,Tregs,2.709244966506958,0.5555555555555556,9,0,1,GSE154778,v4_unbiased_metadata
SPDL1,Tregs,0.530683696269989,0.1111111111111111,9,0,1,GSE154778,v4_unbiased_metadata
GREB1L,Tregs,0.0,0.0,9,0,1,GSE154778,v4_unbiased_metadata
PARP14,Tregs,3.278691530227661,0.6666666666666666,9,0,1,GSE154778,v4_unbiased_metadata
APBB2,Tregs,0.0,0.0,9,0,1,GSE154778,v4_unbiased_metadata
IL2RA,Tregs,2.2029104232788086,0.4444444444444444,9,0,1,GSE154778,v4_unbiased_metadata
RBMS1,Tregs,3.2022314071655273,0.6666666666666666,9,0,1,GSE154778,v4_unbiased_metadata
CDC6,Tregs,1.1074140071868896,0.2222222222222222,9,0,1,GSE154778,v4_unbiased_metadata
MMP3,Tregs,1.5714175701141357,0.3333333333333333,9,0,1,GSE154778,v4_unbiased_metadata
LINC01559,Tregs,0.0,0.0,9,0,1,GSE154778,v4_unbiased_metadata
SRPX2,Tregs,0.0,0.0,9,0,1,GSE154778,v4_unbiased_metadata
CEACAM1,Tregs,1.5714175701141357,0.3333333333333333,9,0,1,GSE154778,v4_unbiased_metadata
VSNL1,Tregs,0.0,0.0,9,0,1,GSE154778,v4_unbiased_metadata
IFITM10,Tregs,0.0,0.0,9,0,1,GSE154778,v4_unbiased_metadata
STIL,Tregs,0.0,0.0,9,0,1,GSE154778,v4_unbiased_metadata
CTSK,Tregs,0.5654874444007874,0.1111111111111111,9,0,1,GSE154778,v4_unbiased_metadata
OXR1,Tregs,0.0,0.0,9,0,1,GSE154778,v4_unbiased_metadata
CEP55,Tregs,0.0,0.0,9,0,1,GSE154778,v4_unbiased_metadata
ST6GALNAC1,Tregs,1.0507855415344238,0.2222222222222222,9,0,1,GSE154778,v4_unbiased_metadata
TSPAN8,Tregs,3.2552273273468018,0.6666666666666666,9,0,1,GSE154778,v4_unbiased_metadata
CSGALNACT2,Tregs,1.0507855415344238,0.2222222222222222,9,0,1,GSE154778,v4_unbiased_metadata
CLIP4,Tregs,0.0,0.0,9,0,1,GSE154778,v4_unbiased_metadata
COL1A1,Tregs,1.6583603620529175,0.3333333333333333,9,0,1,GSE154778,v4_unbiased_metadata
NEK7,Tregs,2.722254753112793,0.5555555555555556,9,0,1,GSE154778,v4_unbiased_metadata
ELK3,Tregs,3.2918970584869385,0.6666666666666666,9,0,1,GSE154778,v4_unbiased_metadata
MAML2,Tregs,0.530683696269989,0.1111111111111111,9,0,1,GSE154778,v4_unbiased_metadata
CHST11,Tregs,2.235090732574463,0.4444444444444444,9,0,1,GSE154778,v4_unbiased_metadata
CEP170,Tregs,0.0,0.0,9,0,1,GSE154778,v4_unbiased_metadata
MYO1D,Tregs,1.0679503679275513,0.2222222222222222,9,0,1,GSE154778,v4_unbiased_metadata
RAB23,Tregs,0.0,0.0,9,0,1,GSE154778,v4_unbiased_metadata
CORO1C,Tregs,1.5687940120697021,0.3333333333333333,9,0,1,GSE154778,v4_unbiased_metadata
SPRY4,Tregs,1.0381102561950684,0.2222222222222222,9,0,1,GSE154778,v4_unbiased_metadata
WNT2,Tregs,0.5654874444007874,0.1111111111111111,9,0,1,GSE154778,v4_unbiased_metadata
COMP,Tregs,0.5219677090644836,0.1111111111111111,9,0,1,GSE154778,v4_unbiased_metadata
KIF13B,Tregs,1.5727534294128418,0.3333333333333333,9,0,1,GSE154778,v4_unbiased_metadata
CCL18,Tregs,1.6035977602005005,0.3333333333333333,9,0,1,GSE154778,v4_unbiased_metadata
KDELC1,Tregs,0.0,0.0,9,0,1,GSE154778,v4_unbiased_metadata
HLA-F,Tregs,3.8232421875,0.7777777777777778,9,0,1,GSE154778,v4_unbiased_metadata
COL4A2,Tregs,0.5654874444007874,0.1111111111111111,9,0,1,GSE154778,v4_unbiased_metadata
NRG3,Tregs,0.5161425471305847,0.1111111111111111,9,0,1,GSE154778,v4_unbiased_metadata
CD82,Tregs,4.353925704956055,0.8888888888888888,9,0,1,GSE154778,v4_unbiased_metadata
CAMSAP2,Tregs,1.0653266906738281,0.2222222222222222,9,0,1,GSE154778,v4_unbiased_metadata
LEMD1,Tregs,2.1206016540527344,0.4444444444444444,9,0,1,GSE154778,v4_unbiased_metadata
KRT7,Tregs,2.69150710105896,0.5555555555555556,9,0,1,GSE154778,v4_unbiased_metadata
RAB25,Tregs,2.636744260787964,0.5555555555555556,9,0,1,GSE154778,v4_unbiased_metadata
NUF2,Tregs,1.1534607410430908,0.2222222222222222,9,0,1,GSE154778,v4_unbiased_metadata
CKMT1A,Tregs,0.0,0.0,9,0,1,GSE154778,v4_unbiased_metadata
ASPN,Tregs,0.0,0.0,9,0,1,GSE154778,v4_unbiased_metadata
ERN2,Tregs,2.106060743331909,0.4444444444444444,9,0,1,GSE154778,v4_unbiased_metadata
PLEKHG1,Tregs,1.0381102561950684,0.2222222222222222,9,0,1,GSE154778,v4_unbiased_metadata
PLEKHA2,Tregs,3.3379437923431396,0.6666666666666666,9,0,1,GSE154778,v4_unbiased_metadata
IGFL2,Tregs,0.5161425471305847,0.1111111111111111,9,0,1,GSE154778,v4_unbiased_metadata
KNTC1,Tregs,0.0,0.0,9,0,1,GSE154778,v4_unbiased_metadata
BRIP1,Tregs,0.530683696269989,0.1111111111111111,9,0,1,GSE154778,v4_unbiased_metadata
HLA-C,Tregs,3.427292823791504,0.6666666666666666,9,0,1,GSE154778,v4_unbiased_metadata
CST2,Tregs,0.0,0.0,9,0,1,GSE154778,v4_unbiased_metadata
DNAJA4,Tregs,1.6189956665039062,0.3333333333333333,9,0,1,GSE154778,v4_unbiased_metadata
SLC7A7,Tregs,1.5899180173873901,0.3333333333333333,9,0,1,GSE154778,v4_unbiased_metadata
FXYD3,Tregs,1.6316709518432617,0.3333333333333333,9,0,1,GSE154778,v4_unbiased_metadata
KPNA2,Tregs,2.7149713039398193,0.5555555555555556,9,0,1,GSE154778,v4_unbiased_metadata
SPOCK1,Tregs,0.0,0.0,9,0,1,GSE154778,v4_unbiased_metadata
IL1A,Tregs,0.0,0.0,9,0,1,GSE154778,v4_unbiased_metadata
GBP3,Tregs,1.6420570611953735,0.3333333333333333,9,0,1,GSE154778,v4_unbiased_metadata
GAPDH,Tregs,3.427292823791504,0.6666666666666666,9,0,1,GSE154778,v4_unbiased_metadata
SMC6,Tregs,1.6420570611953735,0.3333333333333333,9,0,1,GSE154778,v4_unbiased_metadata
CALD1,Tregs,3.2918970584869385,0.6666666666666666,9,0,1,GSE154778,v4_unbiased_metadata
DGKA,Tregs,0.5637206435203552,0.1111111111111111,9,0,1,GSE154778,v4_unbiased_metadata
KLK7,Tregs,1.0653266906738281,0.2222222222222222,9,0,1,GSE154778,v4_unbiased_metadata
PRDM1,Tregs,2.7263107299804688,0.5555555555555556,9,0,1,GSE154778,v4_unbiased_metadata
GPR87,Tregs,0.0,0.0,9,0,1,GSE154778,v4_unbiased_metadata
KCNN4,Tregs,3.213474750518799,0.6666666666666666,9,0,1,GSE154778,v4_unbiased_metadata
MXD1,Tregs,1.6316709518432617,0.3333333333333333,9,0,1,GSE154778,v4_unbiased_metadata
CLEC7A,Tregs,0.5637206435203552,0.1111111111111111,9,0,1,GSE154778,v4_unbiased_metadata
S100A6,Tregs,3.427292823791504,0.6666666666666666,9,0,1,GSE154778,v4_unbiased_metadata
SULT1B1,Tregs,1.0507855415344238,0.2222222222222222,9,0,1,GSE154778,v4_unbiased_metadata
EPS8,Tregs,2.1034371852874756,0.4444444444444444,9,0,1,GSE154778,v4_unbiased_metadata
ANKRD50,Tregs,0.0,0.0,9,0,1,GSE154778,v4_unbiased_metadata
FLNA,Tregs,2.2029104232788086,0.4444444444444444,9,0,1,GSE154778,v4_unbiased_metadata
GALNT5,Tregs,0.0,0.0,9,0,1,GSE154778,v4_unbiased_metadata
COL3A1,Tregs,2.184483051300049,0.4444444444444444,9,0,1,GSE154778,v4_unbiased_metadata
SCIN,Tregs,1.0507855415344238,0.2222222222222222,9,0,1,GSE154778,v4_unbiased_metadata
HIST1H2BD,Tregs,1.0986981391906738,0.2222222222222222,9,0,1,GSE154778,v4_unbiased_metadata
WFDC2,Tregs,2.636744260787964,0.5555555555555556,9,0,1,GSE154778,v4_unbiased_metadata
TEP1,Tregs,1.6235566139221191,0.3333333333333333,9,0,1,GSE154778,v4_unbiased_metadata
MARCO,Tregs,0.0,0.0,9,0,1,GSE154778,v4_unbiased_metadata
KCND2,Tregs,0.0,0.0,9,0,1,GSE154778,v4_unbiased_metadata
UBE2C,Tregs,0.530683696269989,0.1111111111111111,9,0,1,GSE154778,v4_unbiased_metadata
ARL6IP1,Tregs,3.8319578170776367,0.7777777777777778,9,0,1,GSE154778,v4_unbiased_metadata
C15orf48,Tregs,3.2425522804260254,0.6666666666666666,9,0,1,GSE154778,v4_unbiased_metadata
MISP,endothelial,0.8680881261825562,0.17777777777777778,45,0,1,GSE154778,v4_unbiased_metadata
OCIAD2,endothelial,2.627812385559082,0.5111111111111111,45,0,1,GSE154778,v4_unbiased_metadata
MMP12,endothelial,0.0,0.0,45,0,1,GSE154778,v4_unbiased_metadata
CCNB1,endothelial,0.8458789587020874,0.17777777777777778,45,0,1,GSE154778,v4_unbiased_metadata
AGR2,endothelial,1.016371726989746,0.2,45,0,1,GSE154778,v4_unbiased_metadata
PLAC8,endothelial,1.5294089317321777,0.3111111111111111,45,0,1,GSE154778,v4_unbiased_metadata
LAMA3,endothelial,0.9577140212059021,0.2,45,0,1,GSE154778,v4_unbiased_metadata
CEACAM5,endothelial,0.42746731638908386,0.08888888888888889,45,0,1,GSE154778,v4_unbiased_metadata
MMP9,endothelial,0.21836844086647034,0.044444444444444446,45,0,1,GSE154778,v4_unbiased_metadata
CST1,endothelial,0.7622596025466919,0.15555555555555556,45,0,1,GSE154778,v4_unbiased_metadata
GRN,endothelial,4.340863227844238,0.8666666666666667,45,0,1,GSE154778,v4_unbiased_metadata
RCN1,endothelial,3.876140594482422,0.7777777777777778,45,0,1,GSE154778,v4_unbiased_metadata
CTTN,endothelial,4.21189022064209,0.8444444444444444,45,0,1,GSE154778,v4_unbiased_metadata
SDC1,endothelial,1.4189823865890503,0.28888888888888886,45,0,1,GSE154778,v4_unbiased_metadata
TPX2,endothelial,0.5241917371749878,0.1111111111111111,45,0,1,GSE154778,v4_unbiased_metadata
TOP2A,endothelial,0.6359654068946838,0.13333333333333333,45,0,1,GSE154778,v4_unbiased_metadata
PTPRR,endothelial,0.42510804533958435,0.08888888888888889,45,0,1,GSE154778,v4_unbiased_metadata
ETV1,endothelial,0.8696917295455933,0.17777777777777778,45,0,1,GSE154778,v4_unbiased_metadata
DOCK5,endothelial,0.5340976715087891,0.1111111111111111,45,0,1,GSE154778,v4_unbiased_metadata
EDIL3,endothelial,2.1353604793548584,0.4222222222222222,45,0,1,GSE154778,v4_unbiased_metadata
DNTTIP1,endothelial,1.7629472017288208,0.35555555555555557,45,0,1,GSE154778,v4_unbiased_metadata
DSG2,endothelial,0.8633031249046326,0.17777777777777778,45,0,1,GSE154778,v4_unbiased_metadata
CAPN9,endothelial,0.21422913670539856,0.044444444444444446,45,0,1,GSE154778,v4_unbiased_metadata
ANKLE2,endothelial,2.3399386405944824,0.4666666666666667,45,0,1,GSE154778,v4_unbiased_metadata
CDH3,endothelial,0.3147231936454773,0.06666666666666667,45,0,1,GSE154778,v4_unbiased_metadata
COL17A1,endothelial,0.5494587421417236,0.1111111111111111,45,0,1,GSE154778,v4_unbiased_metadata
DPCR1,endothelial,0.42967814207077026,0.08888888888888889,45,0,1,GSE154778,v4_unbiased_metadata
COLGALT1,endothelial,2.8968868255615234,0.5777777777777777,45,0,1,GSE154778,v4_unbiased_metadata
LMNB1,endothelial,0.623320996761322,0.13333333333333333,45,0,1,GSE154778,v4_unbiased_metadata
UACA,endothelial,3.7507476806640625,0.7555555555555555,45,0,1,GSE154778,v4_unbiased_metadata
SPARC,endothelial,4.583454608917236,0.9111111111111111,45,0,1,GSE154778,v4_unbiased_metadata
NT5C2,endothelial,1.5621575117111206,0.3111111111111111,45,0,1,GSE154778,v4_unbiased_metadata
TXN,endothelial,3.532151699066162,0.6888888888888889,45,0,1,GSE154778,v4_unbiased_metadata
PLS1,endothelial,1.0680121183395386,0.2222222222222222,45,0,1,GSE154778,v4_unbiased_metadata
RNF145,endothelial,4.4123616218566895,0.8888888888888888,45,0,1,GSE154778,v4_unbiased_metadata
LOXL1,endothelial,0.8766812086105347,0.17777777777777778,45,0,1,GSE154778,v4_unbiased_metadata
SLC16A1,endothelial,1.8638075590133667,0.37777777777777777,45,0,1,GSE154778,v4_unbiased_metadata
CLDN12,endothelial,0.9839494228363037,0.2,45,0,1,GSE154778,v4_unbiased_metadata
PKM,endothelial,3.6339242458343506,0.7111111111111111,45,0,1,GSE154778,v4_unbiased_metadata
PYGB,endothelial,2.4236905574798584,0.4888888888888889,45,0,1,GSE154778,v4_unbiased_metadata
IDO1,endothelial,0.2205324023962021,0.044444444444444446,45,0,1,GSE154778,v4_unbiased_metadata
PSMB8,endothelial,3.7525105476379395,0.7555555555555555,45,0,1,GSE154778,v4_unbiased_metadata
TMEM173,endothelial,3.994344711303711,0.8,45,0,1,GSE154778,v4_unbiased_metadata
MMP13,endothelial,0.0,0.0,45,0,1,GSE154778,v4_unbiased_metadata
PXDN,endothelial,2.4531681537628174,0.4888888888888889,45,0,1,GSE154778,v4_unbiased_metadata
CALM2,endothelial,3.8953914642333984,0.7555555555555555,45,0,1,GSE154778,v4_unbiased_metadata
SLC44A4,endothelial,0.7694007754325867,0.15555555555555556,45,0,1,GSE154778,v4_unbiased_metadata
LGR5,endothelial,0.0,0.0,45,0,1,GSE154778,v4_unbiased_metadata
TIMP1,endothelial,3.776637554168701,0.7333333333333333,45,0,1,GSE154778,v4_unbiased_metadata
KIF4A,endothelial,0.2217741459608078,0.044444444444444446,45,0,1,GSE154778,v4_unbiased_metadata
NEK2,endothelial,0.2217014580965042,0.044444444444444446,45,0,1,GSE154778,v4_unbiased_metadata
FBXL2,endothelial,0.638560950756073,0.13333333333333333,45,0,1,GSE154778,v4_unbiased_metadata
TFF1,endothelial,2.5201539993286133,0.5111111111111111,45,0,1,GSE154778,v4_unbiased_metadata
HCP5,endothelial,0.0,0.0,45,0,1,GSE154778,v4_unbiased_metadata
RNF149,endothelial,2.6057727336883545,0.5333333333333333,45,0,1,GSE154778,v4_unbiased_metadata
GRAMD3,endothelial,1.9820468425750732,0.4,45,0,1,GSE154778,v4_unbiased_metadata
FAM91A1,endothelial,2.3159120082855225,0.4666666666666667,45,0,1,GSE154778,v4_unbiased_metadata
MMP1,endothelial,1.4396437406539917,0.28888888888888886,45,0,1,GSE154778,v4_unbiased_metadata
AMIGO2,endothelial,0.5438003540039062,0.1111111111111111,45,0,1,GSE154778,v4_unbiased_metadata
IL18,endothelial,1.0913785696029663,0.2222222222222222,45,0,1,GSE154778,v4_unbiased_metadata
GPX2,endothelial,1.6546618938446045,0.3333333333333333,45,0,1,GSE154778,v4_unbiased_metadata
CLDN4,endothelial,1.7906585931777954,0.35555555555555557,45,0,1,GSE154778,v4_unbiased_metadata
FAR2,endothelial,0.5372130870819092,0.1111111111111111,45,0,1,GSE154778,v4_unbiased_metadata
MXRA5,endothelial,1.8584996461868286,0.37777777777777777,45,0,1,GSE154778,v4_unbiased_metadata
TINAGL1,endothelial,3.099682569503784,0.6222222222222222,45,0,1,GSE154778,v4_unbiased_metadata
UBA6,endothelial,2.321564197540283,0.4666666666666667,45,0,1,GSE154778,v4_unbiased_metadata
OLFML2B,endothelial,0.988704264163971,0.2,45,0,1,GSE154778,v4_unbiased_metadata
ADAM22,endothelial,0.10747292637825012,0.022222222222222223,45,0,1,GSE154778,v4_unbiased_metadata
NCEH1,endothelial,1.0611789226531982,0.2222222222222222,45,0,1,GSE154778,v4_unbiased_metadata
IFI44,endothelial,2.432739496231079,0.4888888888888889,45,0,1,GSE154778,v4_unbiased_metadata
GBP2,endothelial,2.671436309814453,0.5333333333333333,45,0,1,GSE154778,v4_unbiased_metadata
NMU,endothelial,0.1880435049533844,0.044444444444444446,45,0,1,GSE154778,v4_unbiased_metadata
IFI44L,endothelial,1.6549519300460815,0.3333333333333333,45,0,1,GSE154778,v4_unbiased_metadata
GPSM2,endothelial,0.5458452701568604,0.1111111111111111,45,0,1,GSE154778,v4_unbiased_metadata
SLC5A3,endothelial,0.0,0.0,45,0,1,GSE154778,v4_unbiased_metadata
PDGFC,endothelial,0.6565621495246887,0.13333333333333333,45,0,1,GSE154778,v4_unbiased_metadata
TYMS,endothelial,0.32020682096481323,0.06666666666666667,45,0,1,GSE154778,v4_unbiased_metadata
MVP,endothelial,3.4218499660491943,0.6888888888888889,45,0,1,GSE154778,v4_unbiased_metadata
LGALS3BP,endothelial,2.56577205657959,0.5111111111111111,45,0,1,GSE154778,v4_unbiased_metadata
KIAA1551,endothelial,2.319188356399536,0.4666666666666667,45,0,1,GSE154778,v4_unbiased_metadata
MMP11,endothelial,1.7603522539138794,0.35555555555555557,45,0,1,GSE154778,v4_unbiased_metadata
SEMA3C,endothelial,1.2069610357284546,0.24444444444444444,45,0,1,GSE154778,v4_unbiased_metadata
CRIP1,endothelial,2.3077571392059326,0.4666666666666667,45,0,1,GSE154778,v4_unbiased_metadata
PTK7,endothelial,1.9402462244033813,0.4,45,0,1,GSE154778,v4_unbiased_metadata
FXYD5,endothelial,3.9471733570098877,0.7777777777777778,45,0,1,GSE154778,v4_unbiased_metadata
MIR31HG,endothelial,0.0,0.0,45,0,1,GSE154778,v4_unbiased_metadata
MUC4,endothelial,0.32109230756759644,0.06666666666666667,45,0,1,GSE154778,v4_unbiased_metadata
TIMP2,endothelial,3.9660019874572754,0.8,45,0,1,GSE154778,v4_unbiased_metadata
RHPN2,endothelial,0.43130773305892944,0.08888888888888889,45,0,1,GSE154778,v4_unbiased_metadata
CNN2,endothelial,2.0674192905426025,0.4222222222222222,45,0,1,GSE154778,v4_unbiased_metadata
MUC16,endothelial,0.0,0.0,45,0,1,GSE154778,v4_unbiased_metadata
ESM1,endothelial,2.34326171875,0.4666666666666667,45,0,1,GSE154778,v4_unbiased_metadata
TMEM45B,endothelial,0.3981325030326843,0.08888888888888889,45,0,1,GSE154778,v4_unbiased_metadata
NMI,endothelial,1.6452274322509766,0.3333333333333333,45,0,1,GSE154778,v4_unbiased_metadata
SLC2A1,endothelial,1.4150391817092896,0.28888888888888886,45,0,1,GSE154778,v4_unbiased_metadata
MFAP2,endothelial,1.6707653999328613,0.3333333333333333,45,0,1,GSE154778,v4_unbiased_metadata
RASA2,endothelial,1.3167109489440918,0.26666666666666666,45,0,1,GSE154778,v4_unbiased_metadata
NQO1,endothelial,2.4244842529296875,0.4888888888888889,45,0,1,GSE154778,v4_unbiased_metadata
LGALS1,endothelial,3.9651906490325928,0.7777777777777778,45,0,1,GSE154778,v4_unbiased_metadata
L3MBTL3,endothelial,0.5509868264198303,0.1111111111111111,45,0,1,GSE154778,v4_unbiased_metadata
CDH2,endothelial,0.2217937707901001,0.044444444444444446,45,0,1,GSE154778,v4_unbiased_metadata
UBE2T,endothelial,0.6342899799346924,0.13333333333333333,45,0,1,GSE154778,v4_unbiased_metadata
IL1R2,endothelial,0.21422913670539856,0.044444444444444446,45,0,1,GSE154778,v4_unbiased_metadata
SERPINH1,endothelial,4.5642900466918945,0.9111111111111111,45,0,1,GSE154778,v4_unbiased_metadata
PIAS3,endothelial,1.3203999996185303,0.26666666666666666,45,0,1,GSE154778,v4_unbiased_metadata
IQGAP1,endothelial,3.8614091873168945,0.7777777777777778,45,0,1,GSE154778,v4_unbiased_metadata
ABHD17C,endothelial,1.1756495237350464,0.24444444444444444,45,0,1,GSE154778,v4_unbiased_metadata
POSTN,endothelial,0.65622878074646,0.13333333333333333,45,0,1,GSE154778,v4_unbiased_metadata
SLFN13,endothelial,0.5306122899055481,0.1111111111111111,45,0,1,GSE154778,v4_unbiased_metadata
IFI27,endothelial,3.4864895343780518,0.6666666666666666,45,0,1,GSE154778,v4_unbiased_metadata
DYNLT1,endothelial,3.659005641937256,0.7333333333333333,45,0,1,GSE154778,v4_unbiased_metadata
LAMB3,endothelial,2.2720608711242676,0.4666666666666667,45,0,1,GSE154778,v4_unbiased_metadata
SPDL1,endothelial,0.42677128314971924,0.08888888888888889,45,0,1,GSE154778,v4_unbiased_metadata
GREB1L,endothelial,0.10562432557344437,0.022222222222222223,45,0,1,GSE154778,v4_unbiased_metadata
PARP14,endothelial,2.765324831008911,0.5555555555555556,45,0,1,GSE154778,v4_unbiased_metadata
APBB2,endothelial,2.1158039569854736,0.4222222222222222,45,0,1,GSE154778,v4_unbiased_metadata
IL2RA,endothelial,0.0,0.0,45,0,1,GSE154778,v4_unbiased_metadata
RBMS1,endothelial,4.310469150543213,0.8666666666666667,45,0,1,GSE154778,v4_unbiased_metadata
CDC6,endothelial,0.21767836809158325,0.044444444444444446,45,0,1,GSE154778,v4_unbiased_metadata
MMP3,endothelial,0.3156115412712097,0.06666666666666667,45,0,1,GSE154778,v4_unbiased_metadata
LINC01559,endothelial,0.0,0.0,45,0,1,GSE154778,v4_unbiased_metadata
SRPX2,endothelial,0.5457763671875,0.1111111111111111,45,0,1,GSE154778,v4_unbiased_metadata
CEACAM1,endothelial,0.8988043665885925,0.17777777777777778,45,0,1,GSE154778,v4_unbiased_metadata
VSNL1,endothelial,0.10692861676216125,0.022222222222222223,45,0,1,GSE154778,v4_unbiased_metadata
IFITM10,endothelial,0.7793259620666504,0.15555555555555556,45,0,1,GSE154778,v4_unbiased_metadata
STIL,endothelial,0.20710931718349457,0.044444444444444446,45,0,1,GSE154778,v4_unbiased_metadata
CTSK,endothelial,0.873913049697876,0.17777777777777778,45,0,1,GSE154778,v4_unbiased_metadata
OXR1,endothelial,1.6402482986450195,0.3333333333333333,45,0,1,GSE154778,v4_unbiased_metadata
CEP55,endothelial,0.41875746846199036,0.08888888888888889,45,0,1,GSE154778,v4_unbiased_metadata
ST6GALNAC1,endothelial,0.5340121388435364,0.1111111111111111,45,0,1,GSE154778,v4_unbiased_metadata
TSPAN8,endothelial,1.6970782279968262,0.3333333333333333,45,0,1,GSE154778,v4_unbiased_metadata
CSGALNACT2,endothelial,1.2124831676483154,0.24444444444444444,45,0,1,GSE154778,v4_unbiased_metadata
CLIP4,endothelial,0.4404881000518799,0.08888888888888889,45,0,1,GSE154778,v4_unbiased_metadata
COL1A1,endothelial,3.0921216011047363,0.6222222222222222,45,0,1,GSE154778,v4_unbiased_metadata
NEK7,endothelial,1.7652997970581055,0.35555555555555557,45,0,1,GSE154778,v4_unbiased_metadata
ELK3,endothelial,2.878310441970825,0.5777777777777777,45,0,1,GSE154778,v4_unbiased_metadata
MAML2,endothelial,1.51644766330719,0.3111111111111111,45,0,1,GSE154778,v4_unbiased_metadata
CHST11,endothelial,1.4334890842437744,0.28888888888888886,45,0,1,GSE154778,v4_unbiased_metadata
CEP170,endothelial,1.1057196855545044,0.2222222222222222,45,0,1,GSE154778,v4_unbiased_metadata
MYO1D,endothelial,0.8730552792549133,0.17777777777777778,45,0,1,GSE154778,v4_unbiased_metadata
RAB23,endothelial,0.8757236003875732,0.17777777777777778,45,0,1,GSE154778,v4_unbiased_metadata
CORO1C,endothelial,2.5408263206481934,0.5111111111111111,45,0,1,GSE154778,v4_unbiased_metadata
SPRY4,endothelial,3.6793017387390137,0.7333333333333333,45,0,1,GSE154778,v4_unbiased_metadata
WNT2,endothelial,0.0,0.0,45,0,1,GSE154778,v4_unbiased_metadata
COMP,endothelial,0.10562432557344437,0.022222222222222223,45,0,1,GSE154778,v4_unbiased_metadata
KIF13B,endothelial,0.7856852412223816,0.15555555555555556,45,0,1,GSE154778,v4_unbiased_metadata
CCL18,endothelial,0.2217937707901001,0.044444444444444446,45,0,1,GSE154778,v4_unbiased_metadata
KDELC1,endothelial,0.3353401720523834,0.06666666666666667,45,0,1,GSE154778,v4_unbiased_metadata
HLA-F,endothelial,3.450821876525879,0.6888888888888889,45,0,1,GSE154778,v4_unbiased_metadata
COL4A2,endothelial,3.5696563720703125,0.7111111111111111,45,0,1,GSE154778,v4_unbiased_metadata
NRG3,endothelial,0.10747292637825012,0.022222222222222223,45,0,1,GSE154778,v4_unbiased_metadata
CD82,endothelial,1.2069333791732788,0.24444444444444444,45,0,1,GSE154778,v4_unbiased_metadata
CAMSAP2,endothelial,1.6708704233169556,0.3333333333333333,45,0,1,GSE154778,v4_unbiased_metadata
LEMD1,endothelial,0.42448288202285767,0.08888888888888889,45,0,1,GSE154778,v4_unbiased_metadata
KRT7,endothelial,2.197463035583496,0.4444444444444444,45,0,1,GSE154778,v4_unbiased_metadata
RAB25,endothelial,0.8393576741218567,0.17777777777777778,45,0,1,GSE154778,v4_unbiased_metadata
NUF2,endothelial,0.4271354377269745,0.08888888888888889,45,0,1,GSE154778,v4_unbiased_metadata
CKMT1A,endothelial,0.2213481068611145,0.044444444444444446,45,0,1,GSE154778,v4_unbiased_metadata
ASPN,endothelial,1.6506773233413696,0.3333333333333333,45,0,1,GSE154778,v4_unbiased_metadata
ERN2,endothelial,0.5340121388435364,0.1111111111111111,45,0,1,GSE154778,v4_unbiased_metadata
PLEKHG1,endothelial,2.0109214782714844,0.4,45,0,1,GSE154778,v4_unbiased_metadata
PLEKHA2,endothelial,1.1048943996429443,0.2222222222222222,45,0,1,GSE154778,v4_unbiased_metadata
IGFL2,endothelial,0.33817940950393677,0.06666666666666667,45,0,1,GSE154778,v4_unbiased_metadata
KNTC1,endothelial,0.2316063791513443,0.044444444444444446,45,0,1,GSE154778,v4_unbiased_metadata
BRIP1,endothelial,0.3127336800098419,0.06666666666666667,45,0,1,GSE154778,v4_unbiased_metadata
HLA-C,endothelial,3.984567880630493,0.7777777777777778,45,0,1,GSE154778,v4_unbiased_metadata
CST2,endothelial,0.21726955473423004,0.044444444444444446,45,0,1,GSE154778,v4_unbiased_metadata
DNAJA4,endothelial,2.3246872425079346,0.4666666666666667,45,0,1,GSE154778,v4_unbiased_metadata
SLC7A7,endothelial,0.8662038445472717,0.17777777777777778,45,0,1,GSE154778,v4_unbiased_metadata
FXYD3,endothelial,1.012832522392273,0.2,45,0,1,GSE154778,v4_unbiased_metadata
KPNA2,endothelial,2.213505268096924,0.4444444444444444,45,0,1,GSE154778,v4_unbiased_metadata
SPOCK1,endothelial,0.10979662835597992,0.022222222222222223,45,0,1,GSE154778,v4_unbiased_metadata
IL1A,endothelial,0.10562432557344437,0.022222222222222223,45,0,1,GSE154778,v4_unbiased_metadata
GBP3,endothelial,2.101137399673462,0.4222222222222222,45,0,1,GSE154778,v4_unbiased_metadata
GAPDH,endothelial,3.602933168411255,0.6888888888888889,45,0,1,GSE154778,v4_unbiased_metadata
SMC6,endothelial,1.7543675899505615,0.35555555555555557,45,0,1,GSE154778,v4_unbiased_metadata
CALD1,endothelial,4.474674224853516,0.8888888888888888,45,0,1,GSE154778,v4_unbiased_metadata
DGKA,endothelial,0.3250194191932678,0.06666666666666667,45,0,1,GSE154778,v4_unbiased_metadata
KLK7,endothelial,0.08340928703546524,0.022222222222222223,45,0,1,GSE154778,v4_unbiased_metadata
PRDM1,endothelial,2.1122260093688965,0.4222222222222222,45,0,1,GSE154778,v4_unbiased_metadata
GPR87,endothelial,0.20710931718349457,0.044444444444444446,45,0,1,GSE154778,v4_unbiased_metadata
KCNN4,endothelial,1.178109884262085,0.24444444444444444,45,0,1,GSE154778,v4_unbiased_metadata
MXD1,endothelial,1.0027563571929932,0.2,45,0,1,GSE154778,v4_unbiased_metadata
CLEC7A,endothelial,0.22587576508522034,0.044444444444444446,45,0,1,GSE154778,v4_unbiased_metadata
S100A6,endothelial,3.97332763671875,0.7555555555555555,45,0,1,GSE154778,v4_unbiased_metadata
SULT1B1,endothelial,0.1014850065112114,0.022222222222222223,45,0,1,GSE154778,v4_unbiased_metadata
EPS8,endothelial,3.084447145462036,0.6222222222222222,45,0,1,GSE154778,v4_unbiased_metadata
ANKRD50,endothelial,1.3355398178100586,0.26666666666666666,45,0,1,GSE154778,v4_unbiased_metadata
FLNA,endothelial,4.545765399932861,0.9111111111111111,45,0,1,GSE154778,v4_unbiased_metadata
GALNT5,endothelial,0.8662371039390564,0.17777777777777778,45,0,1,GSE154778,v4_unbiased_metadata
COL3A1,endothelial,2.5384693145751953,0.5111111111111111,45,0,1,GSE154778,v4_unbiased_metadata
SCIN,endothelial,1.3450233936309814,0.26666666666666666,45,0,1,GSE154778,v4_unbiased_metadata
HIST1H2BD,endothelial,1.0935794115066528,0.2222222222222222,45,0,1,GSE154778,v4_unbiased_metadata
WFDC2,endothelial,1.045983076095581,0.2222222222222222,45,0,1,GSE154778,v4_unbiased_metadata
TEP1,endothelial,0.8896036744117737,0.17777777777777778,45,0,1,GSE154778,v4_unbiased_metadata
MARCO,endothelial,0.21672524511814117,0.044444444444444446,45,0,1,GSE154778,v4_unbiased_metadata
KCND2,endothelial,0.10949232429265976,0.022222222222222223,45,0,1,GSE154778,v4_unbiased_metadata
UBE2C,endothelial,0.8546444177627563,0.17777777777777778,45,0,1,GSE154778,v4_unbiased_metadata
ARL6IP1,endothelial,3.2831029891967773,0.6444444444444445,45,0,1,GSE154778,v4_unbiased_metadata
C15orf48,endothelial,1.3188486099243164,0.26666666666666666,45,0,1,GSE154778,v4_unbiased_metadata
MISP,macrophages / monocytes,0.8488845825195312,0.1770573566084788,401,0,1,GSE154778,v4_unbiased_metadata
OCIAD2,macrophages / monocytes,1.8035109043121338,0.35910224438902744,401,0,1,GSE154778,v4_unbiased_metadata
MMP12,macrophages / monocytes,0.0,0.0,401,0,1,GSE154778,v4_unbiased_metadata
CCNB1,macrophages / monocytes,0.7658699154853821,0.1571072319201995,401,0,1,GSE154778,v4_unbiased_metadata
AGR2,macrophages / monocytes,1.319804072380066,0.26184538653366585,401,0,1,GSE154778,v4_unbiased_metadata
PLAC8,macrophages / monocytes,2.091855525970459,0.42144638403990026,401,0,1,GSE154778,v4_unbiased_metadata
LAMA3,macrophages / monocytes,0.7690101861953735,0.1596009975062344,401,0,1,GSE154778,v4_unbiased_metadata
CEACAM5,macrophages / monocytes,0.46704229712486267,0.09725685785536159,401,0,1,GSE154778,v4_unbiased_metadata
MMP9,macrophages / monocytes,1.3224200010299683,0.26184538653366585,401,0,1,GSE154778,v4_unbiased_metadata
CST1,macrophages / monocytes,0.7666163444519043,0.1546134663341646,401,0,1,GSE154778,v4_unbiased_metadata
GRN,macrophages / monocytes,4.661935329437256,0.9201995012468828,401,0,1,GSE154778,v4_unbiased_metadata
RCN1,macrophages / monocytes,2.4303245544433594,0.4937655860349127,401,0,1,GSE154778,v4_unbiased_metadata
CTTN,macrophages / monocytes,1.6228803396224976,0.3341645885286783,401,0,1,GSE154778,v4_unbiased_metadata
SDC1,macrophages / monocytes,1.3618476390838623,0.2793017456359102,401,0,1,GSE154778,v4_unbiased_metadata
TPX2,macrophages / monocytes,0.6512656807899475,0.13216957605985039,401,0,1,GSE154778,v4_unbiased_metadata
TOP2A,macrophages / monocytes,0.6769658327102661,0.13466334164588528,401,0,1,GSE154778,v4_unbiased_metadata
PTPRR,macrophages / monocytes,0.25358662009239197,0.05236907730673317,401,0,1,GSE154778,v4_unbiased_metadata
ETV1,macrophages / monocytes,0.5803675055503845,0.11970074812967581,401,0,1,GSE154778,v4_unbiased_metadata
DOCK5,macrophages / monocytes,1.392250418663025,0.2817955112219451,401,0,1,GSE154778,v4_unbiased_metadata
EDIL3,macrophages / monocytes,0.2994426190853119,0.06234413965087282,401,0,1,GSE154778,v4_unbiased_metadata
DNTTIP1,macrophages / monocytes,2.631837844848633,0.5311720698254364,401,0,1,GSE154778,v4_unbiased_metadata
DSG2,macrophages / monocytes,1.5453046560287476,0.3192019950124688,401,0,1,GSE154778,v4_unbiased_metadata
CAPN9,macrophages / monocytes,0.2646050453186035,0.05486284289276808,401,0,1,GSE154778,v4_unbiased_metadata
ANKLE2,macrophages / monocytes,2.111107110977173,0.428927680798005,401,0,1,GSE154778,v4_unbiased_metadata
CDH3,macrophages / monocytes,0.40310072898864746,0.08478802992518704,401,0,1,GSE154778,v4_unbiased_metadata
COL17A1,macrophages / monocytes,0.7824885249137878,0.1596009975062344,401,0,1,GSE154778,v4_unbiased_metadata
DPCR1,macrophages / monocytes,0.4948264956474304,0.10224438902743142,401,0,1,GSE154778,v4_unbiased_metadata
COLGALT1,macrophages / monocytes,3.0171258449554443,0.6034912718204489,401,0,1,GSE154778,v4_unbiased_metadata
LMNB1,macrophages / monocytes,0.8054004907608032,0.16209476309226933,401,0,1,GSE154778,v4_unbiased_metadata
UACA,macrophages / monocytes,1.0381633043289185,0.2144638403990025,401,0,1,GSE154778,v4_unbiased_metadata
SPARC,macrophages / monocytes,2.82888126373291,0.5660847880299252,401,0,1,GSE154778,v4_unbiased_metadata
NT5C2,macrophages / monocytes,2.0581307411193848,0.4164588528678304,401,0,1,GSE154778,v4_unbiased_metadata
TXN,macrophages / monocytes,3.740720748901367,0.71571072319202,401,0,1,GSE154778,v4_unbiased_metadata
PLS1,macrophages / monocytes,0.6905192136764526,0.14463840399002495,401,0,1,GSE154778,v4_unbiased_metadata
RNF145,macrophages / monocytes,2.716035842895508,0.5461346633416458,401,0,1,GSE154778,v4_unbiased_metadata
LOXL1,macrophages / monocytes,0.6390355229377747,0.13216957605985039,401,0,1,GSE154778,v4_unbiased_metadata
SLC16A1,macrophages / monocytes,1.2861979007720947,0.26184538653366585,401,0,1,GSE154778,v4_unbiased_metadata
CLDN12,macrophages / monocytes,0.7492311000823975,0.1546134663341646,401,0,1,GSE154778,v4_unbiased_metadata
PKM,macrophages / monocytes,3.887608766555786,0.7531172069825436,401,0,1,GSE154778,v4_unbiased_metadata
PYGB,macrophages / monocytes,1.8826686143875122,0.38154613466334164,401,0,1,GSE154778,v4_unbiased_metadata
IDO1,macrophages / monocytes,0.1497335135936737,0.029925187032418952,401,0,1,GSE154778,v4_unbiased_metadata
PSMB8,macrophages / monocytes,3.923522472381592,0.7830423940149626,401,0,1,GSE154778,v4_unbiased_metadata
TMEM173,macrophages / monocytes,2.4286932945251465,0.4912718204488778,401,0,1,GSE154778,v4_unbiased_metadata
MMP13,macrophages / monocytes,0.061446528881788254,0.012468827930174564,401,0,1,GSE154778,v4_unbiased_metadata
PXDN,macrophages / monocytes,0.14827100932598114,0.029925187032418952,401,0,1,GSE154778,v4_unbiased_metadata
CALM2,macrophages / monocytes,3.8868045806884766,0.7456359102244389,401,0,1,GSE154778,v4_unbiased_metadata
SLC44A4,macrophages / monocytes,1.0483551025390625,0.2169576059850374,401,0,1,GSE154778,v4_unbiased_metadata
LGR5,macrophages / monocytes,0.04781259596347809,0.00997506234413965,401,0,1,GSE154778,v4_unbiased_metadata
TIMP1,macrophages / monocytes,3.6116902828216553,0.6957605985037406,401,0,1,GSE154778,v4_unbiased_metadata
KIF4A,macrophages / monocytes,0.3562672734260559,0.07481296758104738,401,0,1,GSE154778,v4_unbiased_metadata
NEK2,macrophages / monocytes,0.24902191758155823,0.05236907730673317,401,0,1,GSE154778,v4_unbiased_metadata
FBXL2,macrophages / monocytes,0.370331734418869,0.0773067331670823,401,0,1,GSE154778,v4_unbiased_metadata
TFF1,macrophages / monocytes,1.5336216688156128,0.3092269326683292,401,0,1,GSE154778,v4_unbiased_metadata
HCP5,macrophages / monocytes,0.0,0.0,401,0,1,GSE154778,v4_unbiased_metadata
RNF149,macrophages / monocytes,4.01631498336792,0.800498753117207,401,0,1,GSE154778,v4_unbiased_metadata
GRAMD3,macrophages / monocytes,0.808194637298584,0.16708229426433915,401,0,1,GSE154778,v4_unbiased_metadata
FAM91A1,macrophages / monocytes,1.9997795820236206,0.40399002493765584,401,0,1,GSE154778,v4_unbiased_metadata
MMP1,macrophages / monocytes,0.7262949347496033,0.14962593516209477,401,0,1,GSE154778,v4_unbiased_metadata
AMIGO2,macrophages / monocytes,0.8193353414535522,0.16708229426433915,401,0,1,GSE154778,v4_unbiased_metadata
IL18,macrophages / monocytes,3.2066104412078857,0.6408977556109726,401,0,1,GSE154778,v4_unbiased_metadata
GPX2,macrophages / monocytes,1.1337144374847412,0.22942643391521197,401,0,1,GSE154778,v4_unbiased_metadata
CLDN4,macrophages / monocytes,1.5949807167053223,0.3167082294264339,401,0,1,GSE154778,v4_unbiased_metadata
FAR2,macrophages / monocytes,0.41127610206604004,0.08229426433915212,401,0,1,GSE154778,v4_unbiased_metadata
MXRA5,macrophages / monocytes,1.0441118478775024,0.2144638403990025,401,0,1,GSE154778,v4_unbiased_metadata
TINAGL1,macrophages / monocytes,1.3742291927337646,0.28428927680798005,401,0,1,GSE154778,v4_unbiased_metadata
UBA6,macrophages / monocytes,1.9803305864334106,0.4014962593516209,401,0,1,GSE154778,v4_unbiased_metadata
OLFML2B,macrophages / monocytes,0.6407289505004883,0.12718204488778054,401,0,1,GSE154778,v4_unbiased_metadata
ADAM22,macrophages / monocytes,0.07414886355400085,0.014962593516209476,401,0,1,GSE154778,v4_unbiased_metadata
NCEH1,macrophages / monocytes,2.5716583728790283,0.516209476309227,401,0,1,GSE154778,v4_unbiased_metadata
IFI44,macrophages / monocytes,3.098666191101074,0.6184538653366584,401,0,1,GSE154778,v4_unbiased_metadata
GBP2,macrophages / monocytes,2.797081708908081,0.5635910224438903,401,0,1,GSE154778,v4_unbiased_metadata
NMU,macrophages / monocytes,0.2348661720752716,0.04987531172069826,401,0,1,GSE154778,v4_unbiased_metadata
IFI44L,macrophages / monocytes,3.3516695499420166,0.6658354114713217,401,0,1,GSE154778,v4_unbiased_metadata
GPSM2,macrophages / monocytes,0.7136233448982239,0.14713216957605985,401,0,1,GSE154778,v4_unbiased_metadata
SLC5A3,macrophages / monocytes,0.0,0.0,401,0,1,GSE154778,v4_unbiased_metadata
PDGFC,macrophages / monocytes,1.3755091428756714,0.27680798004987534,401,0,1,GSE154778,v4_unbiased_metadata
TYMS,macrophages / monocytes,0.8612445592880249,0.1745635910224439,401,0,1,GSE154778,v4_unbiased_metadata
MVP,macrophages / monocytes,3.1089112758636475,0.6234413965087282,401,0,1,GSE154778,v4_unbiased_metadata
LGALS3BP,macrophages / monocytes,3.8839681148529053,0.7655860349127181,401,0,1,GSE154778,v4_unbiased_metadata
KIAA1551,macrophages / monocytes,2.097377061843872,0.4239401496259352,401,0,1,GSE154778,v4_unbiased_metadata
MMP11,macrophages / monocytes,1.3509920835494995,0.2718204488778055,401,0,1,GSE154778,v4_unbiased_metadata
SEMA3C,macrophages / monocytes,1.485326886177063,0.30174563591022446,401,0,1,GSE154778,v4_unbiased_metadata
CRIP1,macrophages / monocytes,2.7562198638916016,0.5511221945137157,401,0,1,GSE154778,v4_unbiased_metadata
PTK7,macrophages / monocytes,0.4498001039028168,0.09226932668329177,401,0,1,GSE154778,v4_unbiased_metadata
FXYD5,macrophages / monocytes,4.269376754760742,0.8379052369077307,401,0,1,GSE154778,v4_unbiased_metadata
MIR31HG,macrophages / monocytes,0.0,0.0,401,0,1,GSE154778,v4_unbiased_metadata
MUC4,macrophages / monocytes,0.5025671720504761,0.10473815461346633,401,0,1,GSE154778,v4_unbiased_metadata
TIMP2,macrophages / monocytes,4.220047950744629,0.8379052369077307,401,0,1,GSE154778,v4_unbiased_metadata
RHPN2,macrophages / monocytes,0.9633069634437561,0.19950124688279303,401,0,1,GSE154778,v4_unbiased_metadata
CNN2,macrophages / monocytes,2.6919920444488525,0.5411471321695761,401,0,1,GSE154778,v4_unbiased_metadata
MUC16,macrophages / monocytes,0.39293432235717773,0.08229426433915212,401,0,1,GSE154778,v4_unbiased_metadata
ESM1,macrophages / monocytes,0.03720986470580101,0.007481296758104738,401,0,1,GSE154778,v4_unbiased_metadata
TMEM45B,macrophages / monocytes,0.5735079646110535,0.11970074812967581,401,0,1,GSE154778,v4_unbiased_metadata
NMI,macrophages / monocytes,2.9873907566070557,0.5985037406483791,401,0,1,GSE154778,v4_unbiased_metadata
SLC2A1,macrophages / monocytes,1.6101607084274292,0.32917705735660846,401,0,1,GSE154778,v4_unbiased_metadata
MFAP2,macrophages / monocytes,0.4765073359012604,0.09725685785536159,401,0,1,GSE154778,v4_unbiased_metadata
RASA2,macrophages / monocytes,1.2363909482955933,0.2518703241895262,401,0,1,GSE154778,v4_unbiased_metadata
NQO1,macrophages / monocytes,1.445812702178955,0.2942643391521197,401,0,1,GSE154778,v4_unbiased_metadata
LGALS1,macrophages / monocytes,4.457546710968018,0.8728179551122195,401,0,1,GSE154778,v4_unbiased_metadata
L3MBTL3,macrophages / monocytes,0.31949180364608765,0.06483790523690773,401,0,1,GSE154778,v4_unbiased_metadata
CDH2,macrophages / monocytes,0.11914154142141342,0.02493765586034913,401,0,1,GSE154778,v4_unbiased_metadata
UBE2T,macrophages / monocytes,0.8903183937072754,0.18204488778054864,401,0,1,GSE154778,v4_unbiased_metadata
IL1R2,macrophages / monocytes,0.30110350251197815,0.06234413965087282,401,0,1,GSE154778,v4_unbiased_metadata
SERPINH1,macrophages / monocytes,2.2236318588256836,0.4488778054862843,401,0,1,GSE154778,v4_unbiased_metadata
PIAS3,macrophages / monocytes,0.8473966121673584,0.1745635910224439,401,0,1,GSE154778,v4_unbiased_metadata
IQGAP1,macrophages / monocytes,3.7319233417510986,0.7456359102244389,401,0,1,GSE154778,v4_unbiased_metadata
ABHD17C,macrophages / monocytes,0.9708488583564758,0.20199501246882792,401,0,1,GSE154778,v4_unbiased_metadata
POSTN,macrophages / monocytes,0.4977632462978363,0.09975062344139651,401,0,1,GSE154778,v4_unbiased_metadata
SLFN13,macrophages / monocytes,0.4073476493358612,0.08478802992518704,401,0,1,GSE154778,v4_unbiased_metadata
IFI27,macrophages / monocytes,3.3220009803771973,0.6334164588528678,401,0,1,GSE154778,v4_unbiased_metadata
DYNLT1,macrophages / monocytes,3.7885870933532715,0.7481296758104738,401,0,1,GSE154778,v4_unbiased_metadata
LAMB3,macrophages / monocytes,1.8330775499343872,0.3740648379052369,401,0,1,GSE154778,v4_unbiased_metadata
SPDL1,macrophages / monocytes,0.5613095760345459,0.11471321695760599,401,0,1,GSE154778,v4_unbiased_metadata
GREB1L,macrophages / monocytes,0.08156970888376236,0.017456359102244388,401,0,1,GSE154778,v4_unbiased_metadata
PARP14,macrophages / monocytes,3.200671911239624,0.6408977556109726,401,0,1,GSE154778,v4_unbiased_metadata
APBB2,macrophages / monocytes,0.4098338782787323,0.08478802992518704,401,0,1,GSE154778,v4_unbiased_metadata
IL2RA,macrophages / monocytes,0.3396506607532501,0.06733167082294264,401,0,1,GSE154778,v4_unbiased_metadata
RBMS1,macrophages / monocytes,3.2156004905700684,0.6433915211970075,401,0,1,GSE154778,v4_unbiased_metadata
CDC6,macrophages / monocytes,0.2503024637699127,0.05236907730673317,401,0,1,GSE154778,v4_unbiased_metadata
MMP3,macrophages / monocytes,0.17998512089252472,0.03740648379052369,401,0,1,GSE154778,v4_unbiased_metadata
LINC01559,macrophages / monocytes,0.0,0.0,401,0,1,GSE154778,v4_unbiased_metadata
SRPX2,macrophages / monocytes,0.27786436676979065,0.057356608478802994,401,0,1,GSE154778,v4_unbiased_metadata
CEACAM1,macrophages / monocytes,0.6966384053230286,0.14463840399002495,401,0,1,GSE154778,v4_unbiased_metadata
VSNL1,macrophages / monocytes,0.21492215991020203,0.04488778054862843,401,0,1,GSE154778,v4_unbiased_metadata
IFITM10,macrophages / monocytes,0.8971607089042664,0.17955112219451372,401,0,1,GSE154778,v4_unbiased_metadata
STIL,macrophages / monocytes,0.21831035614013672,0.04488778054862843,401,0,1,GSE154778,v4_unbiased_metadata
CTSK,macrophages / monocytes,0.9686784744262695,0.19451371571072318,401,0,1,GSE154778,v4_unbiased_metadata
OXR1,macrophages / monocytes,1.7499960660934448,0.3541147132169576,401,0,1,GSE154778,v4_unbiased_metadata
CEP55,macrophages / monocytes,0.4343264400959015,0.08728179551122195,401,0,1,GSE154778,v4_unbiased_metadata
ST6GALNAC1,macrophages / monocytes,0.3936102092266083,0.08229426433915212,401,0,1,GSE154778,v4_unbiased_metadata
TSPAN8,macrophages / monocytes,1.463544487953186,0.29177057356608477,401,0,1,GSE154778,v4_unbiased_metadata
CSGALNACT2,macrophages / monocytes,1.6770732402801514,0.3341645885286783,401,0,1,GSE154778,v4_unbiased_metadata
CLIP4,macrophages / monocytes,1.4183694124221802,0.286783042394015,401,0,1,GSE154778,v4_unbiased_metadata
COL1A1,macrophages / monocytes,3.042166233062744,0.6084788029925187,401,0,1,GSE154778,v4_unbiased_metadata
NEK7,macrophages / monocytes,2.145390272140503,0.4339152119700748,401,0,1,GSE154778,v4_unbiased_metadata
ELK3,macrophages / monocytes,1.6006762981414795,0.32418952618453867,401,0,1,GSE154778,v4_unbiased_metadata
MAML2,macrophages / monocytes,1.5279163122177124,0.3092269326683292,401,0,1,GSE154778,v4_unbiased_metadata
CHST11,macrophages / monocytes,2.490419864654541,0.49625935162094764,401,0,1,GSE154778,v4_unbiased_metadata
CEP170,macrophages / monocytes,2.3477115631103516,0.4688279301745636,401,0,1,GSE154778,v4_unbiased_metadata
MYO1D,macrophages / monocytes,0.4099551737308502,0.08478802992518704,401,0,1,GSE154778,v4_unbiased_metadata
RAB23,macrophages / monocytes,0.18110544979572296,0.03740648379052369,401,0,1,GSE154778,v4_unbiased_metadata
CORO1C,macrophages / monocytes,3.46382999420166,0.6907730673316709,401,0,1,GSE154778,v4_unbiased_metadata
SPRY4,macrophages / monocytes,0.8110578060150146,0.16708229426433915,401,0,1,GSE154778,v4_unbiased_metadata
WNT2,macrophages / monocytes,0.012220259755849838,0.0024937655860349127,401,0,1,GSE154778,v4_unbiased_metadata
COMP,macrophages / monocytes,0.5798501968383789,0.1172069825436409,401,0,1,GSE154778,v4_unbiased_metadata
KIF13B,macrophages / monocytes,0.9044837951660156,0.18703241895261846,401,0,1,GSE154778,v4_unbiased_metadata
CCL18,macrophages / monocytes,1.854709506034851,0.3640897755610973,401,0,1,GSE154778,v4_unbiased_metadata
KDELC1,macrophages / monocytes,0.1097012385725975,0.022443890274314215,401,0,1,GSE154778,v4_unbiased_metadata
HLA-F,macrophages / monocytes,3.3313682079315186,0.6658354114713217,401,0,1,GSE154778,v4_unbiased_metadata
COL4A2,macrophages / monocytes,0.3960759937763214,0.0798004987531172,401,0,1,GSE154778,v4_unbiased_metadata
NRG3,macrophages / monocytes,0.09706726670265198,0.0199501246882793,401,0,1,GSE154778,v4_unbiased_metadata
CD82,macrophages / monocytes,2.922166109085083,0.5885286783042394,401,0,1,GSE154778,v4_unbiased_metadata
CAMSAP2,macrophages / monocytes,0.8917902112007141,0.18204488778054864,401,0,1,GSE154778,v4_unbiased_metadata
LEMD1,macrophages / monocytes,0.660466194152832,0.1371571072319202,401,0,1,GSE154778,v4_unbiased_metadata
KRT7,macrophages / monocytes,1.8009963035583496,0.3640897755610973,401,0,1,GSE154778,v4_unbiased_metadata
RAB25,macrophages / monocytes,1.0120397806167603,0.20947630922693267,401,0,1,GSE154778,v4_unbiased_metadata
NUF2,macrophages / monocytes,0.42277929186820984,0.08728179551122195,401,0,1,GSE154778,v4_unbiased_metadata
CKMT1A,macrophages / monocytes,0.35655561089515686,0.07481296758104738,401,0,1,GSE154778,v4_unbiased_metadata
ASPN,macrophages / monocytes,0.294598788022995,0.059850374064837904,401,0,1,GSE154778,v4_unbiased_metadata
ERN2,macrophages / monocytes,0.5640340447425842,0.1172069825436409,401,0,1,GSE154778,v4_unbiased_metadata
PLEKHG1,macrophages / monocytes,0.28483158349990845,0.059850374064837904,401,0,1,GSE154778,v4_unbiased_metadata
PLEKHA2,macrophages / monocytes,1.8825464248657227,0.3740648379052369,401,0,1,GSE154778,v4_unbiased_metadata
IGFL2,macrophages / monocytes,0.5912463665008545,0.1172069825436409,401,0,1,GSE154778,v4_unbiased_metadata
KNTC1,macrophages / monocytes,0.3030990958213806,0.06234413965087282,401,0,1,GSE154778,v4_unbiased_metadata
BRIP1,macrophages / monocytes,0.09655322879552841,0.0199501246882793,401,0,1,GSE154778,v4_unbiased_metadata
HLA-C,macrophages / monocytes,4.163437366485596,0.8104738154613467,401,0,1,GSE154778,v4_unbiased_metadata
CST2,macrophages / monocytes,0.2066453993320465,0.04239401496259352,401,0,1,GSE154778,v4_unbiased_metadata
DNAJA4,macrophages / monocytes,2.3548617362976074,0.47381546134663344,401,0,1,GSE154778,v4_unbiased_metadata
SLC7A7,macrophages / monocytes,3.5020363330841064,0.6932668329177057,401,0,1,GSE154778,v4_unbiased_metadata
FXYD3,macrophages / monocytes,1.8963298797607422,0.371571072319202,401,0,1,GSE154778,v4_unbiased_metadata
KPNA2,macrophages / monocytes,1.9330884218215942,0.38902743142144636,401,0,1,GSE154778,v4_unbiased_metadata
SPOCK1,macrophages / monocytes,0.23357416689395905,0.04738154613466334,401,0,1,GSE154778,v4_unbiased_metadata
IL1A,macrophages / monocytes,0.5503182411193848,0.10972568578553615,401,0,1,GSE154778,v4_unbiased_metadata
GBP3,macrophages / monocytes,1.2546706199645996,0.256857855361596,401,0,1,GSE154778,v4_unbiased_metadata
GAPDH,macrophages / monocytes,3.9476094245910645,0.7381546134663342,401,0,1,GSE154778,v4_unbiased_metadata
SMC6,macrophages / monocytes,1.3408570289611816,0.2718204488778055,401,0,1,GSE154778,v4_unbiased_metadata
CALD1,macrophages / monocytes,1.445579171180725,0.2942643391521197,401,0,1,GSE154778,v4_unbiased_metadata
DGKA,macrophages / monocytes,0.5593844056129456,0.11471321695760599,401,0,1,GSE154778,v4_unbiased_metadata
KLK7,macrophages / monocytes,0.27362364530563354,0.057356608478802994,401,0,1,GSE154778,v4_unbiased_metadata
PRDM1,macrophages / monocytes,1.4981199502944946,0.2967581047381546,401,0,1,GSE154778,v4_unbiased_metadata
GPR87,macrophages / monocytes,0.2385103851556778,0.04987531172069826,401,0,1,GSE154778,v4_unbiased_metadata
KCNN4,macrophages / monocytes,1.9838052988052368,0.40399002493765584,401,0,1,GSE154778,v4_unbiased_metadata
MXD1,macrophages / monocytes,3.1793243885040283,0.6334164588528678,401,0,1,GSE154778,v4_unbiased_metadata
CLEC7A,macrophages / monocytes,3.176194667816162,0.6234413965087282,401,0,1,GSE154778,v4_unbiased_metadata
S100A6,macrophages / monocytes,4.007044792175293,0.7481296758104738,401,0,1,GSE154778,v4_unbiased_metadata
SULT1B1,macrophages / monocytes,0.1672356277704239,0.034912718204488775,401,0,1,GSE154778,v4_unbiased_metadata
EPS8,macrophages / monocytes,1.627734899520874,0.3341645885286783,401,0,1,GSE154778,v4_unbiased_metadata
ANKRD50,macrophages / monocytes,0.5006495714187622,0.10224438902743142,401,0,1,GSE154778,v4_unbiased_metadata
FLNA,macrophages / monocytes,3.565986394882202,0.7107231920199502,401,0,1,GSE154778,v4_unbiased_metadata
GALNT5,macrophages / monocytes,0.7095688581466675,0.14713216957605985,401,0,1,GSE154778,v4_unbiased_metadata
COL3A1,macrophages / monocytes,2.3360698223114014,0.46633416458852867,401,0,1,GSE154778,v4_unbiased_metadata
SCIN,macrophages / monocytes,0.6547189354896545,0.13466334164588528,401,0,1,GSE154778,v4_unbiased_metadata
HIST1H2BD,macrophages / monocytes,1.5242913961410522,0.3117206982543641,401,0,1,GSE154778,v4_unbiased_metadata
WFDC2,macrophages / monocytes,2.4174551963806152,0.486284289276808,401,0,1,GSE154778,v4_unbiased_metadata
TEP1,macrophages / monocytes,0.7968947887420654,0.16209476309226933,401,0,1,GSE154778,v4_unbiased_metadata
MARCO,macrophages / monocytes,2.1602957248687744,0.42643391521197005,401,0,1,GSE154778,v4_unbiased_metadata
KCND2,macrophages / monocytes,0.0,0.0,401,0,1,GSE154778,v4_unbiased_metadata
UBE2C,macrophages / monocytes,0.9474877119064331,0.19201995012468828,401,0,1,GSE154778,v4_unbiased_metadata
ARL6IP1,macrophages / monocytes,4.146777153015137,0.8129675810473815,401,0,1,GSE154778,v4_unbiased_metadata
C15orf48,macrophages / monocytes,4.1666154861450195,0.8254364089775561,401,0,1,GSE154778,v4_unbiased_metadata
MISP,malignant ductal / epithelial,2.099513292312622,0.45098591549295775,3550,1,0,GSE154778,v4_unbiased_metadata
OCIAD2,malignant ductal / epithelial,4.757911682128906,0.9307042253521127,3550,1,0,GSE154778,v4_unbiased_metadata
MMP12,malignant ductal / epithelial,0.0,0.0,3550,1,0,GSE154778,v4_unbiased_metadata
CCNB1,malignant ductal / epithelial,0.7368391156196594,0.16056338028169015,3550,1,0,GSE154778,v4_unbiased_metadata
AGR2,malignant ductal / epithelial,4.081392288208008,0.8087323943661971,3550,1,0,GSE154778,v4_unbiased_metadata
PLAC8,malignant ductal / epithelial,2.6335980892181396,0.5430985915492957,3550,1,0,GSE154778,v4_unbiased_metadata
LAMA3,malignant ductal / epithelial,2.307708501815796,0.4892957746478873,3550,1,0,GSE154778,v4_unbiased_metadata
CEACAM5,malignant ductal / epithelial,1.7305347919464111,0.3504225352112676,3550,1,0,GSE154778,v4_unbiased_metadata
MMP9,malignant ductal / epithelial,0.07854485511779785,0.017183098591549296,3550,1,0,GSE154778,v4_unbiased_metadata
CST1,malignant ductal / epithelial,0.4978872537612915,0.10197183098591549,3550,1,0,GSE154778,v4_unbiased_metadata
GRN,malignant ductal / epithelial,3.1332311630249023,0.652394366197183,3550,1,0,GSE154778,v4_unbiased_metadata
RCN1,malignant ductal / epithelial,2.440891742706299,0.5211267605633803,3550,1,0,GSE154778,v4_unbiased_metadata
CTTN,malignant ductal / epithelial,3.493056535720825,0.7326760563380281,3550,1,0,GSE154778,v4_unbiased_metadata
SDC1,malignant ductal / epithelial,2.9211106300354004,0.6126760563380281,3550,1,0,GSE154778,v4_unbiased_metadata
TPX2,malignant ductal / epithelial,0.7563455700874329,0.16732394366197184,3550,1,0,GSE154778,v4_unbiased_metadata
TOP2A,malignant ductal / epithelial,1.044798493385315,0.21183098591549296,3550,1,0,GSE154778,v4_unbiased_metadata
PTPRR,malignant ductal / epithelial,0.5796072483062744,0.12507042253521128,3550,1,0,GSE154778,v4_unbiased_metadata
ETV1,malignant ductal / epithelial,0.5972846150398254,0.12816901408450704,3550,1,0,GSE154778,v4_unbiased_metadata
DOCK5,malignant ductal / epithelial,1.2672576904296875,0.27492957746478874,3550,1,0,GSE154778,v4_unbiased_metadata
EDIL3,malignant ductal / epithelial,0.13981927931308746,0.02873239436619718,3550,1,0,GSE154778,v4_unbiased_metadata
DNTTIP1,malignant ductal / epithelial,2.0560474395751953,0.4383098591549296,3550,1,0,GSE154778,v4_unbiased_metadata
DSG2,malignant ductal / epithelial,3.042914867401123,0.6405633802816901,3550,1,0,GSE154778,v4_unbiased_metadata
CAPN9,malignant ductal / epithelial,0.596676230430603,0.12253521126760564,3550,1,0,GSE154778,v4_unbiased_metadata
ANKLE2,malignant ductal / epithelial,1.954094409942627,0.4247887323943662,3550,1,0,GSE154778,v4_unbiased_metadata
CDH3,malignant ductal / epithelial,1.0270527601242065,0.2267605633802817,3550,1,0,GSE154778,v4_unbiased_metadata
COL17A1,malignant ductal / epithelial,2.6117496490478516,0.5233802816901408,3550,1,0,GSE154778,v4_unbiased_metadata
DPCR1,malignant ductal / epithelial,1.278685212135315,0.2611267605633803,3550,1,0,GSE154778,v4_unbiased_metadata
COLGALT1,malignant ductal / epithelial,1.2271811962127686,0.27211267605633804,3550,1,0,GSE154778,v4_unbiased_metadata
LMNB1,malignant ductal / epithelial,0.5792862772941589,0.12985915492957747,3550,1,0,GSE154778,v4_unbiased_metadata
UACA,malignant ductal / epithelial,1.4264044761657715,0.31098591549295773,3550,1,0,GSE154778,v4_unbiased_metadata
SPARC,malignant ductal / epithelial,0.7306221127510071,0.14845070422535211,3550,1,0,GSE154778,v4_unbiased_metadata
NT5C2,malignant ductal / epithelial,1.5368667840957642,0.3340845070422535,3550,1,0,GSE154778,v4_unbiased_metadata
TXN,malignant ductal / epithelial,4.9246087074279785,0.9295774647887324,3550,1,0,GSE154778,v4_unbiased_metadata
PLS1,malignant ductal / epithelial,2.756450891494751,0.5890140845070423,3550,1,0,GSE154778,v4_unbiased_metadata
RNF145,malignant ductal / epithelial,2.046705484390259,0.43126760563380284,3550,1,0,GSE154778,v4_unbiased_metadata
LOXL1,malignant ductal / epithelial,0.43600812554359436,0.09126760563380282,3550,1,0,GSE154778,v4_unbiased_metadata
SLC16A1,malignant ductal / epithelial,1.168115496635437,0.25183098591549297,3550,1,0,GSE154778,v4_unbiased_metadata
CLDN12,malignant ductal / epithelial,1.6179455518722534,0.3552112676056338,3550,1,0,GSE154778,v4_unbiased_metadata
PKM,malignant ductal / epithelial,4.534257888793945,0.8994366197183099,3550,1,0,GSE154778,v4_unbiased_metadata
PYGB,malignant ductal / epithelial,2.894681453704834,0.6016901408450704,3550,1,0,GSE154778,v4_unbiased_metadata
IDO1,malignant ductal / epithelial,0.11138934642076492,0.023943661971830985,3550,1,0,GSE154778,v4_unbiased_metadata
PSMB8,malignant ductal / epithelial,2.8061206340789795,0.5943661971830986,3550,1,0,GSE154778,v4_unbiased_metadata
TMEM173,malignant ductal / epithelial,1.5485919713974,0.3261971830985915,3550,1,0,GSE154778,v4_unbiased_metadata
MMP13,malignant ductal / epithelial,0.020698949694633484,0.004225352112676056,3550,1,0,GSE154778,v4_unbiased_metadata
PXDN,malignant ductal / epithelial,0.03260502591729164,0.007042253521126761,3550,1,0,GSE154778,v4_unbiased_metadata
CALM2,malignant ductal / epithelial,4.484104156494141,0.8895774647887323,3550,1,0,GSE154778,v4_unbiased_metadata
SLC44A4,malignant ductal / epithelial,2.75998592376709,0.58,3550,1,0,GSE154778,v4_unbiased_metadata
LGR5,malignant ductal / epithelial,0.29158148169517517,0.05943661971830986,3550,1,0,GSE154778,v4_unbiased_metadata
TIMP1,malignant ductal / epithelial,4.119792938232422,0.8228169014084507,3550,1,0,GSE154778,v4_unbiased_metadata
KIF4A,malignant ductal / epithelial,0.38161522150039673,0.08929577464788732,3550,1,0,GSE154778,v4_unbiased_metadata
NEK2,malignant ductal / epithelial,0.408652126789093,0.09352112676056339,3550,1,0,GSE154778,v4_unbiased_metadata
FBXL2,malignant ductal / epithelial,0.30465060472488403,0.06704225352112676,3550,1,0,GSE154778,v4_unbiased_metadata
TFF1,malignant ductal / epithelial,2.8885409832000732,0.5833802816901409,3550,1,0,GSE154778,v4_unbiased_metadata
HCP5,malignant ductal / epithelial,0.0,0.0,3550,1,0,GSE154778,v4_unbiased_metadata
RNF149,malignant ductal / epithelial,2.566741943359375,0.5453521126760563,3550,1,0,GSE154778,v4_unbiased_metadata
GRAMD3,malignant ductal / epithelial,1.0158759355545044,0.2191549295774648,3550,1,0,GSE154778,v4_unbiased_metadata
FAM91A1,malignant ductal / epithelial,1.8138840198516846,0.3940845070422535,3550,1,0,GSE154778,v4_unbiased_metadata
MMP1,malignant ductal / epithelial,1.2390234470367432,0.25746478873239437,3550,1,0,GSE154778,v4_unbiased_metadata
AMIGO2,malignant ductal / epithelial,0.9235450029373169,0.20788732394366197,3550,1,0,GSE154778,v4_unbiased_metadata
IL18,malignant ductal / epithelial,1.999444842338562,0.4183098591549296,3550,1,0,GSE154778,v4_unbiased_metadata
GPX2,malignant ductal / epithelial,3.587759494781494,0.7307042253521127,3550,1,0,GSE154778,v4_unbiased_metadata
CLDN4,malignant ductal / epithelial,4.267696380615234,0.8473239436619718,3550,1,0,GSE154778,v4_unbiased_metadata
FAR2,malignant ductal / epithelial,0.4218962788581848,0.09380281690140845,3550,1,0,GSE154778,v4_unbiased_metadata
MXRA5,malignant ductal / epithelial,0.9195553064346313,0.19577464788732393,3550,1,0,GSE154778,v4_unbiased_metadata
TINAGL1,malignant ductal / epithelial,2.3882734775543213,0.5039436619718309,3550,1,0,GSE154778,v4_unbiased_metadata
UBA6,malignant ductal / epithelial,1.688705325126648,0.3659154929577465,3550,1,0,GSE154778,v4_unbiased_metadata
OLFML2B,malignant ductal / epithelial,0.019411681219935417,0.003943661971830986,3550,1,0,GSE154778,v4_unbiased_metadata
ADAM22,malignant ductal / epithelial,0.020749250426888466,0.004507042253521127,3550,1,0,GSE154778,v4_unbiased_metadata
NCEH1,malignant ductal / epithelial,1.6048214435577393,0.34619718309859154,3550,1,0,GSE154778,v4_unbiased_metadata
IFI44,malignant ductal / epithelial,1.0155813694000244,0.2163380281690141,3550,1,0,GSE154778,v4_unbiased_metadata
GBP2,malignant ductal / epithelial,1.749835729598999,0.36619718309859156,3550,1,0,GSE154778,v4_unbiased_metadata
NMU,malignant ductal / epithelial,0.5574469566345215,0.12450704225352113,3550,1,0,GSE154778,v4_unbiased_metadata
IFI44L,malignant ductal / epithelial,0.9475340843200684,0.2028169014084507,3550,1,0,GSE154778,v4_unbiased_metadata
GPSM2,malignant ductal / epithelial,0.42919471859931946,0.09408450704225352,3550,1,0,GSE154778,v4_unbiased_metadata
SLC5A3,malignant ductal / epithelial,0.010614695027470589,0.0025352112676056337,3550,1,0,GSE154778,v4_unbiased_metadata
PDGFC,malignant ductal / epithelial,0.6047813296318054,0.1304225352112676,3550,1,0,GSE154778,v4_unbiased_metadata
TYMS,malignant ductal / epithelial,0.6844058632850647,0.1543661971830986,3550,1,0,GSE154778,v4_unbiased_metadata
MVP,malignant ductal / epithelial,2.92272686958313,0.6185915492957746,3550,1,0,GSE154778,v4_unbiased_metadata
LGALS3BP,malignant ductal / epithelial,3.4747612476348877,0.719718309859155,3550,1,0,GSE154778,v4_unbiased_metadata
KIAA1551,malignant ductal / epithelial,1.9990911483764648,0.4197183098591549,3550,1,0,GSE154778,v4_unbiased_metadata
MMP11,malignant ductal / epithelial,0.32677364349365234,0.06676056338028169,3550,1,0,GSE154778,v4_unbiased_metadata
SEMA3C,malignant ductal / epithelial,1.084296464920044,0.2371830985915493,3550,1,0,GSE154778,v4_unbiased_metadata
CRIP1,malignant ductal / epithelial,2.5488100051879883,0.5340845070422535,3550,1,0,GSE154778,v4_unbiased_metadata
PTK7,malignant ductal / epithelial,0.33557066321372986,0.07126760563380281,3550,1,0,GSE154778,v4_unbiased_metadata
FXYD5,malignant ductal / epithelial,3.7155165672302246,0.767887323943662,3550,1,0,GSE154778,v4_unbiased_metadata
MIR31HG,malignant ductal / epithelial,0.0,0.0,3550,1,0,GSE154778,v4_unbiased_metadata
MUC4,malignant ductal / epithelial,0.7168335914611816,0.156056338028169,3550,1,0,GSE154778,v4_unbiased_metadata
TIMP2,malignant ductal / epithelial,2.1371772289276123,0.45549295774647885,3550,1,0,GSE154778,v4_unbiased_metadata
RHPN2,malignant ductal / epithelial,1.485958218574524,0.3163380281690141,3550,1,0,GSE154778,v4_unbiased_metadata
CNN2,malignant ductal / epithelial,2.006037950515747,0.4276056338028169,3550,1,0,GSE154778,v4_unbiased_metadata
MUC16,malignant ductal / epithelial,0.8024603128433228,0.18338028169014084,3550,1,0,GSE154778,v4_unbiased_metadata
ESM1,malignant ductal / epithelial,0.024738280102610588,0.0050704225352112674,3550,1,0,GSE154778,v4_unbiased_metadata
TMEM45B,malignant ductal / epithelial,1.7501639127731323,0.3749295774647887,3550,1,0,GSE154778,v4_unbiased_metadata
NMI,malignant ductal / epithelial,1.4134042263031006,0.30732394366197185,3550,1,0,GSE154778,v4_unbiased_metadata
SLC2A1,malignant ductal / epithelial,2.4612081050872803,0.504225352112676,3550,1,0,GSE154778,v4_unbiased_metadata
MFAP2,malignant ductal / epithelial,0.17289848625659943,0.03549295774647887,3550,1,0,GSE154778,v4_unbiased_metadata
RASA2,malignant ductal / epithelial,1.1216305494308472,0.24338028169014084,3550,1,0,GSE154778,v4_unbiased_metadata
NQO1,malignant ductal / epithelial,3.9305710792541504,0.8084507042253521,3550,1,0,GSE154778,v4_unbiased_metadata
LGALS1,malignant ductal / epithelial,2.6019420623779297,0.532112676056338,3550,1,0,GSE154778,v4_unbiased_metadata
L3MBTL3,malignant ductal / epithelial,0.27068930864334106,0.06,3550,1,0,GSE154778,v4_unbiased_metadata
CDH2,malignant ductal / epithelial,0.04197411239147186,0.008732394366197183,3550,1,0,GSE154778,v4_unbiased_metadata
UBE2T,malignant ductal / epithelial,0.8367250561714172,0.18450704225352113,3550,1,0,GSE154778,v4_unbiased_metadata
IL1R2,malignant ductal / epithelial,0.6983581185340881,0.14788732394366197,3550,1,0,GSE154778,v4_unbiased_metadata
SERPINH1,malignant ductal / epithelial,1.935259222984314,0.4115492957746479,3550,1,0,GSE154778,v4_unbiased_metadata
PIAS3,malignant ductal / epithelial,0.6005379557609558,0.13014084507042253,3550,1,0,GSE154778,v4_unbiased_metadata
IQGAP1,malignant ductal / epithelial,2.9793365001678467,0.6298591549295774,3550,1,0,GSE154778,v4_unbiased_metadata
ABHD17C,malignant ductal / epithelial,2.340782880783081,0.4977464788732394,3550,1,0,GSE154778,v4_unbiased_metadata
POSTN,malignant ductal / epithelial,0.10407780110836029,0.02140845070422535,3550,1,0,GSE154778,v4_unbiased_metadata
SLFN13,malignant ductal / epithelial,0.6707444787025452,0.14901408450704226,3550,1,0,GSE154778,v4_unbiased_metadata
IFI27,malignant ductal / epithelial,4.96105432510376,0.8830985915492958,3550,1,0,GSE154778,v4_unbiased_metadata
DYNLT1,malignant ductal / epithelial,3.450666904449463,0.7149295774647887,3550,1,0,GSE154778,v4_unbiased_metadata
LAMB3,malignant ductal / epithelial,3.4484951496124268,0.7171830985915493,3550,1,0,GSE154778,v4_unbiased_metadata
SPDL1,malignant ductal / epithelial,0.45045602321624756,0.10309859154929578,3550,1,0,GSE154778,v4_unbiased_metadata
GREB1L,malignant ductal / epithelial,0.3177202045917511,0.07183098591549296,3550,1,0,GSE154778,v4_unbiased_metadata
PARP14,malignant ductal / epithelial,2.0464611053466797,0.4411267605633803,3550,1,0,GSE154778,v4_unbiased_metadata
APBB2,malignant ductal / epithelial,0.43192631006240845,0.09126760563380282,3550,1,0,GSE154778,v4_unbiased_metadata
IL2RA,malignant ductal / epithelial,0.012540686875581741,0.0028169014084507044,3550,1,0,GSE154778,v4_unbiased_metadata
RBMS1,malignant ductal / epithelial,1.798662781715393,0.3805633802816901,3550,1,0,GSE154778,v4_unbiased_metadata
CDC6,malignant ductal / epithelial,0.5982627272605896,0.13830985915492958,3550,1,0,GSE154778,v4_unbiased_metadata
MMP3,malignant ductal / epithelial,0.797690749168396,0.16225352112676056,3550,1,0,GSE154778,v4_unbiased_metadata
LINC01559,malignant ductal / epithelial,0.0,0.0,3550,1,0,GSE154778,v4_unbiased_metadata
SRPX2,malignant ductal / epithelial,0.4079844355583191,0.09549295774647887,3550,1,0,GSE154778,v4_unbiased_metadata
CEACAM1,malignant ductal / epithelial,1.5845686197280884,0.3453521126760563,3550,1,0,GSE154778,v4_unbiased_metadata
VSNL1,malignant ductal / epithelial,0.07463224232196808,0.016619718309859154,3550,1,0,GSE154778,v4_unbiased_metadata
IFITM10,malignant ductal / epithelial,0.2510882616043091,0.055492957746478874,3550,1,0,GSE154778,v4_unbiased_metadata
STIL,malignant ductal / epithelial,0.30761605501174927,0.07014084507042254,3550,1,0,GSE154778,v4_unbiased_metadata
CTSK,malignant ductal / epithelial,0.19809140264987946,0.04112676056338028,3550,1,0,GSE154778,v4_unbiased_metadata
OXR1,malignant ductal / epithelial,1.8678044080734253,0.39605633802816903,3550,1,0,GSE154778,v4_unbiased_metadata
CEP55,malignant ductal / epithelial,0.5399705171585083,0.12281690140845071,3550,1,0,GSE154778,v4_unbiased_metadata
ST6GALNAC1,malignant ductal / epithelial,1.2015290260314941,0.25267605633802814,3550,1,0,GSE154778,v4_unbiased_metadata
TSPAN8,malignant ductal / epithelial,4.368441581726074,0.8585915492957746,3550,1,0,GSE154778,v4_unbiased_metadata
CSGALNACT2,malignant ductal / epithelial,0.36186495423316956,0.07774647887323943,3550,1,0,GSE154778,v4_unbiased_metadata
CLIP4,malignant ductal / epithelial,0.6431013345718384,0.14084507042253522,3550,1,0,GSE154778,v4_unbiased_metadata
COL1A1,malignant ductal / epithelial,0.9179717898368835,0.18704225352112677,3550,1,0,GSE154778,v4_unbiased_metadata
NEK7,malignant ductal / epithelial,1.6678823232650757,0.3563380281690141,3550,1,0,GSE154778,v4_unbiased_metadata
ELK3,malignant ductal / epithelial,0.9519443511962891,0.21070422535211267,3550,1,0,GSE154778,v4_unbiased_metadata
MAML2,malignant ductal / epithelial,1.0615766048431396,0.2295774647887324,3550,1,0,GSE154778,v4_unbiased_metadata
CHST11,malignant ductal / epithelial,0.5727017521858215,0.1323943661971831,3550,1,0,GSE154778,v4_unbiased_metadata
CEP170,malignant ductal / epithelial,0.576960027217865,0.12338028169014084,3550,1,0,GSE154778,v4_unbiased_metadata
MYO1D,malignant ductal / epithelial,1.248659372329712,0.2746478873239437,3550,1,0,GSE154778,v4_unbiased_metadata
RAB23,malignant ductal / epithelial,0.11725147813558578,0.025070422535211266,3550,1,0,GSE154778,v4_unbiased_metadata
CORO1C,malignant ductal / epithelial,1.57990562915802,0.3456338028169014,3550,1,0,GSE154778,v4_unbiased_metadata
SPRY4,malignant ductal / epithelial,0.6852452158927917,0.14309859154929577,3550,1,0,GSE154778,v4_unbiased_metadata
WNT2,malignant ductal / epithelial,0.002694175112992525,0.0005633802816901409,3550,1,0,GSE154778,v4_unbiased_metadata
COMP,malignant ductal / epithelial,0.15220202505588531,0.03126760563380282,3550,1,0,GSE154778,v4_unbiased_metadata
KIF13B,malignant ductal / epithelial,1.3629131317138672,0.2991549295774648,3550,1,0,GSE154778,v4_unbiased_metadata
CCL18,malignant ductal / epithelial,0.09524001181125641,0.01971830985915493,3550,1,0,GSE154778,v4_unbiased_metadata
KDELC1,malignant ductal / epithelial,0.0481259785592556,0.010422535211267606,3550,1,0,GSE154778,v4_unbiased_metadata
HLA-F,malignant ductal / epithelial,1.7782162427902222,0.37690140845070425,3550,1,0,GSE154778,v4_unbiased_metadata
COL4A2,malignant ductal / epithelial,0.23127217590808868,0.04929577464788732,3550,1,0,GSE154778,v4_unbiased_metadata
NRG3,malignant ductal / epithelial,0.14605873823165894,0.03126760563380282,3550,1,0,GSE154778,v4_unbiased_metadata
CD82,malignant ductal / epithelial,2.502235174179077,0.5242253521126761,3550,1,0,GSE154778,v4_unbiased_metadata
CAMSAP2,malignant ductal / epithelial,0.7453895211219788,0.1636619718309859,3550,1,0,GSE154778,v4_unbiased_metadata
LEMD1,malignant ductal / epithelial,1.5029234886169434,0.3247887323943662,3550,1,0,GSE154778,v4_unbiased_metadata
KRT7,malignant ductal / epithelial,3.843982696533203,0.7771830985915493,3550,1,0,GSE154778,v4_unbiased_metadata
RAB25,malignant ductal / epithelial,3.049173593521118,0.6450704225352113,3550,1,0,GSE154778,v4_unbiased_metadata
NUF2,malignant ductal / epithelial,0.2791064977645874,0.0647887323943662,3550,1,0,GSE154778,v4_unbiased_metadata
CKMT1A,malignant ductal / epithelial,0.6768913865089417,0.14253521126760563,3550,1,0,GSE154778,v4_unbiased_metadata
ASPN,malignant ductal / epithelial,0.11195789277553558,0.022816901408450704,3550,1,0,GSE154778,v4_unbiased_metadata
ERN2,malignant ductal / epithelial,1.479427456855774,0.30901408450704226,3550,1,0,GSE154778,v4_unbiased_metadata
PLEKHG1,malignant ductal / epithelial,0.41800814867019653,0.09098591549295774,3550,1,0,GSE154778,v4_unbiased_metadata
PLEKHA2,malignant ductal / epithelial,0.5840363502502441,0.12845070422535212,3550,1,0,GSE154778,v4_unbiased_metadata
IGFL2,malignant ductal / epithelial,0.09448204934597015,0.019436619718309858,3550,1,0,GSE154778,v4_unbiased_metadata
KNTC1,malignant ductal / epithelial,0.3467825651168823,0.08056338028169015,3550,1,0,GSE154778,v4_unbiased_metadata
BRIP1,malignant ductal / epithelial,0.18439443409442902,0.04338028169014085,3550,1,0,GSE154778,v4_unbiased_metadata
HLA-C,malignant ductal / epithelial,3.7646639347076416,0.7636619718309859,3550,1,0,GSE154778,v4_unbiased_metadata
CST2,malignant ductal / epithelial,0.08112380653619766,0.017746478873239435,3550,1,0,GSE154778,v4_unbiased_metadata
DNAJA4,malignant ductal / epithelial,1.6353760957717896,0.34732394366197183,3550,1,0,GSE154778,v4_unbiased_metadata
SLC7A7,malignant ductal / epithelial,0.683139443397522,0.14535211267605633,3550,1,0,GSE154778,v4_unbiased_metadata
FXYD3,malignant ductal / epithelial,4.360965728759766,0.8433802816901409,3550,1,0,GSE154778,v4_unbiased_metadata
KPNA2,malignant ductal / epithelial,1.1210585832595825,0.24366197183098592,3550,1,0,GSE154778,v4_unbiased_metadata
SPOCK1,malignant ductal / epithelial,0.057371124625205994,0.011830985915492958,3550,1,0,GSE154778,v4_unbiased_metadata
IL1A,malignant ductal / epithelial,0.05433468148112297,0.011830985915492958,3550,1,0,GSE154778,v4_unbiased_metadata
GBP3,malignant ductal / epithelial,1.9019434452056885,0.4095774647887324,3550,1,0,GSE154778,v4_unbiased_metadata
GAPDH,malignant ductal / epithelial,5.406096458435059,0.9394366197183098,3550,1,0,GSE154778,v4_unbiased_metadata
SMC6,malignant ductal / epithelial,0.8324702978134155,0.18253521126760563,3550,1,0,GSE154778,v4_unbiased_metadata
CALD1,malignant ductal / epithelial,0.9521863460540771,0.2028169014084507,3550,1,0,GSE154778,v4_unbiased_metadata
DGKA,malignant ductal / epithelial,0.624682605266571,0.14309859154929577,3550,1,0,GSE154778,v4_unbiased_metadata
KLK7,malignant ductal / epithelial,1.0701407194137573,0.23830985915492958,3550,1,0,GSE154778,v4_unbiased_metadata
PRDM1,malignant ductal / epithelial,0.33998388051986694,0.07380281690140846,3550,1,0,GSE154778,v4_unbiased_metadata
GPR87,malignant ductal / epithelial,0.3539160192012787,0.08056338028169015,3550,1,0,GSE154778,v4_unbiased_metadata
KCNN4,malignant ductal / epithelial,1.9860535860061646,0.42,3550,1,0,GSE154778,v4_unbiased_metadata
MXD1,malignant ductal / epithelial,1.5105571746826172,0.3219718309859155,3550,1,0,GSE154778,v4_unbiased_metadata
CLEC7A,malignant ductal / epithelial,0.037596169859170914,0.008169014084507042,3550,1,0,GSE154778,v4_unbiased_metadata
S100A6,malignant ductal / epithelial,6.014455795288086,0.9538028169014084,3550,1,0,GSE154778,v4_unbiased_metadata
SULT1B1,malignant ductal / epithelial,0.49079301953315735,0.10056338028169014,3550,1,0,GSE154778,v4_unbiased_metadata
EPS8,malignant ductal / epithelial,3.356611728668213,0.7056338028169014,3550,1,0,GSE154778,v4_unbiased_metadata
ANKRD50,malignant ductal / epithelial,0.45355740189552307,0.09887323943661971,3550,1,0,GSE154778,v4_unbiased_metadata
FLNA,malignant ductal / epithelial,1.799071192741394,0.38422535211267606,3550,1,0,GSE154778,v4_unbiased_metadata
GALNT5,malignant ductal / epithelial,1.4888989925384521,0.32084507042253524,3550,1,0,GSE154778,v4_unbiased_metadata
COL3A1,malignant ductal / epithelial,0.6641837358474731,0.13577464788732393,3550,1,0,GSE154778,v4_unbiased_metadata
SCIN,malignant ductal / epithelial,0.8654233813285828,0.18394366197183099,3550,1,0,GSE154778,v4_unbiased_metadata
HIST1H2BD,malignant ductal / epithelial,1.601205825805664,0.33661971830985915,3550,1,0,GSE154778,v4_unbiased_metadata
WFDC2,malignant ductal / epithelial,3.461318254470825,0.7098591549295775,3550,1,0,GSE154778,v4_unbiased_metadata
TEP1,malignant ductal / epithelial,0.5237517356872559,0.1115492957746479,3550,1,0,GSE154778,v4_unbiased_metadata
MARCO,malignant ductal / epithelial,0.10251078009605408,0.021971830985915493,3550,1,0,GSE154778,v4_unbiased_metadata
KCND2,malignant ductal / epithelial,0.010221125558018684,0.0022535211267605635,3550,1,0,GSE154778,v4_unbiased_metadata
UBE2C,malignant ductal / epithelial,1.0469069480895996,0.21943661971830986,3550,1,0,GSE154778,v4_unbiased_metadata
ARL6IP1,malignant ductal / epithelial,4.025253772735596,0.816056338028169,3550,1,0,GSE154778,v4_unbiased_metadata
C15orf48,malignant ductal / epithelial,2.7023091316223145,0.5546478873239437,3550,1,0,GSE154778,v4_unbiased_metadata
MISP,mast cells,2.4596784114837646,0.5084745762711864,59,0,1,GSE154778,v4_unbiased_metadata
OCIAD2,mast cells,3.8812854290008545,0.7796610169491526,59,0,1,GSE154778,v4_unbiased_metadata
MMP12,mast cells,0.0,0.0,59,0,1,GSE154778,v4_unbiased_metadata
CCNB1,mast cells,1.5654860734939575,0.3220338983050847,59,0,1,GSE154778,v4_unbiased_metadata
AGR2,mast cells,2.691807985305786,0.5423728813559322,59,0,1,GSE154778,v4_unbiased_metadata
PLAC8,mast cells,3.725781202316284,0.7627118644067796,59,0,1,GSE154778,v4_unbiased_metadata
LAMA3,mast cells,2.2033181190490723,0.4576271186440678,59,0,1,GSE154778,v4_unbiased_metadata
CEACAM5,mast cells,1.3948434591293335,0.288135593220339,59,0,1,GSE154778,v4_unbiased_metadata
MMP9,mast cells,0.0785614401102066,0.01694915254237288,59,0,1,GSE154778,v4_unbiased_metadata
CST1,mast cells,0.5589659214019775,0.11864406779661017,59,0,1,GSE154778,v4_unbiased_metadata
GRN,mast cells,3.8502357006073,0.7796610169491526,59,0,1,GSE154778,v4_unbiased_metadata
RCN1,mast cells,2.7957584857940674,0.576271186440678,59,0,1,GSE154778,v4_unbiased_metadata
CTTN,mast cells,3.4865903854370117,0.711864406779661,59,0,1,GSE154778,v4_unbiased_metadata
SDC1,mast cells,3.3731110095977783,0.6949152542372882,59,0,1,GSE154778,v4_unbiased_metadata
TPX2,mast cells,0.9150598049163818,0.1864406779661017,59,0,1,GSE154778,v4_unbiased_metadata
TOP2A,mast cells,1.2274218797683716,0.2542372881355932,59,0,1,GSE154778,v4_unbiased_metadata
PTPRR,mast cells,0.8177345395088196,0.1694915254237288,59,0,1,GSE154778,v4_unbiased_metadata
ETV1,mast cells,0.7449011206626892,0.15254237288135594,59,0,1,GSE154778,v4_unbiased_metadata
DOCK5,mast cells,1.8014203310012817,0.3728813559322034,59,0,1,GSE154778,v4_unbiased_metadata
EDIL3,mast cells,0.8319610357284546,0.1694915254237288,59,0,1,GSE154778,v4_unbiased_metadata
DNTTIP1,mast cells,2.985825300216675,0.6101694915254238,59,0,1,GSE154778,v4_unbiased_metadata
DSG2,mast cells,2.612980842590332,0.5423728813559322,59,0,1,GSE154778,v4_unbiased_metadata
CAPN9,mast cells,0.8958365321159363,0.1864406779661017,59,0,1,GSE154778,v4_unbiased_metadata
ANKLE2,mast cells,2.7243998050689697,0.559322033898305,59,0,1,GSE154778,v4_unbiased_metadata
CDH3,mast cells,1.060555338859558,0.22033898305084745,59,0,1,GSE154778,v4_unbiased_metadata
COL17A1,mast cells,1.726471185684204,0.3559322033898305,59,0,1,GSE154778,v4_unbiased_metadata
DPCR1,mast cells,1.5361889600753784,0.3220338983050847,59,0,1,GSE154778,v4_unbiased_metadata
COLGALT1,mast cells,1.4825185537338257,0.3050847457627119,59,0,1,GSE154778,v4_unbiased_metadata
LMNB1,mast cells,0.6409582495689392,0.13559322033898305,59,0,1,GSE154778,v4_unbiased_metadata
UACA,mast cells,2.556730270385742,0.5254237288135594,59,0,1,GSE154778,v4_unbiased_metadata
SPARC,mast cells,2.9151968955993652,0.5932203389830508,59,0,1,GSE154778,v4_unbiased_metadata
NT5C2,mast cells,1.798079490661621,0.3728813559322034,59,0,1,GSE154778,v4_unbiased_metadata
TXN,mast cells,3.3458364009857178,0.6610169491525424,59,0,1,GSE154778,v4_unbiased_metadata
PLS1,mast cells,2.4432525634765625,0.5084745762711864,59,0,1,GSE154778,v4_unbiased_metadata
RNF145,mast cells,3.5577292442321777,0.7288135593220338,59,0,1,GSE154778,v4_unbiased_metadata
LOXL1,mast cells,1.492390513420105,0.3050847457627119,59,0,1,GSE154778,v4_unbiased_metadata
SLC16A1,mast cells,1.7248561382293701,0.3559322033898305,59,0,1,GSE154778,v4_unbiased_metadata
CLDN12,mast cells,1.644398808479309,0.3389830508474576,59,0,1,GSE154778,v4_unbiased_metadata
PKM,mast cells,3.409113645553589,0.6779661016949152,59,0,1,GSE154778,v4_unbiased_metadata
PYGB,mast cells,3.312052011489868,0.6779661016949152,59,0,1,GSE154778,v4_unbiased_metadata
IDO1,mast cells,0.2492099404335022,0.05084745762711865,59,0,1,GSE154778,v4_unbiased_metadata
PSMB8,mast cells,3.716329574584961,0.7627118644067796,59,0,1,GSE154778,v4_unbiased_metadata
TMEM173,mast cells,2.368433713912964,0.4915254237288136,59,0,1,GSE154778,v4_unbiased_metadata
MMP13,mast cells,0.08445949107408524,0.01694915254237288,59,0,1,GSE154778,v4_unbiased_metadata
PXDN,mast cells,0.1648843139410019,0.03389830508474576,59,0,1,GSE154778,v4_unbiased_metadata
CALM2,mast cells,3.3458364009857178,0.6610169491525424,59,0,1,GSE154778,v4_unbiased_metadata
SLC44A4,mast cells,3.0340704917907715,0.6271186440677966,59,0,1,GSE154778,v4_unbiased_metadata
LGR5,mast cells,0.7216581702232361,0.15254237288135594,59,0,1,GSE154778,v4_unbiased_metadata
TIMP1,mast cells,3.3458364009857178,0.6610169491525424,59,0,1,GSE154778,v4_unbiased_metadata
KIF4A,mast cells,0.6575450301170349,0.13559322033898305,59,0,1,GSE154778,v4_unbiased_metadata
NEK2,mast cells,0.6528852581977844,0.13559322033898305,59,0,1,GSE154778,v4_unbiased_metadata
FBXL2,mast cells,0.49326780438423157,0.1016949152542373,59,0,1,GSE154778,v4_unbiased_metadata
TFF1,mast cells,3.896111011505127,0.7966101694915254,59,0,1,GSE154778,v4_unbiased_metadata
HCP5,mast cells,0.0,0.0,59,0,1,GSE154778,v4_unbiased_metadata
RNF149,mast cells,3.0563695430755615,0.6271186440677966,59,0,1,GSE154778,v4_unbiased_metadata
GRAMD3,mast cells,1.138640284538269,0.23728813559322035,59,0,1,GSE154778,v4_unbiased_metadata
FAM91A1,mast cells,1.6225829124450684,0.3389830508474576,59,0,1,GSE154778,v4_unbiased_metadata
MMP1,mast cells,1.7121549844741821,0.3559322033898305,59,0,1,GSE154778,v4_unbiased_metadata
AMIGO2,mast cells,0.9063848853111267,0.1864406779661017,59,0,1,GSE154778,v4_unbiased_metadata
IL18,mast cells,3.487797260284424,0.711864406779661,59,0,1,GSE154778,v4_unbiased_metadata
GPX2,mast cells,2.810129404067993,0.576271186440678,59,0,1,GSE154778,v4_unbiased_metadata
CLDN4,mast cells,2.4332821369171143,0.4915254237288136,59,0,1,GSE154778,v4_unbiased_metadata
FAR2,mast cells,0.6459742188453674,0.13559322033898305,59,0,1,GSE154778,v4_unbiased_metadata
MXRA5,mast cells,1.8118208646774292,0.3728813559322034,59,0,1,GSE154778,v4_unbiased_metadata
TINAGL1,mast cells,2.7858633995056152,0.576271186440678,59,0,1,GSE154778,v4_unbiased_metadata
UBA6,mast cells,1.2977136373519897,0.2711864406779661,59,0,1,GSE154778,v4_unbiased_metadata
OLFML2B,mast cells,0.2396678626537323,0.05084745762711865,59,0,1,GSE154778,v4_unbiased_metadata
ADAM22,mast cells,0.0,0.0,59,0,1,GSE154778,v4_unbiased_metadata
NCEH1,mast cells,1.3958992958068848,0.288135593220339,59,0,1,GSE154778,v4_unbiased_metadata
IFI44,mast cells,1.9722506999969482,0.4067796610169492,59,0,1,GSE154778,v4_unbiased_metadata
GBP2,mast cells,2.3894388675689697,0.4915254237288136,59,0,1,GSE154778,v4_unbiased_metadata
NMU,mast cells,0.7305565476417542,0.15254237288135594,59,0,1,GSE154778,v4_unbiased_metadata
IFI44L,mast cells,1.225746989250183,0.2542372881355932,59,0,1,GSE154778,v4_unbiased_metadata
GPSM2,mast cells,0.8291188478469849,0.1694915254237288,59,0,1,GSE154778,v4_unbiased_metadata
SLC5A3,mast cells,0.0,0.0,59,0,1,GSE154778,v4_unbiased_metadata
PDGFC,mast cells,1.2359647750854492,0.2542372881355932,59,0,1,GSE154778,v4_unbiased_metadata
TYMS,mast cells,1.0652352571487427,0.22033898305084745,59,0,1,GSE154778,v4_unbiased_metadata
MVP,mast cells,3.813267946243286,0.7796610169491526,59,0,1,GSE154778,v4_unbiased_metadata
LGALS3BP,mast cells,3.699223041534424,0.7457627118644068,59,0,1,GSE154778,v4_unbiased_metadata
KIAA1551,mast cells,2.292130470275879,0.4745762711864407,59,0,1,GSE154778,v4_unbiased_metadata
MMP11,mast cells,0.643538773059845,0.13559322033898305,59,0,1,GSE154778,v4_unbiased_metadata
SEMA3C,mast cells,2.148636817932129,0.4406779661016949,59,0,1,GSE154778,v4_unbiased_metadata
CRIP1,mast cells,3.4993486404418945,0.711864406779661,59,0,1,GSE154778,v4_unbiased_metadata
PTK7,mast cells,0.6630576848983765,0.13559322033898305,59,0,1,GSE154778,v4_unbiased_metadata
FXYD5,mast cells,3.95363187789917,0.7966101694915254,59,0,1,GSE154778,v4_unbiased_metadata
MIR31HG,mast cells,0.0,0.0,59,0,1,GSE154778,v4_unbiased_metadata
MUC4,mast cells,0.9753291010856628,0.2033898305084746,59,0,1,GSE154778,v4_unbiased_metadata
TIMP2,mast cells,2.9079885482788086,0.5932203389830508,59,0,1,GSE154778,v4_unbiased_metadata
RHPN2,mast cells,1.6301523447036743,0.3389830508474576,59,0,1,GSE154778,v4_unbiased_metadata
CNN2,mast cells,4.081297397613525,0.8305084745762712,59,0,1,GSE154778,v4_unbiased_metadata
MUC16,mast cells,0.40713074803352356,0.0847457627118644,59,0,1,GSE154778,v4_unbiased_metadata
ESM1,mast cells,0.16463854908943176,0.03389830508474576,59,0,1,GSE154778,v4_unbiased_metadata
TMEM45B,mast cells,1.4716750383377075,0.3050847457627119,59,0,1,GSE154778,v4_unbiased_metadata
NMI,mast cells,2.2248709201812744,0.4576271186440678,59,0,1,GSE154778,v4_unbiased_metadata
SLC2A1,mast cells,2.8703629970550537,0.5932203389830508,59,0,1,GSE154778,v4_unbiased_metadata
MFAP2,mast cells,0.6649762392044067,0.13559322033898305,59,0,1,GSE154778,v4_unbiased_metadata
RASA2,mast cells,1.7132751941680908,0.3559322033898305,59,0,1,GSE154778,v4_unbiased_metadata
NQO1,mast cells,3.9489972591400146,0.7966101694915254,59,0,1,GSE154778,v4_unbiased_metadata
LGALS1,mast cells,3.5402112007141113,0.711864406779661,59,0,1,GSE154778,v4_unbiased_metadata
L3MBTL3,mast cells,0.6663841009140015,0.13559322033898305,59,0,1,GSE154778,v4_unbiased_metadata
CDH2,mast cells,0.2486392706632614,0.05084745762711865,59,0,1,GSE154778,v4_unbiased_metadata
UBE2T,mast cells,1.3893687725067139,0.288135593220339,59,0,1,GSE154778,v4_unbiased_metadata
IL1R2,mast cells,0.8170031309127808,0.1694915254237288,59,0,1,GSE154778,v4_unbiased_metadata
SERPINH1,mast cells,3.165294885635376,0.6440677966101694,59,0,1,GSE154778,v4_unbiased_metadata
PIAS3,mast cells,1.1422913074493408,0.23728813559322035,59,0,1,GSE154778,v4_unbiased_metadata
IQGAP1,mast cells,3.637833833694458,0.7457627118644068,59,0,1,GSE154778,v4_unbiased_metadata
ABHD17C,mast cells,2.1986258029937744,0.4576271186440678,59,0,1,GSE154778,v4_unbiased_metadata
POSTN,mast cells,1.262065052986145,0.2542372881355932,59,0,1,GSE154778,v4_unbiased_metadata
SLFN13,mast cells,0.8195546269416809,0.1694915254237288,59,0,1,GSE154778,v4_unbiased_metadata
IFI27,mast cells,3.1843302249908447,0.6271186440677966,59,0,1,GSE154778,v4_unbiased_metadata
DYNLT1,mast cells,3.765040397644043,0.7627118644067796,59,0,1,GSE154778,v4_unbiased_metadata
LAMB3,mast cells,3.287137746810913,0.6779661016949152,59,0,1,GSE154778,v4_unbiased_metadata
SPDL1,mast cells,1.3277052640914917,0.2711864406779661,59,0,1,GSE154778,v4_unbiased_metadata
GREB1L,mast cells,0.23840002715587616,0.05084745762711865,59,0,1,GSE154778,v4_unbiased_metadata
PARP14,mast cells,2.033751964569092,0.423728813559322,59,0,1,GSE154778,v4_unbiased_metadata
APBB2,mast cells,0.5859788656234741,0.11864406779661017,59,0,1,GSE154778,v4_unbiased_metadata
IL2RA,mast cells,0.0,0.0,59,0,1,GSE154778,v4_unbiased_metadata
RBMS1,mast cells,3.3957273960113525,0.6949152542372882,59,0,1,GSE154778,v4_unbiased_metadata
CDC6,mast cells,0.9010879993438721,0.1864406779661017,59,0,1,GSE154778,v4_unbiased_metadata
MMP3,mast cells,0.9739370346069336,0.2033898305084746,59,0,1,GSE154778,v4_unbiased_metadata
LINC01559,mast cells,0.0,0.0,59,0,1,GSE154778,v4_unbiased_metadata
SRPX2,mast cells,0.41061505675315857,0.0847457627118644,59,0,1,GSE154778,v4_unbiased_metadata
CEACAM1,mast cells,1.619901418685913,0.3389830508474576,59,0,1,GSE154778,v4_unbiased_metadata
VSNL1,mast cells,0.08056093007326126,0.01694915254237288,59,0,1,GSE154778,v4_unbiased_metadata
IFITM10,mast cells,0.6622322201728821,0.13559322033898305,59,0,1,GSE154778,v4_unbiased_metadata
STIL,mast cells,0.47914913296699524,0.1016949152542373,59,0,1,GSE154778,v4_unbiased_metadata
CTSK,mast cells,0.5680262446403503,0.11864406779661017,59,0,1,GSE154778,v4_unbiased_metadata
OXR1,mast cells,2.1084766387939453,0.4406779661016949,59,0,1,GSE154778,v4_unbiased_metadata
CEP55,mast cells,0.40718138217926025,0.0847457627118644,59,0,1,GSE154778,v4_unbiased_metadata
ST6GALNAC1,mast cells,1.7070962190628052,0.3559322033898305,59,0,1,GSE154778,v4_unbiased_metadata
TSPAN8,mast cells,2.847975492477417,0.576271186440678,59,0,1,GSE154778,v4_unbiased_metadata
CSGALNACT2,mast cells,1.0596656799316406,0.22033898305084745,59,0,1,GSE154778,v4_unbiased_metadata
CLIP4,mast cells,1.0567185878753662,0.22033898305084745,59,0,1,GSE154778,v4_unbiased_metadata
COL1A1,mast cells,2.6862988471984863,0.5423728813559322,59,0,1,GSE154778,v4_unbiased_metadata
NEK7,mast cells,2.381643533706665,0.4915254237288136,59,0,1,GSE154778,v4_unbiased_metadata
ELK3,mast cells,1.9195775985717773,0.3898305084745763,59,0,1,GSE154778,v4_unbiased_metadata
MAML2,mast cells,1.291337490081787,0.2711864406779661,59,0,1,GSE154778,v4_unbiased_metadata
CHST11,mast cells,0.9245348572731018,0.1864406779661017,59,0,1,GSE154778,v4_unbiased_metadata
CEP170,mast cells,1.0580488443374634,0.22033898305084745,59,0,1,GSE154778,v4_unbiased_metadata
MYO1D,mast cells,1.3060054779052734,0.2711864406779661,59,0,1,GSE154778,v4_unbiased_metadata
RAB23,mast cells,0.24312995374202728,0.05084745762711865,59,0,1,GSE154778,v4_unbiased_metadata
CORO1C,mast cells,2.4818904399871826,0.5084745762711864,59,0,1,GSE154778,v4_unbiased_metadata
SPRY4,mast cells,1.8065563440322876,0.3728813559322034,59,0,1,GSE154778,v4_unbiased_metadata
WNT2,mast cells,0.08017905801534653,0.01694915254237288,59,0,1,GSE154778,v4_unbiased_metadata
COMP,mast cells,0.3288593590259552,0.06779661016949153,59,0,1,GSE154778,v4_unbiased_metadata
KIF13B,mast cells,1.810404896736145,0.3728813559322034,59,0,1,GSE154778,v4_unbiased_metadata
CCL18,mast cells,0.07756433635950089,0.01694915254237288,59,0,1,GSE154778,v4_unbiased_metadata
KDELC1,mast cells,0.24800947308540344,0.05084745762711865,59,0,1,GSE154778,v4_unbiased_metadata
HLA-F,mast cells,2.8778328895568848,0.5932203389830508,59,0,1,GSE154778,v4_unbiased_metadata
COL4A2,mast cells,0.57206130027771,0.11864406779661017,59,0,1,GSE154778,v4_unbiased_metadata
NRG3,mast cells,0.39760398864746094,0.0847457627118644,59,0,1,GSE154778,v4_unbiased_metadata
CD82,mast cells,3.6268372535705566,0.7457627118644068,59,0,1,GSE154778,v4_unbiased_metadata
CAMSAP2,mast cells,0.8951607346534729,0.1864406779661017,59,0,1,GSE154778,v4_unbiased_metadata
LEMD1,mast cells,1.1355607509613037,0.23728813559322035,59,0,1,GSE154778,v4_unbiased_metadata
KRT7,mast cells,3.85587215423584,0.7796610169491526,59,0,1,GSE154778,v4_unbiased_metadata
RAB25,mast cells,2.7894928455352783,0.576271186440678,59,0,1,GSE154778,v4_unbiased_metadata
NUF2,mast cells,0.5678308606147766,0.11864406779661017,59,0,1,GSE154778,v4_unbiased_metadata
CKMT1A,mast cells,1.058638095855713,0.22033898305084745,59,0,1,GSE154778,v4_unbiased_metadata
ASPN,mast cells,0.42229539155960083,0.0847457627118644,59,0,1,GSE154778,v4_unbiased_metadata
ERN2,mast cells,1.8690959215164185,0.3898305084745763,59,0,1,GSE154778,v4_unbiased_metadata
PLEKHG1,mast cells,0.8912663459777832,0.1864406779661017,59,0,1,GSE154778,v4_unbiased_metadata
PLEKHA2,mast cells,0.5712196230888367,0.11864406779661017,59,0,1,GSE154778,v4_unbiased_metadata
IGFL2,mast cells,0.08445949107408524,0.01694915254237288,59,0,1,GSE154778,v4_unbiased_metadata
KNTC1,mast cells,0.0789075642824173,0.01694915254237288,59,0,1,GSE154778,v4_unbiased_metadata
BRIP1,mast cells,0.2387184202671051,0.05084745762711865,59,0,1,GSE154778,v4_unbiased_metadata
HLA-C,mast cells,3.8124940395355225,0.7627118644067796,59,0,1,GSE154778,v4_unbiased_metadata
CST2,mast cells,0.16279272735118866,0.03389830508474576,59,0,1,GSE154778,v4_unbiased_metadata
DNAJA4,mast cells,2.0516529083251953,0.423728813559322,59,0,1,GSE154778,v4_unbiased_metadata
SLC7A7,mast cells,1.7097043991088867,0.3559322033898305,59,0,1,GSE154778,v4_unbiased_metadata
FXYD3,mast cells,2.3812007904052734,0.4745762711864407,59,0,1,GSE154778,v4_unbiased_metadata
KPNA2,mast cells,1.8204376697540283,0.3728813559322034,59,0,1,GSE154778,v4_unbiased_metadata
SPOCK1,mast cells,0.5915267467498779,0.11864406779661017,59,0,1,GSE154778,v4_unbiased_metadata
IL1A,mast cells,0.0839785635471344,0.01694915254237288,59,0,1,GSE154778,v4_unbiased_metadata
GBP3,mast cells,2.3816099166870117,0.4915254237288136,59,0,1,GSE154778,v4_unbiased_metadata
GAPDH,mast cells,3.387779712677002,0.6610169491525424,59,0,1,GSE154778,v4_unbiased_metadata
SMC6,mast cells,0.8911965489387512,0.1864406779661017,59,0,1,GSE154778,v4_unbiased_metadata
CALD1,mast cells,2.0831689834594727,0.423728813559322,59,0,1,GSE154778,v4_unbiased_metadata
DGKA,mast cells,0.6559655666351318,0.13559322033898305,59,0,1,GSE154778,v4_unbiased_metadata
KLK7,mast cells,0.3206295073032379,0.06779661016949153,59,0,1,GSE154778,v4_unbiased_metadata
PRDM1,mast cells,0.49039220809936523,0.1016949152542373,59,0,1,GSE154778,v4_unbiased_metadata
GPR87,mast cells,0.1676573008298874,0.03389830508474576,59,0,1,GSE154778,v4_unbiased_metadata
KCNN4,mast cells,3.4841806888580322,0.711864406779661,59,0,1,GSE154778,v4_unbiased_metadata
MXD1,mast cells,1.8658933639526367,0.3898305084745763,59,0,1,GSE154778,v4_unbiased_metadata
CLEC7A,mast cells,0.08890397846698761,0.01694915254237288,59,0,1,GSE154778,v4_unbiased_metadata
S100A6,mast cells,3.376087188720703,0.6610169491525424,59,0,1,GSE154778,v4_unbiased_metadata
SULT1B1,mast cells,0.5652291774749756,0.11864406779661017,59,0,1,GSE154778,v4_unbiased_metadata
EPS8,mast cells,3.540722131729126,0.7288135593220338,59,0,1,GSE154778,v4_unbiased_metadata
ANKRD50,mast cells,0.40236589312553406,0.0847457627118644,59,0,1,GSE154778,v4_unbiased_metadata
FLNA,mast cells,3.417280912399292,0.6949152542372882,59,0,1,GSE154778,v4_unbiased_metadata
GALNT5,mast cells,1.3774808645248413,0.288135593220339,59,0,1,GSE154778,v4_unbiased_metadata
COL3A1,mast cells,2.3898322582244873,0.4915254237288136,59,0,1,GSE154778,v4_unbiased_metadata
SCIN,mast cells,1.053289532661438,0.22033898305084745,59,0,1,GSE154778,v4_unbiased_metadata
HIST1H2BD,mast cells,2.8262698650360107,0.576271186440678,59,0,1,GSE154778,v4_unbiased_metadata
WFDC2,mast cells,3.2090351581573486,0.6610169491525424,59,0,1,GSE154778,v4_unbiased_metadata
TEP1,mast cells,1.29068922996521,0.2711864406779661,59,0,1,GSE154778,v4_unbiased_metadata
MARCO,mast cells,0.07756433635950089,0.01694915254237288,59,0,1,GSE154778,v4_unbiased_metadata
KCND2,mast cells,0.08017905801534653,0.01694915254237288,59,0,1,GSE154778,v4_unbiased_metadata
UBE2C,mast cells,1.8990522623062134,0.3898305084745763,59,0,1,GSE154778,v4_unbiased_metadata
ARL6IP1,mast cells,3.4406211376190186,0.6949152542372882,59,0,1,GSE154778,v4_unbiased_metadata
C15orf48,mast cells,3.301936149597168,0.6779661016949152,59,0,1,GSE154778,v4_unbiased_metadata
MISP,normal acinar,1.5379730463027954,0.375,176,0,1,GSE154778,v4_unbiased_metadata
OCIAD2,normal acinar,2.3389055728912354,0.5227272727272727,176,0,1,GSE154778,v4_unbiased_metadata
MMP12,normal acinar,0.0,0.0,176,0,1,GSE154778,v4_unbiased_metadata
CCNB1,normal acinar,1.142680048942566,0.26136363636363635,176,0,1,GSE154778,v4_unbiased_metadata
AGR2,normal acinar,3.607184648513794,0.7102272727272727,176,0,1,GSE154778,v4_unbiased_metadata
PLAC8,normal acinar,1.4513943195343018,0.3352272727272727,176,0,1,GSE154778,v4_unbiased_metadata
LAMA3,normal acinar,1.016930103302002,0.24431818181818182,176,0,1,GSE154778,v4_unbiased_metadata
CEACAM5,normal acinar,0.41409528255462646,0.09659090909090909,176,0,1,GSE154778,v4_unbiased_metadata
MMP9,normal acinar,0.06667346507310867,0.017045454545454544,176,0,1,GSE154778,v4_unbiased_metadata
CST1,normal acinar,0.11002824455499649,0.022727272727272728,176,0,1,GSE154778,v4_unbiased_metadata
GRN,normal acinar,2.763002634048462,0.625,176,0,1,GSE154778,v4_unbiased_metadata
RCN1,normal acinar,1.8224034309387207,0.38636363636363635,176,0,1,GSE154778,v4_unbiased_metadata
CTTN,normal acinar,2.2731943130493164,0.4943181818181818,176,0,1,GSE154778,v4_unbiased_metadata
SDC1,normal acinar,1.7942447662353516,0.4147727272727273,176,0,1,GSE154778,v4_unbiased_metadata
TPX2,normal acinar,0.9228941202163696,0.22727272727272727,176,0,1,GSE154778,v4_unbiased_metadata
TOP2A,normal acinar,1.181349277496338,0.2556818181818182,176,0,1,GSE154778,v4_unbiased_metadata
PTPRR,normal acinar,0.5922305583953857,0.1534090909090909,176,0,1,GSE154778,v4_unbiased_metadata
ETV1,normal acinar,0.8027021288871765,0.17045454545454544,176,0,1,GSE154778,v4_unbiased_metadata
DOCK5,normal acinar,0.7992841601371765,0.17613636363636365,176,0,1,GSE154778,v4_unbiased_metadata
EDIL3,normal acinar,0.05623826012015343,0.011363636363636364,176,0,1,GSE154778,v4_unbiased_metadata
DNTTIP1,normal acinar,1.774238109588623,0.4090909090909091,176,0,1,GSE154778,v4_unbiased_metadata
DSG2,normal acinar,2.7086241245269775,0.625,176,0,1,GSE154778,v4_unbiased_metadata
CAPN9,normal acinar,0.08393261581659317,0.017045454545454544,176,0,1,GSE154778,v4_unbiased_metadata
ANKLE2,normal acinar,1.6689509153366089,0.375,176,0,1,GSE154778,v4_unbiased_metadata
CDH3,normal acinar,0.13499370217323303,0.028409090909090908,176,0,1,GSE154778,v4_unbiased_metadata
COL17A1,normal acinar,0.36036792397499084,0.07954545454545454,176,0,1,GSE154778,v4_unbiased_metadata
DPCR1,normal acinar,0.10959668457508087,0.022727272727272728,176,0,1,GSE154778,v4_unbiased_metadata
COLGALT1,normal acinar,1.1207131147384644,0.25,176,0,1,GSE154778,v4_unbiased_metadata
LMNB1,normal acinar,0.6567373871803284,0.17045454545454544,176,0,1,GSE154778,v4_unbiased_metadata
UACA,normal acinar,1.2519748210906982,0.2784090909090909,176,0,1,GSE154778,v4_unbiased_metadata
SPARC,normal acinar,1.4920543432235718,0.30113636363636365,176,0,1,GSE154778,v4_unbiased_metadata
NT5C2,normal acinar,1.0751627683639526,0.26136363636363635,176,0,1,GSE154778,v4_unbiased_metadata
TXN,normal acinar,4.334413051605225,0.9147727272727273,176,0,1,GSE154778,v4_unbiased_metadata
PLS1,normal acinar,0.6724223494529724,0.17045454545454544,176,0,1,GSE154778,v4_unbiased_metadata
RNF145,normal acinar,2.3130197525024414,0.5397727272727273,176,0,1,GSE154778,v4_unbiased_metadata
LOXL1,normal acinar,0.649285078048706,0.14204545454545456,176,0,1,GSE154778,v4_unbiased_metadata
SLC16A1,normal acinar,0.960244357585907,0.19886363636363635,176,0,1,GSE154778,v4_unbiased_metadata
CLDN12,normal acinar,1.2419260740280151,0.3068181818181818,176,0,1,GSE154778,v4_unbiased_metadata
PKM,normal acinar,4.005947113037109,0.8636363636363636,176,0,1,GSE154778,v4_unbiased_metadata
PYGB,normal acinar,1.0876408815383911,0.22727272727272727,176,0,1,GSE154778,v4_unbiased_metadata
IDO1,normal acinar,0.0,0.0,176,0,1,GSE154778,v4_unbiased_metadata
PSMB8,normal acinar,1.9244762659072876,0.4375,176,0,1,GSE154778,v4_unbiased_metadata
TMEM173,normal acinar,1.654921054840088,0.35795454545454547,176,0,1,GSE154778,v4_unbiased_metadata
MMP13,normal acinar,0.018664337694644928,0.005681818181818182,176,0,1,GSE154778,v4_unbiased_metadata
PXDN,normal acinar,0.8502540588378906,0.22727272727272727,176,0,1,GSE154778,v4_unbiased_metadata
CALM2,normal acinar,4.77640962600708,0.9602272727272727,176,0,1,GSE154778,v4_unbiased_metadata
SLC44A4,normal acinar,1.3100433349609375,0.32954545454545453,176,0,1,GSE154778,v4_unbiased_metadata
LGR5,normal acinar,0.20739459991455078,0.056818181818181816,176,0,1,GSE154778,v4_unbiased_metadata
TIMP1,normal acinar,4.598855495452881,0.9545454545454546,176,0,1,GSE154778,v4_unbiased_metadata
KIF4A,normal acinar,0.44136446714401245,0.11931818181818182,176,0,1,GSE154778,v4_unbiased_metadata
NEK2,normal acinar,0.8311858773231506,0.21022727272727273,176,0,1,GSE154778,v4_unbiased_metadata
FBXL2,normal acinar,0.3422733545303345,0.07954545454545454,176,0,1,GSE154778,v4_unbiased_metadata
TFF1,normal acinar,2.5406265258789062,0.48863636363636365,176,0,1,GSE154778,v4_unbiased_metadata
HCP5,normal acinar,0.0,0.0,176,0,1,GSE154778,v4_unbiased_metadata
RNF149,normal acinar,1.9996027946472168,0.4602272727272727,176,0,1,GSE154778,v4_unbiased_metadata
GRAMD3,normal acinar,0.8016806244850159,0.1875,176,0,1,GSE154778,v4_unbiased_metadata
FAM91A1,normal acinar,1.6836886405944824,0.3977272727272727,176,0,1,GSE154778,v4_unbiased_metadata
MMP1,normal acinar,0.5095623135566711,0.10795454545454546,176,0,1,GSE154778,v4_unbiased_metadata
AMIGO2,normal acinar,0.6104209423065186,0.13068181818181818,176,0,1,GSE154778,v4_unbiased_metadata
IL18,normal acinar,0.6115649342536926,0.13068181818181818,176,0,1,GSE154778,v4_unbiased_metadata
GPX2,normal acinar,2.086066246032715,0.4943181818181818,176,0,1,GSE154778,v4_unbiased_metadata
CLDN4,normal acinar,4.003249645233154,0.8579545454545454,176,0,1,GSE154778,v4_unbiased_metadata
FAR2,normal acinar,0.1438223421573639,0.028409090909090908,176,0,1,GSE154778,v4_unbiased_metadata
MXRA5,normal acinar,1.3970249891281128,0.3068181818181818,176,0,1,GSE154778,v4_unbiased_metadata
TINAGL1,normal acinar,2.8070578575134277,0.6420454545454546,176,0,1,GSE154778,v4_unbiased_metadata
UBA6,normal acinar,1.7438209056854248,0.39204545454545453,176,0,1,GSE154778,v4_unbiased_metadata
OLFML2B,normal acinar,0.11371367424726486,0.022727272727272728,176,0,1,GSE154778,v4_unbiased_metadata
ADAM22,normal acinar,0.0955808088183403,0.022727272727272728,176,0,1,GSE154778,v4_unbiased_metadata
NCEH1,normal acinar,0.7332170009613037,0.1590909090909091,176,0,1,GSE154778,v4_unbiased_metadata
IFI44,normal acinar,1.2442600727081299,0.2897727272727273,176,0,1,GSE154778,v4_unbiased_metadata
GBP2,normal acinar,1.5684776306152344,0.3409090909090909,176,0,1,GSE154778,v4_unbiased_metadata
NMU,normal acinar,0.13056954741477966,0.028409090909090908,176,0,1,GSE154778,v4_unbiased_metadata
IFI44L,normal acinar,0.9110683798789978,0.19886363636363635,176,0,1,GSE154778,v4_unbiased_metadata
GPSM2,normal acinar,1.1730446815490723,0.2784090909090909,176,0,1,GSE154778,v4_unbiased_metadata
SLC5A3,normal acinar,0.0,0.0,176,0,1,GSE154778,v4_unbiased_metadata
PDGFC,normal acinar,0.7621158361434937,0.16477272727272727,176,0,1,GSE154778,v4_unbiased_metadata
TYMS,normal acinar,0.9245582818984985,0.23863636363636365,176,0,1,GSE154778,v4_unbiased_metadata
MVP,normal acinar,2.3809163570404053,0.5397727272727273,176,0,1,GSE154778,v4_unbiased_metadata
LGALS3BP,normal acinar,3.690836191177368,0.8125,176,0,1,GSE154778,v4_unbiased_metadata
KIAA1551,normal acinar,1.3835583925247192,0.29545454545454547,176,0,1,GSE154778,v4_unbiased_metadata
MMP11,normal acinar,0.4388425052165985,0.09090909090909091,176,0,1,GSE154778,v4_unbiased_metadata
SEMA3C,normal acinar,0.871277391910553,0.1875,176,0,1,GSE154778,v4_unbiased_metadata
CRIP1,normal acinar,3.4687387943267822,0.7613636363636364,176,0,1,GSE154778,v4_unbiased_metadata
PTK7,normal acinar,1.2608696222305298,0.29545454545454547,176,0,1,GSE154778,v4_unbiased_metadata
FXYD5,normal acinar,3.5305898189544678,0.8068181818181818,176,0,1,GSE154778,v4_unbiased_metadata
MIR31HG,normal acinar,0.0,0.0,176,0,1,GSE154778,v4_unbiased_metadata
MUC4,normal acinar,0.3959534466266632,0.09659090909090909,176,0,1,GSE154778,v4_unbiased_metadata
TIMP2,normal acinar,2.050400495529175,0.4431818181818182,176,0,1,GSE154778,v4_unbiased_metadata
RHPN2,normal acinar,0.8103770613670349,0.1875,176,0,1,GSE154778,v4_unbiased_metadata
CNN2,normal acinar,2.218050956726074,0.5227272727272727,176,0,1,GSE154778,v4_unbiased_metadata
MUC16,normal acinar,0.0,0.0,176,0,1,GSE154778,v4_unbiased_metadata
ESM1,normal acinar,0.027549780905246735,0.005681818181818182,176,0,1,GSE154778,v4_unbiased_metadata
TMEM45B,normal acinar,0.38652393221855164,0.09659090909090909,176,0,1,GSE154778,v4_unbiased_metadata
NMI,normal acinar,0.8290554285049438,0.19318181818181818,176,0,1,GSE154778,v4_unbiased_metadata
SLC2A1,normal acinar,1.5344460010528564,0.32954545454545453,176,0,1,GSE154778,v4_unbiased_metadata
MFAP2,normal acinar,0.7092913389205933,0.14772727272727273,176,0,1,GSE154778,v4_unbiased_metadata
RASA2,normal acinar,0.8312091827392578,0.1875,176,0,1,GSE154778,v4_unbiased_metadata
NQO1,normal acinar,3.3607192039489746,0.7613636363636364,176,0,1,GSE154778,v4_unbiased_metadata
LGALS1,normal acinar,3.3943090438842773,0.7102272727272727,176,0,1,GSE154778,v4_unbiased_metadata
L3MBTL3,normal acinar,0.34403592348098755,0.08522727272727272,176,0,1,GSE154778,v4_unbiased_metadata
CDH2,normal acinar,0.0,0.0,176,0,1,GSE154778,v4_unbiased_metadata
UBE2T,normal acinar,0.9266008138656616,0.22727272727272727,176,0,1,GSE154778,v4_unbiased_metadata
IL1R2,normal acinar,0.12990890443325043,0.028409090909090908,176,0,1,GSE154778,v4_unbiased_metadata
SERPINH1,normal acinar,2.198547601699829,0.48863636363636365,176,0,1,GSE154778,v4_unbiased_metadata
PIAS3,normal acinar,1.0831639766693115,0.2556818181818182,176,0,1,GSE154778,v4_unbiased_metadata
IQGAP1,normal acinar,2.1733286380767822,0.4943181818181818,176,0,1,GSE154778,v4_unbiased_metadata
ABHD17C,normal acinar,1.1855335235595703,0.2897727272727273,176,0,1,GSE154778,v4_unbiased_metadata
POSTN,normal acinar,0.1128474771976471,0.022727272727272728,176,0,1,GSE154778,v4_unbiased_metadata
SLFN13,normal acinar,0.2834170460700989,0.07386363636363637,176,0,1,GSE154778,v4_unbiased_metadata
IFI27,normal acinar,4.780337810516357,0.8920454545454546,176,0,1,GSE154778,v4_unbiased_metadata
DYNLT1,normal acinar,2.7030062675476074,0.625,176,0,1,GSE154778,v4_unbiased_metadata
LAMB3,normal acinar,2.164733648300171,0.4772727272727273,176,0,1,GSE154778,v4_unbiased_metadata
SPDL1,normal acinar,0.4112929105758667,0.10795454545454546,176,0,1,GSE154778,v4_unbiased_metadata
GREB1L,normal acinar,0.13295507431030273,0.03409090909090909,176,0,1,GSE154778,v4_unbiased_metadata
PARP14,normal acinar,1.7397140264511108,0.4090909090909091,176,0,1,GSE154778,v4_unbiased_metadata
APBB2,normal acinar,0.6803085803985596,0.1590909090909091,176,0,1,GSE154778,v4_unbiased_metadata
IL2RA,normal acinar,0.022865740582346916,0.005681818181818182,176,0,1,GSE154778,v4_unbiased_metadata
RBMS1,normal acinar,2.3267955780029297,0.5284090909090909,176,0,1,GSE154778,v4_unbiased_metadata
CDC6,normal acinar,0.16489632427692413,0.03977272727272727,176,0,1,GSE154778,v4_unbiased_metadata
MMP3,normal acinar,0.2641700804233551,0.056818181818181816,176,0,1,GSE154778,v4_unbiased_metadata
LINC01559,normal acinar,0.0,0.0,176,0,1,GSE154778,v4_unbiased_metadata
SRPX2,normal acinar,0.39210081100463867,0.07954545454545454,176,0,1,GSE154778,v4_unbiased_metadata
CEACAM1,normal acinar,0.5270007252693176,0.125,176,0,1,GSE154778,v4_unbiased_metadata
VSNL1,normal acinar,0.1402062028646469,0.028409090909090908,176,0,1,GSE154778,v4_unbiased_metadata
IFITM10,normal acinar,0.5713040232658386,0.125,176,0,1,GSE154778,v4_unbiased_metadata
STIL,normal acinar,0.4364309012889862,0.11363636363636363,176,0,1,GSE154778,v4_unbiased_metadata
CTSK,normal acinar,0.27114585041999817,0.0625,176,0,1,GSE154778,v4_unbiased_metadata
OXR1,normal acinar,2.3013932704925537,0.5568181818181818,176,0,1,GSE154778,v4_unbiased_metadata
CEP55,normal acinar,0.7472562789916992,0.19318181818181818,176,0,1,GSE154778,v4_unbiased_metadata
ST6GALNAC1,normal acinar,0.41551673412323,0.09659090909090909,176,0,1,GSE154778,v4_unbiased_metadata
TSPAN8,normal acinar,2.0601654052734375,0.44886363636363635,176,0,1,GSE154778,v4_unbiased_metadata
CSGALNACT2,normal acinar,1.0461117029190063,0.23295454545454544,176,0,1,GSE154778,v4_unbiased_metadata
CLIP4,normal acinar,1.074416160583496,0.24431818181818182,176,0,1,GSE154778,v4_unbiased_metadata
COL1A1,normal acinar,1.4056878089904785,0.2840909090909091,176,0,1,GSE154778,v4_unbiased_metadata
NEK7,normal acinar,1.6915799379348755,0.3977272727272727,176,0,1,GSE154778,v4_unbiased_metadata
ELK3,normal acinar,0.9432045221328735,0.20454545454545456,176,0,1,GSE154778,v4_unbiased_metadata
MAML2,normal acinar,0.8065410852432251,0.1875,176,0,1,GSE154778,v4_unbiased_metadata
CHST11,normal acinar,0.5873636603355408,0.13636363636363635,176,0,1,GSE154778,v4_unbiased_metadata
CEP170,normal acinar,1.3484715223312378,0.3181818181818182,176,0,1,GSE154778,v4_unbiased_metadata
MYO1D,normal acinar,0.2838894724845886,0.0625,176,0,1,GSE154778,v4_unbiased_metadata
RAB23,normal acinar,0.14904828369617462,0.03409090909090909,176,0,1,GSE154778,v4_unbiased_metadata
CORO1C,normal acinar,1.5671871900558472,0.3522727272727273,176,0,1,GSE154778,v4_unbiased_metadata
SPRY4,normal acinar,1.4561630487442017,0.32386363636363635,176,0,1,GSE154778,v4_unbiased_metadata
WNT2,normal acinar,0.0,0.0,176,0,1,GSE154778,v4_unbiased_metadata
COMP,normal acinar,0.25227320194244385,0.05113636363636364,176,0,1,GSE154778,v4_unbiased_metadata
KIF13B,normal acinar,0.5568571090698242,0.125,176,0,1,GSE154778,v4_unbiased_metadata
CCL18,normal acinar,0.16937503218650818,0.03977272727272727,176,0,1,GSE154778,v4_unbiased_metadata
KDELC1,normal acinar,0.1453453153371811,0.028409090909090908,176,0,1,GSE154778,v4_unbiased_metadata
HLA-F,normal acinar,1.4489870071411133,0.3181818181818182,176,0,1,GSE154778,v4_unbiased_metadata
COL4A2,normal acinar,0.3033066987991333,0.0625,176,0,1,GSE154778,v4_unbiased_metadata
NRG3,normal acinar,0.02847912162542343,0.005681818181818182,176,0,1,GSE154778,v4_unbiased_metadata
CD82,normal acinar,2.182494878768921,0.5113636363636364,176,0,1,GSE154778,v4_unbiased_metadata
CAMSAP2,normal acinar,1.1264634132385254,0.26136363636363635,176,0,1,GSE154778,v4_unbiased_metadata
LEMD1,normal acinar,0.9042213559150696,0.2215909090909091,176,0,1,GSE154778,v4_unbiased_metadata
KRT7,normal acinar,3.5498337745666504,0.7840909090909091,176,0,1,GSE154778,v4_unbiased_metadata
RAB25,normal acinar,2.2288455963134766,0.5397727272727273,176,0,1,GSE154778,v4_unbiased_metadata
NUF2,normal acinar,1.0245680809020996,0.24431818181818182,176,0,1,GSE154778,v4_unbiased_metadata
CKMT1A,normal acinar,0.07290823012590408,0.017045454545454544,176,0,1,GSE154778,v4_unbiased_metadata
ASPN,normal acinar,0.19894176721572876,0.03977272727272727,176,0,1,GSE154778,v4_unbiased_metadata
ERN2,normal acinar,0.1405198723077774,0.028409090909090908,176,0,1,GSE154778,v4_unbiased_metadata
PLEKHG1,normal acinar,0.366316020488739,0.09090909090909091,176,0,1,GSE154778,v4_unbiased_metadata
PLEKHA2,normal acinar,0.7796382904052734,0.17613636363636365,176,0,1,GSE154778,v4_unbiased_metadata
IGFL2,normal acinar,0.10331077128648758,0.022727272727272728,176,0,1,GSE154778,v4_unbiased_metadata
KNTC1,normal acinar,0.20119185745716095,0.05113636363636364,176,0,1,GSE154778,v4_unbiased_metadata
BRIP1,normal acinar,0.03848794475197792,0.011363636363636364,176,0,1,GSE154778,v4_unbiased_metadata
HLA-C,normal acinar,3.9052422046661377,0.8636363636363636,176,0,1,GSE154778,v4_unbiased_metadata
CST2,normal acinar,0.221872940659523,0.045454545454545456,176,0,1,GSE154778,v4_unbiased_metadata
DNAJA4,normal acinar,1.5791569948196411,0.39204545454545453,176,0,1,GSE154778,v4_unbiased_metadata
SLC7A7,normal acinar,0.15268616378307343,0.03409090909090909,176,0,1,GSE154778,v4_unbiased_metadata
FXYD3,normal acinar,3.2177846431732178,0.6931818181818182,176,0,1,GSE154778,v4_unbiased_metadata
KPNA2,normal acinar,1.4374445676803589,0.3409090909090909,176,0,1,GSE154778,v4_unbiased_metadata
SPOCK1,normal acinar,0.1543000489473343,0.03409090909090909,176,0,1,GSE154778,v4_unbiased_metadata
IL1A,normal acinar,0.08385241776704788,0.017045454545454544,176,0,1,GSE154778,v4_unbiased_metadata
GBP3,normal acinar,0.7699270844459534,0.16477272727272727,176,0,1,GSE154778,v4_unbiased_metadata
GAPDH,normal acinar,5.1992878913879395,0.9318181818181818,176,0,1,GSE154778,v4_unbiased_metadata
SMC6,normal acinar,0.8363997936248779,0.1875,176,0,1,GSE154778,v4_unbiased_metadata
CALD1,normal acinar,1.441625714302063,0.30113636363636365,176,0,1,GSE154778,v4_unbiased_metadata
DGKA,normal acinar,0.3641929626464844,0.08522727272727272,176,0,1,GSE154778,v4_unbiased_metadata
KLK7,normal acinar,0.026691531762480736,0.005681818181818182,176,0,1,GSE154778,v4_unbiased_metadata
PRDM1,normal acinar,0.4317670166492462,0.10795454545454546,176,0,1,GSE154778,v4_unbiased_metadata
GPR87,normal acinar,0.0819522961974144,0.017045454545454544,176,0,1,GSE154778,v4_unbiased_metadata
KCNN4,normal acinar,1.4501593112945557,0.30113636363636365,176,0,1,GSE154778,v4_unbiased_metadata
MXD1,normal acinar,0.5356693863868713,0.125,176,0,1,GSE154778,v4_unbiased_metadata
CLEC7A,normal acinar,0.04545898735523224,0.011363636363636364,176,0,1,GSE154778,v4_unbiased_metadata
S100A6,normal acinar,6.192010879516602,0.9602272727272727,176,0,1,GSE154778,v4_unbiased_metadata
SULT1B1,normal acinar,0.05290454998612404,0.011363636363636364,176,0,1,GSE154778,v4_unbiased_metadata
EPS8,normal acinar,2.6196577548980713,0.5795454545454546,176,0,1,GSE154778,v4_unbiased_metadata
ANKRD50,normal acinar,0.4823567569255829,0.10227272727272728,176,0,1,GSE154778,v4_unbiased_metadata
FLNA,normal acinar,2.1902098655700684,0.4772727272727273,176,0,1,GSE154778,v4_unbiased_metadata
GALNT5,normal acinar,0.8644916415214539,0.17613636363636365,176,0,1,GSE154778,v4_unbiased_metadata
COL3A1,normal acinar,0.503352701663971,0.10227272727272728,176,0,1,GSE154778,v4_unbiased_metadata
SCIN,normal acinar,0.07720667868852615,0.017045454545454544,176,0,1,GSE154778,v4_unbiased_metadata
HIST1H2BD,normal acinar,1.6276373863220215,0.375,176,0,1,GSE154778,v4_unbiased_metadata
WFDC2,normal acinar,1.6079738140106201,0.3465909090909091,176,0,1,GSE154778,v4_unbiased_metadata
TEP1,normal acinar,0.4266687333583832,0.09659090909090909,176,0,1,GSE154778,v4_unbiased_metadata
MARCO,normal acinar,0.07809973508119583,0.017045454545454544,176,0,1,GSE154778,v4_unbiased_metadata
KCND2,normal acinar,0.0,0.0,176,0,1,GSE154778,v4_unbiased_metadata
UBE2C,normal acinar,1.4265069961547852,0.29545454545454547,176,0,1,GSE154778,v4_unbiased_metadata
ARL6IP1,normal acinar,3.7893927097320557,0.8011363636363636,176,0,1,GSE154778,v4_unbiased_metadata
C15orf48,normal acinar,2.5195624828338623,0.5511363636363636,176,0,1,GSE154778,v4_unbiased_metadata
